t,baro_alt,ax,ay,az,gx,gy,gz,altTemp,lat,lon,gps_alt,gps_fix,rssi,snr
3.58,-15.085232400000223,-0.23,-4.183,-8.672,0.006,-0.013,0.006,49.04,35.3478849,-117.8094812,622.612,3,,
4.156,-13.936938400000145,-0.23,-4.164,-8.696,0.007,-0.013,0.007,49.04,35.3478844,-117.8094814,622.807,3,,
5.234,-15.38050800000019,-0.215,-4.168,-8.715,0.01,-0.012,0.006,49.05,35.3478841,-117.8094816,622.779,3,,
6.275,-16.824077599999782,-0.23,-4.168,-8.686,0.006,-0.013,0.006,49.05,35.3478838,-117.8094818,622.807,3,,
7.258,-16.528801999999814,-0.206,-4.111,-8.767,0.004,-0.013,0.007,49.06,35.3478827,-117.8094827,622.882,3,,
8.235,-18.562922799999797,-0.22,-4.015,-8.839,0.017,-0.013,0.006,49.06,35.3478818,-117.8094832,622.945,3,,
9.277,-17.97237159999986,-0.225,-4.25,-8.7,0.009,-0.012,0.006,49.06,35.3478814,-117.8094834,623.076,3,,
10.155,-19.153474000000188,-0.225,-4.173,-8.758,0.004,-0.013,0.007,49.07,35.3478814,-117.8094833,623.047,3,,
11.237,-20.006492399999843,-0.211,-4.159,-8.696,0.01,-0.015,0.007,49.07,35.3478814,-117.8094832,622.873,3,,
12.222,-20.301768000000266,-0.22,-4.197,-8.748,0.01,-0.012,0.006,49.07,35.3478814,-117.8094831,622.585,3,,
13.264,-20.006492399999843,-0.225,-4.192,-8.753,0.01,-0.015,0.007,49.08,35.3478814,-117.809483,622.517,3,,
14.141,-20.006492399999843,-0.211,-4.187,-8.681,0.009,-0.013,0.007,49.07,35.3478813,-117.8094828,622.405,3,,
15.219,-17.97237159999986,-0.22,-4.149,-8.763,0.006,-0.013,0.006,49.05,35.3478812,-117.8094828,622.284,3,,
16.263,-19.153474000000188,-0.206,-4.202,-8.672,0.01,-0.013,0.009,49.03,35.3478804,-117.8094832,622.121,3,,
17.247,-19.711216799999875,-0.215,-4.216,-8.705,0.006,-0.013,0.009,49.05,35.3478794,-117.8094835,621.595,3,,
18.232,-15.64297519999991,-0.215,-4.216,-8.686,0.009,-0.015,0.009,49.06,35.3478779,-117.8094841,621.089,3,,
19.211,-16.2335264000003,-0.22,-4.231,-8.667,0.009,-0.012,0.006,49.07,35.3478783,-117.8094841,620.836,3,,
20.25,-15.64297519999991,-0.22,-4.207,-8.715,0.004,-0.012,0.006,49.07,35.3478788,-117.8094841,621.029,3,,
21.228,-15.085232400000223,-0.22,-4.14,-8.715,0.009,-0.013,0.006,49.08,35.3478791,-117.809484,621.005,3,,
22.212,-15.38050800000019,-0.234,-4.216,-8.7,0.005,-0.013,0.006,49.08,35.3478792,-117.8094843,620.958,3,,
23.254,-17.97237159999986,-0.225,-4.168,-8.696,0.005,-0.015,0.007,49.09,35.347879,-117.8094847,621.015,3,,
24.233,-19.153474000000188,-0.22,-4.13,-8.7,0.001,-0.012,0.007,49.09,35.3478788,-117.8094849,621.056,3,,
25.211,-17.677095999999892,-0.225,-4.264,-8.681,0.005,-0.013,0.006,49.09,35.3478788,-117.809485,621.027,3,,
26.189,-14.7899567999998,-0.22,-4.149,-8.719,0.006,-0.015,0.006,49.09,35.347879,-117.8094848,620.965,3,,
27.331,-14.494681199999832,-0.234,-4.24,-8.7,0.006,-0.013,0.007,49.09,35.3478792,-117.8094846,620.897,3,,
28.21,-15.085232400000223,-0.23,-4.202,-8.719,0.007,-0.012,0.007,49.1,35.347879,-117.8094846,620.811,3,,
29.187,-13.936938400000145,-0.23,-4.173,-8.719,0.009,-0.013,0.006,49.1,35.3478791,-117.8094844,620.94,3,,
30.229,-15.085232400000223,-0.22,-4.173,-8.71,0.007,-0.012,0.006,49.11,35.347879,-117.8094843,620.945,3,,
31.208,-13.641662799999722,-0.23,-4.216,-8.696,0.009,-0.015,0.006,49.11,35.3478785,-117.8094847,621.035,3,,
32.187,-15.085232400000223,-0.244,-4.154,-8.772,0.009,-0.012,0.007,49.12,35.3478783,-117.8094849,621.067,3,,
33.17,-13.936938400000145,-0.22,-4.235,-8.691,0.013,-0.015,0.006,49.12,35.3478783,-117.8094849,621.18,3,,
34.213,-15.38050800000019,-0.225,-4.269,-8.633,-0.005,-0.013,0.007,49.12,35.3478784,-117.8094849,621.303,3,,
35.191,-15.085232400000223,-0.225,-4.235,-8.719,0.0,-0.012,0.007,49.13,35.3478782,-117.8094852,621.333,3,,
36.171,-15.938250799999878,-0.225,-4.207,-8.691,0.009,-0.013,0.007,49.14,35.3478782,-117.8094854,621.433,3,,
37.216,-17.381820399999924,-0.22,-4.14,-8.815,0.007,-0.012,0.006,49.14,35.3478782,-117.8094853,621.54,3,,
38.195,-15.38050800000019,-0.234,-4.154,-8.786,0.012,-0.013,0.007,49.14,35.3478782,-117.8094854,621.576,3,,
39.179,-15.085232400000223,-0.239,-4.197,-8.82,-0.029,-0.01,0.007,49.14,35.347878,-117.8094855,621.812,3,,
40.157,-15.64297519999991,-0.215,-4.164,-8.595,-0.016,-0.012,0.01,49.15,35.3478781,-117.8094852,621.984,3,,
41.297,-15.38050800000019,-0.211,-4.149,-8.662,0.006,-0.015,0.007,49.15,35.3478782,-117.809485,622.102,3,,
42.175,-16.2335264000003,-0.215,-4.159,-8.743,0.002,-0.013,0.007,49.15,35.347878,-117.8094847,622.414,3,,
43.26,-15.64297519999991,-0.22,-4.053,-8.853,-0.004,-0.012,0.005,49.15,35.3478776,-117.8094844,622.621,3,,
44.311,-15.085232400000223,-0.23,-4.207,-8.672,0.001,-0.012,0.006,49.16,35.3478774,-117.8094838,622.892,3,,
45.189,-15.64297519999991,-0.225,-4.25,-8.691,0.006,-0.013,0.007,49.16,35.3478771,-117.8094835,623.056,3,,
46.172,-14.7899567999998,-0.22,-4.178,-8.743,0.004,-0.013,0.006,49.16,35.3478768,-117.8094829,623.201,3,,
47.252,-15.64297519999991,-0.22,-4.144,-8.729,0.006,-0.012,0.006,49.16,35.3478768,-117.809482,623.353,3,,
48.297,-15.085232400000223,-0.244,-4.235,-8.705,0.017,-0.012,0.009,49.17,35.3478769,-117.8094812,623.483,3,,
49.173,-15.085232400000223,-0.22,-4.216,-8.648,0.005,-0.012,0.006,49.17,35.3478766,-117.8094806,623.636,3,,
50.153,-13.936938400000145,-0.23,-4.168,-8.581,-0.001,-0.012,0.007,49.17,35.3478768,-117.8094805,623.441,3,,
51.235,-14.7899567999998,-0.234,-4.278,-8.595,0.006,-0.013,0.006,49.17,35.3478775,-117.8094807,623.026,3,,
52.276,-14.7899567999998,-0.23,-4.278,-8.672,-0.001,-0.012,0.007,49.18,35.347878,-117.8094803,622.92,3,,
53.254,-14.7899567999998,-0.225,-4.245,-8.681,0.016,-0.013,0.006,49.18,35.3478782,-117.8094802,622.956,3,,
54.233,-13.936938400000145,-0.22,-4.216,-8.686,0.009,-0.012,0.006,49.18,35.3478783,-117.8094802,623.226,3,,
55.283,-15.085232400000223,-0.215,-4.202,-8.729,0.002,-0.012,0.006,49.19,35.3478783,-117.8094803,623.421,3,,
56.16,-15.085232400000223,-0.215,-4.192,-8.71,0.006,-0.013,0.006,49.19,35.3478783,-117.8094804,623.6,3,,
57.24,-14.7899567999998,-0.22,-4.183,-8.676,0.006,-0.012,0.007,49.2,35.3478784,-117.8094803,623.737,3,,
58.219,-15.085232400000223,-0.22,-4.197,-8.7,0.007,-0.013,0.009,49.2,35.3478784,-117.8094802,623.833,3,,
59.259,-15.938250799999878,-0.23,-4.183,-8.715,0.006,-0.013,0.006,49.21,35.3478784,-117.8094801,623.952,3,,
60.238,-13.641662799999722,-0.215,-4.192,-8.691,0.007,-0.013,0.006,49.21,35.3478782,-117.8094802,623.995,3,,
61.217,-15.938250799999878,-0.23,-4.211,-8.729,0.007,-0.015,0.006,49.21,35.3478782,-117.8094803,624.146,3,,
62.263,-15.085232400000223,-0.23,-4.183,-8.715,0.005,-0.013,0.006,49.22,35.3478779,-117.8094806,624.3,3,,
63.141,-15.085232400000223,-0.225,-4.173,-8.71,0.007,-0.015,0.006,49.22,35.3478777,-117.809481,624.469,3,,
64.219,-15.38050800000019,-0.225,-4.197,-8.729,0.007,-0.013,0.006,49.22,35.3478776,-117.8094814,624.49,3,,
65.199,-14.494681199999832,-0.225,-4.187,-8.705,0.007,-0.013,0.007,49.22,35.3478772,-117.8094821,624.418,3,,
66.241,-14.494681199999832,-0.225,-4.192,-8.758,0.009,-0.013,0.006,49.22,35.3478772,-117.8094826,624.386,3,,
67.225,-15.085232400000223,-0.23,-4.168,-8.777,0.011,-0.015,0.006,49.23,35.347877,-117.8094835,624.387,3,,
68.203,-14.494681199999832,-0.225,-4.259,-8.648,0.004,-0.013,0.006,49.23,35.347877,-117.8094842,624.307,3,,
69.248,-14.494681199999832,-0.225,-4.154,-8.743,0.007,-0.013,0.007,49.23,35.347877,-117.8094848,624.314,3,,
70.227,-14.494681199999832,-0.23,-4.144,-8.763,0.002,-0.012,0.006,49.23,35.3478774,-117.8094849,624.205,3,,
71.207,-14.7899567999998,-0.225,-4.197,-8.715,0.011,-0.013,0.006,49.24,35.3478773,-117.8094854,624.064,3,,
72.194,-13.641662799999722,-0.23,-4.221,-8.734,0.01,-0.013,0.006,49.24,35.3478769,-117.8094859,624.026,3,,
73.235,-13.936938400000145,-0.23,-4.197,-8.672,0.012,-0.013,0.006,49.24,35.347877,-117.8094858,624.028,3,,
74.216,-13.936938400000145,-0.22,-4.144,-8.739,0.007,-0.013,0.009,49.24,35.3478775,-117.8094854,623.989,3,,
75.195,-15.38050800000019,-0.215,-4.173,-8.743,0.001,-0.013,0.007,49.25,35.3478778,-117.8094852,623.86,3,,
76.266,-15.085232400000223,-0.215,-4.164,-8.652,0.006,-0.012,0.007,49.25,35.3478781,-117.8094851,623.726,3,,
77.245,-15.38050800000019,-0.22,-4.178,-8.724,0.009,-0.012,0.006,49.25,35.3478785,-117.8094847,623.627,3,,
78.224,-15.64297519999991,-0.225,-4.14,-8.844,-0.004,-0.01,0.005,49.26,35.3478787,-117.8094845,623.617,3,,
79.205,-15.085232400000223,-0.23,-4.231,-8.629,0.004,-0.012,0.006,49.26,35.347879,-117.8094842,623.644,3,,
80.247,-15.64297519999991,-0.225,-4.24,-8.691,0.004,-0.013,0.006,49.27,35.3478789,-117.8094843,623.715,3,,
81.231,-15.38050800000019,-0.23,-4.221,-8.696,0.009,-0.012,0.007,49.27,35.3478795,-117.809484,623.619,3,,
82.218,-15.64297519999991,-0.215,-4.168,-8.719,0.009,-0.013,0.005,49.27,35.3478799,-117.8094841,623.614,3,,
83.263,-15.64297519999991,-0.22,-4.24,-8.681,0.006,-0.012,0.007,49.28,35.3478802,-117.8094838,623.609,3,,
84.144,-15.38050800000019,-0.22,-4.187,-8.71,0.002,-0.013,0.007,49.27,35.3478803,-117.8094836,623.682,3,,
85.222,-14.199405600000318,-0.225,-4.235,-8.686,0.01,-0.015,0.007,49.28,35.3478807,-117.8094835,623.56,3,,
86.206,-14.199405600000318,-0.225,-4.24,-8.71,0.007,-0.013,0.007,49.28,35.3478809,-117.8094832,623.528,3,,
87.258,-15.085232400000223,-0.225,-4.254,-8.7,0.002,-0.012,0.007,49.29,35.3478811,-117.809483,623.377,3,,
88.24,-13.936938400000145,-0.215,-4.135,-8.609,0.004,-0.013,0.007,49.29,35.3478814,-117.8094829,623.366,3,,
89.217,-14.494681199999832,-0.23,-4.25,-8.705,0.006,-0.013,0.006,49.28,35.3478816,-117.8094831,623.295,3,,
90.257,-13.641662799999722,-0.23,-4.221,-8.667,0.009,-0.013,0.006,49.28,35.3478818,-117.8094831,623.327,3,,
91.235,-15.38050800000019,-0.225,-4.221,-8.724,0.006,-0.013,0.006,49.28,35.347882,-117.809483,623.361,3,,
92.214,-13.641662799999722,-0.23,-4.207,-8.672,0.002,-0.013,0.006,49.29,35.3478822,-117.8094826,623.296,3,,
93.193,-13.641662799999722,-0.225,-4.245,-8.71,0.007,-0.013,0.006,49.29,35.3478821,-117.8094814,622.991,3,,
94.234,-14.199405600000318,-0.234,-4.207,-8.7,0.009,-0.013,0.007,49.29,35.3478822,-117.80948,622.931,3,,
95.212,-13.641662799999722,-0.211,-4.269,-8.662,0.006,-0.013,0.009,49.3,35.3478823,-117.809479,622.799,3,,
96.195,-14.199405600000318,-0.22,-4.216,-8.719,-0.001,-0.013,0.006,49.3,35.3478823,-117.8094787,622.767,3,,
97.239,-14.199405600000318,-0.225,-4.154,-8.667,0.005,-0.013,0.006,49.3,35.3478823,-117.8094783,622.757,3,,
98.222,-15.38050800000019,-0.23,-4.25,-8.686,0.012,-0.013,0.007,49.31,35.347883,-117.8094775,622.747,3,,
99.201,-13.346387200000208,-0.215,-4.221,-8.672,0.004,-0.012,0.007,49.31,35.3478831,-117.8094771,622.727,3,,
100.181,-14.494681199999832,-0.234,-4.283,-8.729,-0.001,-0.012,0.007,49.3,35.3478832,-117.8094768,622.649,3,,
101.232,-14.199405600000318,-0.23,-4.192,-8.691,-0.001,-0.013,0.007,49.3,35.3478832,-117.8094766,622.569,3,,
102.216,-14.7899567999998,-0.225,-4.221,-8.691,0.006,-0.013,0.007,49.3,35.3478837,-117.8094765,622.5,3,,
103.201,-14.494681199999832,-0.225,-4.226,-8.681,0.004,-0.013,0.006,49.31,35.3478846,-117.809476,622.394,3,,
104.241,-13.05111160000024,-0.23,-4.192,-8.648,0.005,-0.015,0.006,49.31,35.3478852,-117.8094754,622.423,3,,
105.219,-14.7899567999998,0.0,-4.901,-7.935,0.049,-0.011,-0.001,49.31,35.3478856,-117.8094751,622.435,3,,
106.197,-14.494681199999832,-0.321,-4.144,-8.82,0.05,-0.018,0.01,49.31,35.3478861,-117.8094746,622.47,3,,
107.176,-12.755835999999817,-0.321,-4.149,-8.696,-0.009,-0.013,0.01,49.31,35.3478867,-117.8094738,622.429,3,,
108.226,-12.755835999999817,-0.421,-4.307,-8.911,-0.006,-0.029,0.016,49.32,35.3478868,-117.8094737,622.479,3,,
109.212,-12.46056039999985,-0.66,-4.077,-8.504,-0.004,-0.029,0.013,49.32,35.3478866,-117.8094737,622.434,3,,
110.198,-13.936938400000145,-0.737,-4.197,-8.772,0.006,-0.022,0.01,49.32,35.3478864,-117.8094737,622.48,3,,
111.239,-12.165284799999881,-0.895,-4.178,-8.676,0.01,-0.031,0.015,49.33,35.3478864,-117.8094738,622.603,3,,
112.217,-11.60754199999974,-1.038,-4.135,-8.585,0.006,-0.022,0.011,49.33,35.3478865,-117.8094738,622.574,3,,
113.2,-12.165284799999881,-1.115,-4.187,-8.705,0.005,-0.028,0.012,49.34,35.3478867,-117.8094737,622.612,3,,
114.18,-12.165284799999881,-1.321,-4.116,-8.576,0.006,-0.024,0.012,49.34,35.3478869,-117.809474,622.666,3,,
115.324,-12.46056039999985,-1.407,-4.183,-8.724,0.009,-0.023,0.011,49.35,35.3478871,-117.8094741,622.741,3,,
116.201,-10.721715199999835,-1.536,-4.12,-8.648,0.007,-0.028,0.013,49.33,35.3478876,-117.8094738,622.746,3,,
117.18,-11.902817600000162,-1.641,-4.216,-8.566,0.04,-0.005,0.001,49.35,35.347888,-117.8094735,622.676,3,,
118.227,-10.163972400000148,-1.641,-4.164,-8.384,0.006,-0.006,0.002,49.35,35.3478883,-117.8094737,622.543,3,,
119.207,-11.60754199999974,-1.637,-4.058,-8.657,0.004,-0.018,0.007,49.36,35.3478882,-117.8094741,622.373,3,,
120.19,-11.60754199999974,-1.651,-4.149,-8.609,0.015,-0.009,0.004,49.36,35.3478881,-117.8094745,622.183,3,,
121.268,-10.163972400000148,-1.766,-4.58,-8.71,0.015,-0.049,0.009,49.36,35.3478881,-117.809475,621.972,3,,
122.311,-11.902817600000162,-1.814,-3.991,-8.327,0.0,-0.034,0.016,49.37,35.3478879,-117.8094754,621.783,3,,
123.187,-10.721715199999835,-1.924,-4.02,-8.466,0.027,-0.015,0.007,49.37,35.3478886,-117.8094754,621.599,3,,
124.168,-9.573421199999757,-2.034,-4.073,-8.595,-0.009,-0.031,0.015,49.37,35.3478888,-117.8094757,621.598,3,,
125.315,-9.573421199999757,-2.173,-3.967,-8.375,-0.002,-0.022,0.011,49.35,35.3478888,-117.8094759,621.678,3,,
126.2,-10.459248000000116,-2.225,-4.082,-8.691,0.01,-0.022,0.012,49.36,35.3478888,-117.8094759,621.818,3,,
127.179,-9.86869680000018,-2.393,-3.958,-8.413,0.013,-0.027,0.012,49.36,35.3478891,-117.8094763,621.937,3,,
128.158,-10.163972400000148,-2.455,-4.03,-8.581,0.005,-0.023,0.011,49.37,35.3478891,-117.8094767,621.965,3,,
129.305,-9.86869680000018,-2.594,-3.986,-8.456,0.002,-0.027,0.012,49.38,35.3478893,-117.8094768,621.963,3,,
130.182,-9.86869680000018,-2.704,-3.996,-8.447,0.011,-0.021,0.011,49.38,35.3478898,-117.8094771,621.888,3,,
131.161,-8.98286999999982,-2.809,-3.934,-8.408,0.002,-0.026,0.012,49.38,35.3478903,-117.8094772,622.126,3,,
132.305,-9.86869680000018,-2.91,-3.939,-8.365,0.006,-0.021,0.011,49.38,35.3478904,-117.8094773,622.266,3,,
133.186,-8.687594399999853,-3.015,-3.967,-8.48,0.007,-0.026,0.012,49.38,35.3478903,-117.8094777,622.402,3,,
134.165,-8.98286999999982,-3.125,-3.896,-8.298,0.006,-0.023,0.011,49.38,35.3478907,-117.8094773,622.358,3,,
135.146,-9.278145600000244,-3.211,-3.886,-8.294,0.007,-0.024,0.011,49.37,35.3478909,-117.809477,622.29,3,,
136.293,-8.98286999999982,-3.321,-3.833,-8.222,0.004,-0.023,0.012,49.37,35.3478912,-117.8094769,622.231,3,,
137.171,-9.278145600000244,-3.422,-3.9,-8.26,0.005,-0.024,0.011,49.37,35.347892,-117.8094767,621.901,3,,
138.256,-9.278145600000244,-3.532,-3.8,-8.145,0.004,-0.022,0.01,49.38,35.3478923,-117.8094758,621.855,3,,
139.303,-9.573421199999757,-3.613,-3.872,-8.236,0.006,-0.022,0.011,49.38,35.3478926,-117.8094751,621.886,3,,
140.19,-7.834575999999743,-3.733,-3.785,-8.097,0.005,-0.024,0.011,49.39,35.3478927,-117.8094749,621.963,3,,
141.17,-7.244024800000261,-3.819,-3.738,-8.14,0.007,-0.022,0.011,49.39,35.3478931,-117.8094742,621.958,3,,
142.258,-6.948749199999838,-3.924,-3.747,-8.03,0.009,-0.023,0.01,49.39,35.3478935,-117.8094736,621.999,3,,
143.306,-7.244024800000261,-4.01,-3.718,-8.049,0.005,-0.022,0.012,49.39,35.3478932,-117.8094739,622.089,3,,
144.191,-7.244024800000261,-4.106,-3.685,-7.954,0.005,-0.023,0.012,49.4,35.3478931,-117.8094739,622.164,3,,
145.273,-6.948749199999838,-4.187,-3.68,-7.973,0.005,-0.023,0.011,49.4,35.3478932,-117.8094739,622.103,3,,
146.315,-7.244024800000261,-4.288,-3.651,-7.896,0.007,-0.023,0.011,49.41,35.3478931,-117.8094738,622.142,3,,
147.194,-7.5393003999997745,-4.36,-3.628,-7.906,0.006,-0.023,0.011,49.41,35.3478933,-117.8094736,622.254,3,,
148.172,-6.948749199999838,-4.475,-3.618,-7.825,0.006,-0.023,0.011,49.42,35.3478936,-117.8094732,622.385,3,,
149.251,-6.948749199999838,-4.566,-3.628,-7.834,0.006,-0.022,0.01,49.42,35.3478937,-117.8094731,622.445,3,,
150.291,-6.391006400000151,-4.642,-3.57,-7.81,0.006,-0.023,0.011,49.43,35.3478939,-117.8094731,622.487,3,,
151.173,-6.948749199999838,-4.723,-3.575,-7.753,0.007,-0.022,0.011,49.43,35.3478942,-117.8094726,622.558,3,,
152.254,-5.80045519999976,-4.829,-3.556,-7.724,0.006,-0.023,0.012,49.43,35.3478942,-117.8094724,622.599,3,,
153.241,-6.948749199999838,-4.905,-3.517,-7.691,0.005,-0.023,0.011,49.43,35.3478945,-117.8094722,622.619,3,,
154.28,-6.391006400000151,-4.987,-3.484,-7.619,0.006,-0.022,0.011,49.44,35.3478948,-117.8094718,622.556,3,,
155.16,-5.80045519999976,-5.082,-3.479,-7.595,0.007,-0.021,0.01,49.44,35.3478949,-117.809472,622.467,3,,
156.24,-6.095730800000183,-5.164,-3.422,-7.547,0.007,-0.022,0.013,49.44,35.347895,-117.8094723,622.542,3,,
157.288,-6.391006400000151,-5.221,-3.369,-7.403,0.005,-0.024,0.011,49.44,35.3478954,-117.8094724,622.465,3,,
158.167,-6.095730800000183,-5.312,-3.374,-7.413,0.009,-0.023,0.011,49.44,35.3478955,-117.8094724,622.421,3,,
159.152,-6.6862819999996645,-5.379,-3.388,-7.336,0.007,-0.023,0.011,49.44,35.3478955,-117.8094722,622.545,3,,
160.233,-5.80045519999976,-5.494,-3.321,-7.317,0.005,-0.023,0.011,49.44,35.3478954,-117.8094722,622.652,3,,
161.275,-5.80045519999976,-5.566,-3.34,-7.317,0.01,-0.022,0.011,49.44,35.3478957,-117.8094721,622.727,3,,
162.154,-6.095730800000183,-5.671,-3.312,-7.317,0.006,-0.023,0.01,49.44,35.3478959,-117.8094716,622.743,3,,
163.238,-4.947436800000105,-5.728,-3.226,-7.188,0.009,-0.022,0.012,49.43,35.3478961,-117.8094708,622.823,3,,
164.281,-5.80045519999976,-5.819,-3.226,-7.159,0.007,-0.022,0.011,49.43,35.3478961,-117.8094711,623.002,3,,
165.165,-5.242712400000073,-5.882,-3.24,-7.111,0.006,-0.022,0.01,49.44,35.3478962,-117.809471,623.175,3,,
166.246,-5.80045519999976,-5.982,-3.259,-7.145,0.006,-0.022,0.01,49.44,35.3478968,-117.8094705,623.417,3,,
167.226,-6.391006400000151,-6.035,-3.101,-6.896,0.006,-0.024,0.011,49.44,35.3478972,-117.8094701,623.516,3,,
168.272,-4.652161199999682,-6.13,-3.106,-6.93,0.007,-0.021,0.01,49.44,35.3478975,-117.8094698,623.622,3,,
169.253,-5.80045519999976,-6.193,-3.072,-6.906,0.007,-0.022,0.011,49.44,35.3478974,-117.80947,623.654,3,,
170.233,-5.242712400000073,-6.25,-3.01,-6.772,0.006,-0.022,0.011,49.44,35.3478973,-117.8094703,623.688,3,,
171.275,-5.505179600000247,-6.355,-3.001,-6.767,0.006,-0.021,0.009,49.44,35.3478969,-117.8094707,623.76,3,,
172.254,-4.947436800000105,-6.418,-3.058,-6.8,0.005,-0.021,0.012,49.44,35.3478969,-117.8094708,623.961,3,,
173.233,-5.242712400000073,-6.494,-3.053,-6.805,0.007,-0.02,0.01,49.44,35.3478969,-117.8094711,624.133,3,,
174.216,-5.242712400000073,-6.571,-2.967,-6.652,0.006,-0.021,0.011,49.44,35.3478974,-117.8094709,624.346,3,,
175.263,-6.391006400000151,-6.628,-2.943,-6.59,0.006,-0.022,0.011,49.44,35.3478982,-117.8094702,624.485,3,,
176.245,-4.652161199999682,-6.657,-2.809,-6.441,0.007,-0.027,0.01,49.44,35.3478983,-117.8094701,624.529,3,,
177.224,-4.947436800000105,-6.757,-2.814,-6.384,0.006,-0.022,0.011,49.44,35.3478985,-117.8094704,624.413,3,,
178.266,-5.242712400000073,-6.839,-2.843,-6.389,0.005,-0.023,0.01,49.44,35.3478985,-117.8094708,624.289,3,,
179.247,-5.242712400000073,-6.887,-2.814,-6.24,0.007,-0.023,0.011,49.44,35.3478973,-117.8094718,624.442,3,,
180.229,-6.095730800000183,-6.963,-2.795,-6.288,0.007,-0.023,0.011,49.44,35.3478964,-117.8094728,624.535,3,,
181.208,-5.505179600000247,-7.04,-2.742,-6.221,0.006,-0.024,0.012,49.44,35.3478962,-117.8094732,624.523,3,,
182.254,-5.505179600000247,-7.083,-2.69,-6.039,0.009,-0.021,0.01,49.44,35.3478962,-117.8094732,624.682,3,,
183.235,-4.356885600000169,-7.178,-2.704,-6.207,0.011,-0.021,0.011,49.44,35.3478963,-117.8094729,624.756,3,,
184.215,-4.356885600000169,-7.245,-2.642,-5.996,0.009,-0.022,0.01,49.45,35.3478964,-117.8094727,624.841,3,,
185.262,-3.766334399999778,-7.308,-2.603,-5.949,0.006,-0.024,0.012,49.45,35.3478965,-117.8094725,624.927,3,,
186.244,-3.766334399999778,-7.399,-2.603,-5.882,0.005,-0.022,0.01,49.44,35.3478967,-117.8094721,625.045,3,,
187.224,-4.947436800000105,-7.408,-2.618,-5.838,0.01,-0.02,0.011,49.42,35.3478968,-117.8094717,625.086,3,,
188.204,-4.356885600000169,-7.48,-2.546,-5.7,0.005,-0.027,0.01,49.41,35.347897,-117.8094713,625.152,3,,
189.247,-4.652161199999682,-7.537,-2.436,-5.709,0.007,-0.024,0.012,49.4,35.3478969,-117.8094714,625.33,3,,
190.227,-3.766334399999778,-7.619,-2.594,-5.767,0.01,-0.02,0.012,49.4,35.3478965,-117.8094719,625.428,3,,
191.212,-4.356885600000169,-7.662,-2.445,-5.647,0.005,-0.021,0.011,49.4,35.3478963,-117.8094724,625.571,3,,
192.258,-4.061610000000201,-7.719,-2.417,-5.628,0.007,-0.024,0.011,49.41,35.3478962,-117.8094729,625.68,3,,
193.242,-4.356885600000169,-7.839,-2.35,-5.47,0.006,-0.018,0.009,49.41,35.3478964,-117.8094726,625.775,3,,
194.223,-5.80045519999976,-7.834,-2.307,-5.293,0.007,-0.026,0.01,49.41,35.3478967,-117.8094723,625.839,3,,
195.202,-4.652161199999682,-7.939,-2.225,-5.413,0.007,-0.023,0.01,49.41,35.3478974,-117.8094712,625.866,3,,
196.243,-3.766334399999778,-7.959,-2.134,-5.049,0.005,-0.022,0.012,49.41,35.3478978,-117.8094711,625.991,3,,
197.227,-3.766334399999778,-8.045,-2.249,-5.274,0.007,-0.02,0.009,49.41,35.3478976,-117.8094711,626.04,3,,
198.207,-3.4710588000002645,-8.093,-2.177,-5.14,0.006,-0.021,0.01,49.42,35.3478978,-117.8094714,626.08,3,,
199.253,-2.9133160000001226,-8.15,-2.115,-4.948,0.009,-0.026,0.01,49.41,35.3478981,-117.8094716,626.149,3,,
200.232,-4.947436800000105,-8.179,-2.125,-4.905,0.009,-0.023,0.013,49.41,35.3478978,-117.8094719,626.259,3,,
201.212,-4.947436800000105,-8.246,-2.034,-4.877,0.013,-0.018,0.01,49.39,35.3478968,-117.8094724,626.525,3,,
202.192,-5.242712400000073,-8.317,-2.091,-4.834,0.011,-0.021,0.005,49.38,35.3478962,-117.8094718,626.638,3,,
203.236,-5.505179600000247,-8.341,-1.996,-4.733,0.006,-0.023,0.011,49.38,35.3478961,-117.8094698,626.653,3,,
204.229,-4.947436800000105,-8.408,-1.924,-4.561,0.004,-0.022,0.01,49.38,35.3478958,-117.8094696,626.713,3,,
205.212,-6.095730800000183,-8.485,-1.909,-4.604,0.009,-0.023,0.01,49.39,35.3478958,-117.8094691,626.702,3,,
206.259,-5.242712400000073,-8.49,-1.991,-4.633,0.001,-0.017,0.012,49.39,35.3478963,-117.8094665,626.69,3,,
207.24,-4.652161199999682,-8.571,-1.785,-4.408,0.006,-0.023,0.011,49.38,35.347897,-117.8094636,626.743,3,,
208.218,-4.652161199999682,-8.6,-1.79,-4.398,0.006,-0.023,0.01,49.37,35.3478976,-117.8094613,626.766,3,,
209.197,-5.242712400000073,-8.657,-1.728,-4.441,0.009,-0.021,0.015,49.36,35.3478979,-117.8094604,626.747,3,,
210.24,-4.652161199999682,-8.629,-1.661,-4.135,0.006,-0.024,0.018,49.36,35.347898,-117.8094599,626.68,3,,
211.218,-4.356885600000169,-8.758,-1.685,-4.058,0.006,-0.024,0.007,49.35,35.347898,-117.8094598,626.591,3,,
212.197,-4.652161199999682,-8.806,-1.675,-4.063,0.009,-0.018,0.01,49.34,35.3478955,-117.8094597,626.664,3,,
213.344,-4.356885600000169,-8.81,-1.665,-4.173,0.007,-0.018,0.012,49.34,35.3478968,-117.8094597,626.507,3,,
214.222,-3.2085916000000907,-8.887,-1.618,-3.977,0.007,-0.021,0.011,49.34,35.3478962,-117.8094603,626.377,3,,
215.203,-3.4710588000002645,-8.901,-1.589,-3.829,0.006,-0.024,0.01,49.35,35.3478962,-117.8094612,626.167,3,,
216.284,-5.242712400000073,-9.002,-1.517,-3.69,0.006,-0.023,0.01,49.35,35.3478966,-117.8094622,625.876,3,,
217.225,-2.6180403999996997,-8.916,-1.479,-3.594,0.009,-0.023,0.011,49.35,35.347897,-117.8094624,625.693,3,,
218.204,-3.4710588000002645,-9.126,-1.507,-3.814,0.009,-0.018,0.006,49.35,35.347897,-117.8094629,625.527,3,,
219.188,-2.9133160000001226,-9.121,-1.431,-3.599,0.007,-0.02,0.01,49.33,35.3478974,-117.8094625,625.539,3,,
220.333,-4.061610000000201,-9.069,-1.335,-3.513,0.004,-0.022,0.011,49.33,35.3478981,-117.8094613,625.555,3,,
221.21,-4.947436800000105,-9.16,-1.417,-3.336,0.006,-0.022,0.01,49.33,35.347899,-117.8094595,625.592,3,,
222.291,-4.947436800000105,-9.222,-1.378,-3.288,0.007,-0.022,0.006,49.33,35.3478995,-117.8094585,625.606,3,,
223.171,-4.061610000000201,-9.165,-1.249,-3.278,0.001,-0.024,0.013,49.32,35.3478999,-117.8094584,625.498,3,,
224.313,-4.061610000000201,-9.251,-1.263,-3.187,0.004,-0.021,0.012,49.31,35.3479007,-117.8094572,625.536,3,,
225.193,-5.242712400000073,-9.299,-1.225,-3.068,0.006,-0.021,0.01,49.3,35.3479011,-117.8094571,625.433,3,,
226.277,-4.356885600000169,-9.342,-1.211,-2.953,0.005,-0.021,0.011,49.31,35.3479015,-117.8094571,625.338,3,,
227.332,-4.356885600000169,-9.313,-1.125,-2.867,0.016,-0.017,0.009,49.3,35.3479019,-117.8094569,625.264,3,,
228.218,-4.356885600000169,-9.265,-1.091,-2.642,-0.02,-0.032,0.034,49.3,35.3479021,-117.8094567,625.228,3,,
229.208,-3.766334399999778,-10.088,-0.45,-5.168,0.026,-0.004,-0.112,49.3,35.3479024,-117.8094564,625.206,3,,
230.201,-3.4710588000002645,-8.346,0.215,-1.641,-0.006,0.01,0.184,49.28,35.3479025,-117.8094565,625.129,3,,
231.194,-4.061610000000201,-10.749,-3.34,-3.12,0.01,-0.032,-0.092,49.28,35.3479025,-117.8094569,625.087,3,,
232.283,-4.947436800000105,-9.145,-0.297,-2.484,0.066,-0.013,-0.04,49.28,35.3479026,-117.8094571,625.087,3,,
233.173,-4.061610000000201,-9.399,-0.79,-1.933,0.059,-0.023,-0.053,49.25,35.3479027,-117.8094573,625.103,3,,
234.269,-4.652161199999682,-9.978,-1.905,-2.666,-0.044,-0.026,0.032,49.26,35.3479027,-117.8094575,625.137,3,,
235.269,-3.4710588000002645,-10.581,-2.024,-2.962,-0.004,-0.015,-0.012,49.26,35.3479027,-117.8094579,624.947,3,,
236.268,-4.652161199999682,-8.676,0.335,-1.364,0.011,-0.055,0.035,49.25,35.3479022,-117.8094589,624.738,3,,
237.257,-2.9133160000001226,-9.638,-1.828,-2.814,-0.05,-0.013,0.031,49.23,35.3479021,-117.8094593,624.586,3,,
238.251,-4.947436800000105,-8.968,-0.244,-1.929,-0.026,-0.042,0.042,49.23,35.3479021,-117.8094593,624.597,3,,
239.244,-4.061610000000201,-8.873,-0.517,-1.919,0.034,-0.034,0.011,49.22,35.3479022,-117.8094592,624.653,3,,
240.237,-4.356885600000169,-9.356,-0.79,-2.35,-0.032,-0.021,0.029,49.22,35.3479024,-117.8094589,624.677,3,,
241.238,-4.356885600000169,-10.26,0.321,-0.708,0.04,-0.028,-0.001,49.23,35.3479025,-117.8094587,624.717,3,,
242.229,-4.061610000000201,-9.782,-0.885,-1.737,-0.017,-0.007,0.012,49.23,35.3479025,-117.8094588,624.724,3,,
243.219,-4.061610000000201,-9.447,-0.665,-1.67,0.016,-0.034,0.012,49.23,35.3479025,-117.809459,624.541,3,,
244.208,-4.652161199999682,-9.768,-0.354,-1.527,0.007,-0.02,0.011,49.22,35.3479027,-117.809459,624.329,3,,
245.196,-4.652161199999682,-9.72,-0.479,-1.627,0.004,-0.02,0.01,49.22,35.3479029,-117.8094592,624.052,3,,
246.181,-6.391006400000151,-9.734,-0.407,-1.469,0.002,-0.023,0.011,49.2,35.3479031,-117.8094593,623.882,3,,
247.274,-5.505179600000247,-9.758,-0.412,-1.373,0.01,-0.022,0.009,49.11,35.3479033,-117.8094594,623.809,3,,
248.166,-5.505179600000247,-9.758,-0.359,-1.369,0.006,-0.021,0.011,49.07,35.3479036,-117.8094594,623.76,3,,
249.251,-4.652161199999682,-9.777,-0.297,-1.23,0.006,-0.022,0.01,49.07,35.3479039,-117.8094593,623.723,3,,
250.241,-5.242712400000073,-9.772,-0.249,-1.12,0.007,-0.021,0.01,49.08,35.3479042,-117.8094591,623.707,3,,
251.235,-4.061610000000201,-9.801,-0.148,-1.058,0.011,-0.021,0.011,49.1,35.3479045,-117.8094591,623.698,3,,
252.224,-5.242712400000073,-9.811,-0.239,-0.976,-0.004,-0.02,0.011,49.09,35.3479048,-117.8094589,623.702,3,,
253.216,-4.356885600000169,-9.825,-0.144,-0.914,0.007,-0.02,0.011,49.09,35.3479053,-117.8094586,623.73,3,,
254.202,-5.80045519999976,-9.835,-0.12,-0.833,-0.005,-0.021,0.011,49.08,35.3479058,-117.8094581,623.796,3,,
255.195,-5.80045519999976,-9.839,-0.072,-0.756,0.002,-0.021,0.011,49.06,35.347906,-117.8094579,623.837,3,,
256.18,-5.505179600000247,-9.839,-0.019,-0.66,0.009,-0.023,0.01,49.06,35.347906,-117.8094578,623.922,3,,
257.164,-4.356885600000169,-9.882,0.01,-0.555,0.0,-0.022,0.011,49.06,35.3479057,-117.8094578,624.083,3,,
258.154,-5.505179600000247,-9.868,-0.01,-0.493,0.004,-0.022,0.011,49.04,35.3479058,-117.8094575,624.199,3,,
259.243,-5.242712400000073,-9.858,0.081,-0.383,0.01,-0.023,0.012,49.02,35.3479056,-117.8094576,624.301,3,,
260.231,-5.80045519999976,-9.863,0.134,-0.244,0.01,-0.023,0.01,49.01,35.3479055,-117.8094576,624.361,3,,
261.225,-5.505179600000247,-9.858,0.182,-0.124,0.002,-0.023,0.012,48.99,35.3479059,-117.8094572,624.392,3,,
262.215,-5.242712400000073,-9.868,0.201,-0.115,0.012,-0.022,0.011,48.97,35.3479064,-117.8094564,624.433,3,,
263.199,-5.505179600000247,-9.868,0.282,-0.019,0.009,-0.023,0.012,48.97,35.3479067,-117.8094556,624.554,3,,
264.189,-6.6862819999996645,-9.858,0.311,0.139,0.004,-0.026,0.012,48.97,35.3479072,-117.8094549,624.62,3,,
265.176,-6.391006400000151,-9.858,0.349,0.278,0.009,-0.027,0.012,48.97,35.3479077,-117.809454,624.773,3,,
266.163,-6.948749199999838,-9.849,0.656,0.632,0.01,-0.029,0.013,48.96,35.3479081,-117.8094531,624.851,3,,
267.258,-6.095730800000183,-9.806,0.139,0.191,-0.01,-0.011,0.01,48.96,35.3479084,-117.8094524,624.835,3,,
268.247,-6.6862819999996645,-9.858,0.507,0.359,0.016,-0.015,0.006,48.96,35.3479083,-117.809452,624.933,3,,
269.237,-6.391006400000151,-9.863,0.412,0.474,-0.001,-0.012,0.006,48.96,35.3479086,-117.8094512,624.906,3,,
270.223,-6.391006400000151,-9.868,0.416,0.402,0.009,-0.013,0.006,48.95,35.3479089,-117.8094503,624.907,3,,
271.213,-6.095730800000183,-9.878,0.45,0.359,-0.001,-0.009,0.006,48.95,35.3479093,-117.8094494,624.863,3,,
272.199,-6.095730800000183,-9.854,0.488,0.292,-0.005,-0.015,0.009,48.95,35.3479096,-117.8094485,624.872,3,,
273.189,-6.391006400000151,-9.901,0.254,0.402,0.028,-0.007,0.006,48.92,35.3479095,-117.8094465,624.957,3,,
274.175,-6.6862819999996645,-9.878,0.579,0.589,0.005,-0.013,0.006,48.9,35.3479089,-117.8094453,624.985,3,,
275.264,-6.095730800000183,-9.858,0.526,0.397,0.024,-0.013,0.006,48.91,35.3479084,-117.8094444,625.121,3,,
276.253,-6.095730800000183,-9.863,0.469,0.459,-0.006,-0.012,0.009,48.92,35.347908,-117.8094438,625.233,3,,
277.238,-5.505179600000247,-9.858,0.526,0.402,0.006,-0.012,0.006,48.93,35.3479075,-117.8094432,625.371,3,,
278.228,-6.6862819999996645,-9.858,0.459,0.488,0.012,-0.013,0.006,48.92,35.347907,-117.8094427,625.482,3,,
279.214,-6.6862819999996645,-9.839,0.407,0.239,0.009,-0.016,0.009,48.9,35.3479063,-117.8094426,625.6,3,,
280.199,-5.80045519999976,-9.911,0.502,0.522,-0.012,-0.031,0.0,48.9,35.3479061,-117.8094419,625.676,3,,
281.184,-6.948749199999838,-9.863,0.756,0.593,0.049,-0.024,0.002,48.9,35.3479057,-117.8094418,625.769,3,,
282.173,-6.095730800000183,-9.844,0.383,0.727,-0.007,-0.017,0.006,48.89,35.3479051,-117.8094423,625.831,3,,
283.261,-6.391006400000151,-9.844,0.56,0.569,0.007,-0.012,0.006,48.89,35.3479045,-117.8094424,625.896,3,,
284.248,-5.505179600000247,-9.844,0.565,0.569,0.012,-0.013,0.006,48.87,35.3479044,-117.8094431,625.821,3,,
285.234,-6.948749199999838,-9.849,0.56,0.589,0.005,-0.013,0.006,48.87,35.3479045,-117.8094438,625.728,3,,
286.226,-6.391006400000151,-9.858,0.55,0.555,0.007,-0.013,0.006,48.87,35.3479046,-117.8094443,625.653,3,,
287.212,-6.948749199999838,-9.844,0.507,0.603,0.009,-0.015,0.006,48.86,35.3479047,-117.8094448,625.539,3,,
288.199,-5.505179600000247,-9.854,0.531,0.565,0.005,-0.012,0.006,48.86,35.3479047,-117.8094454,625.389,3,,
289.189,-5.80045519999976,-9.835,0.536,0.598,0.006,-0.015,0.006,48.86,35.3479048,-117.8094457,625.273,3,,
290.279,-6.6862819999996645,-9.849,0.555,0.613,0.007,-0.016,0.006,48.85,35.347905,-117.8094461,625.094,3,,
291.269,-5.242712400000073,-9.839,0.498,0.584,0.011,-0.013,0.007,48.85,35.3479052,-117.8094465,624.955,3,,
292.257,-6.095730800000183,-9.858,0.522,0.536,0.007,-0.012,0.007,48.84,35.3479054,-117.8094466,624.872,3,,
293.243,-7.244024800000261,-9.844,0.546,0.56,0.004,-0.012,0.007,48.82,35.3479056,-117.8094467,624.774,3,,
294.231,-8.687594399999853,-9.849,0.541,0.589,0.009,-0.012,0.006,48.82,35.3479058,-117.8094468,624.649,3,,
295.217,-6.391006400000151,-9.849,0.531,0.617,0.005,-0.012,0.006,48.81,35.3479058,-117.809447,624.545,3,,
296.21,-7.244024800000261,-9.844,0.55,0.603,0.004,-0.012,0.007,48.78,35.347906,-117.8094469,624.534,3,,
297.194,-6.948749199999838,-9.854,0.531,0.574,0.009,-0.013,0.007,48.76,35.347906,-117.8094471,624.457,3,,
298.184,-6.948749199999838,-9.849,0.546,0.598,0.007,-0.013,0.007,48.74,35.347906,-117.8094472,624.383,3,,
299.275,-5.80045519999976,-9.849,0.502,0.603,0.007,-0.013,0.006,48.73,35.3479059,-117.8094475,624.366,3,,
300.261,-6.095730800000183,-9.844,0.526,0.622,0.006,-0.013,0.007,48.73,35.3479058,-117.8094477,624.404,3,,
301.251,-5.80045519999976,-10.107,1.038,0.799,0.0,0.0,-0.001,48.74,35.3479058,-117.8094479,624.456,3,,
302.238,-5.80045519999976,-9.868,0.191,0.416,-0.039,0.005,0.0,48.75,35.3479055,-117.8094484,624.466,3,,
303.227,-4.947436800000105,-9.844,0.431,0.517,0.004,-0.012,0.01,48.75,35.3479055,-117.8094482,624.447,3,,
304.22,-5.80045519999976,-9.858,0.502,0.301,0.013,-0.016,0.005,48.75,35.3479055,-117.8094481,624.424,3,,
305.206,-5.80045519999976,-9.863,0.459,0.493,-0.004,-0.013,0.009,48.75,35.3479055,-117.8094481,624.379,3,,
306.196,-4.652161199999682,-9.863,0.44,0.498,0.001,-0.013,0.006,48.75,35.3479052,-117.8094482,624.387,3,,
307.293,-6.095730800000183,-9.863,0.493,0.469,0.002,-0.013,0.007,48.75,35.3479051,-117.8094483,624.386,3,,
308.191,-6.391006400000151,-9.858,0.512,0.464,0.009,-0.013,0.007,48.75,35.347905,-117.8094483,624.414,3,,
309.177,-6.095730800000183,-9.858,0.483,0.488,0.006,-0.013,0.007,48.76,35.3479049,-117.8094485,624.466,3,,
310.269,-6.095730800000183,-9.863,0.493,0.464,0.009,-0.012,0.006,48.76,35.3479047,-117.8094487,624.502,3,,
311.257,-5.242712400000073,-9.849,0.474,0.483,0.006,-0.013,0.006,48.76,35.3479046,-117.8094489,624.545,3,,
312.245,-4.947436800000105,-9.863,0.459,0.445,0.006,-0.013,0.006,48.77,35.3479044,-117.809449,624.582,3,,
313.232,-6.6862819999996645,-9.863,0.33,0.617,0.006,-0.016,0.005,48.77,35.3479043,-117.8094493,624.615,3,,
314.219,-7.244024800000261,-9.849,0.479,0.445,0.006,-0.015,0.006,48.77,35.3479043,-117.8094496,624.622,3,,
315.211,-6.095730800000183,-9.863,0.493,0.435,0.009,-0.013,0.007,48.76,35.347904,-117.8094499,624.696,3,,
316.206,-5.80045519999976,-9.868,0.459,0.469,0.009,-0.013,0.006,48.73,35.3479039,-117.8094502,624.757,3,,
317.294,-6.391006400000151,-9.849,0.488,0.445,0.006,-0.013,0.006,48.74,35.3479039,-117.8094501,624.8,3,,
318.179,-6.6862819999996645,-9.858,0.459,0.479,0.005,-0.013,0.006,48.76,35.3479037,-117.8094499,624.845,3,,
319.267,-6.095730800000183,-9.839,0.474,0.455,0.009,-0.012,0.007,48.75,35.3479035,-117.8094496,624.905,3,,
320.251,-6.095730800000183,-9.849,0.44,0.464,0.006,-0.013,0.007,48.75,35.3479037,-117.8094492,624.892,3,,
321.238,-6.391006400000151,-9.854,0.474,0.479,0.007,-0.013,0.006,48.76,35.3479031,-117.8094494,624.996,3,,
322.235,-6.391006400000151,-9.854,0.493,0.479,0.006,-0.012,0.006,48.76,35.3479029,-117.8094491,625.01,3,,
323.222,-5.242712400000073,-9.858,0.474,0.474,0.007,-0.012,0.006,48.76,35.3479031,-117.8094485,625.008,3,,
324.207,-5.505179600000247,-9.844,0.483,0.469,0.007,-0.013,0.007,48.76,35.347904,-117.8094473,624.894,3,,
325.197,-6.095730800000183,-9.858,0.464,0.469,0.006,-0.015,0.007,48.76,35.3479048,-117.8094463,624.861,3,,
326.191,-5.80045519999976,-9.858,0.483,0.459,0.007,-0.013,0.006,48.76,35.3479056,-117.8094456,624.814,3,,
327.177,-6.391006400000151,-9.873,0.483,0.445,0.006,-0.013,0.006,48.76,35.3479068,-117.8094444,624.722,3,,
328.168,-6.6862819999996645,-9.863,0.474,0.479,0.005,-0.013,0.006,48.76,35.3479076,-117.8094435,624.644,3,,
329.254,-6.6862819999996645,-9.868,0.297,0.483,-0.027,0.0,-0.002,48.76,35.3479083,-117.809443,624.555,3,,
330.25,-6.095730800000183,-9.777,-0.105,-0.167,0.016,-0.009,0.012,48.76,35.347909,-117.8094424,624.458,3,,
331.237,-4.356885600000169,-9.796,0.005,1.833,-0.068,-0.02,0.006,48.76,35.3479097,-117.8094418,624.398,3,,
332.224,-5.505179600000247,-9.849,0.258,0.68,0.005,-0.022,0.005,48.76,35.34791,-117.8094414,624.357,3,,
333.211,-5.80045519999976,-9.858,0.502,0.297,-0.013,-0.01,0.009,48.76,35.3479107,-117.8094406,624.159,3,,
334.197,-6.948749199999838,-9.863,0.412,0.33,0.004,-0.015,0.005,48.76,35.3479111,-117.8094403,624.011,3,,
335.283,-6.391006400000151,-9.868,0.445,0.316,0.006,-0.012,0.006,48.76,35.3479115,-117.8094399,623.89,3,,
336.269,-6.6862819999996645,-9.858,0.44,0.311,0.005,-0.013,0.006,48.76,35.3479121,-117.8094398,623.632,3,,
337.258,-5.80045519999976,-9.863,0.412,0.325,0.007,-0.013,0.006,48.76,35.3479124,-117.8094396,623.504,3,,
338.244,-6.095730800000183,-9.873,0.412,0.335,0.005,-0.015,0.006,48.76,35.347912,-117.8094398,623.326,3,,
339.232,-4.947436800000105,-9.868,0.407,0.34,0.007,-0.013,0.006,48.75,35.3479127,-117.8094394,623.1,3,,
340.221,-4.947436800000105,-9.863,0.416,0.345,0.01,-0.012,0.006,48.74,35.3479135,-117.8094387,622.929,3,,
341.211,-5.505179600000247,-9.863,0.392,0.345,0.006,-0.012,0.006,48.75,35.3479136,-117.8094384,622.836,3,,
342.201,-6.391006400000151,-9.854,0.416,0.33,0.007,-0.012,0.007,48.75,35.3479138,-117.8094381,622.71,3,,
343.291,-5.80045519999976,-9.878,0.412,0.335,0.009,-0.015,0.006,48.75,35.3479146,-117.8094377,622.47,3,,
344.279,-6.391006400000151,-9.878,0.44,0.34,0.002,-0.013,0.007,48.75,35.3479153,-117.8094374,622.273,3,,
345.265,-6.095730800000183,-9.873,0.412,0.321,0.009,-0.012,0.007,48.75,35.3479146,-117.809438,622.158,3,,
346.251,-5.80045519999976,-9.873,0.421,0.335,0.005,-0.012,0.006,48.76,35.3479137,-117.8094389,622.091,3,,
347.238,-6.391006400000151,-9.863,0.416,0.335,0.006,-0.013,0.007,48.76,35.3479133,-117.8094393,621.956,3,,
348.225,-5.80045519999976,-9.868,0.431,0.311,0.007,-0.013,0.006,48.76,35.3479134,-117.8094398,621.776,3,,
349.211,-5.80045519999976,-9.863,0.426,0.321,0.005,-0.013,0.006,48.76,35.3479135,-117.8094403,621.613,3,,
350.194,-5.505179600000247,-9.858,0.421,0.316,0.006,-0.013,0.007,48.77,35.3479132,-117.809441,621.563,3,,
351.182,-6.948749199999838,-9.854,0.402,0.34,0.007,-0.012,0.006,48.75,35.3479129,-117.8094418,621.517,3,,
352.17,-6.095730800000183,-9.863,0.412,0.33,0.006,-0.013,0.006,48.73,35.3479122,-117.8094427,621.542,3,,
353.262,-5.505179600000247,-9.863,0.392,0.34,0.007,-0.012,0.006,48.74,35.3479114,-117.8094439,621.58,3,,
354.25,-6.391006400000151,-9.863,0.416,0.292,0.006,-0.013,0.007,48.75,35.3479112,-117.8094445,621.51,3,,
355.238,-6.095730800000183,-9.854,0.392,0.33,0.006,-0.013,0.007,48.74,35.3479111,-117.809445,621.465,3,,
356.225,-6.095730800000183,-9.858,0.383,0.33,0.01,-0.015,0.007,48.74,35.3479112,-117.8094451,621.432,3,,
357.211,-5.242712400000073,-9.868,0.383,0.345,0.004,-0.012,0.007,48.74,35.347911,-117.8094453,621.463,3,,
358.202,-6.095730800000183,-9.878,0.392,0.335,0.009,-0.012,0.006,48.75,35.3479112,-117.8094452,621.393,3,,
359.291,-6.095730800000183,-9.863,0.407,0.316,0.007,-0.012,0.007,48.74,35.3479109,-117.8094455,621.375,3,,
360.175,-4.947436800000105,-9.873,0.407,0.33,0.006,-0.013,0.007,48.74,35.3479103,-117.809446,621.404,3,,
361.263,-5.505179600000247,-9.858,0.407,0.349,0.009,-0.013,0.006,48.74,35.3479097,-117.8094465,621.416,3,,
362.254,-5.80045519999976,-9.873,0.435,0.34,0.005,-0.013,0.007,48.74,35.3479087,-117.8094471,621.545,3,,
363.241,-6.095730800000183,-9.854,0.416,0.412,-0.007,-0.015,0.007,48.73,35.3479084,-117.8094473,621.588,3,,
364.225,-6.095730800000183,-9.835,-0.751,1.412,-0.066,-0.057,-0.007,48.73,35.3479083,-117.8094473,621.651,3,,
365.217,-6.095730800000183,-9.724,0.976,-0.167,-0.061,-0.006,0.009,48.74,35.347908,-117.8094479,621.669,3,,
366.209,-5.242712400000073,-9.868,0.412,0.325,-0.021,-0.012,0.006,48.74,35.3479077,-117.8094486,621.725,3,,
367.207,-6.391006400000151,-9.825,0.498,0.378,0.018,-0.016,0.006,48.74,35.3479076,-117.809449,621.792,3,,
368.197,-5.505179600000247,-9.892,0.541,0.368,0.009,-0.012,0.01,48.74,35.3479072,-117.8094495,621.861,3,,
369.285,-6.948749199999838,-9.868,0.345,0.593,0.005,-0.013,0.005,48.74,35.3479067,-117.8094498,621.977,3,,
370.271,-6.095730800000183,-9.811,-0.029,0.507,-0.006,-0.012,0.004,48.74,35.3479061,-117.8094503,622.104,3,,
371.254,-5.242712400000073,-9.858,0.603,0.177,-0.007,-0.012,0.007,48.74,35.3479056,-117.8094505,622.217,3,,
372.243,-6.391006400000151,-9.83,0.096,0.512,0.011,-0.032,0.011,48.74,35.3479049,-117.8094507,622.326,3,,
373.231,-4.947436800000105,-9.739,-0.105,0.613,0.065,-0.016,-0.004,48.74,35.3479046,-117.8094505,622.465,3,,
374.217,-5.505179600000247,-9.83,0.244,0.469,0.016,-0.009,0.002,48.74,35.3479046,-117.8094498,622.448,3,,
375.203,-4.652161199999682,-9.863,0.44,0.876,0.007,-0.016,0.005,48.74,35.3479048,-117.8094495,622.549,3,,
376.197,-5.242712400000073,-9.839,0.646,0.373,0.029,-0.012,0.005,48.72,35.3479051,-117.8094491,622.592,3,,
377.284,-4.061610000000201,-9.863,0.522,0.555,-0.004,-0.011,0.006,48.73,35.347905,-117.809449,622.675,3,,
378.269,-5.505179600000247,-9.849,0.493,0.488,-0.002,-0.013,0.006,48.73,35.3479047,-117.8094488,622.802,3,,
379.261,-4.652161199999682,-9.844,0.392,0.67,0.004,-0.015,0.005,48.74,35.3479045,-117.8094485,622.868,3,,
380.248,-6.391006400000151,-9.868,0.455,0.56,0.009,-0.012,0.006,48.73,35.3479042,-117.8094482,622.929,3,,
381.234,-5.242712400000073,-9.839,0.44,0.617,0.015,-0.013,0.005,48.73,35.3479044,-117.8094474,622.988,3,,
382.224,-5.505179600000247,-9.849,0.512,0.507,0.01,-0.013,0.005,48.73,35.3479047,-117.8094466,623.037,3,,
383.217,-5.80045519999976,-9.844,0.517,0.536,0.011,-0.013,0.006,48.74,35.347905,-117.8094459,623.086,3,,
384.205,-5.505179600000247,-9.849,0.579,0.498,0.006,-0.012,0.01,48.74,35.3479054,-117.8094454,623.173,3,,
385.194,-4.947436800000105,-9.854,0.512,0.517,0.007,-0.012,0.007,48.74,35.3479059,-117.8094448,623.201,3,,
386.183,-5.242712400000073,-9.854,0.45,0.579,0.009,-0.013,0.007,48.74,35.3479063,-117.8094444,623.223,3,,
387.27,-5.505179600000247,-9.858,0.502,0.569,0.009,-0.015,0.006,48.75,35.3479063,-117.8094442,623.249,3,,
388.258,-5.505179600000247,-9.854,0.522,0.522,0.007,-0.012,0.006,48.75,35.3479067,-117.8094439,623.246,3,,
389.248,-6.6862819999996645,-9.849,0.512,0.536,0.009,-0.012,0.007,48.74,35.3479069,-117.8094438,623.254,3,,
390.243,-6.095730800000183,-9.858,0.488,0.541,0.004,-0.013,0.006,48.73,35.3479074,-117.8094436,623.249,3,,
391.23,-5.80045519999976,-9.849,0.488,0.579,0.007,-0.013,0.006,48.72,35.3479077,-117.8094433,623.264,3,,
392.218,-5.242712400000073,-9.854,0.541,0.517,0.007,-0.012,0.007,48.73,35.3479081,-117.8094428,623.255,3,,
393.206,-6.6862819999996645,-9.83,0.541,0.55,0.005,-0.015,0.007,48.74,35.3479087,-117.8094424,623.186,3,,
394.191,-5.80045519999976,-9.897,0.67,1.488,0.032,0.009,0.006,48.74,35.347909,-117.8094423,623.143,3,,
395.278,-5.505179600000247,-9.901,0.971,0.172,0.016,-0.024,0.005,48.74,35.3479094,-117.8094419,623.078,3,,
396.263,-6.095730800000183,-9.82,0.598,0.55,0.081,-0.016,0.009,48.73,35.3479097,-117.8094418,623.064,3,,
397.251,-5.505179600000247,-9.868,0.44,0.483,0.015,-0.015,0.005,48.74,35.3479099,-117.8094418,623.045,3,,
398.234,-5.505179600000247,-9.863,0.469,0.445,-0.004,-0.013,0.006,48.74,35.3479101,-117.8094418,623.079,3,,
399.224,-6.391006400000151,-9.854,0.479,0.469,0.009,-0.015,0.006,48.75,35.3479103,-117.8094419,623.108,3,,
400.216,-6.095730800000183,-9.854,0.464,0.488,0.002,-0.015,0.006,48.75,35.3479107,-117.8094422,623.177,3,,
401.206,-6.391006400000151,-9.897,0.469,0.34,0.004,-0.011,0.006,48.75,35.3479105,-117.809443,623.308,3,,
402.192,-5.242712400000073,-9.863,0.502,0.445,0.01,-0.011,0.005,48.75,35.3479106,-117.8094436,623.381,3,,
403.179,-5.505179600000247,-9.849,0.479,0.459,0.006,-0.012,0.005,48.75,35.3479108,-117.809444,623.459,3,,
404.171,-5.505179600000247,-9.854,0.474,0.469,0.005,-0.013,0.005,48.75,35.3479111,-117.8094442,623.532,3,,
405.258,-6.095730800000183,-9.863,0.459,0.469,0.007,-0.012,0.009,48.75,35.347911,-117.8094443,623.684,3,,
406.245,-5.80045519999976,-9.863,0.455,0.488,0.004,-0.012,0.007,48.75,35.3479111,-117.8094444,623.834,3,,
407.236,-6.391006400000151,-9.854,0.488,0.459,0.009,-0.013,0.007,48.75,35.3479113,-117.8094443,623.9,3,,
408.223,-5.505179600000247,-9.868,0.435,0.459,0.005,-0.012,0.006,48.75,35.3479115,-117.8094442,623.955,3,,
409.208,-5.80045519999976,-9.863,0.455,0.479,0.01,-0.015,0.007,48.75,35.3479115,-117.8094442,624.085,3,,
410.194,-6.095730800000183,-9.863,0.464,0.474,0.007,-0.013,0.006,48.75,35.3479114,-117.8094442,624.165,3,,
411.285,-5.80045519999976,-9.858,0.479,0.445,0.006,-0.013,0.006,48.76,35.3479111,-117.8094445,624.255,3,,
412.271,-5.505179600000247,-9.854,0.455,0.459,0.011,-0.013,0.006,48.76,35.3479108,-117.8094445,624.341,3,,
413.261,-5.80045519999976,-9.844,0.517,0.469,0.006,-0.013,0.007,48.77,35.3479104,-117.8094445,624.451,3,,
414.249,-6.6862819999996645,-9.849,0.474,0.464,0.011,-0.013,0.006,48.77,35.34791,-117.8094448,624.524,3,,
415.25,-5.80045519999976,-9.849,0.493,0.45,0.002,-0.012,0.006,48.77,35.3479097,-117.8094449,624.569,3,,
416.24,-4.652161199999682,-9.854,0.507,0.445,0.01,-0.013,0.007,48.77,35.3479099,-117.8094447,624.591,3,,
417.227,-4.652161199999682,-9.849,0.445,0.507,0.002,-0.013,0.006,48.78,35.3479103,-117.8094443,624.549,3,,
418.217,-5.505179600000247,-9.858,0.498,0.44,0.009,-0.015,0.007,48.78,35.3479106,-117.809444,624.503,3,,
419.207,-5.80045519999976,-9.858,0.498,0.435,0.01,-0.013,0.007,48.77,35.347911,-117.8094435,624.431,3,,
420.297,-6.391006400000151,-9.945,0.641,0.522,0.004,-0.013,0.01,48.76,35.3479113,-117.8094433,624.437,3,,
421.283,-6.095730800000183,-9.839,0.507,0.488,0.006,-0.015,0.006,48.76,35.3479114,-117.8094431,624.457,3,,
422.271,-5.242712400000073,-9.854,0.474,0.474,0.007,-0.012,0.006,48.77,35.3479118,-117.8094427,624.421,3,,
423.272,-6.095730800000183,-9.868,0.498,0.479,0.004,-0.013,0.006,48.77,35.3479119,-117.8094422,624.443,3,,
424.259,-6.391006400000151,-9.868,0.474,0.479,0.009,-0.012,0.007,48.76,35.3479121,-117.8094418,624.385,3,,
425.245,-6.6862819999996645,-9.863,0.474,0.483,0.005,-0.013,0.006,48.77,35.3479123,-117.8094417,624.304,3,,
426.233,-5.80045519999976,-9.863,0.459,0.464,0.009,-0.015,0.007,48.77,35.3479123,-117.8094417,624.26,3,,
427.221,-7.5393003999997745,-9.858,0.474,0.479,0.005,-0.013,0.007,48.78,35.3479125,-117.8094415,624.149,3,,
428.209,-6.6862819999996645,-9.863,0.474,0.469,0.009,-0.015,0.006,48.78,35.3479123,-117.8094414,624.11,3,,
429.197,-6.095730800000183,-9.858,0.474,0.474,0.009,-0.013,0.006,48.78,35.3479123,-117.8094413,624.066,3,,
430.183,-4.356885600000169,-9.854,0.493,0.469,0.01,-0.015,0.007,48.78,35.3479123,-117.8094409,624.016,3,,
431.274,-5.242712400000073,-9.863,0.44,0.502,0.002,-0.013,0.007,48.78,35.3479126,-117.8094404,623.936,3,,
432.261,-6.948749199999838,-9.863,0.464,0.479,0.012,-0.013,0.006,48.78,35.3479131,-117.8094399,623.783,3,,
433.25,-6.6862819999996645,-9.858,0.469,0.479,0.005,-0.013,0.007,48.78,35.3479136,-117.8094396,623.593,3,,
434.235,-6.095730800000183,-9.825,1.287,0.847,0.037,0.004,-0.024,48.78,35.3479141,-117.8094394,623.431,3,,
435.222,-5.242712400000073,-9.83,-0.67,-1.287,-0.023,-0.006,0.02,48.77,35.3479141,-117.8094395,623.365,3,,
436.216,-6.391006400000151,-9.839,0.555,0.153,-0.001,0.002,0.001,48.77,35.3479144,-117.8094399,623.263,3,,
437.206,-5.505179600000247,-9.796,1.216,-0.79,0.011,-0.022,0.0,48.78,35.3479146,-117.80944,623.23,3,,
438.298,-5.505179600000247,-9.887,0.292,0.402,0.031,-0.02,0.011,48.78,35.3479145,-117.8094404,623.259,3,,
439.283,-5.80045519999976,-9.892,0.536,0.431,0.011,-0.018,0.007,48.79,35.3479144,-117.8094411,623.171,3,,
440.272,-4.356885600000169,-10.045,0.1,-0.392,0.062,-0.033,0.012,48.78,35.3479144,-117.8094415,623.171,3,,
441.258,-5.80045519999976,-9.997,0.627,0.129,-0.076,-0.009,0.012,48.78,35.3479143,-117.8094422,623.193,3,,
442.245,-4.947436800000105,-9.768,0.053,0.407,0.007,-0.013,0.009,48.78,35.3479139,-117.8094431,623.211,3,,
443.25,-5.242712400000073,-9.801,0.55,0.053,0.045,-0.032,0.009,48.79,35.3479138,-117.8094437,623.132,3,,
444.246,-5.80045519999976,-9.882,1.775,0.187,-0.026,0.012,0.015,48.79,35.3479137,-117.8094443,623.098,3,,
445.23,-6.391006400000151,-9.83,0.536,0.459,0.018,-0.012,0.004,48.79,35.3479134,-117.8094447,623.13,3,,
446.218,-6.391006400000151,-9.854,0.517,0.378,0.012,-0.011,0.006,48.79,35.3479134,-117.8094449,623.156,3,,
447.208,-5.80045519999976,-9.849,0.455,0.397,0.017,-0.012,0.006,48.79,35.3479135,-117.8094451,623.181,3,,
448.193,-5.242712400000073,-9.849,0.397,0.536,0.004,-0.015,0.007,48.79,35.3479137,-117.8094452,623.131,3,,
449.28,-5.505179600000247,-9.863,0.464,0.493,0.002,-0.013,0.006,48.79,35.3479139,-117.8094454,623.148,3,,
450.167,-5.505179600000247,-9.854,0.455,0.531,0.01,-0.013,0.006,48.78,35.3479142,-117.8094453,623.173,3,,
451.254,-5.505179600000247,-9.854,0.407,0.426,0.023,-0.012,0.005,48.79,35.3479144,-117.8094456,623.158,3,,
452.238,-5.80045519999976,-10.208,-0.191,-0.593,0.001,0.004,-0.02,48.79,35.3479145,-117.8094462,623.154,3,,
453.233,-5.505179600000247,-10.131,-0.555,0.287,0.009,-0.043,-0.02,48.8,35.3479145,-117.8094461,623.18,3,,
454.296,-4.947436800000105,-9.906,0.268,0.067,0.007,-0.022,0.009,48.8,35.3479146,-117.809446,623.256,3,,
455.289,-4.652161199999682,-9.882,0.431,0.416,0.018,-0.021,0.002,48.8,35.3479145,-117.8094461,623.311,3,,
456.179,-5.242712400000073,-9.873,0.421,0.445,0.012,-0.015,0.006,48.8,35.3479145,-117.8094464,623.404,3,,
457.267,-6.6862819999996645,-9.863,0.517,0.335,0.001,-0.012,0.006,48.81,35.3479145,-117.8094469,623.412,3,,
458.259,-6.391006400000151,-9.854,0.407,0.431,0.005,-0.012,0.006,48.81,35.3479145,-117.8094471,623.426,3,,
459.248,-6.095730800000183,-9.863,0.426,0.335,0.002,-0.012,0.006,48.82,35.3479145,-117.8094472,623.469,3,,
460.235,-6.6862819999996645,-9.858,0.412,0.402,0.011,-0.013,0.009,48.82,35.3479147,-117.8094473,623.501,3,,
461.23,-5.505179600000247,-9.854,0.44,0.421,0.002,-0.013,0.006,48.82,35.3479147,-117.8094474,623.537,3,,
462.218,-5.80045519999976,-9.858,0.431,0.421,0.009,-0.015,0.006,48.82,35.3479147,-117.8094477,623.603,3,,
463.204,-4.652161199999682,-9.868,0.416,0.378,0.006,-0.012,0.006,48.82,35.3479145,-117.8094478,623.697,3,,
464.192,-6.6862819999996645,-9.854,0.435,0.402,0.006,-0.013,0.007,48.82,35.3479146,-117.8094479,623.727,3,,
465.281,-4.652161199999682,-9.911,0.292,0.412,-0.024,-0.015,0.009,48.82,35.3479144,-117.8094485,623.771,3,,
466.266,-6.095730800000183,-9.887,0.522,0.402,0.016,-0.015,0.006,48.82,35.3479142,-117.809449,623.875,3,,
467.252,-5.242712400000073,-9.854,0.44,0.392,0.012,-0.013,0.005,48.82,35.347914,-117.8094494,623.955,3,,
468.246,-5.242712400000073,-9.849,0.421,0.388,0.01,-0.013,0.006,48.82,35.3479138,-117.8094497,624.031,3,,
469.229,-5.242712400000073,-9.873,0.412,-0.474,0.023,-0.015,-0.001,48.83,35.3479137,-117.8094502,624.093,3,,
470.216,-4.947436800000105,-9.839,0.493,0.455,0.02,-0.018,0.007,48.83,35.3479133,-117.8094507,624.187,3,,
471.201,-6.095730800000183,-9.863,0.364,0.483,0.001,-0.015,0.006,48.83,35.3479131,-117.8094511,624.286,3,,
472.198,-4.947436800000105,-9.868,0.44,0.397,0.005,-0.011,0.005,48.83,35.3479128,-117.8094515,624.395,3,,
473.285,-5.242712400000073,-9.858,0.421,0.345,0.005,-0.011,0.007,48.84,35.3479125,-117.8094518,624.466,3,,
474.27,-6.391006400000151,-9.863,0.488,0.297,0.01,-0.013,0.005,48.84,35.3479121,-117.8094522,624.548,3,,
475.256,-6.095730800000183,-9.854,0.378,0.349,0.015,-0.016,0.006,48.83,35.3479118,-117.8094526,624.593,3,,
476.241,-4.947436800000105,-9.863,0.373,0.412,0.004,-0.015,0.006,48.84,35.3479114,-117.809453,624.631,3,,
477.229,-5.242712400000073,-9.868,0.412,0.388,0.011,-0.013,0.006,48.84,35.3479111,-117.8094532,624.682,3,,
478.213,-5.80045519999976,-9.863,0.402,0.297,-0.009,-0.011,0.006,48.84,35.3479108,-117.8094534,624.707,3,,
479.2,-5.505179600000247,-9.858,0.44,0.349,0.007,-0.012,0.006,48.84,35.3479104,-117.8094535,624.75,3,,
480.19,-5.80045519999976,-9.887,0.455,0.282,0.007,-0.012,0.007,48.85,35.3479101,-117.8094536,624.807,3,,
481.279,-5.505179600000247,-9.882,0.479,0.397,-0.006,-0.011,0.007,48.85,35.34791,-117.8094531,624.876,3,,
482.269,-6.391006400000151,-9.863,0.388,0.33,0.022,-0.012,0.006,48.85,35.3479098,-117.8094527,624.961,3,,
483.256,-5.80045519999976,-9.863,0.431,0.364,-0.001,-0.011,0.007,48.85,35.3479095,-117.8094527,625.028,3,,
484.241,-4.947436800000105,-9.858,0.474,0.34,0.002,-0.015,0.007,48.85,35.3479092,-117.8094524,625.042,3,,
485.23,-4.652161199999682,-9.873,0.345,0.388,0.005,-0.012,0.007,48.86,35.3479089,-117.8094524,625.147,3,,
486.223,-6.095730800000183,-9.858,0.445,0.311,0.016,-0.015,0.006,48.85,35.3479089,-117.8094521,625.203,3,,
487.21,-5.80045519999976,-9.873,0.421,0.34,0.009,-0.011,0.006,48.85,35.3479087,-117.8094518,625.234,3,,
488.197,-5.242712400000073,-9.854,0.397,0.325,0.009,-0.013,0.006,48.84,35.3479084,-117.8094514,625.31,3,,
489.286,-6.6862819999996645,-9.868,0.407,0.349,0.004,-0.013,0.007,48.85,35.3479083,-117.8094511,625.343,3,,
490.272,-4.947436800000105,-9.873,0.426,0.368,0.005,-0.015,0.007,48.85,35.347908,-117.809451,625.422,3,,
491.263,-4.947436800000105,-9.863,0.416,0.368,0.005,-0.012,0.007,48.86,35.3479079,-117.8094509,625.447,3,,
492.249,-4.061610000000201,-9.858,0.426,0.349,0.007,-0.013,0.006,48.87,35.3479076,-117.8094507,625.449,3,,
493.235,-6.095730800000183,-9.868,0.412,0.368,0.009,-0.015,0.006,48.87,35.3479074,-117.8094505,625.463,3,,
494.226,-4.652161199999682,-9.873,0.407,0.354,0.01,-0.013,0.006,48.87,35.3479074,-117.8094503,625.47,3,,
495.212,-4.947436800000105,-9.868,0.33,0.426,0.02,-0.012,0.006,48.87,35.3479074,-117.8094501,625.481,3,,
496.2,-4.947436800000105,-9.863,0.459,0.34,0.004,-0.012,0.006,48.87,35.3479075,-117.8094495,625.473,3,,
497.186,-5.505179600000247,-9.868,0.44,0.345,-0.001,-0.012,0.007,48.87,35.3479075,-117.8094492,625.496,3,,
498.273,-4.652161199999682,-9.858,0.416,0.368,0.011,-0.013,0.007,48.88,35.3479076,-117.809449,625.483,3,,
499.261,-5.242712400000073,-9.863,0.416,0.359,0.0,-0.013,0.007,48.88,35.3479077,-117.8094487,625.504,3,,
500.25,-6.948749199999838,-9.868,0.435,0.388,0.006,-0.013,0.006,48.88,35.3479078,-117.8094486,625.563,3,,
501.243,-4.947436800000105,-9.858,0.364,0.383,0.001,-0.013,0.006,48.88,35.3479077,-117.8094485,625.625,3,,
502.231,-5.505179600000247,-9.873,0.431,0.33,0.011,-0.013,0.005,48.88,35.3479078,-117.8094483,625.692,3,,
503.219,-6.948749199999838,-9.873,0.364,0.392,0.013,-0.015,0.006,48.89,35.3479078,-117.8094484,625.719,3,,
504.208,-6.095730800000183,-9.863,0.44,0.345,0.009,-0.013,0.006,48.89,35.3479079,-117.8094484,625.747,3,,
505.194,-4.652161199999682,-9.868,0.407,0.383,0.006,-0.015,0.006,48.9,35.3479082,-117.8094477,625.654,3,,
506.186,-6.095730800000183,-9.868,0.407,0.349,0.007,-0.012,0.007,48.9,35.3479082,-117.8094471,625.64,3,,
507.276,-5.505179600000247,-9.868,0.431,0.354,0.005,-0.012,0.007,48.9,35.3479084,-117.8094465,625.592,3,,
508.263,-5.242712400000073,-9.863,0.431,0.354,0.006,-0.013,0.006,48.89,35.3479085,-117.8094456,625.533,3,,
509.25,-5.242712400000073,-9.873,0.44,0.354,0.005,-0.012,0.006,48.89,35.3479089,-117.8094445,625.497,3,,
510.25,-4.947436800000105,-9.868,0.426,0.349,0.009,-0.012,0.006,48.9,35.3479092,-117.8094433,625.464,3,,
511.242,-5.242712400000073,-9.858,0.416,0.34,0.006,-0.012,0.006,48.89,35.3479092,-117.8094427,625.477,3,,
512.228,-5.242712400000073,-9.873,0.421,0.354,0.009,-0.012,0.007,48.89,35.3479096,-117.8094418,625.435,3,,
513.213,-4.356885600000169,-9.858,0.388,0.388,0.002,-0.013,0.007,48.89,35.3479101,-117.8094404,625.391,3,,
514.202,-5.505179600000247,-9.868,0.431,0.388,0.01,-0.012,0.007,48.9,35.3479103,-117.8094397,625.38,3,,
515.188,-5.505179600000247,-9.863,0.431,0.345,0.006,-0.013,0.006,48.9,35.3479105,-117.8094391,625.309,3,,
516.277,-5.80045519999976,-9.858,0.378,0.407,0.002,-0.013,0.006,48.91,35.3479106,-117.8094387,625.247,3,,
517.281,-4.947436800000105,-9.858,0.445,0.345,0.002,-0.012,0.007,48.92,35.3479108,-117.8094384,625.228,3,,
518.27,-5.505179600000247,-9.868,0.416,0.373,0.009,-0.013,0.006,48.92,35.3479111,-117.8094378,625.198,3,,
519.254,-4.652161199999682,-9.858,0.378,0.397,0.012,-0.015,0.006,48.92,35.3479116,-117.8094371,625.129,3,,
520.239,-4.356885600000169,-9.873,0.378,0.321,0.002,-0.013,0.006,48.92,35.3479122,-117.8094359,625.013,3,,
521.229,-5.242712400000073,-9.858,0.407,0.354,0.0,-0.013,0.006,48.93,35.3479127,-117.8094355,624.941,3,,
522.219,-4.947436800000105,-9.858,0.392,0.397,0.009,-0.013,0.006,48.93,35.3479132,-117.8094349,624.844,3,,
523.206,-4.356885600000169,-9.863,0.44,0.306,0.007,-0.011,0.006,48.93,35.3479136,-117.8094344,624.795,3,,
524.194,-4.652161199999682,-9.849,0.44,0.359,0.001,-0.012,0.006,48.93,35.3479137,-117.8094336,624.858,3,,
525.283,-5.505179600000247,-9.858,0.402,0.373,0.006,-0.013,0.006,48.94,35.3479135,-117.8094333,624.943,3,,
526.269,-5.505179600000247,-9.863,0.435,0.34,0.009,-0.012,0.006,48.93,35.3479134,-117.8094328,625.009,3,,
527.258,-4.947436800000105,-9.868,0.416,0.364,0.007,-0.012,0.005,48.91,35.3479131,-117.8094328,625.076,3,,
528.247,-5.80045519999976,-9.863,0.431,0.33,0.009,-0.012,0.006,48.92,35.3479129,-117.8094323,625.167,3,,
529.233,-5.242712400000073,-9.849,0.416,0.383,0.009,-0.012,0.006,48.94,35.3479124,-117.8094323,625.295,3,,
530.22,-4.061610000000201,-9.873,0.464,0.278,0.009,-0.013,0.007,48.95,35.347912,-117.8094323,625.425,3,,
531.208,-6.6862819999996645,-9.849,0.416,0.301,0.004,-0.013,0.006,48.94,35.3479115,-117.8094325,625.562,3,,
532.202,-5.80045519999976,-9.868,0.421,0.402,0.006,-0.013,0.006,48.94,35.3479111,-117.8094325,625.64,3,,
533.289,-4.652161199999682,-9.863,0.397,0.301,0.012,-0.015,0.005,48.94,35.3479108,-117.8094323,625.724,3,,
534.278,-5.505179600000247,-9.858,0.368,0.402,0.004,-0.013,0.006,48.94,35.3479104,-117.8094321,625.832,3,,
535.267,-4.061610000000201,-9.858,0.392,0.364,0.016,-0.013,0.007,48.94,35.3479102,-117.8094316,625.903,3,,
536.257,-5.80045519999976,-9.854,0.373,0.278,0.009,-0.013,0.006,48.94,35.3479101,-117.8094311,625.971,3,,
537.247,-4.356885600000169,-9.858,0.345,0.373,-0.01,-0.012,0.006,48.93,35.34791,-117.8094305,626.045,3,,
538.234,-5.242712400000073,-9.863,0.44,0.368,0.004,-0.013,0.007,48.93,35.3479099,-117.8094302,626.117,3,,
539.222,-5.242712400000073,-9.854,0.431,0.349,0.01,-0.013,0.005,48.95,35.3479098,-117.80943,626.206,3,,
540.208,-5.505179600000247,-9.868,0.392,0.349,0.0,-0.013,0.006,48.96,35.3479099,-117.8094297,626.266,3,,
541.3,-5.242712400000073,-9.868,0.426,0.345,0.01,-0.013,0.006,48.96,35.34791,-117.8094296,626.32,3,,
542.188,-5.505179600000247,-9.858,0.421,0.364,0.005,-0.013,0.006,48.96,35.34791,-117.8094294,626.395,3,,
543.276,-5.242712400000073,-9.863,0.412,0.407,0.002,-0.013,0.007,48.96,35.3479102,-117.8094292,626.467,3,,
544.265,-4.947436800000105,-9.863,0.464,0.292,0.007,-0.015,0.006,48.94,35.3479103,-117.8094291,626.525,3,,
545.249,-4.947436800000105,-9.863,0.459,0.349,0.002,-0.013,0.006,48.95,35.3479104,-117.809429,626.587,3,,
546.236,-4.652161199999682,-9.863,0.392,0.392,0.006,-0.015,0.006,48.95,35.3479106,-117.8094288,626.675,3,,
547.228,-4.947436800000105,-9.863,0.426,0.368,0.009,-0.013,0.007,48.95,35.3479108,-117.8094286,626.746,3,,
548.215,-5.242712400000073,-9.863,0.397,0.345,0.012,-0.012,0.006,48.95,35.3479109,-117.8094284,626.833,3,,
549.2,-4.356885600000169,-9.858,0.45,0.325,0.005,-0.013,0.006,48.92,35.347911,-117.8094283,626.911,3,,
550.186,-4.061610000000201,-9.858,0.44,0.34,0.01,-0.012,0.006,48.94,35.3479113,-117.8094281,626.971,3,,
551.273,-3.4710588000002645,-9.863,0.397,0.364,0.009,-0.015,0.007,48.93,35.3479115,-117.8094276,627.022,3,,
552.259,-5.505179600000247,-9.854,0.431,0.349,0.007,-0.015,0.007,48.94,35.3479116,-117.8094273,627.054,3,,
553.248,-3.766334399999778,-9.863,0.421,0.364,0.007,-0.013,0.006,48.94,35.3479117,-117.8094271,627.101,3,,
554.233,-3.766334399999778,-9.863,0.44,0.325,0.007,-0.012,0.007,48.93,35.347912,-117.8094269,627.148,3,,
555.219,-4.947436800000105,-9.863,0.412,0.335,0.009,-0.012,0.007,48.9,35.3479123,-117.8094266,627.179,3,,
556.309,-5.505179600000247,-9.863,0.412,0.34,0.007,-0.013,0.006,48.91,35.3479126,-117.8094265,627.202,3,,
557.306,-4.947436800000105,-9.863,0.421,0.359,0.01,-0.013,0.007,48.93,35.3479131,-117.8094262,627.227,3,,
558.293,-4.947436800000105,-9.921,0.646,-0.22,-0.015,0.004,-0.001,48.94,35.3479133,-117.8094262,627.179,3,,
559.279,-4.356885600000169,-9.839,1.01,0.469,0.001,-0.012,0.01,48.94,35.3479135,-117.8094257,627.099,3,,
560.267,-5.242712400000073,-9.925,0.55,0.388,0.01,-0.013,0.004,48.94,35.3479137,-117.8094255,627.037,3,,
561.253,-3.4710588000002645,-9.863,0.526,0.311,0.0,-0.011,0.01,48.94,35.3479135,-117.8094254,626.947,3,,
562.239,-4.356885600000169,-9.868,0.412,0.345,-0.011,-0.012,0.007,48.93,35.3479135,-117.8094254,626.878,3,,
563.224,-4.947436800000105,-9.868,0.378,0.268,0.01,-0.012,0.007,48.92,35.3479134,-117.8094257,626.843,3,,
564.217,-4.947436800000105,-9.863,0.359,0.249,0.004,-0.013,0.007,48.91,35.3479132,-117.8094261,626.728,3,,
565.203,-4.947436800000105,-9.854,0.383,0.292,0.005,-0.013,0.006,48.91,35.347913,-117.8094265,626.704,3,,
566.189,-4.061610000000201,-9.863,0.431,0.325,0.001,-0.013,0.006,48.91,35.3479128,-117.8094268,626.656,3,,
567.277,-3.2085916000000907,-9.863,0.416,0.239,0.005,-0.012,0.006,48.88,35.3479126,-117.8094271,626.602,3,,
568.263,-4.061610000000201,-9.858,0.412,0.306,0.001,-0.011,0.006,48.89,35.3479125,-117.8094274,626.573,3,,
569.247,-5.242712400000073,-9.858,0.397,0.306,0.01,-0.012,0.006,48.9,35.3479124,-117.8094276,626.522,3,,
570.234,-4.061610000000201,-9.868,0.364,0.34,0.004,-0.013,0.006,48.91,35.3479125,-117.8094278,626.505,3,,
571.222,-4.356885600000169,-9.873,0.392,0.335,0.011,-0.015,0.007,48.91,35.3479126,-117.8094278,626.488,3,,
572.208,-3.4710588000002645,-9.873,0.397,0.34,0.009,-0.013,0.007,48.91,35.3479127,-117.8094278,626.447,3,,
573.193,-4.356885600000169,-9.863,0.416,0.33,0.011,-0.015,0.006,48.89,35.3479126,-117.8094278,626.455,3,,
574.183,-2.9133160000001226,-9.863,0.412,0.287,0.01,-0.013,0.007,48.88,35.3479127,-117.8094276,626.4,3,,
575.172,-3.2085916000000907,-9.854,0.412,0.292,0.006,-0.013,0.006,48.82,35.3479128,-117.8094272,626.297,3,,
576.158,-4.061610000000201,-9.858,0.388,0.321,0.006,-0.013,0.007,48.84,35.347913,-117.8094268,626.174,3,,
577.244,-3.766334399999778,-9.854,0.402,0.316,0.009,-0.013,0.006,48.85,35.3479125,-117.8094272,626.17,3,,
578.233,-4.652161199999682,-9.854,0.402,0.335,0.007,-0.012,0.007,48.85,35.347912,-117.8094277,626.206,3,,
579.221,-4.356885600000169,-9.868,0.402,0.321,0.01,-0.013,0.006,48.86,35.3479115,-117.809428,626.229,3,,
580.207,-3.2085916000000907,-9.868,0.383,0.349,0.005,-0.013,0.007,48.87,35.3479113,-117.8094282,626.221,3,,
581.297,-4.652161199999682,-9.854,0.349,0.388,0.004,-0.013,0.006,48.88,35.3479112,-117.809428,626.181,3,,
582.284,-4.061610000000201,-9.858,0.407,0.33,0.011,-0.015,0.007,48.87,35.3479105,-117.809428,626.225,3,,
583.27,-3.4710588000002645,-9.863,0.402,0.359,0.006,-0.015,0.006,48.87,35.34791,-117.8094282,626.223,3,,
584.256,-4.356885600000169,-9.887,0.412,0.354,0.009,-0.013,0.006,48.88,35.3479094,-117.8094283,626.245,3,,
585.246,-4.061610000000201,-9.868,0.416,0.354,0.009,-0.013,0.006,48.87,35.3479088,-117.8094285,626.337,3,,
586.231,-3.766334399999778,-9.868,0.402,0.34,0.005,-0.013,0.006,48.88,35.3479083,-117.8094284,626.397,3,,
587.216,-4.356885600000169,-9.858,0.388,0.335,0.011,-0.013,0.007,48.83,35.3479078,-117.8094283,626.421,3,,
588.301,-3.2085916000000907,-9.863,0.378,0.321,0.004,-0.012,0.006,48.84,35.3479074,-117.8094283,626.417,3,,
589.288,-4.356885600000169,-9.873,0.388,0.33,0.007,-0.012,0.006,48.86,35.347907,-117.8094284,626.408,3,,
590.273,-3.4710588000002645,-9.868,0.412,0.321,0.009,-0.013,0.007,48.86,35.347907,-117.8094279,626.355,3,,
591.262,-4.652161199999682,-9.863,0.402,0.33,0.007,-0.016,0.007,48.86,35.347907,-117.8094273,626.333,3,,
592.249,-3.4710588000002645,-9.868,0.407,0.345,0.009,-0.015,0.006,48.86,35.3479069,-117.8094268,626.326,3,,
593.233,-2.9133160000001226,-9.873,0.397,0.345,0.005,-0.012,0.007,48.85,35.3479068,-117.8094264,626.233,3,,
594.219,-4.061610000000201,-9.863,0.435,0.316,0.007,-0.013,0.007,48.86,35.3479066,-117.8094262,626.204,3,,
595.203,-2.9133160000001226,-9.873,0.349,0.301,0.01,-0.012,0.006,48.87,35.3479063,-117.8094262,626.254,3,,
596.292,-4.356885600000169,-9.868,0.445,0.33,0.006,-0.013,0.007,48.88,35.347906,-117.8094262,626.271,3,,
597.178,-3.2085916000000907,-9.868,0.412,0.364,0.011,-0.015,0.006,48.89,35.3479058,-117.8094258,626.273,3,,
598.267,-3.4710588000002645,-9.868,0.368,0.325,0.009,-0.012,0.006,48.89,35.3479055,-117.8094254,626.317,3,,
599.254,-3.766334399999778,-9.863,0.455,0.249,0.009,-0.013,0.007,48.9,35.3479046,-117.8094262,626.429,3,,
600.242,-4.356885600000169,-9.863,0.368,0.349,0.013,-0.012,0.006,48.9,35.3479038,-117.8094268,626.47,3,,
601.229,-4.061610000000201,-9.858,0.392,0.311,0.007,-0.013,0.005,48.91,35.3479031,-117.8094278,626.575,3,,
602.214,-4.652161199999682,-9.863,0.373,0.201,0.016,-0.013,0.005,48.87,35.3479028,-117.8094279,626.622,3,,
603.202,-4.356885600000169,-9.863,0.373,0.225,0.01,-0.012,0.007,48.83,35.3479027,-117.8094278,626.661,3,,
604.292,-4.652161199999682,-9.863,0.407,0.182,-0.001,-0.012,0.006,48.83,35.3479027,-117.8094278,626.672,3,,
605.278,-3.766334399999778,-9.863,0.388,0.316,0.013,-0.013,0.007,48.84,35.3479025,-117.8094281,626.648,3,,
606.266,-4.061610000000201,-9.858,0.431,0.211,0.004,-0.013,0.006,48.85,35.3479021,-117.8094285,626.693,3,,
607.256,-4.356885600000169,-9.844,0.378,0.067,0.007,-0.012,0.005,48.76,35.3479021,-117.8094285,626.679,3,,
608.243,-3.766334399999778,-9.849,0.416,0.077,0.005,-0.013,0.006,48.62,35.3479021,-117.8094288,626.626,3,,
609.243,-4.061610000000201,-9.863,0.397,0.096,0.006,-0.015,0.006,48.52,35.3479017,-117.8094295,626.662,3,,
610.231,-4.947436800000105,-9.849,0.416,0.038,0.005,-0.013,0.006,48.47,35.3479014,-117.8094301,626.724,3,,
611.219,-3.2085916000000907,-9.858,0.402,0.182,0.005,-0.012,0.006,48.5,35.3479018,-117.8094297,626.727,3,,
612.22,-2.9133160000001226,-9.854,0.392,0.081,0.01,-0.013,0.006,48.56,35.3479012,-117.8094304,626.911,3,,
613.206,-3.4710588000002645,-9.839,0.378,0.01,0.006,-0.013,0.007,48.55,35.3479,-117.8094317,627.151,3,,
614.197,-2.9133160000001226,-9.863,0.407,0.258,0.004,-0.012,0.006,48.51,35.3479003,-117.8094318,627.184,3,,
615.284,-4.061610000000201,-9.858,0.388,0.077,0.007,-0.012,0.006,48.52,35.3478999,-117.8094327,627.352,3,,
616.269,-3.766334399999778,-9.863,0.402,0.268,0.006,-0.013,0.007,48.52,35.3478992,-117.8094338,627.49,3,,
617.259,-3.766334399999778,-9.849,0.392,0.053,0.006,-0.013,0.006,48.5,35.3478985,-117.8094348,627.684,3,,
618.248,-4.356885600000169,-9.858,0.359,0.057,0.006,-0.013,0.006,48.44,35.3478977,-117.8094358,627.899,3,,
619.258,-4.356885600000169,-9.858,0.368,-0.024,0.007,-0.013,0.005,48.36,35.3478969,-117.8094368,627.996,3,,
620.245,-3.766334399999778,-9.844,0.364,-0.1,0.005,-0.012,0.006,48.33,35.3478962,-117.8094376,628.077,3,,
621.233,-5.505179600000247,-9.858,0.402,0.077,0.007,-0.013,0.007,48.28,35.3478958,-117.8094381,628.178,3,,
622.219,-4.356885600000169,-9.844,0.373,0.086,0.006,-0.013,0.006,48.24,35.3478953,-117.8094387,628.295,3,,
623.205,-3.4710588000002645,-9.858,0.388,0.191,0.007,-0.013,0.005,48.23,35.3478948,-117.8094392,628.442,3,,
624.193,-3.2085916000000907,-9.858,0.383,0.148,0.006,-0.013,0.007,48.28,35.3478945,-117.8094393,628.622,3,,
625.183,-4.356885600000169,-9.863,0.397,0.081,0.007,-0.012,0.007,48.3,35.3478942,-117.8094393,628.788,3,,
626.179,-4.947436800000105,-9.849,0.368,0.014,0.006,-0.012,0.006,48.22,35.3478939,-117.8094395,628.904,3,,
627.268,-3.4710588000002645,-9.858,0.373,0.11,0.002,-0.013,0.007,48.12,35.3478936,-117.8094396,629.013,3,,
628.258,-2.9133160000001226,-9.83,0.345,0.124,0.007,-0.013,0.006,48.06,35.3478934,-117.8094397,629.128,3,,
629.248,-3.4710588000002645,-9.854,0.407,0.081,0.007,-0.013,0.007,48.05,35.3478935,-117.8094394,629.204,3,,
630.235,-4.061610000000201,-9.849,0.359,0.1,0.006,-0.012,0.006,48.04,35.3478935,-117.8094393,629.247,3,,
631.22,-4.652161199999682,-9.844,0.397,0.129,0.005,-0.012,0.007,48.0,35.3478934,-117.8094395,629.323,3,,
632.207,-4.061610000000201,-9.849,0.383,0.091,0.007,-0.015,0.007,48.02,35.3478938,-117.8094391,629.267,3,,
633.194,-2.9133160000001226,-9.849,0.402,0.11,0.006,-0.013,0.007,48.0,35.347894,-117.8094387,629.222,3,,
634.18,-5.242712400000073,-9.854,0.373,0.129,0.006,-0.013,0.006,47.96,35.347894,-117.8094384,629.205,3,,
635.275,-4.652161199999682,-9.839,0.373,0.048,0.009,-0.012,0.006,47.95,35.3478941,-117.8094378,629.179,3,,
636.27,-4.356885600000169,-9.863,0.368,0.024,0.007,-0.012,0.006,47.86,35.3478943,-117.8094374,629.181,3,,
637.26,-4.947436800000105,-9.844,0.392,0.077,0.006,-0.013,0.006,47.78,35.3478945,-117.8094369,629.184,3,,
638.248,-3.766334399999778,-9.849,0.407,0.077,0.006,-0.012,0.009,47.72,35.3478947,-117.8094368,629.177,3,,
639.241,-5.242712400000073,-9.839,0.368,-0.01,0.006,-0.013,0.006,47.69,35.3478946,-117.8094366,629.232,3,,
640.226,-3.2085916000000907,-9.854,0.421,0.163,0.005,-0.013,0.006,47.65,35.3478949,-117.8094361,629.231,3,,
641.216,-4.061610000000201,-9.858,0.383,0.153,0.005,-0.012,0.006,47.69,35.3478951,-117.8094355,629.169,3,,
642.206,-3.766334399999778,-9.868,0.383,0.081,0.01,-0.013,0.006,47.66,35.3478954,-117.809435,629.17,3,,
643.191,-4.061610000000201,-9.849,0.349,0.019,0.001,-0.012,0.005,47.61,35.3478955,-117.8094345,629.188,3,,
644.176,-4.356885600000169,-9.854,0.388,-0.01,0.007,-0.015,0.006,47.52,35.3478956,-117.8094346,629.189,3,,
645.264,-4.947436800000105,-9.854,0.402,0.043,0.007,-0.013,0.006,47.43,35.3478957,-117.8094344,629.146,3,,
646.252,-3.766334399999778,-9.849,0.412,-0.062,0.006,-0.012,0.006,47.38,35.3478957,-117.8094341,629.152,3,,
647.24,-3.2085916000000907,-9.858,0.412,0.005,0.004,-0.012,0.006,47.4,35.3478958,-117.8094337,629.146,3,,
648.232,-4.356885600000169,-9.849,0.388,0.072,0.009,-0.015,0.006,47.37,35.3478959,-117.8094334,629.152,3,,
649.221,-3.4710588000002645,-9.897,0.258,-0.124,0.016,-0.009,0.002,47.3,35.347896,-117.8094329,629.182,3,,
650.217,-4.652161199999682,-9.844,0.421,-0.086,0.005,-0.011,0.006,47.21,35.3478961,-117.8094327,629.182,3,,
651.203,-3.766334399999778,-9.849,0.397,0.005,0.007,-0.011,0.005,47.13,35.3478964,-117.8094325,629.132,3,,
652.19,-4.061610000000201,-9.83,0.34,-0.072,0.01,-0.012,0.006,47.11,35.3478969,-117.8094323,629.123,3,,
653.291,-3.2085916000000907,-9.839,0.368,-0.019,0.009,-0.013,0.006,47.03,35.3478972,-117.8094324,629.118,3,,
654.182,-3.4710588000002645,-9.849,0.364,-0.043,0.01,-0.012,0.005,46.99,35.347898,-117.8094321,629.064,3,,
655.269,-2.9133160000001226,-9.844,0.407,0.048,0.005,-0.012,0.006,46.94,35.3478983,-117.8094321,629.076,3,,
656.259,-4.061610000000201,-9.796,0.426,0.431,0.004,-0.021,0.006,46.94,35.3478984,-117.8094322,629.097,3,,
657.249,-5.242712400000073,-9.854,0.421,0.019,0.006,-0.012,0.007,46.84,35.3478988,-117.8094324,629.084,3,,
658.246,-3.2085916000000907,-9.844,0.378,0.077,0.009,-0.011,0.005,46.8,35.3478988,-117.8094326,629.101,3,,
659.233,-3.766334399999778,-9.868,0.368,0.11,0.002,-0.015,0.005,46.79,35.347899,-117.8094327,629.066,3,,
660.222,-4.061610000000201,-9.858,0.507,0.129,0.009,-0.013,0.006,46.77,35.3478992,-117.8094329,629.019,3,,
661.21,-2.6180403999996997,-9.858,0.282,0.134,0.012,-0.013,0.005,46.69,35.3478992,-117.8094334,629.015,3,,
662.201,-3.4710588000002645,-9.858,0.445,0.129,0.0,-0.012,0.007,46.65,35.3478992,-117.8094341,628.938,3,,
663.195,-3.766334399999778,-9.858,0.426,0.105,0.0,-0.012,0.006,46.67,35.3478994,-117.8094347,628.866,3,,
664.28,-4.061610000000201,-9.854,0.321,0.187,0.009,-0.012,0.005,46.64,35.3478996,-117.8094352,628.784,3,,
665.266,-2.9133160000001226,-9.844,0.455,0.053,0.002,-0.012,0.006,46.64,35.3478997,-117.8094355,628.741,3,,
666.253,-3.2085916000000907,-9.858,0.412,0.048,0.002,-0.013,0.006,46.63,35.3479,-117.8094357,628.666,3,,
667.24,-3.766334399999778,-9.844,0.416,0.1,0.004,-0.013,0.005,46.6,35.3479,-117.8094359,628.577,3,,
668.229,-3.2085916000000907,-9.849,0.416,0.115,0.007,-0.012,0.006,46.57,35.3479003,-117.809436,628.506,3,,
669.223,-4.356885600000169,-9.839,0.378,0.01,0.007,-0.013,0.006,46.51,35.3479003,-117.8094361,628.477,3,,
670.212,-4.652161199999682,-9.849,0.402,0.038,0.0,-0.013,0.006,46.42,35.3479002,-117.8094363,628.443,3,,
671.202,-2.9133160000001226,-9.844,0.373,0.086,0.012,-0.013,0.006,46.33,35.3479002,-117.8094366,628.395,3,,
672.189,-2.6180403999996997,-9.844,0.397,0.096,0.004,-0.011,0.006,46.31,35.3479002,-117.8094365,628.374,3,,
673.283,-4.652161199999682,-9.849,0.359,0.0,0.009,-0.012,0.006,46.29,35.3479003,-117.8094365,628.355,3,,
674.272,-4.356885600000169,-9.844,0.383,-0.01,0.007,-0.013,0.007,46.21,35.3479005,-117.8094365,628.321,3,,
675.259,-2.3227648000001864,-9.839,0.364,-0.053,0.004,-0.013,0.005,46.06,35.3479007,-117.8094364,628.334,3,,
676.248,-4.061610000000201,-9.863,0.431,0.139,0.005,-0.012,0.006,46.06,35.3479008,-117.8094364,628.34,3,,
677.236,-3.766334399999778,-9.849,0.388,0.139,0.005,-0.013,0.006,46.12,35.3479011,-117.8094361,628.349,3,,
678.225,-4.356885600000169,-9.863,0.383,0.187,0.005,-0.012,0.006,46.22,35.3479014,-117.8094359,628.394,3,,
679.213,-5.242712400000073,-9.844,0.297,0.067,0.005,-0.012,0.006,46.23,35.3479017,-117.8094353,628.449,3,,
680.2,-4.652161199999682,-9.854,0.388,0.072,0.009,-0.012,0.006,46.15,35.3479019,-117.8094348,628.425,3,,
681.361,-4.356885600000169,-9.849,0.45,0.067,0.009,-0.013,0.005,46.08,35.3479021,-117.809434,628.428,3,,
682.247,-3.4710588000002645,-9.849,0.378,0.038,0.005,-0.013,0.006,45.99,35.3479024,-117.8094336,628.402,3,,
683.233,-5.242712400000073,-9.844,0.383,-0.081,-0.005,-0.013,0.006,45.97,35.3479027,-117.8094332,628.355,3,,
684.221,-3.4710588000002645,-9.868,0.368,0.244,0.013,-0.012,0.007,45.94,35.3479025,-117.8094332,628.352,3,,
685.211,-4.652161199999682,-9.839,0.44,0.096,0.011,-0.011,0.007,45.99,35.3479027,-117.8094327,628.311,3,,
686.202,-2.3227648000001864,-9.849,0.321,0.278,0.009,-0.012,0.006,46.08,35.3479029,-117.8094324,628.272,3,,
687.19,-3.2085916000000907,-9.854,0.479,0.287,0.009,-0.013,0.007,46.19,35.3479035,-117.8094316,628.178,3,,
688.18,-3.4710588000002645,-9.854,0.431,0.282,0.002,-0.012,0.006,46.25,35.3479036,-117.8094306,628.196,3,,
689.27,-4.652161199999682,-9.873,0.368,0.23,-0.001,-0.009,0.007,46.24,35.3479039,-117.8094295,628.206,3,,
690.262,-4.061610000000201,-9.854,0.364,0.072,0.005,-0.013,0.006,46.16,35.3479042,-117.8094284,628.213,3,,
691.256,-3.2085916000000907,-9.849,0.416,0.129,0.012,-0.015,0.006,46.08,35.3479045,-117.8094273,628.129,3,,
692.247,-3.4710588000002645,-9.844,0.297,0.196,0.005,-0.013,0.005,46.08,35.3479049,-117.8094264,628.072,3,,
693.236,-2.9133160000001226,-9.868,0.426,0.139,0.01,-0.012,0.006,46.11,35.3479052,-117.8094253,627.94,3,,
694.227,-3.4710588000002645,-9.844,0.383,0.177,0.002,-0.015,0.006,46.04,35.3479055,-117.8094246,627.833,3,,
695.219,-4.356885600000169,-9.83,0.392,0.029,0.01,-0.012,0.007,45.99,35.3479059,-117.809424,627.725,3,,
696.209,-3.766334399999778,-9.844,0.45,0.053,0.018,-0.011,0.007,45.97,35.3479064,-117.8094234,627.607,3,,
697.199,-3.4710588000002645,-9.858,0.278,-0.048,0.005,-0.013,0.006,45.96,35.3479067,-117.809423,627.48,3,,
698.185,-4.061610000000201,-9.844,0.368,0.048,0.005,-0.011,0.007,45.93,35.3479071,-117.8094225,627.339,3,,
699.28,-3.766334399999778,-9.835,0.407,0.014,0.015,-0.012,0.005,45.86,35.3479077,-117.8094218,627.202,3,,
700.279,-4.356885600000169,-9.835,0.402,-0.033,-0.005,-0.013,0.006,45.91,35.3479076,-117.8094218,627.162,3,,
701.264,-3.4710588000002645,-9.863,0.34,0.081,0.001,-0.012,0.006,45.82,35.3479075,-117.8094219,627.141,3,,
702.252,-3.2085916000000907,-9.863,0.354,0.167,0.007,-0.012,0.006,45.8,35.347908,-117.8094215,627.032,3,,
703.243,-3.4710588000002645,-9.844,0.359,0.077,0.009,-0.012,0.006,45.82,35.3479087,-117.8094209,626.922,3,,
704.234,-3.766334399999778,-9.854,0.388,0.01,-0.001,-0.012,0.006,45.88,35.3479093,-117.8094206,626.898,3,,
705.232,-2.6180403999996997,-9.854,0.416,0.215,0.006,-0.013,0.006,45.93,35.3479098,-117.8094202,626.722,3,,
706.221,-5.505179600000247,-9.858,0.407,0.287,0.004,-0.012,0.006,46.0,35.3479103,-117.8094199,626.58,3,,
707.209,-4.356885600000169,-9.854,0.412,0.148,0.005,-0.012,0.007,46.07,35.3479107,-117.8094196,626.445,3,,
708.194,-4.356885600000169,-9.863,0.388,0.258,0.007,-0.015,0.006,46.09,35.347911,-117.8094194,626.335,3,,
709.286,-3.2085916000000907,-9.849,0.44,0.311,0.007,-0.015,0.006,46.15,35.3479112,-117.8094191,626.25,3,,
710.278,-3.4710588000002645,-9.863,0.44,0.239,0.004,-0.012,0.007,46.16,35.3479115,-117.8094188,626.165,3,,
711.265,-3.766334399999778,-9.854,0.407,0.096,0.005,-0.013,0.005,46.12,35.3479117,-117.8094186,626.151,3,,
712.25,-2.6180403999996997,-9.849,0.416,0.105,0.001,-0.013,0.006,46.08,35.347912,-117.8094186,626.162,3,,
713.246,-3.2085916000000907,-9.844,0.388,0.187,0.006,-0.013,0.006,46.07,35.3479123,-117.8094186,626.164,3,,
714.232,-3.4710588000002645,-9.854,0.407,0.081,0.007,-0.013,0.006,46.01,35.3479127,-117.8094187,626.172,3,,
715.221,-2.9133160000001226,-9.854,0.359,0.115,-0.001,-0.011,0.005,45.9,35.347913,-117.8094188,626.218,3,,
716.207,-3.2085916000000907,-9.849,0.383,0.043,0.015,-0.013,0.007,45.87,35.3479134,-117.8094188,626.269,3,,
717.197,-3.4710588000002645,-9.844,0.407,0.12,0.004,-0.012,0.007,45.86,35.3479138,-117.8094191,626.337,3,,
718.285,-2.6180403999996997,-9.844,0.392,0.148,0.006,-0.013,0.006,45.83,35.3479143,-117.8094193,626.343,3,,
719.272,-3.4710588000002645,-9.849,0.397,0.072,0.002,-0.015,0.006,45.77,35.3479145,-117.8094195,626.366,3,,
720.264,-2.3227648000001864,-9.849,0.292,0.292,0.004,-0.011,0.005,45.83,35.3479148,-117.8094196,626.41,3,,
721.251,-3.2085916000000907,-9.858,0.325,0.325,0.004,-0.012,0.006,45.94,35.347915,-117.8094197,626.523,3,,
722.239,-2.9133160000001226,-9.858,0.407,0.282,0.015,-0.013,0.006,45.98,35.3479151,-117.8094199,626.588,3,,
723.226,-3.4710588000002645,-9.858,0.416,0.368,0.007,-0.013,0.006,46.01,35.3479153,-117.8094198,626.646,3,,
724.22,-2.6180403999996997,-9.863,0.431,0.278,0.005,-0.012,0.004,46.07,35.3479155,-117.8094194,626.638,3,,
725.206,-3.4710588000002645,-9.854,0.354,0.345,0.007,-0.011,0.009,46.11,35.3479155,-117.8094191,626.568,3,,
726.294,-2.6180403999996997,-9.863,0.388,0.364,0.005,-0.012,0.005,46.15,35.3479155,-117.8094189,626.497,3,,
727.282,-2.3227648000001864,-9.854,0.426,0.345,0.005,-0.012,0.007,46.18,35.3479157,-117.8094184,626.416,3,,
728.27,-2.9133160000001226,-9.858,0.402,0.33,0.002,-0.015,0.007,46.21,35.3479157,-117.8094179,626.377,3,,
729.261,-3.4710588000002645,-9.873,0.44,0.297,0.011,-0.015,0.005,46.25,35.3479158,-117.8094176,626.345,3,,
730.254,-2.0274892000002183,-9.858,0.388,0.325,0.0,-0.012,0.005,46.27,35.3479158,-117.8094174,626.34,3,,
731.243,-2.9133160000001226,-9.854,0.388,0.373,0.009,-0.012,0.006,46.29,35.3479156,-117.8094171,626.393,3,,
732.229,-3.4710588000002645,-9.863,0.388,0.325,0.01,-0.013,0.006,46.32,35.3479154,-117.8094169,626.455,3,,
733.216,-2.0274892000002183,-9.868,0.431,0.297,0.007,-0.011,0.006,46.34,35.3479152,-117.8094167,626.515,3,,
734.206,-3.2085916000000907,-9.854,0.368,0.349,0.01,-0.013,0.005,46.35,35.347915,-117.8094164,626.571,3,,
735.192,-3.766334399999778,-9.873,0.431,0.392,0.007,-0.013,0.007,46.38,35.3479149,-117.8094162,626.63,3,,
736.279,-3.4710588000002645,-9.854,0.368,0.33,0.007,-0.012,0.005,46.4,35.3479148,-117.8094163,626.667,3,,
737.269,-2.9133160000001226,-9.858,0.397,0.321,0.011,-0.013,0.006,46.42,35.3479146,-117.8094164,626.639,3,,
738.261,-4.947436800000105,-9.858,0.435,0.211,0.007,-0.013,0.005,46.35,35.3479144,-117.8094166,626.664,3,,
739.245,-2.6180403999996997,-9.854,0.335,0.134,0.01,-0.013,0.004,46.3,35.3479143,-117.8094168,626.663,3,,
740.231,-2.9133160000001226,-9.854,0.392,0.148,0.009,-0.013,0.006,46.16,35.3479143,-117.8094169,626.634,3,,
741.217,-1.7322135999997954,-9.854,0.388,0.057,0.005,-0.012,0.006,46.04,35.3479141,-117.8094174,626.636,3,,
742.209,-3.4710588000002645,-9.844,0.397,0.148,0.005,-0.013,0.006,46.04,35.347914,-117.8094179,626.65,3,,
743.197,-3.4710588000002645,-9.863,0.392,0.158,0.007,-0.013,0.007,46.09,35.3479139,-117.8094182,626.66,3,,
744.185,-3.766334399999778,-9.844,0.364,0.019,0.011,-0.013,0.006,46.05,35.3479141,-117.8094182,626.645,3,,
745.275,-3.766334399999778,-9.849,0.407,0.11,0.005,-0.012,0.005,46.03,35.3479142,-117.8094182,626.664,3,,
746.261,-4.061610000000201,-9.863,0.412,0.172,0.006,-0.013,0.006,46.01,35.3479142,-117.8094184,626.725,3,,
747.248,-3.766334399999778,-9.844,0.445,0.163,0.01,-0.013,0.006,45.98,35.3479142,-117.8094186,626.779,3,,
748.234,-4.652161199999682,-9.825,0.397,0.019,0.01,-0.013,0.005,45.91,35.3479143,-117.809419,626.822,3,,
749.228,-4.356885600000169,-9.844,0.426,-0.053,-0.002,-0.012,0.005,45.86,35.3479143,-117.8094196,626.869,3,,
750.219,-3.2085916000000907,-9.844,0.392,0.057,0.011,-0.013,0.006,45.84,35.3479142,-117.8094203,626.915,3,,
751.206,-3.766334399999778,-9.854,0.412,-0.043,0.005,-0.012,0.006,45.76,35.3479142,-117.8094212,626.982,3,,
752.195,-3.766334399999778,-9.844,0.34,0.091,0.002,-0.013,0.006,45.71,35.3479142,-117.8094218,626.994,3,,
753.281,-2.9133160000001226,-9.858,0.354,0.086,-0.005,-0.01,0.007,45.67,35.3479142,-117.8094223,626.988,3,,
754.265,-4.356885600000169,-9.849,0.211,0.0,0.009,-0.015,0.005,45.66,35.3479141,-117.8094228,627.002,3,,
755.253,-3.766334399999778,-9.863,0.325,0.019,0.018,-0.012,0.002,45.62,35.3479142,-117.8094231,626.962,3,,
756.242,-4.356885600000169,-9.844,0.364,-0.163,0.002,-0.013,0.005,45.57,35.3479143,-117.8094232,626.918,3,,
757.229,-2.3227648000001864,-9.844,0.373,-0.038,0.007,-0.013,0.005,45.52,35.3479142,-117.8094232,626.935,3,,
758.214,-4.652161199999682,-9.825,0.383,-0.096,0.011,-0.013,0.005,45.48,35.347914,-117.8094233,626.983,3,,
759.202,-4.947436800000105,-9.839,0.325,-0.057,0.011,-0.013,0.005,45.43,35.347914,-117.8094227,626.982,3,,
760.287,-4.061610000000201,-9.844,0.349,-0.086,0.011,-0.012,0.006,45.4,35.3479142,-117.8094224,627.022,3,,
761.272,-4.356885600000169,-9.854,0.421,-0.134,0.005,-0.012,0.006,45.38,35.3479144,-117.8094222,627.03,3,,
762.258,-3.766334399999778,-9.849,0.354,0.062,0.013,-0.013,0.006,45.37,35.3479145,-117.8094221,627.047,3,,
763.245,-4.947436800000105,-9.839,0.359,-0.014,0.007,-0.013,0.006,45.27,35.3479147,-117.8094218,627.03,3,,
764.23,-3.766334399999778,-9.82,0.33,-0.206,0.009,-0.013,0.004,45.16,35.347915,-117.8094215,626.972,3,,
765.216,-4.356885600000169,-9.835,0.325,-0.11,0.011,-0.013,0.005,45.11,35.3479153,-117.8094212,626.912,3,,
766.207,-4.061610000000201,-9.849,0.325,-0.091,0.005,-0.012,0.005,45.11,35.3479155,-117.8094207,626.871,3,,
767.201,-4.947436800000105,-9.844,0.335,-0.134,0.006,-0.011,0.006,45.04,35.3479158,-117.80942,626.811,3,,
768.293,-2.9133160000001226,-9.839,0.321,-0.067,0.005,-0.013,0.006,44.98,35.3479156,-117.8094197,626.834,3,,
769.292,-4.061610000000201,-9.844,0.407,-0.053,0.005,-0.012,0.005,44.96,35.3479154,-117.8094197,626.86,3,,
770.281,-3.2085916000000907,-9.839,0.397,-0.11,0.007,-0.015,0.006,45.0,35.3479153,-117.8094196,626.861,3,,
771.271,-3.4710588000002645,-9.849,0.364,-0.019,0.002,-0.012,0.006,44.95,35.3479154,-117.8094194,626.825,3,,
772.257,-3.2085916000000907,-9.858,0.383,0.072,0.006,-0.013,0.006,44.94,35.3479153,-117.8094194,626.761,3,,
773.246,-3.4710588000002645,-9.849,0.412,-0.053,0.0,-0.012,0.007,44.96,35.3479152,-117.8094196,626.705,3,,
774.24,-4.652161199999682,-9.854,0.364,0.029,0.01,-0.012,0.006,44.95,35.3479153,-117.8094196,626.621,3,,
775.228,-3.4710588000002645,-9.863,0.44,0.033,0.007,-0.012,0.006,44.92,35.3479153,-117.8094197,626.572,3,,
776.212,-5.242712400000073,-9.854,0.416,-0.12,0.001,-0.012,0.007,44.89,35.3479152,-117.8094198,626.509,3,,
777.205,-3.766334399999778,-9.835,0.416,-0.014,0.012,-0.013,0.005,44.84,35.3479151,-117.8094202,626.465,3,,
778.293,-4.061610000000201,-9.839,0.33,-0.014,0.01,-0.011,0.005,44.77,35.3479147,-117.8094207,626.456,3,,
779.288,-5.505179600000247,-9.835,0.349,-0.172,0.0,-0.013,0.006,44.79,35.3479146,-117.8094213,626.384,3,,
780.277,-4.061610000000201,-9.839,0.378,-0.139,0.009,-0.012,0.006,44.71,35.3479144,-117.8094218,626.365,3,,
781.265,-4.061610000000201,-9.849,0.316,-0.091,0.002,-0.015,0.006,44.67,35.3479143,-117.8094222,626.331,3,,
782.257,-4.947436800000105,-9.82,0.416,-0.239,0.005,-0.012,0.006,44.61,35.3479143,-117.8094225,626.327,3,,
783.243,-4.356885600000169,-9.825,0.354,-0.258,0.007,-0.013,0.006,44.55,35.3479141,-117.8094227,626.301,3,,
784.239,-4.652161199999682,-9.83,0.392,-0.077,0.002,-0.013,0.006,44.5,35.3479141,-117.809423,626.267,3,,
785.233,-5.242712400000073,-9.839,0.33,-0.086,0.007,-0.012,0.005,44.47,35.3479139,-117.8094233,626.197,3,,
786.22,-4.356885600000169,-9.849,0.364,-0.139,0.005,-0.012,0.006,44.46,35.3479142,-117.8094232,626.141,3,,
787.207,-4.652161199999682,-9.839,0.373,-0.038,0.005,-0.013,0.006,44.41,35.3479142,-117.8094235,626.097,3,,
788.2,-4.356885600000169,-9.825,0.306,-0.105,0.002,-0.012,0.005,44.38,35.3479144,-117.8094238,626.03,3,,
789.289,-4.356885600000169,-9.825,0.435,-0.153,0.01,-0.012,0.006,44.32,35.3479144,-117.8094242,625.952,3,,
790.284,-3.4710588000002645,-9.835,0.373,-0.177,0.004,-0.013,0.005,44.26,35.3479143,-117.8094246,625.876,3,,
791.276,-4.652161199999682,-9.83,0.33,-0.115,0.007,-0.012,0.004,44.29,35.3479141,-117.8094252,625.84,3,,
792.264,-3.4710588000002645,-9.839,0.349,-0.091,0.005,-0.013,0.006,44.31,35.347914,-117.8094258,625.782,3,,
793.254,-3.4710588000002645,-9.854,0.392,-0.014,0.001,-0.012,0.005,44.29,35.3479137,-117.8094264,625.732,3,,
794.245,-4.061610000000201,-9.839,0.383,0.105,0.007,-0.013,0.007,44.27,35.3479135,-117.8094269,625.691,3,,
795.236,-3.2085916000000907,-9.849,0.397,0.057,0.006,-0.011,0.006,44.27,35.3479135,-117.8094273,625.647,3,,
796.226,-2.6180403999996997,-9.849,0.402,0.129,0.007,-0.013,0.006,44.25,35.3479134,-117.8094278,625.56,3,,
797.213,-4.061610000000201,-9.849,0.388,0.163,0.002,-0.012,0.006,44.24,35.3479133,-117.809428,625.479,3,,
798.202,-2.9133160000001226,-9.839,0.416,0.201,0.005,-0.013,0.006,44.2,35.3479134,-117.8094281,625.445,3,,
799.292,-4.061610000000201,-9.849,0.426,0.029,0.004,-0.012,0.006,44.2,35.3479134,-117.8094283,625.406,3,,
800.278,-4.061610000000201,-9.849,0.287,-0.043,0.002,-0.012,0.005,44.19,35.3479129,-117.809429,625.429,3,,
801.266,-3.2085916000000907,-9.83,0.407,-0.057,0.01,-0.012,0.006,44.18,35.3479127,-117.8094294,625.412,3,,
802.252,-4.061610000000201,-9.849,0.426,0.091,0.005,-0.013,0.006,44.13,35.3479124,-117.8094299,625.442,3,,
803.24,-2.6180403999996997,-9.849,0.407,0.163,0.007,-0.013,0.005,44.11,35.347912,-117.8094303,625.449,3,,
804.227,-2.6180403999996997,-9.854,0.378,0.12,0.004,-0.013,0.006,44.09,35.3479119,-117.8094304,625.462,3,,
805.218,-2.0274892000002183,-9.849,0.397,0.033,0.007,-0.013,0.006,44.04,35.347912,-117.8094302,625.431,3,,
806.218,-3.4710588000002645,-9.839,0.378,0.043,0.005,-0.013,0.006,44.04,35.347912,-117.8094298,625.407,3,,
807.206,-2.3227648000001864,-9.835,0.383,-0.081,0.007,-0.012,0.006,44.03,35.3479122,-117.8094293,625.385,3,,
808.302,-2.6180403999996997,-9.844,0.397,0.033,0.005,-0.012,0.006,44.0,35.3479123,-117.8094289,625.404,3,,
809.291,-3.766334399999778,-9.849,0.33,0.053,0.005,-0.012,0.006,43.97,35.3479124,-117.8094288,625.388,3,,
810.276,-2.0274892000002183,-9.835,0.407,0.0,0.006,-0.012,0.007,43.99,35.3479124,-117.8094289,625.339,3,,
811.265,-3.2085916000000907,-9.83,0.397,-0.029,0.006,-0.012,0.006,43.97,35.3479126,-117.8094285,625.339,3,,
812.254,-2.9133160000001226,-9.839,0.412,0.077,0.002,-0.012,0.006,43.99,35.3479122,-117.8094287,625.413,3,,
813.237,-3.766334399999778,-9.844,0.383,0.038,0.006,-0.013,0.005,43.95,35.3479116,-117.8094293,625.517,3,,
814.226,-3.766334399999778,-9.844,0.407,0.139,0.006,-0.013,0.006,43.96,35.3479104,-117.8094303,625.649,3,,
815.211,-4.061610000000201,-9.83,0.378,0.124,0.002,-0.012,0.006,44.03,35.3479093,-117.8094312,625.792,3,,
816.198,-3.4710588000002645,-9.844,0.368,0.12,0.001,-0.013,0.005,44.04,35.3479083,-117.8094321,625.924,3,,
817.182,-4.947436800000105,-9.844,0.392,0.158,0.01,-0.012,0.006,44.05,35.3479084,-117.8094317,625.921,3,,
818.169,-4.356885600000169,-9.849,0.373,0.134,0.006,-0.011,0.005,44.1,35.3479084,-117.8094314,625.928,3,,
819.26,-3.4710588000002645,-9.839,0.426,0.167,0.007,-0.013,0.006,44.12,35.3479085,-117.8094311,625.929,3,,
820.246,-4.061610000000201,-9.835,0.383,0.053,0.005,-0.012,0.005,44.1,35.3479087,-117.8094309,625.917,3,,
821.231,-3.766334399999778,-9.844,0.364,-0.038,0.004,-0.012,0.006,44.08,35.3479087,-117.8094308,625.966,3,,
822.217,-2.9133160000001226,-9.844,0.378,-0.033,0.002,-0.013,0.006,44.02,35.3479087,-117.8094308,626.03,3,,
823.202,-3.4710588000002645,-9.849,0.402,0.091,0.009,-0.012,0.005,44.01,35.3479079,-117.8094315,626.191,3,,
824.289,-3.4710588000002645,-9.839,0.407,0.129,0.002,-0.012,0.006,44.08,35.347908,-117.8094314,626.218,3,,
825.274,-3.766334399999778,-9.849,0.402,0.163,0.011,-0.013,0.006,44.08,35.3479077,-117.8094316,626.305,3,,
826.26,-3.4710588000002645,-9.854,0.402,0.014,0.002,-0.012,0.006,44.06,35.3479077,-117.8094318,626.33,3,,
827.251,-3.2085916000000907,-9.839,0.388,0.019,0.007,-0.012,0.005,44.13,35.3479076,-117.8094319,626.369,3,,
828.244,-3.4710588000002645,-9.854,0.368,0.005,0.006,-0.015,0.005,44.14,35.3479074,-117.8094321,626.393,3,,
829.23,-3.4710588000002645,-9.839,0.354,-0.077,0.001,-0.013,0.006,44.06,35.3479074,-117.8094322,626.404,3,,
830.218,-1.7322135999997954,-9.849,0.421,0.072,0.007,-0.012,0.006,43.97,35.3479072,-117.8094323,626.427,3,,
831.208,-2.6180403999996997,-9.844,0.397,0.124,0.005,-0.012,0.005,44.0,35.3479071,-117.8094321,626.437,3,,
832.194,-3.766334399999778,-9.844,0.388,0.124,0.007,-0.013,0.006,44.0,35.3479073,-117.809432,626.423,3,,
833.279,-3.2085916000000907,-9.839,0.412,0.105,0.006,-0.012,0.006,43.97,35.3479075,-117.809432,626.347,3,,
834.266,-2.3227648000001864,-9.849,0.378,0.129,0.009,-0.012,0.006,44.0,35.3479075,-117.8094323,626.364,3,,
835.252,-2.6180403999996997,-9.854,0.388,0.12,0.005,-0.012,0.005,44.05,35.3479076,-117.8094326,626.318,3,,
836.236,-4.061610000000201,-9.844,0.383,0.124,0.002,-0.013,0.005,44.07,35.3479078,-117.8094326,626.257,3,,
837.223,-2.6180403999996997,-9.849,0.392,0.124,0.006,-0.013,0.006,44.04,35.3479082,-117.8094323,626.217,3,,
838.208,-3.2085916000000907,-9.854,0.412,0.158,0.005,-0.012,0.006,44.07,35.3479086,-117.809432,626.182,3,,
839.294,-4.356885600000169,-9.844,0.392,0.206,0.007,-0.012,0.006,44.13,35.3479088,-117.8094319,626.095,3,,
840.28,-4.652161199999682,-9.854,0.407,0.206,0.002,-0.015,0.005,44.17,35.3479091,-117.8094317,626.042,3,,
841.267,-3.4710588000002645,-9.844,0.383,0.105,0.006,-0.012,0.005,44.16,35.3479093,-117.8094317,625.966,3,,
842.254,-3.4710588000002645,-9.858,0.392,0.153,0.004,-0.013,0.005,44.12,35.3479094,-117.8094318,625.875,3,,
843.24,-3.2085916000000907,-9.849,0.368,0.129,0.005,-0.012,0.006,44.11,35.3479094,-117.8094319,625.8,3,,
844.227,-2.0274892000002183,-9.844,0.359,-0.029,0.006,-0.013,0.005,44.05,35.3479092,-117.8094324,625.778,3,,
845.213,-4.061610000000201,-9.849,0.392,0.029,0.005,-0.013,0.006,44.0,35.3479093,-117.8094325,625.698,3,,
846.201,-3.4710588000002645,-9.844,0.392,-0.019,0.004,-0.013,0.006,44.05,35.3479092,-117.8094329,625.667,3,,
847.289,-3.766334399999778,-9.844,0.373,0.01,0.004,-0.012,0.006,44.06,35.347909,-117.8094332,625.632,3,,
848.276,-3.4710588000002645,-9.83,0.373,-0.01,0.005,-0.012,0.005,44.03,35.347909,-117.8094332,625.588,3,,
849.271,-2.3227648000001864,-9.858,0.383,0.091,0.006,-0.012,0.005,44.0,35.3479094,-117.8094332,625.531,3,,
850.258,-3.4710588000002645,-9.839,0.373,-0.01,0.006,-0.013,0.005,43.98,35.3479091,-117.8094338,625.53,3,,
851.247,-4.061610000000201,-9.849,0.397,0.1,0.007,-0.011,0.006,43.97,35.3479091,-117.8094339,625.497,3,,
852.233,-3.766334399999778,-9.849,0.378,0.005,0.007,-0.013,0.006,43.99,35.3479088,-117.8094344,625.445,3,,
853.226,-4.356885600000169,-9.854,0.402,0.096,0.004,-0.011,0.005,43.96,35.347909,-117.8094342,625.351,3,,
854.21,-4.652161199999682,-9.844,0.402,0.167,0.004,-0.012,0.005,43.94,35.3479093,-117.8094341,625.22,3,,
855.301,-4.061610000000201,-9.854,0.373,0.158,0.01,-0.012,0.005,43.96,35.3479097,-117.809434,625.077,3,,
856.286,-4.061610000000201,-9.844,0.388,0.038,0.006,-0.012,0.006,43.94,35.3479099,-117.8094341,625.034,3,,
857.272,-3.2085916000000907,-9.844,0.407,0.129,0.001,-0.012,0.006,43.93,35.3479101,-117.8094341,624.962,3,,
858.261,-3.2085916000000907,-9.839,0.392,0.134,0.007,-0.013,0.005,43.95,35.3479102,-117.8094342,624.885,3,,
859.249,-4.652161199999682,-9.844,0.402,0.105,0.006,-0.012,0.006,43.92,35.3479101,-117.8094345,624.781,3,,
860.235,-3.4710588000002645,-9.844,0.397,0.072,0.006,-0.012,0.006,43.93,35.3479103,-117.8094345,624.73,3,,
861.221,-4.652161199999682,-9.854,0.397,0.153,0.004,-0.012,0.006,43.91,35.3479103,-117.8094345,624.658,3,,
862.212,-3.2085916000000907,-9.844,0.364,0.148,0.006,-0.013,0.006,43.92,35.3479099,-117.8094347,624.641,3,,
863.297,-4.356885600000169,-9.849,0.383,0.105,0.006,-0.013,0.005,43.92,35.3479096,-117.8094349,624.61,3,,
864.181,-2.3227648000001864,-9.839,0.431,0.12,0.006,-0.012,0.006,43.88,35.3479096,-117.809435,624.554,3,,
865.275,-3.2085916000000907,-9.854,0.392,0.153,0.007,-0.013,0.006,43.85,35.3479094,-117.8094351,624.534,3,,
866.262,-2.6180403999996997,-9.854,0.383,0.115,0.009,-0.012,0.005,43.89,35.3479081,-117.8094362,624.674,3,,
867.249,-3.4710588000002645,-9.863,0.392,0.177,0.01,-0.013,0.006,43.9,35.3479085,-117.8094354,624.586,3,,
868.235,-4.356885600000169,-9.839,0.416,0.1,0.006,-0.013,0.005,43.86,35.3479087,-117.8094352,624.514,3,,
869.222,-4.356885600000169,-9.835,0.388,0.033,0.001,-0.012,0.005,43.83,35.3479085,-117.8094351,624.436,3,,
870.207,-3.2085916000000907,-9.858,0.402,0.105,0.001,-0.013,0.006,43.77,35.3479084,-117.8094349,624.414,3,,
871.293,-3.766334399999778,-9.844,0.373,0.134,0.002,-0.012,0.004,43.8,35.3479088,-117.8094342,624.361,3,,
872.279,-3.4710588000002645,-9.839,0.392,0.091,0.009,-0.012,0.005,43.8,35.3479089,-117.8094337,624.383,3,,
873.266,-3.766334399999778,-9.849,0.459,0.1,0.009,-0.012,0.005,43.83,35.3479089,-117.8094332,624.422,3,,
874.26,-4.652161199999682,-9.839,0.349,0.139,0.006,-0.012,0.005,43.85,35.3479093,-117.8094324,624.438,3,,
875.246,-3.766334399999778,-9.844,0.354,0.081,0.009,-0.013,0.005,43.84,35.34791,-117.8094314,624.434,3,,
876.234,-5.242712400000073,-9.854,0.407,0.038,0.002,-0.012,0.007,43.81,35.3479106,-117.8094305,624.436,3,,
877.218,-3.766334399999778,-9.839,0.402,0.086,0.009,-0.013,0.005,43.83,35.3479108,-117.8094299,624.459,3,,
878.202,-4.947436800000105,-9.844,0.368,0.038,0.002,-0.012,0.005,43.87,35.3479107,-117.8094298,624.501,3,,
879.186,-3.2085916000000907,-9.844,0.392,0.258,0.002,-0.013,0.005,43.87,35.3479111,-117.8094291,624.512,3,,
880.173,-2.9133160000001226,-9.849,0.412,0.45,-0.016,-0.013,0.005,43.96,35.3479113,-117.8094286,624.532,3,,
881.259,-3.766334399999778,-9.839,0.445,0.048,0.01,-0.012,0.006,44.01,35.3479117,-117.8094279,624.539,3,,
882.245,-4.652161199999682,-9.82,0.512,0.048,0.068,-0.017,0.004,43.94,35.3479118,-117.8094276,624.556,3,,
883.234,-3.766334399999778,-9.844,0.455,0.01,0.005,-0.012,0.004,43.85,35.3479119,-117.8094272,624.572,3,,
884.22,-3.2085916000000907,-9.844,0.421,0.1,0.011,-0.012,0.005,43.8,35.3479124,-117.8094266,624.578,3,,
885.204,-4.356885600000169,-9.844,0.498,0.282,0.006,-0.012,0.006,43.89,35.3479128,-117.8094262,624.61,3,,
886.191,-3.766334399999778,-9.858,0.359,0.364,0.009,-0.013,0.005,43.96,35.3479129,-117.809426,624.653,3,,
887.281,-2.9133160000001226,-9.854,0.359,0.34,0.012,-0.013,0.005,44.02,35.347913,-117.8094259,624.765,3,,
888.265,-4.061610000000201,-9.849,0.392,0.349,0.011,-0.013,0.005,44.07,35.3479132,-117.8094258,624.844,3,,
889.254,-3.2085916000000907,-9.858,0.421,0.321,0.011,-0.013,0.005,44.07,35.3479136,-117.8094256,624.921,3,,
890.24,-2.3227648000001864,-9.858,0.402,0.345,0.01,-0.013,0.005,44.13,35.3479139,-117.8094254,624.985,3,,
891.227,-3.4710588000002645,-9.844,0.522,0.239,0.004,-0.012,0.006,44.17,35.3479141,-117.8094253,625.012,3,,
892.214,-2.9133160000001226,-9.858,0.412,0.345,0.009,-0.012,0.005,44.18,35.347914,-117.8094254,625.08,3,,
893.206,-2.3227648000001864,-9.849,0.368,0.368,0.004,-0.011,0.006,44.21,35.3479138,-117.8094255,625.158,3,,
894.295,-2.6180403999996997,-9.854,0.407,0.368,0.007,-0.013,0.006,44.25,35.3479139,-117.8094257,625.214,3,,
895.287,-4.061610000000201,-9.858,0.45,0.287,0.002,-0.012,0.005,44.3,35.3479136,-117.8094261,625.302,3,,
896.273,-2.6180403999996997,-9.858,0.512,0.258,0.001,-0.013,0.006,44.34,35.3479134,-117.8094265,625.387,3,,
897.259,-4.061610000000201,-9.854,0.464,0.282,0.006,-0.015,0.006,44.36,35.3479132,-117.8094269,625.443,3,,
898.247,-2.6180403999996997,-9.849,0.407,0.364,0.002,-0.012,0.006,44.36,35.3479122,-117.8094279,625.466,3,,
899.237,-3.4710588000002645,-9.858,0.502,0.34,-0.001,-0.011,0.006,44.38,35.3479115,-117.8094285,625.499,3,,
900.224,-2.6180403999996997,-9.849,0.373,0.311,0.006,-0.013,0.006,44.4,35.347911,-117.8094288,625.511,3,,
901.212,-2.6180403999996997,-9.858,0.402,0.34,0.01,-0.015,0.005,44.44,35.3479108,-117.8094291,625.535,3,,
902.302,-2.6180403999996997,-9.849,0.392,0.316,0.005,-0.013,0.006,44.47,35.3479103,-117.8094296,625.627,3,,
903.288,-2.6180403999996997,-9.844,0.383,0.345,0.009,-0.015,0.004,44.49,35.3479102,-117.8094297,625.667,3,,
904.274,-2.6180403999996997,-9.858,0.502,0.282,0.005,-0.011,0.006,44.51,35.34791,-117.8094299,625.688,3,,
905.262,-2.6180403999996997,-9.844,0.407,0.349,0.006,-0.013,0.006,44.53,35.3479099,-117.8094301,625.697,3,,
906.247,-4.061610000000201,-9.863,0.383,0.321,0.007,-0.013,0.005,44.55,35.3479098,-117.8094298,625.758,3,,
907.232,-2.6180403999996997,-9.854,0.388,0.378,0.002,-0.012,0.006,44.54,35.3479097,-117.8094297,625.76,3,,
908.287,-1.4697464000000764,-9.849,0.368,0.354,0.011,-0.013,0.005,44.56,35.3479096,-117.8094297,625.783,3,,
909.272,-3.2085916000000907,-9.849,0.416,0.34,0.004,-0.013,0.005,44.59,35.3479092,-117.8094299,625.805,3,,
910.258,-2.6180403999996997,-9.863,0.435,0.321,0.004,-0.013,0.005,44.61,35.3479092,-117.8094297,625.853,3,,
911.242,-2.6180403999996997,-9.854,0.416,0.325,0.01,-0.013,0.006,44.63,35.347909,-117.8094298,625.873,3,,
912.228,-2.0274892000002183,-9.849,0.435,0.34,0.011,-0.013,0.006,44.64,35.3479088,-117.8094298,625.878,3,,
913.212,-1.7322135999997954,-9.854,0.431,0.325,0.011,-0.013,0.006,44.65,35.3479086,-117.8094296,625.878,3,,
914.198,-1.7322135999997954,-9.854,0.426,0.34,0.001,-0.013,0.006,44.67,35.3479082,-117.8094296,625.82,3,,
915.184,-4.061610000000201,-9.854,0.383,0.354,0.005,-0.013,0.006,44.69,35.3479079,-117.8094294,625.735,3,,
916.274,-2.3227648000001864,-9.863,0.33,0.34,0.007,-0.013,0.005,44.71,35.3479076,-117.8094291,625.629,3,,
917.259,-2.3227648000001864,-9.849,0.354,0.325,0.005,-0.012,0.006,44.72,35.3479073,-117.809429,625.484,3,,
918.243,-3.2085916000000907,-9.863,0.435,0.301,0.011,-0.015,0.005,44.74,35.3479072,-117.8094288,625.492,3,,
919.253,-2.9133160000001226,-9.863,0.354,0.364,0.004,-0.013,0.005,44.74,35.3479073,-117.8094285,625.434,3,,
920.244,-2.9133160000001226,-9.858,0.412,0.321,0.007,-0.013,0.006,44.75,35.3479071,-117.8094281,625.388,3,,
921.229,-3.766334399999778,-9.854,0.431,0.373,0.005,-0.012,0.006,44.75,35.3479069,-117.8094279,625.388,3,,
922.215,-2.9133160000001226,-9.854,0.431,0.311,-0.004,-0.012,0.006,44.77,35.3479063,-117.809428,625.425,3,,
923.306,-3.2085916000000907,-9.854,0.282,0.45,0.0,-0.011,0.006,44.8,35.3479064,-117.8094276,625.398,3,,
924.194,-2.0274892000002183,-9.854,0.412,0.33,0.007,-0.012,0.006,44.84,35.3479058,-117.8094275,625.51,3,,
925.28,-2.9133160000001226,-9.849,0.44,0.316,0.006,-0.013,0.005,44.87,35.3479057,-117.809427,625.542,3,,
926.289,-2.3227648000001864,-9.844,0.392,0.321,0.005,-0.013,0.007,44.88,35.3479059,-117.8094266,625.524,3,,
927.277,-2.9133160000001226,-9.863,0.445,0.345,-0.001,-0.013,0.005,44.89,35.3479059,-117.8094266,625.559,3,,
928.262,-3.766334399999778,-9.849,0.392,0.34,0.006,-0.012,0.005,44.91,35.3479059,-117.8094268,625.622,3,,
929.248,-2.3227648000001864,-9.854,0.412,0.325,0.001,-0.012,0.005,44.91,35.3479058,-117.8094267,625.637,3,,
930.246,-2.9133160000001226,-9.839,0.421,0.345,0.001,-0.012,0.006,44.92,35.3479054,-117.8094264,625.516,3,,
931.233,-2.6180403999996997,-9.854,0.426,0.354,0.009,-0.013,0.006,44.94,35.3479052,-117.8094261,625.45,3,,
932.217,-2.6180403999996997,-9.858,0.402,0.33,0.006,-0.013,0.006,44.93,35.3479047,-117.809426,625.404,3,,
933.205,-3.2085916000000907,-9.849,0.392,0.349,0.01,-0.012,0.006,44.91,35.3479043,-117.8094261,625.343,3,,
934.291,-2.9133160000001226,-9.854,0.402,0.368,0.004,-0.013,0.006,44.94,35.3479041,-117.8094262,625.314,3,,
935.276,-3.766334399999778,-9.854,0.464,0.335,0.009,-0.013,0.006,44.96,35.3479037,-117.8094264,625.312,3,,
936.263,-2.6180403999996997,-9.858,0.426,0.282,0.005,-0.012,0.006,44.99,35.3479035,-117.8094264,625.276,3,,
937.251,-2.0274892000002183,-9.854,0.474,0.306,0.005,-0.013,0.006,45.0,35.3479035,-117.8094263,625.243,3,,
938.239,-2.6180403999996997,-9.854,0.383,0.383,0.011,-0.013,0.005,45.02,35.3479034,-117.8094264,625.257,3,,
939.229,-3.4710588000002645,-9.858,0.378,0.325,0.005,-0.013,0.005,45.01,35.3479036,-117.8094264,625.205,3,,
940.217,-2.6180403999996997,-9.854,0.416,0.354,0.009,-0.012,0.005,45.02,35.3479038,-117.8094265,625.195,3,,
941.204,-2.3227648000001864,-9.858,0.412,0.297,0.009,-0.012,0.006,45.02,35.3479041,-117.8094266,625.114,3,,
942.198,-2.6180403999996997,-9.858,0.474,0.263,0.01,-0.015,0.006,45.05,35.3479041,-117.8094269,625.084,3,,
943.185,-3.4710588000002645,-9.82,0.234,0.488,0.034,-0.016,0.004,45.07,35.3479041,-117.8094272,625.083,3,,
944.272,-2.0274892000002183,-9.858,0.407,0.354,-0.004,-0.012,0.007,45.06,35.347904,-117.8094276,625.111,3,,
945.259,-3.2085916000000907,-9.849,0.464,0.34,0.01,-0.015,0.006,45.07,35.347904,-117.8094277,625.132,3,,
946.247,-3.4710588000002645,-9.863,0.421,0.373,-0.006,-0.011,0.006,45.1,35.3479042,-117.8094278,625.137,3,,
947.234,-2.6180403999996997,-9.858,0.392,0.306,0.006,-0.012,0.006,45.11,35.3479043,-117.8094279,625.163,3,,
948.22,-2.3227648000001864,-9.849,0.364,0.373,0.005,-0.013,0.005,45.1,35.3479044,-117.8094278,625.24,3,,
949.21,-2.3227648000001864,-9.844,0.397,0.34,0.001,-0.013,0.006,45.1,35.3479045,-117.8094279,625.281,3,,
950.195,-2.3227648000001864,-9.858,0.397,0.33,0.0,-0.012,0.006,45.12,35.3479046,-117.8094277,625.363,3,,
951.288,-3.4710588000002645,-9.849,0.388,0.349,0.01,-0.012,0.006,45.12,35.3479047,-117.8094272,625.403,3,,
952.172,-3.2085916000000907,-9.844,0.388,0.321,0.006,-0.012,0.006,45.14,35.3479049,-117.8094273,625.495,3,,
953.257,-3.2085916000000907,-9.863,0.426,0.325,0.002,-0.013,0.005,45.13,35.347905,-117.8094271,625.62,3,,
954.241,-4.061610000000201,-9.854,0.378,0.335,0.004,-0.013,0.006,45.16,35.3479055,-117.8094268,625.719,3,,
955.23,-3.2085916000000907,-9.858,0.383,0.321,0.006,-0.012,0.007,45.19,35.3479059,-117.8094265,625.806,3,,
956.215,-2.9133160000001226,-9.854,0.378,0.316,0.011,-0.012,0.006,45.2,35.3479061,-117.8094265,625.857,3,,
957.201,-2.6180403999996997,-9.858,0.421,0.34,0.013,-0.013,0.005,45.2,35.3479064,-117.8094264,625.951,3,,
958.191,-3.766334399999778,-9.844,0.421,0.325,0.005,-0.012,0.006,45.22,35.3479065,-117.8094264,626.029,3,,
959.278,-2.9133160000001226,-9.854,0.364,0.311,0.006,-0.012,0.006,45.23,35.3479066,-117.8094264,626.116,3,,
960.262,-2.9133160000001226,-9.863,0.416,0.325,0.006,-0.013,0.005,45.24,35.3479067,-117.8094264,626.186,3,,
961.253,-3.766334399999778,-9.878,0.412,0.321,0.009,-0.012,0.006,45.26,35.3479068,-117.8094265,626.286,3,,
962.242,-3.766334399999778,-9.854,0.459,0.359,0.0,-0.012,0.007,45.27,35.3479068,-117.8094266,626.381,3,,
963.228,-3.2085916000000907,-9.839,0.464,0.306,0.009,-0.012,0.006,45.29,35.3479069,-117.809427,626.456,3,,
964.215,-2.9133160000001226,-9.844,0.325,0.33,0.007,-0.015,0.005,45.31,35.3479072,-117.8094271,626.522,3,,
965.205,-2.0274892000002183,-9.863,0.407,0.402,0.012,-0.013,0.006,45.32,35.3479073,-117.8094276,626.589,3,,
966.192,-3.4710588000002645,-9.854,0.378,0.321,0.007,-0.013,0.005,45.33,35.3479073,-117.809428,626.69,3,,
967.18,-2.9133160000001226,-9.858,0.45,0.359,0.007,-0.012,0.007,45.31,35.3479075,-117.8094283,626.758,3,,
968.272,-2.6180403999996997,-9.854,0.459,0.325,0.007,-0.013,0.007,45.29,35.3479074,-117.8094289,626.854,3,,
969.26,-2.6180403999996997,-9.854,0.502,0.292,0.004,-0.013,0.006,45.31,35.3479075,-117.8094292,626.942,3,,
970.245,-3.766334399999778,-9.854,0.392,0.325,-0.001,-0.012,0.006,45.32,35.3479074,-117.8094297,627.029,3,,
971.235,-2.6180403999996997,-9.868,0.373,0.354,0.002,-0.012,0.006,45.35,35.3479072,-117.8094302,627.147,3,,
972.222,-2.6180403999996997,-9.844,0.392,0.359,0.01,-0.013,0.006,45.37,35.3479071,-117.8094305,627.243,3,,
973.207,-1.1744708000001083,-9.854,0.416,0.364,0.006,-0.012,0.007,45.39,35.347907,-117.8094307,627.352,3,,
974.297,-3.4710588000002645,-9.854,0.402,0.325,0.01,-0.016,0.007,45.4,35.347907,-117.8094309,627.404,3,,
975.284,-2.9133160000001226,-9.849,0.392,0.297,0.01,-0.013,0.006,45.41,35.347907,-117.8094312,627.432,3,,
976.272,-3.2085916000000907,-9.873,0.435,0.306,0.005,-0.011,0.006,45.43,35.347907,-117.8094313,627.496,3,,
977.26,-2.3227648000001864,-9.854,0.421,0.301,0.001,-0.012,0.006,45.43,35.3479069,-117.8094314,627.56,3,,
978.253,-3.4710588000002645,-9.858,0.44,0.359,0.004,-0.011,0.005,45.43,35.3479067,-117.8094317,627.596,3,,
979.241,-3.4710588000002645,-9.858,0.383,0.316,0.004,-0.012,0.005,45.43,35.3479068,-117.8094319,627.583,3,,
980.228,-3.2085916000000907,-9.839,0.421,0.354,0.004,-0.013,0.007,45.43,35.3479067,-117.8094323,627.612,3,,
981.217,-2.3227648000001864,-9.854,0.421,0.34,0.007,-0.012,0.005,45.44,35.3479066,-117.8094325,627.628,3,,
982.208,-4.061610000000201,-9.858,0.44,0.316,0.006,-0.012,0.006,45.4,35.3479065,-117.8094324,627.628,3,,
983.198,-1.7322135999997954,-9.863,0.407,0.301,0.001,-0.011,0.006,45.41,35.3479063,-117.8094325,627.659,3,,
984.286,-2.0274892000002183,-9.858,0.479,0.44,0.006,-0.013,0.007,45.42,35.3479062,-117.8094325,627.67,3,,
985.274,-3.4710588000002645,-9.858,0.373,0.359,0.006,-0.012,0.006,45.43,35.347906,-117.8094324,627.721,3,,
986.26,-2.9133160000001226,-9.858,0.388,0.354,0.006,-0.012,0.006,45.42,35.3479058,-117.8094322,627.76,3,,
987.251,-2.6180403999996997,-9.868,0.416,0.335,0.006,-0.013,0.005,45.4,35.3479057,-117.809432,627.75,3,,
988.239,-2.9133160000001226,-9.863,0.407,0.345,0.009,-0.012,0.006,45.41,35.3479057,-117.8094319,627.753,3,,
989.225,-3.766334399999778,-9.854,0.383,0.316,0.004,-0.013,0.006,45.43,35.3479058,-117.8094319,627.747,3,,
990.214,-2.9133160000001226,-9.854,0.392,0.34,0.005,-0.012,0.006,45.44,35.3479059,-117.8094318,627.716,3,,
991.208,-2.3227648000001864,-9.844,0.388,0.34,0.006,-0.013,0.006,45.46,35.347906,-117.8094314,627.703,3,,
992.201,-2.9133160000001226,-9.854,0.459,0.301,0.006,-0.012,0.006,45.48,35.347906,-117.8094316,627.716,3,,
993.19,-4.652161199999682,-9.854,0.426,0.364,0.01,-0.012,0.005,45.5,35.347906,-117.8094315,627.764,3,,
994.277,-4.061610000000201,-9.858,0.407,0.335,0.006,-0.012,0.006,45.52,35.3479057,-117.8094315,627.813,3,,
995.265,-3.766334399999778,-9.854,0.416,0.335,0.01,-0.013,0.006,45.52,35.3479057,-117.8094311,627.838,3,,
996.254,-3.4710588000002645,-9.849,0.445,0.33,0.009,-0.013,0.005,45.53,35.3479056,-117.809431,627.805,3,,
997.246,-4.061610000000201,-9.858,0.431,0.292,0.011,-0.013,0.006,45.5,35.3479053,-117.8094311,627.836,3,,
998.25,-2.9133160000001226,-9.863,0.426,0.301,0.006,-0.013,0.005,45.46,35.3479052,-117.809431,627.864,3,,
999.237,-2.9133160000001226,-9.863,0.431,0.321,0.005,-0.013,0.006,45.49,35.3479051,-117.8094309,627.892,3,,
1000.22,-3.2085916000000907,-9.858,0.412,0.349,0.001,-0.012,0.006,45.51,35.3479048,-117.809431,627.964,3,,
1001.211,-4.356885600000169,-9.858,0.435,0.321,0.007,-0.013,0.006,45.52,35.3479047,-117.8094309,628.016,3,,
1002.306,-3.4710588000002645,-9.854,0.402,0.378,0.009,-0.013,0.006,45.51,35.3479045,-117.8094311,628.055,3,,
1003.192,-4.061610000000201,-9.849,0.426,0.325,0.001,-0.013,0.006,45.53,35.3479043,-117.8094313,628.102,3,,
1004.281,-3.766334399999778,-9.868,0.345,0.359,0.004,-0.013,0.006,45.54,35.3479043,-117.809431,628.17,3,,
1005.267,-4.061610000000201,-9.854,0.364,0.34,0.011,-0.016,0.006,45.54,35.3479044,-117.8094307,628.218,3,,
1006.257,-3.4710588000002645,-9.849,0.44,0.383,0.016,-0.012,0.006,45.56,35.3479044,-117.8094303,628.222,3,,
1007.24,-3.2085916000000907,-9.863,0.383,0.426,0.007,-0.013,0.006,45.56,35.3479044,-117.80943,628.273,3,,
1008.231,-4.061610000000201,-9.858,0.435,0.34,0.01,-0.011,0.005,45.56,35.3479045,-117.8094295,628.322,3,,
1009.217,-3.4710588000002645,-9.858,0.397,0.33,0.012,-0.013,0.005,45.57,35.3479046,-117.8094292,628.38,3,,
1010.204,-3.4710588000002645,-9.863,0.378,0.34,0.005,-0.013,0.006,45.58,35.3479047,-117.8094288,628.417,3,,
1011.295,-3.766334399999778,-9.858,0.459,0.359,0.007,-0.012,0.006,45.58,35.3479045,-117.8094287,628.518,3,,
1012.179,-2.9133160000001226,-9.878,0.392,0.325,0.006,-0.01,0.009,45.59,35.3479042,-117.8094287,628.631,3,,
1013.269,-3.766334399999778,-9.868,0.412,0.297,0.004,-0.013,0.006,45.6,35.3479041,-117.8094288,628.639,3,,
1014.254,-2.9133160000001226,-9.849,0.397,0.364,0.009,-0.013,0.006,45.62,35.3479041,-117.8094288,628.63,3,,
1015.252,-2.9133160000001226,-9.868,0.531,0.392,0.005,-0.012,0.007,45.63,35.3479041,-117.8094291,628.667,3,,
1016.241,-2.6180403999996997,-9.854,0.402,0.316,0.01,-0.013,0.007,45.64,35.3479041,-117.8094294,628.657,3,,
1017.23,-3.2085916000000907,-9.849,0.388,0.335,0.009,-0.012,0.006,45.65,35.3479041,-117.8094298,628.656,3,,
1018.218,-2.3227648000001864,-9.925,0.455,0.096,0.009,-0.01,0.01,45.66,35.347904,-117.8094301,628.684,3,,
1019.205,-3.2085916000000907,-9.858,0.383,0.33,0.004,-0.012,0.007,45.67,35.3479041,-117.8094304,628.684,3,,
1020.297,-2.9133160000001226,-9.854,0.392,0.33,0.006,-0.012,0.005,45.68,35.3479038,-117.8094309,628.802,3,,
1021.283,-1.4697464000000764,-9.849,0.392,0.349,0.006,-0.013,0.006,45.69,35.3479041,-117.809431,628.823,3,,
1022.27,-3.766334399999778,-9.844,0.407,0.364,0.005,-0.013,0.005,45.69,35.3479047,-117.8094307,628.829,3,,
1023.26,-2.0274892000002183,-9.854,0.455,0.364,0.006,-0.013,0.006,45.71,35.3479051,-117.8094305,628.815,3,,
1024.25,-4.947436800000105,-9.863,0.459,0.278,0.006,-0.011,0.005,45.71,35.3479055,-117.8094305,628.812,3,,
1025.341,-2.9133160000001226,-9.849,0.416,0.378,0.015,-0.013,0.006,45.73,35.3479059,-117.8094303,628.767,3,,
1026.23,-2.3227648000001864,-9.854,0.388,0.311,0.007,-0.012,0.005,45.74,35.347906,-117.8094305,628.789,3,,
1027.216,-3.2085916000000907,-9.849,0.44,0.301,0.005,-0.013,0.005,45.76,35.3479063,-117.8094307,628.774,3,,
1028.204,-3.4710588000002645,-9.849,0.44,0.33,0.006,-0.012,0.005,45.77,35.3479061,-117.8094311,628.795,3,,
1029.193,-2.9133160000001226,-9.849,0.397,0.345,0.006,-0.013,0.006,45.78,35.3479061,-117.8094314,628.84,3,,
1030.278,-2.6180403999996997,-9.858,0.397,0.325,0.009,-0.012,0.005,45.78,35.3479062,-117.8094317,628.829,3,,
1031.264,-3.766334399999778,-9.849,0.392,0.345,0.009,-0.013,0.006,45.79,35.3479057,-117.8094322,628.939,3,,
1032.252,-3.2085916000000907,-9.854,0.421,0.335,0.007,-0.013,0.005,45.79,35.3479056,-117.8094324,629.049,3,,
1033.239,-2.6180403999996997,-9.854,0.416,0.316,0.007,-0.012,0.006,45.79,35.3479058,-117.8094322,629.094,3,,
1034.222,-3.4710588000002645,-9.849,0.407,0.292,0.007,-0.013,0.006,45.78,35.3479057,-117.8094321,629.161,3,,
1035.209,-2.3227648000001864,-9.858,0.421,0.325,0.006,-0.013,0.006,45.79,35.3479061,-117.8094316,629.155,3,,
1036.196,-2.3227648000001864,-9.858,0.407,0.34,0.007,-0.013,0.006,45.81,35.3479066,-117.8094312,629.153,3,,
1037.284,-2.6180403999996997,-9.854,0.416,0.335,0.006,-0.013,0.006,45.82,35.3479065,-117.8094312,629.198,3,,
1038.168,-4.356885600000169,-9.863,0.44,0.321,0.005,-0.013,0.006,45.82,35.3479065,-117.8094314,629.266,3,,
1039.258,-3.766334399999778,-9.863,0.431,0.33,-0.004,-0.013,0.006,45.83,35.347907,-117.809431,629.288,3,,
1040.247,-2.6180403999996997,-9.839,0.287,0.459,-0.005,-0.016,0.005,45.84,35.3479072,-117.8094307,629.301,3,,
1041.231,-3.4710588000002645,-9.854,0.301,0.388,0.011,-0.013,0.002,45.86,35.3479074,-117.8094305,629.287,3,,
1042.216,-2.6180403999996997,-9.849,0.517,0.239,0.015,-0.015,0.005,45.87,35.3479075,-117.8094303,629.244,3,,
1043.206,-3.766334399999778,-9.868,0.479,0.258,0.022,-0.012,0.005,45.88,35.3479069,-117.809431,629.351,3,,
1044.192,-1.1744708000001083,-9.858,0.622,0.148,0.015,-0.015,0.007,45.88,35.3479069,-117.8094313,629.442,3,,
1045.28,-2.9133160000001226,-9.849,0.096,0.593,0.035,-0.02,-0.002,45.9,35.3479066,-117.8094319,629.558,3,,
1046.27,-2.3227648000001864,-9.94,0.402,0.23,-0.005,-0.01,0.007,45.9,35.3479066,-117.8094322,629.653,3,,
1047.263,-2.9133160000001226,-9.983,-0.373,0.321,-0.005,-0.023,-0.013,45.91,35.3479064,-117.8094326,629.684,3,,
1048.255,-2.6180403999996997,-9.844,0.589,0.421,0.07,-0.017,0.004,45.92,35.3479065,-117.809433,629.727,3,,
1049.241,-3.2085916000000907,-9.897,1.096,0.416,0.061,-0.015,0.0,45.93,35.3479064,-117.8094336,629.73,3,,
1050.238,-3.766334399999778,-9.844,0.426,0.435,-0.02,-0.013,0.006,45.92,35.3479063,-117.8094341,629.719,3,,
1051.224,-2.6180403999996997,-9.849,0.455,0.244,-0.022,-0.011,0.009,45.92,35.3479064,-117.8094343,629.655,3,,
1052.21,-3.2085916000000907,-9.873,0.206,0.349,0.005,-0.012,0.005,45.92,35.3479066,-117.8094345,629.607,3,,
1053.196,-3.4710588000002645,-9.858,0.421,0.383,0.012,-0.012,0.006,45.92,35.3479067,-117.8094347,629.584,3,,
1054.19,-3.2085916000000907,-9.854,0.364,0.359,0.016,-0.015,0.005,45.92,35.347907,-117.8094348,629.664,3,,
1055.275,-2.6180403999996997,-9.858,0.335,0.306,0.0,-0.013,0.006,45.92,35.347907,-117.8094351,629.737,3,,
1056.261,-3.4710588000002645,-9.868,0.584,0.187,-0.022,-0.006,0.011,45.94,35.3479074,-117.8094352,629.824,3,,
1057.252,-2.3227648000001864,-9.863,0.407,0.258,0.004,-0.012,0.005,45.95,35.3479075,-117.8094353,629.951,3,,
1058.235,-2.9133160000001226,-9.858,0.392,0.278,0.01,-0.013,0.006,45.95,35.3479076,-117.8094354,630.022,3,,
1059.22,-3.2085916000000907,-9.868,0.416,0.225,0.027,-0.013,0.005,45.95,35.3479074,-117.8094356,630.08,3,,
1060.211,-3.4710588000002645,-9.854,0.397,0.368,-0.001,-0.013,0.007,45.96,35.3479073,-117.8094358,630.17,3,,
1061.206,-2.9133160000001226,-9.858,0.373,0.345,0.011,-0.013,0.005,45.98,35.3479071,-117.809436,630.24,3,,
1062.195,-3.4710588000002645,-9.839,0.421,0.301,0.006,-0.013,0.006,45.98,35.347907,-117.8094356,630.216,3,,
1063.287,-3.4710588000002645,-9.863,0.402,0.33,0.001,-0.013,0.006,45.98,35.3479068,-117.8094356,630.182,3,,
1064.276,-2.9133160000001226,-9.887,0.354,0.282,0.011,-0.012,0.005,45.99,35.3479064,-117.8094357,630.172,3,,
1065.271,-4.061610000000201,-9.863,0.311,0.301,0.007,-0.016,0.004,46.0,35.3479064,-117.8094355,630.24,3,,
1066.26,-3.2085916000000907,-9.839,0.536,0.282,-0.009,-0.012,0.006,46.02,35.3479067,-117.8094353,630.279,3,,
1067.25,-3.2085916000000907,-9.858,0.483,0.34,0.011,-0.012,0.006,46.02,35.3479069,-117.8094351,630.313,3,,
1068.237,-2.3227648000001864,-9.863,0.373,0.354,-0.004,-0.011,0.006,46.02,35.3479073,-117.8094348,630.331,3,,
1069.223,-2.6180403999996997,-9.858,0.268,0.407,0.007,-0.016,0.002,46.03,35.3479076,-117.8094348,630.344,3,,
1070.21,-3.2085916000000907,-9.868,0.469,0.244,0.0,-0.012,0.006,46.05,35.347908,-117.8094345,630.317,3,,
1071.297,-2.9133160000001226,-9.863,0.388,0.258,0.006,-0.013,0.005,46.06,35.3479084,-117.8094342,630.274,3,,
1072.285,-3.2085916000000907,-9.863,0.33,0.402,0.0,-0.013,0.006,46.07,35.3479088,-117.8094339,630.274,3,,
1073.272,-4.061610000000201,-9.849,0.359,0.373,0.007,-0.015,0.007,46.07,35.3479092,-117.8094336,630.19,3,,
1074.26,-2.0274892000002183,-9.868,0.397,0.321,0.001,-0.013,0.006,46.06,35.3479095,-117.8094333,630.101,3,,
1075.253,-3.4710588000002645,-9.863,0.412,0.345,0.007,-0.013,0.006,46.07,35.3479099,-117.809433,630.064,3,,
1076.24,-2.6180403999996997,-9.854,0.421,0.33,0.01,-0.013,0.006,46.08,35.34791,-117.8094328,629.966,3,,
1077.228,-4.652161199999682,-9.844,0.402,0.345,0.007,-0.012,0.006,46.08,35.3479103,-117.8094328,629.985,3,,
1078.214,-4.947436800000105,-9.858,0.364,0.158,0.004,-0.013,0.005,46.04,35.3479108,-117.8094327,629.955,3,,
1079.307,-4.356885600000169,-9.844,0.397,0.268,0.009,-0.012,0.006,45.91,35.3479111,-117.8094329,629.908,3,,
1080.294,-3.2085916000000907,-9.858,0.392,0.191,0.004,-0.012,0.005,45.82,35.3479116,-117.8094328,629.865,3,,
1081.281,-2.9133160000001226,-9.858,0.368,0.239,0.005,-0.013,0.006,45.75,35.347912,-117.8094327,629.872,3,,
1082.272,-3.4710588000002645,-9.849,0.392,0.292,0.009,-0.013,0.007,45.8,35.3479122,-117.8094328,629.916,3,,
1083.261,-4.061610000000201,-9.858,0.402,0.345,0.004,-0.013,0.007,45.86,35.3479125,-117.809433,629.91,3,,
1084.25,-3.766334399999778,-9.858,0.392,0.254,0.01,-0.013,0.006,45.74,35.3479129,-117.8094328,629.887,3,,
1085.242,-4.652161199999682,-9.858,0.407,0.23,0.006,-0.012,0.005,45.68,35.3479131,-117.8094329,629.912,3,,
1086.227,-3.2085916000000907,-9.854,0.378,0.196,0.006,-0.012,0.006,45.64,35.3479135,-117.8094326,629.924,3,,
1087.212,-3.2085916000000907,-9.849,0.412,0.282,0.007,-0.013,0.006,45.65,35.3479138,-117.8094324,629.921,3,,
1088.2,-4.061610000000201,-9.854,0.412,0.33,0.007,-0.013,0.005,45.75,35.3479139,-117.809432,629.885,3,,
1089.291,-4.356885600000169,-9.858,0.397,0.33,0.007,-0.012,0.006,45.79,35.3479138,-117.8094322,629.954,3,,
1090.177,-4.652161199999682,-9.858,0.392,0.321,0.006,-0.013,0.005,45.8,35.3479136,-117.8094322,630.014,3,,
1091.267,-3.766334399999778,-9.858,0.397,0.258,0.005,-0.013,0.006,45.7,35.3479133,-117.8094325,630.094,3,,
1092.259,-4.356885600000169,-9.849,0.392,0.206,0.006,-0.015,0.006,45.67,35.3479135,-117.8094324,630.105,3,,
1093.246,-4.061610000000201,-9.854,0.388,0.167,0.01,-0.013,0.005,45.57,35.3479138,-117.8094322,630.082,3,,
1094.234,-4.652161199999682,-9.844,0.388,-0.005,0.009,-0.012,0.005,45.39,35.3479139,-117.8094321,630.086,3,,
1095.22,-4.356885600000169,-9.844,0.368,0.0,0.006,-0.012,0.007,45.3,35.347914,-117.8094321,630.064,3,,
1096.21,-4.356885600000169,-9.839,0.407,0.029,0.002,-0.012,0.005,45.29,35.3479145,-117.8094317,630.056,3,,
1097.3,-3.766334399999778,-9.849,0.392,0.1,0.01,-0.012,0.006,45.23,35.3479147,-117.8094314,630.129,3,,
1098.188,-2.9133160000001226,-9.839,0.421,0.091,0.002,-0.013,0.006,45.21,35.347915,-117.809431,630.212,3,,
1099.275,-4.947436800000105,-9.892,-0.904,0.258,-0.029,-0.021,0.007,45.2,35.3479152,-117.8094306,630.317,3,,
1100.271,-3.4710588000002645,-9.82,0.828,0.311,0.011,-0.009,0.009,45.12,35.3479154,-117.8094302,630.378,3,,
1101.259,-4.061610000000201,-9.849,0.368,0.081,0.009,-0.012,0.005,45.09,35.3479157,-117.8094299,630.49,3,,
1102.247,-2.9133160000001226,-9.863,0.383,0.12,0.01,-0.013,0.006,45.06,35.347916,-117.8094294,630.544,3,,
1103.233,-2.9133160000001226,-9.858,0.445,0.086,0.005,-0.01,0.007,45.05,35.3479163,-117.8094289,630.539,3,,
1104.221,-2.3227648000001864,-9.801,0.502,0.665,-0.01,-0.018,0.007,44.98,35.3479168,-117.8094283,630.521,3,,
1105.208,-2.9133160000001226,-9.849,0.373,0.158,0.001,-0.016,0.004,44.97,35.3479171,-117.8094278,630.477,3,,
1106.195,-3.4710588000002645,-9.873,0.316,0.234,0.011,-0.016,0.005,44.92,35.3479174,-117.8094272,630.446,3,,
1107.284,-3.4710588000002645,-9.849,0.311,0.158,0.0,-0.012,0.006,44.97,35.3479174,-117.8094271,630.467,3,,
1108.269,-3.2085916000000907,-9.849,0.311,0.206,0.005,-0.01,0.005,44.91,35.3479173,-117.8094272,630.485,3,,
1109.255,-2.0274892000002183,-9.858,0.373,0.187,0.013,-0.013,0.005,44.85,35.3479173,-117.8094272,630.527,3,,
1110.243,-2.9133160000001226,-9.858,0.388,0.239,0.011,-0.015,0.006,44.92,35.3479172,-117.8094271,630.533,3,,
1111.234,-3.766334399999778,-9.868,0.483,0.158,0.007,-0.012,0.006,44.89,35.347917,-117.8094273,630.589,3,,
1112.23,-3.2085916000000907,-9.844,0.402,0.086,-0.002,-0.011,0.006,44.87,35.3479164,-117.809428,630.689,3,,
1113.215,-4.061610000000201,-9.796,0.22,0.177,-0.005,-0.007,0.009,44.9,35.3479166,-117.8094278,630.661,3,,
1114.202,-4.947436800000105,-9.945,-0.024,0.057,0.016,-0.001,0.011,44.96,35.3479166,-117.8094278,630.668,3,,
1115.29,-2.3227648000001864,-9.945,0.091,0.211,0.013,-0.012,-0.001,44.97,35.3479169,-117.8094273,630.556,3,,
1116.282,-4.061610000000201,-9.844,0.703,0.148,0.007,-0.012,0.005,44.94,35.3479167,-117.8094272,630.224,3,,
1117.271,-2.6180403999996997,-9.748,0.129,0.804,0.005,-0.017,0.002,44.95,35.3479165,-117.8094268,629.804,3,,
1118.263,-4.947436800000105,-9.858,0.368,0.096,0.017,-0.011,0.005,45.0,35.3479161,-117.8094268,629.456,3,,
1119.251,-3.2085916000000907,-9.839,0.632,0.196,0.023,-0.009,0.012,44.92,35.3479158,-117.8094267,629.183,3,,
1120.239,-3.2085916000000907,-9.858,0.837,0.206,0.016,0.001,0.024,44.9,35.3479153,-117.8094267,628.924,3,,
1121.226,-4.356885600000169,-9.854,0.402,0.144,0.005,-0.017,0.002,44.91,35.3479151,-117.8094264,628.691,3,,
1122.213,-3.2085916000000907,-9.878,0.354,0.258,-0.006,-0.01,0.011,44.95,35.3479147,-117.8094262,628.555,3,,
1123.199,-3.2085916000000907,-9.878,0.297,0.019,-0.006,-0.007,0.006,44.94,35.3479146,-117.8094258,628.353,3,,
1124.195,-3.2085916000000907,-9.806,-0.033,0.388,-0.02,-0.016,0.004,44.91,35.3479146,-117.8094254,628.157,3,,
1125.186,-2.9133160000001226,-9.858,0.469,0.278,0.011,-0.012,0.005,44.91,35.3479147,-117.8094248,627.968,3,,
1126.272,-2.6180403999996997,-9.863,0.225,0.301,0.002,-0.011,0.005,44.96,35.3479147,-117.8094244,627.873,3,,
1127.256,-3.4710588000002645,-9.849,0.459,0.316,-0.006,-0.013,0.005,45.02,35.3479149,-117.8094236,627.71,3,,
1128.257,-1.7322135999997954,-9.849,0.809,0.211,0.009,-0.011,-0.005,45.01,35.347915,-117.809423,627.57,3,,
1129.242,-1.4697464000000764,-9.858,-0.158,0.479,0.016,-0.009,0.005,45.0,35.3479149,-117.8094223,627.45,3,,
1130.227,-4.061610000000201,-9.854,0.397,0.163,0.016,-0.013,0.006,44.98,35.347915,-117.8094217,627.347,3,,
1131.212,-1.7322135999997954,-9.835,0.526,0.249,-0.006,-0.011,0.007,44.92,35.3479152,-117.8094209,627.203,3,,
1132.196,-2.6180403999996997,-9.844,0.306,0.278,-0.001,-0.011,0.01,44.93,35.3479155,-117.8094201,627.058,3,,
1133.187,-2.6180403999996997,-9.839,0.435,0.321,0.012,-0.013,0.006,45.01,35.3479159,-117.809419,626.916,3,,
1134.18,-3.4710588000002645,-9.854,0.368,0.134,0.001,-0.013,0.006,44.99,35.3479161,-117.8094184,626.77,3,,
1135.348,-3.2085916000000907,-9.835,0.431,0.354,0.013,-0.015,0.007,44.96,35.3479162,-117.8094181,626.656,3,,
1136.234,-4.356885600000169,-9.839,0.388,0.129,0.006,-0.013,0.007,44.98,35.3479164,-117.8094174,626.556,3,,
1137.22,-2.9133160000001226,-9.844,0.402,-0.005,0.005,-0.012,0.006,44.85,35.347916,-117.8094173,626.646,3,,
1138.21,-4.356885600000169,-9.815,0.388,0.0,0.005,-0.012,0.006,44.73,35.3479156,-117.809417,626.641,3,,
1139.195,-3.2085916000000907,-9.849,0.287,0.043,0.01,-0.012,0.007,44.71,35.3479152,-117.8094168,626.568,3,,
1140.184,-3.4710588000002645,-9.839,0.407,0.081,0.004,-0.012,0.007,44.74,35.3479144,-117.809417,626.582,3,,
1141.271,-3.4710588000002645,-9.806,0.579,0.469,0.0,-0.02,0.016,44.73,35.3479137,-117.8094172,626.612,3,,
1142.262,-3.766334399999778,-9.844,0.388,0.297,-0.005,-0.015,0.006,44.73,35.3479131,-117.8094176,626.615,3,,
1143.248,-3.2085916000000907,-9.825,0.445,0.091,0.005,-0.013,0.006,44.78,35.3479125,-117.8094179,626.673,3,,
1144.232,-3.766334399999778,-9.854,0.402,0.22,0.017,-0.013,0.006,44.77,35.347912,-117.8094182,626.719,3,,
1145.224,-4.356885600000169,-9.844,0.435,0.091,-0.001,-0.013,0.006,44.7,35.3479118,-117.8094183,626.799,3,,
1146.209,-2.9133160000001226,-9.849,0.44,0.029,-0.001,-0.013,0.006,44.68,35.3479115,-117.8094184,626.826,3,,
1147.198,-2.9133160000001226,-9.835,0.373,0.062,0.004,-0.012,0.006,44.58,35.3479112,-117.8094186,626.886,3,,
1148.185,-3.4710588000002645,-9.858,0.392,0.23,0.013,-0.013,0.005,44.6,35.3479108,-117.8094187,626.942,3,,
1149.174,-2.6180403999996997,-9.849,0.392,0.23,0.001,-0.012,0.006,44.66,35.3479106,-117.8094187,626.994,3,,
1150.163,-3.4710588000002645,-9.897,0.402,0.464,0.007,-0.004,0.018,44.73,35.3479104,-117.8094188,627.058,3,,
1151.249,-4.061610000000201,-9.983,0.871,0.258,-0.01,-0.01,-0.007,44.78,35.34791,-117.8094189,627.138,3,,
1152.241,-3.2085916000000907,-9.835,0.244,0.488,-0.032,-0.009,0.01,44.79,35.34791,-117.8094189,627.124,3,,
1153.228,-1.4697464000000764,-9.878,-0.881,0.881,-0.023,-0.015,-0.009,44.79,35.3479099,-117.8094193,627.145,3,,
1154.223,-3.4710588000002645,-9.844,0.747,-0.239,0.079,-0.015,0.002,44.8,35.3479098,-117.8094198,627.192,3,,
1155.209,-1.7322135999997954,-9.811,0.66,0.182,-0.023,-0.013,0.002,44.84,35.3479098,-117.8094203,627.224,3,,
1156.197,-3.766334399999778,-9.878,0.081,0.397,0.042,-0.02,0.004,44.88,35.3479096,-117.8094205,627.234,3,,
1157.182,-3.2085916000000907,-9.925,0.44,0.167,0.017,-0.01,0.001,44.89,35.3479092,-117.8094211,627.285,3,,
1158.167,-2.0274892000002183,-9.868,0.44,0.402,-0.012,-0.012,0.006,44.93,35.3479094,-117.8094214,627.213,3,,
1159.259,-3.2085916000000907,-9.839,0.483,0.297,0.004,-0.012,0.006,44.96,35.3479092,-117.809422,627.203,3,,
1160.245,-2.6180403999996997,-9.844,0.445,0.273,0.011,-0.015,0.006,44.96,35.3479094,-117.8094221,627.102,3,,
1161.232,-2.3227648000001864,-9.858,0.196,0.187,0.006,-0.013,0.006,44.99,35.3479095,-117.8094223,627.071,3,,
1162.214,-1.4697464000000764,-9.844,0.455,0.579,0.034,-0.013,0.002,45.01,35.3479094,-117.8094225,627.043,3,,
1163.206,-2.9133160000001226,-9.844,0.416,0.388,-0.012,-0.011,0.006,44.97,35.3479096,-117.8094225,626.983,3,,
1164.193,-2.0274892000002183,-9.854,0.488,0.273,-0.004,-0.011,0.006,44.95,35.3479099,-117.8094222,626.904,3,,
1165.178,-3.4710588000002645,-9.858,0.541,0.273,0.002,-0.012,0.007,45.0,35.3479104,-117.8094219,626.786,3,,
1166.269,-2.3227648000001864,-9.849,0.55,0.311,0.002,-0.015,0.006,44.99,35.3479107,-117.8094216,626.766,3,,
1167.26,-3.2085916000000907,-9.868,0.349,0.359,0.013,-0.013,0.005,45.0,35.3479111,-117.8094212,626.719,3,,
1168.249,-4.652161199999682,-9.791,0.464,-0.024,-0.001,-0.017,0.006,44.82,35.3479111,-117.8094209,626.704,3,,
1169.24,-3.766334399999778,-9.835,0.306,-0.129,-0.002,-0.01,0.006,44.67,35.3479115,-117.8094204,626.68,3,,
1170.235,-3.766334399999778,-9.825,0.397,-0.038,-0.009,-0.013,0.007,44.64,35.3479118,-117.8094199,626.709,3,,
1171.229,-2.9133160000001226,-9.835,0.364,-0.1,0.011,-0.011,0.01,44.62,35.3479121,-117.8094193,626.737,3,,
1172.214,-2.6180403999996997,-9.868,0.196,0.282,0.01,-0.012,0.004,44.65,35.3479124,-117.8094188,626.743,3,,
1173.206,-2.3227648000001864,-9.849,0.292,0.249,0.004,-0.013,0.006,44.72,35.3479125,-117.8094185,626.689,3,,
1174.199,-3.2085916000000907,-9.844,0.306,0.239,0.018,-0.013,0.005,44.79,35.3479126,-117.8094182,626.613,3,,
1175.288,-2.3227648000001864,-9.887,0.268,0.321,0.018,-0.015,0.005,44.79,35.3479124,-117.8094181,626.539,3,,
1176.274,-2.0274892000002183,-9.868,0.167,0.287,0.006,-0.013,0.006,44.8,35.3479123,-117.809418,626.452,3,,
1177.262,-2.3227648000001864,-9.863,0.474,0.124,-0.006,-0.013,0.006,44.77,35.347912,-117.809418,626.41,3,,
1178.247,-2.6180403999996997,-9.854,0.392,0.263,0.005,-0.013,0.006,44.74,35.3479119,-117.8094181,626.309,3,,
1179.232,-3.766334399999778,-9.854,0.383,0.177,0.001,-0.012,0.005,44.74,35.3479119,-117.8094181,626.241,3,,
1180.218,-2.6180403999996997,-9.854,0.345,0.182,0.01,-0.013,0.006,44.69,35.3479117,-117.8094184,626.18,3,,
1181.204,-2.9133160000001226,-9.839,0.421,0.163,0.013,-0.015,0.006,44.71,35.3479117,-117.8094186,626.107,3,,
1182.189,-2.9133160000001226,-9.863,0.349,0.33,0.001,-0.011,0.006,44.73,35.3479116,-117.8094186,626.052,3,,
1183.277,-2.6180403999996997,-9.858,0.412,0.278,-0.006,-0.013,0.005,44.79,35.3479114,-117.8094188,625.995,3,,
1184.267,-3.2085916000000907,-9.844,0.44,0.349,0.01,-0.015,0.006,44.85,35.3479111,-117.809419,625.962,3,,
1185.254,-3.2085916000000907,-9.868,0.416,0.373,0.009,-0.011,0.006,44.88,35.347911,-117.8094195,625.939,3,,
1186.239,-1.4697464000000764,-9.858,0.412,0.335,0.007,-0.013,0.005,44.9,35.3479108,-117.8094195,625.828,3,,
1187.225,-2.3227648000001864,-9.858,0.397,0.311,0.004,-0.012,0.006,44.92,35.3479107,-117.8094196,625.736,3,,
1188.21,-3.766334399999778,-9.854,0.426,0.33,0.004,-0.013,0.006,44.94,35.3479103,-117.8094203,625.727,3,,
1189.195,-3.766334399999778,-9.863,0.407,0.378,0.005,-0.013,0.006,44.96,35.3479102,-117.8094207,625.676,3,,
1190.182,-3.2085916000000907,-9.854,0.412,0.345,0.004,-0.011,0.005,44.98,35.34791,-117.8094212,625.633,3,,
1191.271,-2.3227648000001864,-9.854,0.402,0.335,0.004,-0.013,0.006,44.99,35.3479097,-117.8094221,625.574,3,,
1192.259,-4.061610000000201,-9.858,0.421,0.335,0.011,-0.013,0.006,45.01,35.3479086,-117.8094241,625.641,3,,
1193.248,-2.9133160000001226,-9.863,0.421,0.311,0.004,-0.012,0.006,45.02,35.3479083,-117.809425,625.585,3,,
1194.235,-2.9133160000001226,-9.854,0.431,0.349,0.007,-0.012,0.006,45.05,35.3479084,-117.8094254,625.534,3,,
1195.226,-3.4710588000002645,-9.858,0.431,0.282,0.007,-0.012,0.006,45.07,35.3479083,-117.8094258,625.502,3,,
1196.212,-4.061610000000201,-9.844,0.416,0.349,0.002,-0.013,0.006,45.08,35.3479082,-117.8094264,625.485,3,,
1197.195,-3.4710588000002645,-9.858,0.431,0.349,0.004,-0.012,0.006,45.09,35.3479081,-117.809427,625.469,3,,
1198.287,-3.2085916000000907,-9.849,0.455,0.316,0.007,-0.011,0.006,45.08,35.347908,-117.8094276,625.444,3,,
1199.281,-4.356885600000169,-9.839,0.388,0.282,0.009,-0.012,0.006,45.04,35.3479081,-117.8094278,625.376,3,,
1200.27,-3.2085916000000907,-9.854,0.45,0.349,0.002,-0.011,0.006,45.06,35.3479083,-117.809428,625.31,3,,
1201.255,-3.2085916000000907,-9.863,0.44,0.321,0.005,-0.012,0.005,45.08,35.3479085,-117.8094284,625.231,3,,
1202.246,-2.9133160000001226,-9.849,0.412,0.335,0.005,-0.012,0.006,45.09,35.3479088,-117.8094282,625.172,3,,
1203.233,-3.766334399999778,-9.854,0.402,0.345,0.007,-0.013,0.005,45.11,35.3479092,-117.809428,625.14,3,,
1204.219,-2.9133160000001226,-9.849,0.421,0.311,0.006,-0.013,0.005,45.13,35.3479094,-117.8094282,625.105,3,,
1205.207,-2.9133160000001226,-9.863,0.426,0.354,0.006,-0.013,0.006,45.14,35.3479098,-117.8094279,625.032,3,,
1206.192,-2.3227648000001864,-9.858,0.416,0.33,0.004,-0.012,0.006,45.17,35.3479101,-117.8094279,624.95,3,,
1207.284,-2.0274892000002183,-9.849,0.402,0.359,0.007,-0.012,0.006,45.2,35.3479102,-117.809428,624.87,3,,
1208.271,-1.7322135999997954,-9.849,0.402,0.33,0.006,-0.012,0.006,45.21,35.3479106,-117.8094279,624.762,3,,
1209.26,-1.4697464000000764,-9.854,0.416,0.34,0.007,-0.012,0.006,45.2,35.3479106,-117.809428,624.698,3,,
1210.245,-4.061610000000201,-9.854,0.402,0.359,0.01,-0.012,0.006,45.21,35.3479105,-117.8094283,624.668,3,,
1211.231,-3.766334399999778,-9.854,0.431,0.335,0.004,-0.013,0.005,45.23,35.3479104,-117.8094284,624.628,3,,
1212.217,-3.2085916000000907,-9.858,0.431,0.34,0.005,-0.011,0.005,45.24,35.3479101,-117.8094288,624.651,3,,
1213.204,-3.766334399999778,-9.849,0.426,0.321,0.007,-0.011,0.005,45.25,35.3479099,-117.8094291,624.631,3,,
1214.189,-2.6180403999996997,-9.849,0.44,0.321,0.005,-0.012,0.005,45.26,35.3479097,-117.8094296,624.636,3,,
1215.275,-2.0274892000002183,-9.863,0.407,0.278,0.007,-0.013,0.005,45.24,35.3479095,-117.8094296,624.646,3,,
1216.263,-3.2085916000000907,-9.854,0.402,0.306,0.009,-0.013,0.006,45.18,35.3479094,-117.8094297,624.71,3,,
1217.248,-2.6180403999996997,-9.873,0.321,0.349,0.013,-0.013,0.006,45.2,35.3479089,-117.8094302,624.788,3,,
1218.235,-3.2085916000000907,-9.858,0.479,0.354,0.001,-0.012,0.006,45.18,35.3479087,-117.8094304,624.875,3,,
1219.221,-3.2085916000000907,-9.849,0.488,0.364,0.015,-0.013,0.006,45.22,35.3479082,-117.8094308,624.96,3,,
1220.211,-3.766334399999778,-9.854,0.445,0.306,0.009,-0.013,0.006,45.25,35.3479081,-117.8094307,624.999,3,,
1221.309,-3.4710588000002645,-9.858,0.368,0.335,0.005,-0.013,0.005,45.27,35.3479074,-117.8094315,625.047,3,,
1222.297,-2.3227648000001864,-9.849,0.431,0.258,0.0,-0.013,0.006,45.24,35.347907,-117.8094321,625.096,3,,
1223.287,-3.2085916000000907,-9.868,0.435,0.268,0.01,-0.013,0.007,45.17,35.3479068,-117.8094323,625.121,3,,
1224.275,-3.4710588000002645,-9.854,0.345,0.345,0.012,-0.012,0.005,45.15,35.3479065,-117.809433,625.107,3,,
1225.264,-4.061610000000201,-9.844,0.397,0.163,0.009,-0.013,0.006,45.14,35.3479064,-117.8094335,625.118,3,,
1226.256,-1.1744708000001083,-9.849,0.378,0.105,0.013,-0.015,0.005,44.99,35.3479061,-117.809434,625.169,3,,
1227.252,-2.9133160000001226,-9.849,0.416,0.301,0.006,-0.012,0.006,44.99,35.347906,-117.8094343,625.198,3,,
1228.241,-1.7322135999997954,-9.858,0.392,0.297,0.009,-0.012,0.006,45.1,35.3479059,-117.8094346,625.238,3,,
1229.231,-1.7322135999997954,-9.854,0.435,0.316,0.009,-0.013,0.007,45.17,35.3479059,-117.8094347,625.265,3,,
1230.227,-3.2085916000000907,-9.844,0.364,0.187,-0.001,-0.012,0.005,45.14,35.3479058,-117.8094351,625.198,3,,
1231.212,-3.4710588000002645,-9.849,0.426,0.115,0.002,-0.011,0.005,45.01,35.3479058,-117.8094353,625.312,3,,
1232.197,-2.9133160000001226,-9.854,0.383,0.287,0.006,-0.013,0.006,45.04,35.3479058,-117.8094356,625.281,3,,
1233.288,-1.4697464000000764,-9.839,0.378,0.316,0.009,-0.013,0.006,45.07,35.3479057,-117.809436,625.194,3,,
1234.173,-1.7322135999997954,-9.849,0.445,0.311,0.011,-0.013,0.006,45.14,35.3479057,-117.8094363,625.18,3,,
1235.26,-2.9133160000001226,-9.849,0.364,0.426,0.009,-0.013,0.007,45.18,35.3479057,-117.8094366,625.154,3,,
1236.246,-2.0274892000002183,-9.854,0.397,0.335,0.001,-0.011,0.007,45.2,35.3479057,-117.8094369,625.126,3,,
1237.235,-1.7322135999997954,-9.854,0.412,0.368,0.011,-0.012,0.005,45.21,35.3479047,-117.809439,625.223,3,,
1238.222,-2.6180403999996997,-9.849,0.464,0.354,0.007,-0.012,0.006,45.21,35.3479051,-117.8094391,625.198,3,,
1239.207,-1.1744708000001083,-9.858,0.397,0.311,0.004,-0.011,0.006,45.18,35.3479048,-117.8094402,625.188,3,,
1240.199,-1.7322135999997954,-9.858,0.416,0.325,0.007,-0.013,0.006,45.23,35.3479049,-117.8094407,625.249,3,,
1241.289,-3.2085916000000907,-9.858,0.388,0.34,0.007,-0.015,0.005,45.25,35.3479052,-117.8094404,625.386,3,,
1242.277,-2.6180403999996997,-9.858,0.426,0.354,0.005,-0.013,0.006,45.26,35.3479051,-117.8094406,625.587,3,,
1243.264,-2.6180403999996997,-9.863,0.421,0.34,0.006,-0.012,0.006,45.25,35.3479049,-117.8094413,625.761,3,,
1244.252,-2.3227648000001864,-9.849,0.412,0.321,0.005,-0.013,0.005,45.26,35.3479045,-117.8094415,625.833,3,,
1245.239,-2.9133160000001226,-9.858,0.44,0.345,0.004,-0.012,0.006,45.29,35.3479035,-117.809442,626.036,3,,
1246.229,-3.2085916000000907,-9.839,0.45,0.321,0.002,-0.012,0.006,45.31,35.347903,-117.8094422,626.065,3,,
1247.223,-3.4710588000002645,-9.858,0.349,0.321,0.007,-0.013,0.005,45.32,35.3479026,-117.8094421,626.053,3,,
1248.211,-4.356885600000169,-9.849,0.383,0.378,0.015,-0.013,0.006,45.32,35.3479024,-117.8094423,626.166,3,,
1249.302,-2.9133160000001226,-9.858,0.421,0.282,0.01,-0.013,0.006,45.29,35.3479023,-117.809442,626.189,3,,
1250.288,-3.4710588000002645,-9.854,0.45,0.321,0.011,-0.013,0.006,45.28,35.3479022,-117.8094417,626.261,3,,
1251.275,-2.0274892000002183,-9.849,0.426,0.321,0.004,-0.013,0.006,45.31,35.347902,-117.8094412,626.292,3,,
1252.26,-3.4710588000002645,-9.863,0.412,0.359,0.0,-0.013,0.006,45.3,35.347902,-117.8094405,626.322,3,,
1253.253,-2.6180403999996997,-9.849,0.416,0.364,0.007,-0.013,0.006,45.3,35.3479018,-117.8094402,626.379,3,,
1254.242,-3.2085916000000907,-9.868,0.392,0.301,0.007,-0.013,0.005,45.3,35.3479016,-117.8094401,626.432,3,,
1255.229,-3.2085916000000907,-9.863,0.421,0.316,0.005,-0.013,0.005,45.3,35.3479015,-117.8094399,626.5,3,,
1256.214,-1.4697464000000764,-9.854,0.426,0.33,0.011,-0.013,0.006,45.32,35.3479014,-117.8094395,626.511,3,,
1257.202,-1.4697464000000764,-9.854,0.435,0.349,0.004,-0.013,0.006,45.35,35.3479014,-117.809439,626.582,3,,
1258.189,-2.6180403999996997,-9.854,0.421,0.345,0.009,-0.013,0.005,45.34,35.3479014,-117.8094389,626.66,3,,
1259.28,-3.4710588000002645,-9.858,0.397,0.321,0.007,-0.013,0.007,45.34,35.3479015,-117.8094386,626.656,3,,
1260.264,-1.4697464000000764,-9.758,0.761,1.168,0.018,-0.031,-0.013,45.33,35.3479015,-117.8094385,626.781,3,,
1261.249,-2.6180403999996997,-9.887,0.565,0.273,0.04,-0.018,0.0,45.35,35.3479015,-117.8094388,626.818,3,,
1262.238,-2.3227648000001864,-9.858,0.287,0.378,0.016,-0.013,0.005,45.38,35.3479013,-117.8094392,626.874,3,,
1263.226,-3.2085916000000907,-9.854,0.412,0.335,0.006,-0.013,0.006,45.37,35.3479014,-117.8094389,626.903,3,,
1264.212,-2.3227648000001864,-9.863,0.402,0.33,0.006,-0.013,0.005,45.4,35.3479016,-117.809439,626.889,3,,
1265.302,-2.0274892000002183,-9.858,0.397,0.335,0.004,-0.013,0.006,45.41,35.3479018,-117.8094387,626.9,3,,
1266.292,-2.9133160000001226,-9.849,0.493,0.282,0.017,-0.007,0.006,45.41,35.347902,-117.8094386,626.83,3,,
1267.276,-1.7322135999997954,-9.83,0.536,0.407,-0.001,-0.013,0.006,45.41,35.347902,-117.8094384,626.741,3,,
1268.26,-1.7322135999997954,-9.858,0.325,0.378,0.01,-0.015,0.006,45.41,35.3479023,-117.8094379,626.657,3,,
1269.249,-2.0274892000002183,-9.882,0.488,0.426,0.0,-0.012,0.006,45.43,35.3479025,-117.8094378,626.616,3,,
1270.238,-2.9133160000001226,-9.863,0.469,0.301,0.005,-0.011,0.005,45.45,35.3479027,-117.8094377,626.595,3,,
1271.227,-1.1744708000001083,-9.844,0.493,0.316,0.004,-0.012,0.005,45.45,35.3479029,-117.809438,626.57,3,,
1272.214,-2.3227648000001864,-9.858,0.412,0.316,-0.001,-0.012,0.006,45.43,35.3479026,-117.8094384,626.48,3,,
1273.2,-2.6180403999996997,-9.854,0.431,0.416,0.005,-0.013,0.007,45.44,35.3479026,-117.8094387,626.444,3,,
1274.287,-3.2085916000000907,-9.839,0.407,0.187,0.013,-0.009,0.01,45.42,35.3479026,-117.809439,626.386,3,,
1275.272,-2.6180403999996997,-9.801,0.531,0.603,0.0,-0.013,0.007,45.43,35.3479025,-117.8094395,626.377,3,,
1276.263,-2.3227648000001864,-9.791,0.694,0.636,-0.001,-0.033,0.009,45.45,35.3479023,-117.8094405,626.327,3,,
1277.247,-2.0274892000002183,-9.82,0.364,0.345,-0.021,-0.009,0.018,45.47,35.3479025,-117.8094407,626.294,3,,
1278.232,-3.766334399999778,-9.868,0.244,0.201,-0.026,-0.007,0.015,45.48,35.3479028,-117.8094407,626.196,3,,
1279.224,-3.4710588000002645,-9.901,-0.029,0.55,-0.012,-0.011,0.004,45.49,35.3479029,-117.8094412,626.128,3,,
1280.214,-2.9133160000001226,-9.858,0.397,0.273,0.01,-0.012,0.007,45.49,35.3479027,-117.8094416,626.154,3,,
1281.199,-3.2085916000000907,-9.791,0.215,0.727,0.007,-0.017,0.007,45.47,35.3479029,-117.8094421,626.129,3,,
1282.286,-3.2085916000000907,-9.863,0.345,0.44,0.024,-0.016,0.007,45.46,35.347903,-117.8094424,626.1,3,,
1283.274,-3.766334399999778,-9.858,0.273,0.388,-0.023,-0.011,0.005,45.47,35.3479029,-117.8094428,626.088,3,,
1284.26,-3.2085916000000907,-9.854,0.507,0.254,-0.017,-0.011,0.007,45.49,35.3479028,-117.8094432,626.077,3,,
1285.246,-4.061610000000201,-9.844,0.479,0.201,0.007,-0.013,0.005,45.43,35.3479028,-117.8094433,626.052,3,,
1286.236,-3.4710588000002645,-9.839,0.541,0.057,0.006,-0.011,0.01,45.37,35.3479028,-117.8094433,626.011,3,,
1287.222,-2.6180403999996997,-9.83,0.694,0.689,0.012,-0.021,0.007,45.41,35.3479032,-117.8094428,625.955,3,,
1288.207,-3.2085916000000907,-9.863,0.502,0.44,0.017,-0.015,0.006,45.44,35.3479033,-117.809443,625.932,3,,
1289.3,-2.9133160000001226,-9.844,0.33,0.354,0.022,-0.016,0.005,45.47,35.3479035,-117.8094428,625.874,3,,
1290.297,-2.3227648000001864,-9.835,0.507,0.359,0.006,-0.013,0.006,45.48,35.3479033,-117.8094427,625.848,3,,
1291.285,-3.2085916000000907,-9.854,0.435,0.306,0.002,-0.013,0.007,45.45,35.3479034,-117.8094424,625.838,3,,
1292.272,-3.766334399999778,-9.854,0.459,0.397,0.007,-0.012,0.006,45.47,35.3479033,-117.8094421,625.845,3,,
1293.258,-3.4710588000002645,-9.868,0.297,0.349,-0.01,-0.015,0.005,45.46,35.3479035,-117.809442,625.777,3,,
1294.256,-2.6180403999996997,-9.854,0.407,0.311,0.007,-0.013,0.006,45.43,35.3479036,-117.809442,625.693,3,,
1295.242,-2.3227648000001864,-9.858,0.388,0.345,0.013,-0.013,0.006,45.46,35.3479036,-117.8094419,625.583,3,,
1296.23,-2.3227648000001864,-9.858,0.349,0.368,0.01,-0.012,0.005,45.45,35.3479037,-117.8094418,625.472,3,,
1297.219,-2.9133160000001226,-9.858,0.445,0.206,0.016,-0.013,0.006,45.42,35.3479039,-117.8094411,625.396,3,,
1298.315,-3.4710588000002645,-9.854,0.301,0.239,0.013,-0.013,0.004,45.38,35.3479042,-117.8094406,625.339,3,,
1299.303,-3.766334399999778,-9.849,0.354,0.134,0.002,-0.013,0.005,45.23,35.3479045,-117.8094401,625.299,3,,
1300.287,-2.9133160000001226,-9.844,0.459,0.105,0.004,-0.012,0.005,45.15,35.3479045,-117.8094397,625.286,3,,
1301.272,-3.2085916000000907,-9.844,0.397,0.062,0.01,-0.013,0.006,45.04,35.3479049,-117.8094388,625.332,3,,
1302.258,-2.0274892000002183,-9.878,0.445,0.263,0.0,-0.007,0.006,45.0,35.3479052,-117.809438,625.347,3,,
1303.249,-3.2085916000000907,-9.854,0.373,0.11,-0.01,-0.011,0.005,45.01,35.3479059,-117.8094375,625.157,3,,
1304.233,-3.4710588000002645,-9.839,0.412,0.12,-0.009,-0.015,0.004,44.96,35.3479063,-117.8094371,625.012,3,,
1305.219,-3.2085916000000907,-9.787,0.756,0.191,0.0,-0.016,0.009,44.95,35.3479066,-117.8094363,624.875,3,,
1306.207,-2.3227648000001864,-9.844,0.416,0.191,0.002,-0.013,0.006,44.93,35.3479069,-117.8094355,624.757,3,,
1307.195,-3.766334399999778,-9.839,0.364,0.077,0.004,-0.011,0.007,44.87,35.3479071,-117.8094349,624.707,3,,
1308.29,-2.0274892000002183,-9.873,0.44,0.211,0.009,-0.015,0.007,44.86,35.347907,-117.8094344,624.777,3,,
1309.175,-3.2085916000000907,-9.854,0.435,0.383,-0.002,-0.016,0.007,44.9,35.3479066,-117.8094343,624.941,3,,
1310.273,-2.3227648000001864,-9.863,0.431,0.316,-0.001,-0.012,0.005,44.93,35.3479065,-117.8094339,625.025,3,,
1311.261,-2.3227648000001864,-9.854,0.416,0.316,0.005,-0.011,0.005,44.97,35.3479062,-117.8094338,625.078,3,,
1312.249,-3.2085916000000907,-9.854,0.359,0.311,0.006,-0.011,0.005,45.0,35.3479055,-117.809434,625.185,3,,
1313.236,-2.9133160000001226,-9.849,0.378,0.292,0.006,-0.013,0.006,45.01,35.3479049,-117.8094342,625.277,3,,
1314.224,-2.3227648000001864,-9.863,0.426,0.33,0.007,-0.015,0.005,45.07,35.347904,-117.8094342,625.395,3,,
1315.211,-2.6180403999996997,-9.854,0.397,0.349,0.005,-0.011,0.006,45.02,35.3479028,-117.8094353,625.557,3,,
1316.301,-2.3227648000001864,-9.858,0.421,0.306,0.01,-0.012,0.004,45.02,35.3479022,-117.8094359,625.661,3,,
1317.289,-2.9133160000001226,-9.854,0.464,0.301,0.004,-0.013,0.006,45.03,35.3479012,-117.8094369,625.802,3,,
1318.277,-2.6180403999996997,-9.863,0.412,0.158,0.01,-0.013,0.006,45.0,35.3479002,-117.8094377,625.924,3,,
1319.265,-3.766334399999778,-9.854,0.407,0.196,0.004,-0.013,0.005,44.88,35.347899,-117.8094382,626.048,3,,
1320.257,-3.2085916000000907,-9.854,0.407,0.172,0.002,-0.012,0.005,44.85,35.3478984,-117.8094385,626.139,3,,
1321.248,-3.4710588000002645,-9.844,0.373,0.158,0.009,-0.013,0.006,44.88,35.347898,-117.8094384,626.176,3,,
1322.235,-3.766334399999778,-9.854,0.392,0.139,0.004,-0.013,0.006,44.88,35.3478977,-117.8094383,626.209,3,,
1323.222,-2.9133160000001226,-9.858,0.388,0.182,0.007,-0.013,0.005,44.88,35.347898,-117.8094374,626.119,3,,
1324.208,-2.6180403999996997,-9.858,0.402,0.22,0.009,-0.012,0.005,44.85,35.3478979,-117.8094367,626.104,3,,
1325.195,-3.766334399999778,-9.854,0.416,0.206,0.006,-0.011,0.006,44.86,35.3478983,-117.8094359,626.035,3,,
1326.181,-3.2085916000000907,-9.854,0.407,0.249,0.004,-0.013,0.007,44.87,35.3478988,-117.8094351,625.938,3,,
1327.274,-3.766334399999778,-9.849,0.388,0.172,0.007,-0.015,0.005,44.92,35.3478993,-117.8094346,625.85,3,,
1328.258,-3.4710588000002645,-9.849,0.416,0.278,0.006,-0.013,0.006,44.93,35.3478995,-117.8094343,625.792,3,,
1329.247,-2.9133160000001226,-9.854,0.421,0.311,0.006,-0.015,0.005,44.99,35.3478993,-117.8094342,625.8,3,,
1330.232,-2.3227648000001864,-9.854,0.421,0.306,0.006,-0.012,0.006,45.05,35.3478995,-117.8094341,625.759,3,,
1331.222,-2.0274892000002183,-9.854,0.407,0.321,0.006,-0.013,0.006,45.08,35.3478992,-117.8094342,625.755,3,,
1332.21,-3.4710588000002645,-9.854,0.392,0.287,0.006,-0.013,0.005,45.09,35.3478993,-117.8094341,625.694,3,,
1333.195,-3.2085916000000907,-9.849,0.421,0.321,0.006,-0.013,0.006,45.09,35.3478991,-117.8094341,625.692,3,,
1334.181,-2.0274892000002183,-9.858,0.407,0.301,0.007,-0.011,0.006,45.09,35.3478988,-117.8094344,625.655,3,,
1335.268,-2.3227648000001864,-9.863,0.416,0.311,0.005,-0.013,0.006,45.11,35.3478988,-117.8094343,625.595,3,,
1336.256,-2.6180403999996997,-9.854,0.407,0.33,0.007,-0.013,0.006,45.15,35.3478985,-117.8094346,625.564,3,,
1337.247,-2.3227648000001864,-9.854,0.416,0.33,0.007,-0.013,0.006,45.18,35.3478985,-117.8094347,625.535,3,,
1338.231,-3.4710588000002645,-9.863,0.412,0.34,0.006,-0.013,0.005,45.2,35.3478983,-117.809435,625.537,3,,
1339.217,-3.2085916000000907,-9.863,0.416,0.297,0.009,-0.012,0.006,45.21,35.3478982,-117.8094354,625.582,3,,
1340.202,-2.6180403999996997,-9.854,0.416,0.325,0.007,-0.012,0.006,45.19,35.3478983,-117.8094357,625.564,3,,
1341.289,-2.9133160000001226,-9.858,0.412,0.34,0.009,-0.012,0.006,45.21,35.3478984,-117.8094363,625.557,3,,
1342.273,-3.766334399999778,-9.858,0.416,0.321,0.004,-0.013,0.007,45.21,35.3478982,-117.8094369,625.595,3,,
1343.262,-3.4710588000002645,-9.858,0.407,0.325,0.007,-0.015,0.006,45.25,35.3478978,-117.8094377,625.634,3,,
1344.247,-2.0274892000002183,-9.753,0.335,0.325,0.005,-0.013,0.007,45.28,35.3478977,-117.8094382,625.668,3,,
1345.232,-2.3227648000001864,-9.863,0.402,0.345,0.007,-0.013,0.006,45.3,35.3478978,-117.8094385,625.659,3,,
1346.217,-3.766334399999778,-9.849,0.412,0.33,0.006,-0.015,0.005,45.32,35.3478979,-117.809439,625.627,3,,
1347.206,-2.3227648000001864,-9.863,0.416,0.345,0.006,-0.013,0.006,45.33,35.3478981,-117.809439,625.571,3,,
1348.19,-2.6180403999996997,-9.854,0.412,0.335,0.005,-0.013,0.005,45.35,35.347898,-117.8094391,625.554,3,,
1349.275,-2.9133160000001226,-9.854,0.407,0.34,0.007,-0.012,0.006,45.36,35.3478982,-117.8094392,625.511,3,,
1350.266,-3.766334399999778,-9.863,0.412,0.349,0.009,-0.013,0.006,45.38,35.347898,-117.8094395,625.517,3,,
1351.249,-2.3227648000001864,-9.868,0.388,0.373,0.006,-0.013,0.006,45.4,35.3478977,-117.8094397,625.538,3,,
1352.233,-3.766334399999778,-9.854,0.426,0.335,0.001,-0.012,0.006,45.4,35.3478976,-117.80944,625.556,3,,
1353.221,-3.766334399999778,-9.854,0.445,0.345,0.01,-0.013,0.006,45.41,35.3478974,-117.8094404,625.62,3,,
1354.206,-2.9133160000001226,-9.854,0.402,0.354,0.006,-0.013,0.007,45.41,35.3478973,-117.8094405,625.668,3,,
1355.19,-2.9133160000001226,-9.858,0.445,0.306,0.005,-0.012,0.006,45.43,35.3478972,-117.8094407,625.696,3,,
1356.176,-2.9133160000001226,-9.858,0.44,0.33,0.006,-0.012,0.006,45.46,35.3478971,-117.8094409,625.7,3,,
1357.263,-2.9133160000001226,-9.858,0.416,0.34,0.005,-0.013,0.007,45.47,35.3478969,-117.8094414,625.697,3,,
1358.247,-2.9133160000001226,-9.863,0.378,0.378,0.006,-0.013,0.005,45.47,35.3478968,-117.8094418,625.702,3,,
1359.245,-3.766334399999778,-9.858,0.412,0.335,0.007,-0.012,0.007,45.49,35.3478972,-117.809442,625.587,3,,
1360.299,-1.7322135999997954,-9.858,0.445,0.297,0.002,-0.012,0.005,45.51,35.3478973,-117.8094423,625.517,3,,
1361.186,-1.7322135999997954,-9.849,0.435,0.364,0.004,-0.015,0.006,45.52,35.3478975,-117.8094425,625.438,3,,
1362.271,-2.9133160000001226,-9.854,0.412,0.359,0.013,-0.013,0.004,45.54,35.3478973,-117.8094428,625.401,3,,
1363.256,-2.0274892000002183,-9.858,0.431,0.311,0.011,-0.013,0.006,45.55,35.3478974,-117.8094429,625.375,3,,
1364.249,-1.7322135999997954,-9.858,0.345,0.392,0.001,-0.015,0.006,45.56,35.3478975,-117.8094429,625.359,3,,
1365.234,-4.652161199999682,-9.854,0.407,0.268,0.007,-0.012,0.005,45.57,35.3478972,-117.8094432,625.38,3,,
1366.218,-3.4710588000002645,-9.858,0.426,0.316,0.006,-0.013,0.005,45.58,35.3478967,-117.8094437,625.414,3,,
1367.306,-3.2085916000000907,-9.863,0.431,0.325,0.011,-0.012,0.006,45.58,35.3478966,-117.8094437,625.396,3,,
1368.293,-2.0274892000002183,-9.854,0.407,0.354,0.004,-0.012,0.006,45.58,35.3478966,-117.8094437,625.408,3,,
1369.278,-3.2085916000000907,-9.854,0.421,0.34,0.002,-0.012,0.006,45.58,35.3478967,-117.8094438,625.393,3,,
1370.266,-3.766334399999778,-9.849,0.388,0.335,0.005,-0.013,0.005,45.58,35.3478965,-117.8094442,625.424,3,,
1371.253,-4.061610000000201,-9.844,0.416,0.354,0.006,-0.013,0.005,45.57,35.347896,-117.8094446,625.511,3,,
1372.239,-3.766334399999778,-9.863,0.435,0.34,0.006,-0.013,0.005,45.56,35.3478953,-117.8094452,625.63,3,,
1373.226,-2.9133160000001226,-9.858,0.431,0.359,0.005,-0.012,0.005,45.53,35.3478947,-117.8094456,625.731,3,,
1374.311,-2.6180403999996997,-9.858,0.421,0.335,0.005,-0.012,0.005,45.51,35.3478946,-117.8094457,625.748,3,,
1375.205,-2.3227648000001864,-9.863,0.421,0.345,0.006,-0.013,0.006,45.51,35.3478943,-117.809446,625.8,3,,
1376.294,-2.3227648000001864,-9.863,0.416,0.335,0.006,-0.012,0.006,45.51,35.3478937,-117.8094463,625.895,3,,
1377.282,-2.9133160000001226,-9.858,0.416,0.345,0.007,-0.013,0.006,45.52,35.3478934,-117.8094467,625.923,3,,
1378.268,-2.3227648000001864,-9.858,0.416,0.335,0.006,-0.013,0.006,45.53,35.3478931,-117.8094469,625.951,3,,
1379.262,-3.4710588000002645,-9.863,0.416,0.354,0.005,-0.013,0.005,45.55,35.3478929,-117.8094471,625.946,3,,
1380.247,-2.6180403999996997,-9.854,0.407,0.34,0.006,-0.012,0.005,45.56,35.3478929,-117.8094473,625.969,3,,
1381.229,-2.9133160000001226,-9.858,0.421,0.335,0.006,-0.013,0.006,45.58,35.3478931,-117.8094472,625.928,3,,
1382.216,-3.2085916000000907,-9.858,0.402,0.354,0.006,-0.012,0.006,45.6,35.3478931,-117.8094471,625.907,3,,
1383.2,-1.1744708000001083,-9.858,0.421,0.335,0.006,-0.013,0.006,45.61,35.347893,-117.809447,625.864,3,,
1384.188,-2.6180403999996997,-9.849,0.416,0.335,0.007,-0.012,0.006,45.62,35.3478926,-117.8094473,625.89,3,,
1385.276,-2.9133160000001226,-9.849,0.416,0.33,0.006,-0.015,0.006,45.64,35.3478922,-117.8094475,625.933,3,,
1386.263,-2.9133160000001226,-9.863,0.412,0.33,0.007,-0.013,0.006,45.66,35.3478922,-117.8094474,625.957,3,,
1387.247,-4.356885600000169,-9.854,0.421,0.335,0.006,-0.015,0.005,45.67,35.3478918,-117.8094475,626.004,3,,
1388.23,-1.1744708000001083,-9.863,0.426,0.34,0.006,-0.012,0.006,45.68,35.3478914,-117.8094476,626.057,3,,
1389.217,-2.6180403999996997,-9.863,0.407,0.33,0.007,-0.013,0.006,45.69,35.3478908,-117.8094478,626.112,3,,
1390.204,-2.0274892000002183,-9.858,0.402,0.335,0.006,-0.012,0.005,45.71,35.3478904,-117.8094478,626.233,3,,
1391.29,-2.0274892000002183,-9.868,0.416,0.335,0.006,-0.012,0.006,45.72,35.3478898,-117.8094483,626.295,3,,
1392.278,-2.3227648000001864,-9.868,0.412,0.345,0.006,-0.013,0.006,45.73,35.3478898,-117.8094483,626.291,3,,
1393.267,-2.6180403999996997,-9.858,0.421,0.359,0.007,-0.015,0.005,45.73,35.3478894,-117.8094487,626.341,3,,
1394.252,-4.061610000000201,-9.863,0.416,0.335,0.005,-0.013,0.006,45.73,35.3478893,-117.8094489,626.331,3,,
1395.237,-2.3227648000001864,-9.863,0.416,0.345,0.005,-0.015,0.006,45.74,35.347889,-117.8094493,626.346,3,,
1396.234,-2.9133160000001226,-9.863,0.416,0.345,0.006,-0.013,0.005,45.76,35.3478886,-117.8094496,626.261,3,,
1397.236,-3.2085916000000907,-9.863,0.421,0.335,0.005,-0.011,0.006,45.78,35.3478883,-117.80945,626.291,3,,
1398.22,-3.4710588000002645,-9.858,0.412,0.349,0.007,-0.012,0.007,45.77,35.3478881,-117.8094503,626.27,3,,
1399.21,-3.2085916000000907,-9.854,0.426,0.345,0.009,-0.013,0.006,45.77,35.3478877,-117.809451,626.253,3,,
1400.196,-1.7322135999997954,-9.863,0.421,0.335,0.006,-0.013,0.006,45.78,35.3478871,-117.8094519,626.216,3,,
1401.287,-3.766334399999778,-9.854,0.402,0.349,0.006,-0.013,0.006,45.78,35.3478875,-117.8094519,626.226,3,,
1402.271,-2.9133160000001226,-9.854,0.412,0.34,0.006,-0.013,0.006,45.77,35.3478876,-117.8094522,626.218,3,,
1403.257,-2.3227648000001864,-9.858,0.412,0.349,0.007,-0.013,0.006,45.72,35.3478872,-117.8094524,626.167,3,,
1404.248,-2.0274892000002183,-9.863,0.373,0.368,0.006,-0.015,0.004,45.71,35.3478874,-117.8094521,626.078,3,,
1405.235,-2.9133160000001226,-9.858,0.402,0.292,0.006,-0.012,0.006,45.68,35.3478871,-117.8094523,626.036,3,,
1406.222,-2.9133160000001226,-9.849,0.388,0.167,0.006,-0.012,0.006,45.66,35.3478872,-117.809452,625.915,3,,
1407.208,-2.9133160000001226,-9.844,0.388,0.091,0.006,-0.013,0.006,45.57,35.3478867,-117.8094522,625.882,3,,
1408.194,-2.9133160000001226,-9.863,0.397,0.172,0.007,-0.013,0.006,45.48,35.3478864,-117.8094519,625.855,3,,
1409.289,-2.9133160000001226,-9.854,0.421,0.234,0.006,-0.012,0.006,45.54,35.3478855,-117.8094521,625.851,3,,
1410.278,-4.061610000000201,-9.863,0.397,0.297,0.009,-0.013,0.006,45.61,35.3478851,-117.8094519,625.958,3,,
1411.265,-2.3227648000001864,-9.849,0.397,0.196,0.005,-0.013,0.005,45.63,35.347885,-117.8094515,626.022,3,,
1412.257,-3.766334399999778,-9.858,0.397,0.282,0.007,-0.012,0.005,45.58,35.3478849,-117.8094515,626.182,3,,
1413.245,-2.3227648000001864,-9.849,0.388,0.105,0.005,-0.012,0.007,45.55,35.3478849,-117.8094514,626.245,3,,
1414.232,-2.9133160000001226,-9.858,0.416,0.225,0.007,-0.012,0.006,45.57,35.3478847,-117.8094514,626.336,3,,
1415.223,-3.2085916000000907,-9.858,0.416,0.177,0.006,-0.013,0.006,45.61,35.3478845,-117.8094516,626.469,3,,
1416.208,-3.2085916000000907,-9.858,0.402,0.196,0.006,-0.012,0.005,45.63,35.3478844,-117.8094518,626.57,3,,
1417.297,-3.2085916000000907,-9.844,0.407,0.234,0.006,-0.012,0.006,45.63,35.3478845,-117.8094518,626.689,3,,
1418.284,-2.6180403999996997,-9.858,0.402,0.33,0.005,-0.012,0.006,45.65,35.3478847,-117.8094518,626.748,3,,
1419.27,-3.766334399999778,-9.858,0.412,0.254,0.006,-0.013,0.006,45.67,35.3478849,-117.8094518,626.839,3,,
1420.261,-3.4710588000002645,-9.863,0.402,0.297,0.006,-0.012,0.006,45.67,35.3478851,-117.8094519,626.903,3,,
1421.254,-2.6180403999996997,-9.863,0.412,0.23,0.006,-0.012,0.006,45.66,35.3478855,-117.8094518,626.978,3,,
1422.24,-1.7322135999997954,-9.854,0.397,0.225,0.009,-0.012,0.006,45.62,35.3478859,-117.8094519,627.074,3,,
1423.226,-2.0274892000002183,-9.854,0.407,0.23,0.007,-0.013,0.006,45.62,35.3478862,-117.8094519,627.108,3,,
1424.223,-3.4710588000002645,-9.854,0.416,0.234,0.009,-0.012,0.006,45.61,35.3478866,-117.8094522,627.155,3,,
1425.208,-2.6180403999996997,-9.849,0.412,0.287,0.006,-0.015,0.006,45.63,35.3478869,-117.8094525,627.196,3,,
1426.191,-2.6180403999996997,-9.854,0.426,0.273,0.007,-0.013,0.006,45.67,35.3478873,-117.8094524,627.218,3,,
1427.278,-2.3227648000001864,-9.844,0.402,0.234,0.005,-0.012,0.007,45.68,35.3478877,-117.8094529,627.209,3,,
1428.266,-1.4697464000000764,-9.858,0.416,0.278,0.006,-0.013,0.005,45.68,35.3478883,-117.8094529,627.207,3,,
1429.262,-3.766334399999778,-9.863,0.402,0.268,0.006,-0.013,0.006,45.69,35.3478887,-117.8094531,627.228,3,,
1430.249,-2.9133160000001226,-9.854,0.402,0.191,0.006,-0.013,0.007,45.7,35.347889,-117.8094534,627.254,3,,
1431.236,-2.6180403999996997,-9.854,0.407,0.258,0.009,-0.013,0.006,45.68,35.3478894,-117.8094534,627.288,3,,
1432.223,-2.0274892000002183,-9.844,0.407,0.258,0.005,-0.013,0.006,45.68,35.3478896,-117.8094533,627.318,3,,
1433.209,-3.4710588000002645,-9.849,0.416,0.306,0.009,-0.013,0.006,45.68,35.3478899,-117.809453,627.346,3,,
1434.195,-2.3227648000001864,-9.858,0.397,0.22,0.005,-0.013,0.006,45.68,35.3478901,-117.8094528,627.37,3,,
1435.284,-2.9133160000001226,-9.854,0.421,0.215,0.009,-0.012,0.006,45.67,35.3478904,-117.8094526,627.388,3,,
1436.28,-4.652161199999682,-9.858,0.407,0.263,0.004,-0.012,0.005,45.67,35.3478907,-117.8094525,627.413,3,,
1437.267,-2.9133160000001226,-9.854,0.402,0.191,0.006,-0.013,0.006,45.68,35.3478916,-117.8094515,627.356,3,,
1438.259,-3.4710588000002645,-9.844,0.397,0.297,0.009,-0.012,0.005,45.67,35.3478921,-117.8094513,627.339,3,,
1439.251,-2.0274892000002183,-9.844,0.407,0.196,0.006,-0.012,0.005,45.68,35.3478924,-117.8094515,627.291,3,,
1440.236,-1.7322135999997954,-9.858,0.431,0.254,0.007,-0.012,0.006,45.68,35.3478924,-117.8094517,627.301,3,,
1441.221,-2.6180403999996997,-9.854,0.392,0.292,0.005,-0.013,0.007,45.67,35.3478927,-117.8094518,627.297,3,,
1442.208,-2.0274892000002183,-9.858,0.412,0.311,0.01,-0.012,0.005,45.68,35.347893,-117.8094518,627.301,3,,
1443.193,-1.7322135999997954,-9.854,0.402,0.23,0.006,-0.012,0.006,45.69,35.3478934,-117.8094518,627.285,3,,
1444.28,-3.2085916000000907,-9.844,0.412,0.22,0.006,-0.012,0.006,45.69,35.3478936,-117.8094518,627.249,3,,
1445.268,-2.6180403999996997,-9.863,0.402,0.225,0.005,-0.013,0.006,45.67,35.3478939,-117.8094516,627.182,3,,
1446.255,-2.6180403999996997,-9.854,0.426,0.287,0.006,-0.012,0.006,45.63,35.3478943,-117.8094515,627.11,3,,
1447.24,-2.0274892000002183,-9.844,0.397,0.268,0.007,-0.012,0.006,45.65,35.3478943,-117.8094517,627.093,3,,
1448.23,-3.2085916000000907,-9.863,0.402,0.292,0.007,-0.012,0.006,45.67,35.3478943,-117.8094518,627.128,3,,
1449.216,-4.061610000000201,-9.849,0.426,0.33,0.006,-0.012,0.005,45.68,35.3478946,-117.8094518,627.135,3,,
1450.201,-3.2085916000000907,-9.854,0.412,0.282,0.007,-0.013,0.006,45.68,35.3478951,-117.8094508,627.108,3,,
1451.29,-2.3227648000001864,-9.849,0.416,0.211,0.005,-0.012,0.006,45.68,35.3478954,-117.80945,627.085,3,,
1452.277,-3.4710588000002645,-9.844,0.402,0.273,0.007,-0.013,0.005,45.67,35.3478959,-117.8094496,627.032,3,,
1453.264,-2.0274892000002183,-9.854,0.416,0.211,0.007,-0.012,0.006,45.67,35.3478961,-117.8094491,626.988,3,,
1454.252,-2.6180403999996997,-9.849,0.402,0.201,0.006,-0.013,0.006,45.64,35.3478961,-117.8094492,626.985,3,,
1455.241,-2.3227648000001864,-9.849,0.397,0.196,0.004,-0.012,0.006,45.62,35.3478965,-117.8094487,626.911,3,,
1456.23,-2.0274892000002183,-9.854,0.378,0.177,0.007,-0.012,0.005,45.61,35.3478968,-117.8094484,626.9,3,,
1457.216,-3.2085916000000907,-9.858,0.412,0.278,0.005,-0.013,0.005,45.59,35.3478969,-117.8094479,626.893,3,,
1458.209,-2.0274892000002183,-9.854,0.412,0.263,0.004,-0.012,0.006,45.59,35.3478972,-117.8094472,626.849,3,,
1459.203,-2.3227648000001864,-9.849,0.416,0.287,0.007,-0.011,0.005,45.61,35.3478977,-117.8094467,626.769,3,,
1460.29,-1.7322135999997954,-9.858,0.407,0.335,0.004,-0.013,0.006,45.64,35.3478972,-117.8094471,626.764,3,,
1461.275,-3.2085916000000907,-9.854,0.412,0.311,0.01,-0.013,0.006,45.65,35.3478966,-117.8094478,626.837,3,,
1462.261,-2.0274892000002183,-9.844,0.388,0.182,0.005,-0.012,0.006,45.63,35.347896,-117.8094484,626.92,3,,
1463.254,-0.5839196000001721,-9.849,0.412,0.273,0.006,-0.012,0.006,45.58,35.3478953,-117.8094491,626.973,3,,
1464.245,-2.9133160000001226,-9.849,0.407,0.297,0.009,-0.012,0.005,45.58,35.3478947,-117.8094501,627.053,3,,
1465.231,-2.9133160000001226,-9.858,0.421,0.335,0.005,-0.012,0.006,45.6,35.3478942,-117.8094508,627.103,3,,
1466.224,-1.7322135999997954,-9.858,0.435,0.34,0.009,-0.012,0.006,45.62,35.3478936,-117.8094514,627.195,3,,
1467.311,-2.3227648000001864,-9.854,0.402,0.345,0.005,-0.013,0.006,45.63,35.3478932,-117.809452,627.268,3,,
1468.196,-1.4697464000000764,-9.858,0.421,0.33,0.006,-0.013,0.006,45.64,35.3478931,-117.8094526,627.302,3,,
1469.284,-2.6180403999996997,-9.854,0.412,0.316,0.007,-0.013,0.005,45.64,35.3478928,-117.8094534,627.326,3,,
1470.272,-2.0274892000002183,-9.858,0.421,0.325,0.005,-0.013,0.006,45.65,35.3478927,-117.8094539,627.33,3,,
1471.257,-1.7322135999997954,-9.854,0.412,0.34,0.009,-0.013,0.005,45.66,35.3478929,-117.8094542,627.262,3,,
1472.247,-2.3227648000001864,-9.854,0.416,0.321,0.005,-0.012,0.006,45.66,35.3478938,-117.8094538,627.143,3,,
1473.234,-2.0274892000002183,-9.849,0.431,0.335,0.006,-0.012,0.006,45.66,35.3478938,-117.8094536,627.152,3,,
1474.219,-3.4710588000002645,-9.863,0.426,0.345,0.006,-0.015,0.006,45.66,35.3478939,-117.8094532,627.131,3,,
1475.304,-1.1744708000001083,-9.844,0.412,0.34,0.006,-0.012,0.006,45.65,35.3478941,-117.8094523,627.071,3,,
1476.291,-2.9133160000001226,-9.863,0.421,0.335,0.009,-0.012,0.005,45.65,35.3478951,-117.8094513,626.938,3,,
1477.278,-2.3227648000001864,-9.849,0.416,0.34,0.005,-0.013,0.006,45.66,35.347896,-117.8094503,626.82,3,,
1478.269,-1.7322135999997954,-9.858,0.426,0.335,0.006,-0.013,0.005,45.67,35.3478968,-117.8094498,626.691,3,,
1479.256,-2.3227648000001864,-9.858,0.416,0.34,0.007,-0.012,0.006,45.68,35.3478978,-117.809449,626.607,3,,
1480.242,-2.9133160000001226,-9.849,0.426,0.349,0.005,-0.013,0.004,45.68,35.3478985,-117.8094482,626.533,3,,
1481.237,-2.6180403999996997,-9.849,0.412,0.325,0.007,-0.012,0.006,45.7,35.3478992,-117.8094474,626.493,3,,
1482.232,-2.0274892000002183,-9.854,0.431,0.33,0.005,-0.012,0.006,45.71,35.3478997,-117.8094463,626.387,3,,
1483.218,-2.3227648000001864,-9.858,0.412,0.33,0.005,-0.012,0.005,45.71,35.3479004,-117.8094449,626.246,3,,
1484.205,-2.3227648000001864,-9.854,0.412,0.335,0.005,-0.012,0.006,45.72,35.3479012,-117.8094434,626.076,3,,
1485.296,-2.3227648000001864,-9.854,0.407,0.349,0.006,-0.012,0.006,45.74,35.347902,-117.8094419,625.929,3,,
1486.28,-2.0274892000002183,-9.863,0.412,0.335,0.006,-0.015,0.006,45.74,35.3479025,-117.8094408,625.767,3,,
1487.267,-3.4710588000002645,-9.858,0.416,0.349,0.006,-0.013,0.006,45.73,35.3479032,-117.8094394,625.597,3,,
1488.257,-1.4697464000000764,-9.854,0.407,0.349,0.006,-0.013,0.006,45.73,35.3479037,-117.8094384,625.446,3,,
1489.24,-2.3227648000001864,-9.854,0.407,0.335,0.005,-0.012,0.006,45.75,35.3479043,-117.8094364,625.326,3,,
1490.226,-2.0274892000002183,-9.863,0.421,0.345,0.006,-0.012,0.005,45.76,35.3479048,-117.8094347,625.225,3,,
1491.212,-1.7322135999997954,-9.863,0.407,0.349,0.006,-0.013,0.006,45.76,35.3479054,-117.8094328,625.112,3,,
1492.196,-1.7322135999997954,-9.849,0.407,0.34,0.006,-0.012,0.006,45.76,35.3479057,-117.809431,625.052,3,,
1493.281,-2.3227648000001864,-9.863,0.416,0.349,0.006,-0.013,0.006,45.76,35.3479062,-117.8094301,624.987,3,,
1494.268,-2.9133160000001226,-9.863,0.421,0.335,0.007,-0.012,0.006,45.77,35.3479068,-117.809429,624.95,3,,
1495.255,-2.0274892000002183,-9.858,0.412,0.335,0.007,-0.013,0.006,45.78,35.3479074,-117.8094281,624.864,3,,
1496.239,-2.6180403999996997,-9.844,0.421,0.33,0.006,-0.013,0.006,45.8,35.3479077,-117.8094282,624.766,3,,
1497.226,-2.6180403999996997,-9.854,0.421,0.34,0.007,-0.012,0.006,45.8,35.3479081,-117.8094283,624.732,3,,
1498.217,-2.3227648000001864,-9.863,0.412,0.335,0.006,-0.013,0.005,45.8,35.3479083,-117.8094284,624.688,3,,
1499.203,-2.0274892000002183,-9.849,0.421,0.345,0.005,-0.013,0.006,45.79,35.3479085,-117.8094284,624.656,3,,
1500.291,-2.6180403999996997,-9.858,0.416,0.349,0.005,-0.013,0.005,45.8,35.3479084,-117.8094288,624.672,3,,
1501.277,-1.4697464000000764,-9.854,0.397,0.335,0.006,-0.012,0.006,45.8,35.3479083,-117.8094291,624.69,3,,
1502.265,-1.1744708000001083,-9.858,0.421,0.335,0.007,-0.013,0.005,45.82,35.3479083,-117.8094292,624.59,3,,
1503.252,-1.7322135999997954,-9.858,0.412,0.345,0.007,-0.013,0.006,45.83,35.3479082,-117.8094293,624.563,3,,
1504.248,-2.6180403999996997,-9.863,0.412,0.345,0.007,-0.013,0.005,45.83,35.3479081,-117.8094293,624.533,3,,
1505.246,-2.0274892000002183,-9.839,0.431,0.34,0.006,-0.012,0.006,45.84,35.3479081,-117.8094292,624.519,3,,
1506.231,-2.0274892000002183,-9.849,0.421,0.345,0.006,-0.013,0.005,45.85,35.3479083,-117.8094282,624.483,3,,
1507.216,-1.1744708000001083,-9.849,0.412,0.354,0.01,-0.013,0.006,45.85,35.3479084,-117.8094272,624.444,3,,
1508.2,-1.1744708000001083,-9.854,0.402,0.359,0.006,-0.013,0.006,45.85,35.3479083,-117.8094272,624.436,3,,
1509.301,-0.5839196000001721,-9.854,0.426,0.349,0.007,-0.013,0.005,45.86,35.3479081,-117.8094275,624.421,3,,
1510.186,-2.0274892000002183,-9.849,0.426,0.34,0.006,-0.012,0.006,45.86,35.3479078,-117.8094278,624.411,3,,
1511.274,-1.1744708000001083,-9.868,0.421,0.34,0.006,-0.012,0.006,45.87,35.3479077,-117.8094279,624.326,3,,
1512.269,-1.1744708000001083,-9.858,0.426,0.335,0.007,-0.013,0.006,45.88,35.3479074,-117.8094283,624.256,3,,
1513.253,-0.8791952000001402,-9.854,0.421,0.359,0.006,-0.013,0.006,45.88,35.3479074,-117.8094286,624.151,3,,
1514.243,-0.8791952000001402,-9.854,0.426,0.34,0.007,-0.012,0.005,45.87,35.3479076,-117.8094287,624.002,3,,
1515.228,-2.0274892000002183,-9.858,0.412,0.335,0.007,-0.012,0.005,45.87,35.3479079,-117.8094287,623.863,3,,
1516.214,-0.5839196000001721,-9.858,0.412,0.349,0.005,-0.013,0.007,45.88,35.3479081,-117.8094289,623.786,3,,
1517.203,-2.6180403999996997,-9.863,0.431,0.354,0.006,-0.013,0.005,45.89,35.3479083,-117.8094291,623.723,3,,
1518.188,-1.4697464000000764,-9.858,0.416,0.349,0.005,-0.012,0.006,45.89,35.3479085,-117.8094291,623.655,3,,
1519.28,-1.7322135999997954,-9.858,0.421,0.345,0.009,-0.012,0.006,45.9,35.3479089,-117.8094288,623.577,3,,
1520.266,-0.8791952000001402,-9.863,0.407,0.325,0.007,-0.012,0.006,45.91,35.347909,-117.8094288,623.526,3,,
1521.25,-2.0274892000002183,-9.858,0.412,0.335,0.007,-0.013,0.006,45.91,35.3479091,-117.8094288,623.46,3,,
1522.244,-2.0274892000002183,-9.868,0.412,0.349,0.007,-0.012,0.006,45.91,35.347909,-117.8094289,623.455,3,,
1523.23,-0.8791952000001402,-9.863,0.421,0.33,0.007,-0.013,0.006,45.92,35.3479082,-117.8094292,623.575,3,,
1524.214,-1.7322135999997954,-9.858,0.45,0.349,0.009,-0.012,0.006,45.92,35.3479074,-117.8094297,623.697,3,,
1525.205,-1.7322135999997954,-9.873,0.301,0.464,-0.001,-0.015,0.005,45.93,35.3479064,-117.8094302,623.846,3,,
1526.192,-0.5839196000001721,-9.849,0.44,0.34,0.009,-0.013,0.006,45.93,35.3479056,-117.8094307,623.968,3,,
1527.278,-0.5839196000001721,-9.858,0.388,0.34,-0.001,-0.013,0.006,45.94,35.3479048,-117.8094312,624.056,3,,
1528.266,-1.1744708000001083,-9.854,0.464,0.301,0.006,-0.012,0.006,45.94,35.3479042,-117.8094318,624.081,3,,
1529.252,-0.5839196000001721,-9.854,0.373,0.373,0.009,-0.013,0.006,45.93,35.3479033,-117.8094324,624.191,3,,
1530.238,-1.4697464000000764,-9.854,0.426,0.325,0.006,-0.013,0.006,45.94,35.3479025,-117.8094327,624.314,3,,
1531.224,-1.1744708000001083,-9.849,0.416,0.345,0.01,-0.013,0.006,45.95,35.3479017,-117.8094334,624.408,3,,
1532.21,-2.0274892000002183,-9.863,0.402,0.345,0.006,-0.012,0.006,45.96,35.3479014,-117.8094327,624.48,3,,
1533.196,-1.4697464000000764,-9.849,0.426,0.325,0.005,-0.012,0.006,45.95,35.3479012,-117.8094322,624.562,3,,
1534.181,-0.8791952000001402,-9.858,0.416,0.335,0.006,-0.013,0.006,45.95,35.3479012,-117.8094309,624.563,3,,
1535.265,-2.0274892000002183,-9.868,0.402,0.349,0.007,-0.013,0.006,45.96,35.3479011,-117.80943,624.549,3,,
1536.251,-1.7322135999997954,-9.863,0.416,0.321,0.006,-0.013,0.006,45.97,35.3479012,-117.8094292,624.509,3,,
1537.237,-2.3227648000001864,-9.858,0.416,0.34,0.007,-0.013,0.006,45.97,35.3479012,-117.8094284,624.513,3,,
1538.221,-0.8791952000001402,-9.878,0.943,-0.364,0.039,-0.006,0.013,45.96,35.3479016,-117.8094276,624.44,3,,
1539.209,-1.1744708000001083,-9.849,0.507,0.402,0.031,-0.015,0.007,45.95,35.3479021,-117.8094269,624.335,3,,
1540.193,-0.5839196000001721,-9.868,0.445,0.359,0.01,-0.013,0.006,45.95,35.3479026,-117.8094263,624.245,3,,
1541.283,-2.0274892000002183,-9.849,0.402,0.368,0.009,-0.013,0.006,45.96,35.347903,-117.8094259,624.165,3,,
1542.269,-2.9133160000001226,-9.858,0.421,0.321,0.0,-0.012,0.006,45.97,35.3479031,-117.8094256,624.143,3,,
1543.255,-1.7322135999997954,-9.863,0.426,0.33,0.007,-0.012,0.006,45.98,35.3479034,-117.8094256,624.079,3,,
1544.243,-2.0274892000002183,-9.854,0.378,0.359,0.002,-0.012,0.006,45.99,35.3479036,-117.8094258,624.03,3,,
1545.229,-1.7322135999997954,-9.858,0.426,0.34,0.004,-0.013,0.009,45.99,35.3479035,-117.8094261,624.017,3,,
1546.222,-2.0274892000002183,-9.858,0.397,0.349,0.01,-0.013,0.005,45.99,35.3479037,-117.8094262,623.963,3,,
1547.209,-1.4697464000000764,-9.858,0.402,0.335,0.004,-0.013,0.006,46.0,35.3479036,-117.8094269,623.975,3,,
1548.197,-1.4697464000000764,-9.858,0.416,0.335,0.009,-0.012,0.005,46.01,35.3479037,-117.8094275,623.991,3,,
1549.181,-1.7322135999997954,-9.858,0.426,0.325,0.005,-0.015,0.006,46.01,35.3479041,-117.8094278,623.928,3,,
1550.267,-1.7322135999997954,-9.858,0.421,0.345,0.007,-0.012,0.006,46.02,35.3479043,-117.8094283,623.898,3,,
1551.254,0.006631600000218896,-9.844,0.416,0.354,0.004,-0.013,0.006,46.02,35.3479045,-117.8094288,623.847,3,,
1552.24,-1.1744708000001083,-9.854,0.407,0.349,0.007,-0.012,0.006,46.04,35.3479047,-117.8094292,623.775,3,,
1553.227,-0.8791952000001402,-9.858,0.412,0.354,0.006,-0.013,0.006,46.07,35.3479045,-117.8094298,623.759,3,,
1554.211,-1.4697464000000764,-9.849,0.412,0.34,0.007,-0.013,0.006,46.07,35.3479044,-117.8094305,623.741,3,,
1555.197,-1.4697464000000764,-9.849,0.402,0.33,0.006,-0.013,0.006,46.07,35.3479046,-117.8094308,623.691,3,,
1556.181,-0.8791952000001402,-9.854,0.416,0.33,0.007,-0.013,0.006,46.07,35.3479048,-117.809431,623.662,3,,
1557.268,-1.1744708000001083,-9.854,0.435,0.325,0.005,-0.012,0.006,46.08,35.3479042,-117.8094318,623.77,3,,
1558.255,-0.28864400000020396,-9.849,0.431,0.321,0.009,-0.013,0.006,46.08,35.3479038,-117.8094326,623.826,3,,
1559.241,-0.28864400000020396,-9.858,0.426,0.316,0.004,-0.013,0.006,46.09,35.3479038,-117.8094332,623.835,3,,
1560.225,-1.4697464000000764,-9.854,0.44,0.33,0.005,-0.012,0.006,46.1,35.3479038,-117.8094338,623.875,3,,
1561.21,-0.8791952000001402,-9.858,0.435,0.359,0.009,-0.015,0.006,46.12,35.3479032,-117.8094349,624.019,3,,
1562.196,-0.8791952000001402,-9.858,0.407,0.349,0.004,-0.012,0.006,46.12,35.3479026,-117.8094359,624.176,3,,
1563.178,-0.5839196000001721,-9.863,0.407,0.349,0.005,-0.013,0.006,46.11,35.3479017,-117.8094371,624.373,3,,
1564.262,-0.8791952000001402,-9.873,0.416,0.368,0.006,-0.012,0.006,46.12,35.3479009,-117.8094384,624.513,3,,
1565.252,-0.8791952000001402,-9.854,0.426,0.325,0.009,-0.013,0.005,46.13,35.3479002,-117.8094394,624.62,3,,
1566.235,-1.1744708000001083,-9.863,0.412,0.335,0.006,-0.013,0.006,46.13,35.3478992,-117.8094409,624.764,3,,
1567.218,-0.8791952000001402,-9.868,0.412,0.359,0.007,-0.013,0.005,46.13,35.3478984,-117.809442,624.856,3,,
1568.201,-1.4697464000000764,-9.858,0.416,0.321,0.006,-0.013,0.006,46.16,35.3478977,-117.8094429,624.932,3,,
1569.186,-2.0274892000002183,-9.863,0.421,0.34,0.009,-0.015,0.005,46.17,35.3478969,-117.8094439,625.037,3,,
1570.17,-0.8791952000001402,-9.868,0.397,0.34,0.006,-0.012,0.005,46.17,35.3478968,-117.809444,625.036,3,,
1571.253,-0.8791952000001402,-9.863,0.416,0.34,0.006,-0.013,0.007,46.17,35.3478966,-117.8094446,625.066,3,,
1572.238,-1.4697464000000764,-9.854,0.435,0.34,0.007,-0.012,0.006,46.17,35.3478965,-117.8094449,625.067,3,,
1573.22,-0.8791952000001402,-9.854,0.426,0.368,0.007,-0.015,0.006,46.17,35.3478952,-117.8094465,625.219,3,,
1574.204,-0.28864400000020396,-9.858,0.412,0.325,0.005,-0.013,0.006,46.17,35.3478947,-117.8094472,625.28,3,,
1575.187,-1.4697464000000764,-9.854,0.407,0.354,0.004,-0.013,0.006,46.19,35.3478948,-117.8094472,625.276,3,,
1576.172,-2.3227648000001864,-9.863,0.426,0.354,0.009,-0.012,0.007,46.2,35.3478943,-117.8094476,625.372,3,,
1577.26,-0.5839196000001721,-9.854,0.412,0.325,0.007,-0.013,0.006,46.21,35.3478938,-117.809448,625.433,3,,
1578.243,-2.0274892000002183,-9.849,0.44,0.368,0.006,-0.012,0.005,46.21,35.3478939,-117.8094481,625.411,3,,
1579.229,-1.1744708000001083,-9.854,0.421,0.359,0.009,-0.012,0.005,46.21,35.3478944,-117.8094478,625.304,3,,
1580.213,-0.8791952000001402,-9.863,0.426,0.306,0.009,-0.012,0.006,46.22,35.3478945,-117.8094478,625.295,3,,
1581.197,0.301907200000187,-9.858,0.435,0.359,0.006,-0.015,0.006,46.23,35.3478946,-117.8094477,625.23,3,,
1582.179,-0.8791952000001402,-9.858,0.421,0.402,0.006,-0.013,0.007,46.24,35.3478947,-117.8094479,625.219,3,,
1583.266,-0.5839196000001721,-9.882,0.402,0.287,0.005,-0.012,0.006,46.24,35.3478941,-117.8094487,625.316,3,,
1584.25,-1.4697464000000764,-9.858,0.426,0.301,0.007,-0.013,0.006,46.24,35.3478932,-117.8094491,625.529,3,,
1585.232,-0.28864400000020396,-9.849,0.435,0.34,0.005,-0.013,0.006,46.24,35.3478929,-117.8094495,625.623,3,,
1586.283,-0.8791952000001402,-9.854,0.435,0.397,0.009,-0.013,0.005,46.26,35.3478926,-117.8094498,625.655,3,,
1587.268,-1.1744708000001083,-9.868,0.431,0.345,0.01,-0.012,0.005,46.27,35.3478924,-117.8094502,625.788,3,,
1588.253,-1.7322135999997954,-9.854,0.402,0.316,0.007,-0.013,0.006,46.27,35.3478921,-117.8094504,625.912,3,,
1589.236,-1.1744708000001083,-9.839,0.44,0.397,0.009,-0.015,0.006,46.27,35.3478914,-117.8094512,626.11,3,,
1590.221,-1.4697464000000764,-9.849,0.459,0.459,0.007,-0.015,0.005,46.28,35.347891,-117.8094516,626.208,3,,
1591.205,-2.3227648000001864,-9.858,0.388,0.316,0.006,-0.012,0.005,46.3,35.3478906,-117.809452,626.29,3,,
1592.189,-1.1744708000001083,-9.854,0.392,0.34,0.006,-0.012,0.005,46.3,35.3478903,-117.8094525,626.303,3,,
1593.276,-1.4697464000000764,-9.849,0.402,0.378,0.005,-0.013,0.006,46.29,35.3478901,-117.8094528,626.32,3,,
1594.26,-0.28864400000020396,-9.868,0.421,0.34,0.006,-0.012,0.005,46.29,35.34789,-117.809453,626.336,3,,
1595.245,-1.7322135999997954,-9.849,0.364,0.349,0.006,-0.012,0.005,46.31,35.3478899,-117.8094532,626.364,3,,
1596.236,-0.5839196000001721,-9.868,0.431,0.325,0.005,-0.012,0.005,46.32,35.34789,-117.8094535,626.37,3,,
1597.222,-1.1744708000001083,-9.868,0.412,0.349,0.011,-0.012,0.006,46.33,35.34789,-117.8094535,626.404,3,,
1598.205,-0.8791952000001402,-9.868,0.44,0.368,0.007,-0.013,0.005,46.3,35.3478898,-117.8094535,626.48,3,,
1599.189,0.006631600000218896,-9.858,0.397,0.373,0.006,-0.013,0.006,46.29,35.3478898,-117.8094531,626.487,3,,
1600.172,-1.1744708000001083,-9.854,0.397,0.416,0.007,-0.015,0.007,46.3,35.3478897,-117.809453,626.491,3,,
1601.259,-0.28864400000020396,-9.858,0.435,0.33,0.004,-0.013,0.006,46.3,35.3478893,-117.809453,626.567,3,,
1602.243,-1.1744708000001083,-9.873,0.397,0.33,0.01,-0.012,0.004,46.3,35.3478892,-117.8094529,626.517,3,,
1603.244,0.301907200000187,-9.863,0.421,0.325,0.002,-0.012,0.007,46.31,35.3478893,-117.8094526,626.487,3,,
1604.23,-0.5839196000001721,-9.854,0.44,0.383,0.007,-0.013,0.005,46.31,35.3478893,-117.8094524,626.418,3,,
1605.214,-2.0274892000002183,-9.873,0.407,0.359,0.009,-0.012,0.005,46.31,35.3478892,-117.8094523,626.373,3,,
1606.197,0.006631600000218896,-9.868,0.378,0.301,0.007,-0.012,0.006,46.32,35.3478891,-117.8094519,626.281,3,,
1607.18,-0.5839196000001721,-9.863,0.392,0.287,0.01,-0.013,0.006,46.34,35.3478897,-117.8094513,626.209,3,,
1608.266,-1.1744708000001083,-9.854,0.416,0.325,0.004,-0.013,0.007,46.35,35.3478901,-117.8094508,626.201,3,,
1609.25,-0.5839196000001721,-9.858,0.445,0.373,0.011,-0.013,0.006,46.36,35.3478901,-117.8094501,626.115,3,,
1610.234,-0.5839196000001721,-9.858,0.388,0.321,0.006,-0.012,0.006,46.38,35.3478899,-117.8094498,626.055,3,,
1611.221,-0.8791952000001402,-9.863,0.435,0.373,0.004,-0.013,0.005,46.39,35.3478902,-117.8094497,626.008,3,,
1612.205,-1.1744708000001083,-9.863,0.469,0.378,0.007,-0.013,0.006,46.37,35.3478905,-117.8094492,625.994,3,,
1613.191,-1.7322135999997954,-9.863,0.421,0.359,0.007,-0.013,0.006,46.34,35.3478906,-117.8094489,625.976,3,,
1614.276,-1.4697464000000764,-9.863,0.421,0.316,0.006,-0.013,0.006,46.34,35.3478907,-117.8094486,625.943,3,,
1615.262,-0.8791952000001402,-9.858,0.412,0.349,0.006,-0.013,0.006,46.33,35.3478905,-117.8094488,625.972,3,,
1616.25,-0.28864400000020396,-9.858,0.402,0.359,0.006,-0.015,0.005,46.33,35.3478902,-117.8094492,626.016,3,,
1617.234,-1.1744708000001083,-9.863,0.435,0.33,0.01,-0.012,0.006,46.33,35.3478901,-117.8094492,626.053,3,,
1618.322,-1.1744708000001083,-9.858,0.431,0.388,0.007,-0.012,0.006,46.3,35.3478901,-117.8094491,626.118,3,,
1619.307,-0.8791952000001402,-9.858,0.421,0.368,0.005,-0.012,0.007,46.28,35.3478904,-117.8094491,626.178,3,,
1620.291,-2.3227648000001864,-9.868,0.455,0.345,0.006,-0.011,0.007,46.25,35.3478903,-117.8094493,626.207,3,,
1621.274,-2.0274892000002183,-9.849,0.431,0.359,0.007,-0.015,0.006,46.23,35.3478904,-117.8094493,626.301,3,,
1622.259,-2.0274892000002183,-9.854,0.431,0.373,0.005,-0.013,0.006,46.19,35.3478905,-117.8094493,626.355,3,,
1623.246,-0.8791952000001402,-9.854,0.431,0.335,0.007,-0.013,0.006,46.16,35.3478908,-117.8094491,626.44,3,,
1624.229,-2.0274892000002183,-9.854,0.402,0.359,0.006,-0.013,0.005,46.12,35.347891,-117.8094491,626.558,3,,
1625.216,-1.1744708000001083,-9.858,0.431,0.335,0.007,-0.013,0.006,46.09,35.3478911,-117.8094491,626.654,3,,
1626.203,-0.8791952000001402,-9.854,0.412,0.383,0.006,-0.012,0.006,46.05,35.3478913,-117.8094492,626.768,3,,
1627.288,-1.1744708000001083,-9.854,0.412,0.349,0.006,-0.013,0.006,46.02,35.3478916,-117.8094492,626.847,3,,
1628.273,-1.7322135999997954,-9.868,0.402,0.364,0.006,-0.012,0.006,46.01,35.3478916,-117.8094493,626.954,3,,
1629.258,-2.9133160000001226,-9.863,0.412,0.354,0.005,-0.013,0.006,46.02,35.3478916,-117.8094494,627.056,3,,
1630.242,-1.7322135999997954,-9.863,0.402,0.368,0.009,-0.015,0.006,46.0,35.3478917,-117.8094492,627.149,3,,
1631.227,-1.7322135999997954,-9.858,0.426,0.368,0.006,-0.013,0.006,46.0,35.3478917,-117.8094491,627.244,3,,
1632.217,-2.0274892000002183,-9.863,0.412,0.368,0.009,-0.013,0.007,45.99,35.3478917,-117.8094487,627.331,3,,
1633.202,-2.6180403999996997,-9.858,0.435,0.383,0.006,-0.012,0.007,45.97,35.3478918,-117.8094484,627.428,3,,
1634.286,-2.3227648000001864,-9.868,0.402,0.383,0.007,-0.012,0.006,45.97,35.347892,-117.8094483,627.524,3,,
1635.273,-2.6180403999996997,-9.854,0.416,0.354,0.007,-0.013,0.006,45.97,35.3478923,-117.8094479,627.62,3,,
1636.259,-0.8791952000001402,-9.868,0.421,0.354,0.007,-0.012,0.006,45.95,35.3478924,-117.8094474,627.707,3,,
1637.244,-1.1744708000001083,-9.858,0.421,0.33,0.007,-0.012,0.007,45.93,35.3478925,-117.8094472,627.81,3,,
1638.23,-1.7322135999997954,-9.858,0.407,0.354,0.005,-0.012,0.006,45.93,35.3478926,-117.8094471,627.806,3,,
1639.217,-1.7322135999997954,-9.858,0.421,0.34,0.006,-0.012,0.006,45.94,35.3478926,-117.8094469,627.827,3,,
1640.2,-1.1744708000001083,-9.858,0.426,0.345,0.007,-0.012,0.005,45.95,35.3478925,-117.8094468,627.836,3,,
1641.284,-1.1744708000001083,-9.854,0.421,0.34,0.007,-0.015,0.006,45.96,35.3478929,-117.8094466,627.864,3,,
1642.267,-1.4697464000000764,-9.863,0.412,0.364,0.007,-0.013,0.006,45.96,35.3478927,-117.8094465,628.017,3,,
1643.253,-1.4697464000000764,-9.863,0.431,0.354,0.007,-0.012,0.006,45.96,35.3478931,-117.8094461,628.025,3,,
1644.243,-1.4697464000000764,-9.854,0.412,0.364,0.005,-0.012,0.006,45.95,35.3478934,-117.8094456,627.964,3,,
1645.225,-0.5839196000001721,-9.849,0.412,0.354,0.004,-0.013,0.007,45.95,35.3478936,-117.8094451,627.967,3,,
1646.212,-1.4697464000000764,-9.849,0.412,0.354,0.004,-0.013,0.006,45.96,35.3478939,-117.8094445,627.932,3,,
1647.306,-1.7322135999997954,-9.858,0.407,0.345,0.007,-0.013,0.005,45.97,35.3478941,-117.8094441,627.856,3,,
1648.29,-1.1744708000001083,-9.858,0.416,0.359,0.011,-0.013,0.006,45.99,35.3478945,-117.8094435,627.758,3,,
1649.276,-1.4697464000000764,-9.858,0.407,0.354,0.005,-0.013,0.005,45.99,35.3478949,-117.8094429,627.676,3,,
1650.264,-1.7322135999997954,-9.854,0.426,0.349,0.009,-0.013,0.006,46.0,35.3478951,-117.8094423,627.627,3,,
1651.248,-1.4697464000000764,-9.849,0.412,0.33,0.005,-0.013,0.007,46.0,35.3478953,-117.8094418,627.53,3,,
1652.233,-1.4697464000000764,-9.858,0.412,0.349,0.01,-0.013,0.006,46.02,35.3478958,-117.8094413,627.386,3,,
1653.22,-1.7322135999997954,-9.844,0.426,0.345,0.006,-0.012,0.007,46.02,35.3478963,-117.8094403,627.269,3,,
1654.21,-1.4697464000000764,-9.854,0.416,0.349,0.005,-0.012,0.006,46.02,35.3478964,-117.8094397,627.207,3,,
1655.194,-0.28864400000020396,-9.863,0.412,0.325,0.007,-0.012,0.006,46.03,35.3478965,-117.809439,627.139,3,,
1656.293,-0.28864400000020396,-9.868,0.421,0.34,0.006,-0.013,0.006,46.04,35.3478968,-117.8094385,627.076,3,,
1657.28,-0.5839196000001721,-9.863,0.412,0.359,0.007,-0.013,0.006,46.04,35.347897,-117.8094384,627.054,3,,
1658.264,-1.7322135999997954,-9.863,0.416,0.33,0.004,-0.012,0.006,46.05,35.3478975,-117.8094382,627.019,3,,
1659.251,-0.5839196000001721,-9.854,0.412,0.345,0.006,-0.012,0.005,46.06,35.3478978,-117.8094378,626.989,3,,
1660.239,-1.1744708000001083,-9.858,0.412,0.335,0.005,-0.011,0.005,46.07,35.3478981,-117.8094373,626.977,3,,
1661.225,-0.5839196000001721,-9.849,0.402,0.416,0.0,-0.013,0.005,46.08,35.3478984,-117.8094369,627.011,3,,
1662.208,-1.1744708000001083,-9.863,0.426,0.1,-0.005,-0.01,0.005,46.09,35.3478986,-117.8094367,626.993,3,,
1663.297,-1.1744708000001083,-9.873,0.345,0.268,0.018,-0.013,0.006,46.1,35.3478989,-117.8094365,626.961,3,,
1664.285,0.006631600000218896,-9.868,0.431,0.364,-0.004,-0.015,0.006,46.1,35.3478992,-117.8094363,626.892,3,,
1665.274,-1.1744708000001083,-9.873,0.479,0.354,0.009,-0.013,0.006,46.1,35.3478997,-117.809436,626.819,3,,
1666.279,0.564374399999906,-9.854,0.349,0.364,-0.001,-0.012,0.006,46.1,35.3479,-117.809436,626.751,3,,
1667.274,-1.1744708000001083,-9.858,0.435,0.335,0.011,-0.012,0.006,46.12,35.3479006,-117.8094356,626.689,3,,
1668.261,-1.1744708000001083,-9.863,0.412,0.306,0.009,-0.013,0.006,46.14,35.3479013,-117.8094347,626.584,3,,
1669.244,-2.0274892000002183,-9.858,0.407,0.325,0.005,-0.013,0.006,46.14,35.347902,-117.8094338,626.479,3,,
1670.228,-2.0274892000002183,-9.858,0.44,0.335,0.002,-0.015,0.007,46.17,35.3479023,-117.809433,626.418,3,,
1671.213,-1.7322135999997954,-9.863,0.426,0.373,0.011,-0.013,0.006,46.17,35.3479026,-117.8094325,626.347,3,,
1672.197,0.006631600000218896,-9.858,0.426,0.349,0.006,-0.013,0.006,46.16,35.3479032,-117.8094317,626.217,3,,
1673.304,-1.1744708000001083,-9.863,0.435,0.349,0.006,-0.013,0.006,46.16,35.3479037,-117.8094309,626.113,3,,
1674.193,-0.8791952000001402,-9.868,0.435,0.359,0.006,-0.013,0.005,46.14,35.3479044,-117.80943,626.036,3,,
1675.28,-0.5839196000001721,-9.849,0.407,0.345,0.006,-0.015,0.006,46.15,35.347905,-117.8094293,625.954,3,,
1676.263,0.301907200000187,-9.858,0.421,0.359,0.005,-0.013,0.007,46.16,35.3479052,-117.8094292,625.906,3,,
1677.249,-1.7322135999997954,-9.849,0.407,0.345,0.013,-0.013,0.006,46.19,35.3479055,-117.809429,625.869,3,,
1678.237,0.006631600000218896,-9.858,0.426,0.311,0.004,-0.013,0.006,46.19,35.3479057,-117.8094284,625.826,3,,
1679.332,-0.28864400000020396,-9.858,0.407,0.373,0.006,-0.015,0.006,46.18,35.3479059,-117.8094278,625.785,3,,
1680.34,-1.7322135999997954,-9.858,0.421,0.316,0.007,-0.012,0.006,46.18,35.3479063,-117.8094272,625.719,3,,
1681.23,-1.7322135999997954,-9.849,0.455,0.321,0.007,-0.013,0.005,46.17,35.3479066,-117.8094266,625.59,3,,
1682.218,-0.5839196000001721,-9.863,0.498,0.249,0.009,-0.013,0.006,46.2,35.3479071,-117.8094259,625.494,3,,
1683.306,-1.1744708000001083,-9.854,0.45,0.412,0.013,-0.015,0.006,46.21,35.3479075,-117.8094255,625.411,3,,
1684.292,0.564374399999906,-9.868,0.354,0.412,-0.004,-0.011,0.006,46.22,35.3479076,-117.8094255,625.392,3,,
1685.282,-0.5839196000001721,-9.854,0.435,0.33,-0.001,-0.013,0.006,46.21,35.3479079,-117.8094256,625.356,3,,
1686.271,-0.28864400000020396,-9.858,0.426,0.34,0.015,-0.015,0.006,46.19,35.3479079,-117.8094258,625.385,3,,
1687.254,-0.5839196000001721,-9.858,0.368,0.364,0.006,-0.012,0.005,46.19,35.3479081,-117.8094258,625.393,3,,
1688.257,-2.3227648000001864,-9.863,0.469,0.373,0.004,-0.015,0.006,46.18,35.3479083,-117.8094257,625.402,3,,
1689.243,-0.8791952000001402,-9.854,0.416,0.349,0.006,-0.012,0.006,46.15,35.3479087,-117.8094254,625.317,3,,
1690.229,-0.8791952000001402,-9.854,0.44,0.402,0.002,-0.012,0.006,46.15,35.347909,-117.8094252,625.251,3,,
1691.224,-0.5839196000001721,-9.854,0.474,0.33,0.001,-0.012,0.006,46.13,35.3479093,-117.809425,625.199,3,,
1692.213,-1.4697464000000764,-9.863,0.416,0.373,-0.002,-0.013,0.006,46.12,35.3479097,-117.8094245,625.16,3,,
1693.31,-0.28864400000020396,-9.858,0.407,0.359,0.01,-0.013,0.005,46.11,35.3479101,-117.809424,625.151,3,,
1694.298,0.301907200000187,-9.854,0.412,0.349,0.011,-0.013,0.006,46.08,35.3479103,-117.8094238,625.154,3,,
1695.286,-1.7322135999997954,-9.863,0.421,0.359,0.005,-0.012,0.005,46.06,35.3479107,-117.8094237,625.142,3,,
1696.275,-0.8791952000001402,-9.849,0.397,0.33,0.009,-0.013,0.006,46.08,35.347911,-117.8094235,625.085,3,,
1697.261,-0.8791952000001402,-9.854,0.435,0.373,-0.001,-0.012,0.006,46.08,35.3479111,-117.8094233,625.138,3,,
1698.252,0.301907200000187,-9.873,0.44,0.354,0.009,-0.013,0.006,46.06,35.3479108,-117.8094234,625.31,3,,
1699.243,-0.28864400000020396,-9.858,0.378,0.378,0.004,-0.013,0.006,46.05,35.3479102,-117.8094236,625.563,3,,
1700.228,0.301907200000187,-9.868,0.431,0.359,0.006,-0.013,0.005,46.03,35.3479097,-117.8094239,625.793,3,,
1701.214,-1.4697464000000764,-9.863,0.416,0.354,0.01,-0.012,0.006,46.02,35.3479091,-117.8094242,626.004,3,,
1702.2,-0.8791952000001402,-9.858,0.421,0.354,0.005,-0.011,0.006,46.01,35.3479086,-117.8094244,626.172,3,,
1703.285,-0.8791952000001402,-9.854,0.421,0.368,0.007,-0.013,0.005,46.0,35.347908,-117.8094248,626.399,3,,
1704.27,-1.7322135999997954,-9.868,0.421,0.33,0.006,-0.013,0.005,46.01,35.3479074,-117.8094254,626.554,3,,
1705.257,0.301907200000187,-9.854,0.416,0.345,0.009,-0.012,0.006,46.02,35.347907,-117.8094255,626.767,3,,
1706.246,0.006631600000218896,-9.863,0.421,0.345,0.004,-0.012,0.006,46.03,35.3479069,-117.8094258,626.918,3,,
1707.232,-0.28864400000020396,-9.868,0.435,0.325,0.007,-0.012,0.006,46.05,35.3479065,-117.8094262,627.092,3,,
1708.32,-1.4697464000000764,-9.858,0.44,0.364,0.006,-0.013,0.006,46.06,35.3479065,-117.8094261,627.157,3,,
1709.309,0.006631600000218896,-9.858,0.407,0.335,0.005,-0.012,0.006,46.06,35.3479064,-117.8094266,627.241,3,,
1710.294,1.4502011999998103,-9.858,0.421,0.354,0.005,-0.012,0.006,46.06,35.3479064,-117.8094264,627.32,3,,
1711.278,-0.5839196000001721,-9.854,0.412,0.349,0.009,-0.013,0.007,46.05,35.3479064,-117.8094264,627.416,3,,
1712.266,1.154925600000297,-9.868,0.392,0.349,0.006,-0.013,0.005,46.06,35.3479063,-117.8094263,627.555,3,,
1713.255,0.006631600000218896,-9.849,0.479,0.392,0.011,-0.013,0.006,46.07,35.3479061,-117.8094269,627.701,3,,
1714.245,0.564374399999906,-9.868,0.412,0.33,0.004,-0.012,0.005,46.07,35.3479058,-117.8094275,627.831,3,,
1715.231,0.8596499999998741,-9.868,0.407,0.354,0.012,-0.013,0.005,46.08,35.3479057,-117.8094279,627.953,3,,
1716.22,-1.1744708000001083,-9.844,0.426,0.431,0.005,-0.013,0.006,46.09,35.3479055,-117.8094285,628.057,3,,
1717.31,-1.7322135999997954,-9.844,0.44,0.383,0.009,-0.012,0.007,46.07,35.3479054,-117.8094291,628.154,3,,
1718.293,0.8596499999998741,-9.863,0.416,0.354,0.009,-0.013,0.006,46.07,35.3479054,-117.8094294,628.267,3,,
1719.281,-0.8791952000001402,-9.868,0.421,0.392,0.009,-0.012,0.005,46.11,35.3479052,-117.8094299,628.36,3,,
1720.271,0.006631600000218896,-9.858,0.412,0.287,0.006,-0.012,0.006,46.12,35.3479049,-117.8094306,628.467,3,,
1721.266,0.006631600000218896,-9.863,0.431,0.373,0.007,-0.013,0.006,46.13,35.3479048,-117.8094303,628.508,3,,
1722.253,0.006631600000218896,-9.854,0.407,0.359,0.005,-0.013,0.006,46.14,35.3479047,-117.8094302,628.529,3,,
1723.245,1.4502011999998103,-9.858,0.392,0.397,0.006,-0.013,0.006,46.15,35.3479045,-117.8094302,628.551,3,,
1724.233,-0.8791952000001402,-9.858,0.368,0.34,0.006,-0.013,0.005,46.15,35.3479045,-117.8094299,628.508,3,,
1725.217,-0.8791952000001402,-9.858,0.412,0.359,0.012,-0.015,0.006,46.16,35.3479044,-117.8094301,628.531,3,,
1726.204,-1.4697464000000764,-9.858,0.359,0.345,0.006,-0.012,0.005,46.15,35.3479043,-117.8094305,628.55,3,,
1727.193,0.301907200000187,-9.849,0.474,0.431,0.009,-0.012,0.006,46.16,35.3479043,-117.8094306,628.574,3,,
1728.279,0.564374399999906,-9.854,0.426,0.34,-0.004,-0.012,0.006,46.16,35.3479042,-117.8094305,628.565,3,,
1729.269,0.8596499999998741,-9.868,0.388,0.368,0.011,-0.013,0.005,46.17,35.3479043,-117.8094301,628.508,3,,
1730.255,-0.5839196000001721,-9.863,0.431,0.345,0.006,-0.012,0.005,46.2,35.3479043,-117.8094303,628.463,3,,
1731.242,-1.1744708000001083,-9.849,0.469,0.412,0.005,-0.012,0.006,46.2,35.3479043,-117.8094304,628.414,3,,
1732.229,1.154925600000297,-9.858,0.474,0.435,0.005,-0.013,0.006,46.2,35.3479041,-117.8094308,628.372,3,,
1733.224,0.006631600000218896,-9.868,0.402,0.373,0.013,-0.016,0.006,46.18,35.3479038,-117.8094314,628.336,3,,
1734.219,0.006631600000218896,-9.868,0.407,0.311,0.015,-0.011,0.005,46.17,35.3479034,-117.8094323,628.317,3,,
1735.308,0.301907200000187,-9.873,0.34,0.316,0.01,-0.011,0.005,46.19,35.3479031,-117.8094328,628.325,3,,
1736.192,-0.5839196000001721,-9.854,0.373,0.306,-0.006,-0.012,0.007,46.2,35.347903,-117.8094332,628.302,3,,
1737.29,0.564374399999906,-9.863,0.373,0.364,0.001,-0.011,0.006,46.2,35.3479028,-117.8094339,628.323,3,,
1738.279,0.006631600000218896,-9.858,0.364,0.234,0.001,-0.015,0.006,46.22,35.3479026,-117.8094346,628.303,3,,
1739.269,0.301907200000187,-9.868,0.392,0.421,0.007,-0.015,0.007,46.23,35.3479026,-117.809435,628.314,3,,
1740.257,-0.8791952000001402,-9.863,0.431,0.359,0.004,-0.013,0.006,46.24,35.3479025,-117.8094355,628.235,3,,
1741.247,0.006631600000218896,-9.863,0.416,0.349,0.012,-0.012,0.005,46.25,35.3479029,-117.8094345,628.065,3,,
1742.233,0.006631600000218896,-9.854,0.388,0.345,0.005,-0.011,0.006,46.26,35.347903,-117.8094341,627.978,3,,
1743.221,-0.8791952000001402,-9.868,0.388,0.297,0.006,-0.013,0.004,46.27,35.3479032,-117.8094339,627.875,3,,
1744.208,-0.5839196000001721,-9.878,0.402,0.34,0.005,-0.012,0.007,46.26,35.3479034,-117.8094333,627.718,3,,
1745.297,-1.1744708000001083,-9.858,0.44,0.373,0.006,-0.013,0.006,46.27,35.3479037,-117.8094326,627.592,3,,
1746.281,-0.5839196000001721,-9.858,0.402,0.388,0.007,-0.013,0.006,46.26,35.3479038,-117.8094321,627.464,3,,
1747.275,-0.28864400000020396,-9.868,0.426,0.359,0.006,-0.012,0.007,46.28,35.3479041,-117.8094317,627.316,3,,
1748.264,0.006631600000218896,-9.854,0.416,0.345,0.007,-0.012,0.006,46.3,35.3479044,-117.8094312,627.238,3,,
1749.248,-0.28864400000020396,-9.863,0.397,0.345,0.004,-0.013,0.006,46.3,35.3479046,-117.8094312,627.213,3,,
1750.235,-0.28864400000020396,-9.854,0.402,0.359,0.006,-0.013,0.006,46.3,35.3479047,-117.8094311,627.21,3,,
1751.221,0.564374399999906,-9.858,0.421,0.373,0.006,-0.013,0.005,46.31,35.3479049,-117.809431,627.176,3,,
1752.216,-1.1744708000001083,-9.858,0.416,0.354,0.009,-0.012,0.006,46.29,35.3479051,-117.8094306,627.111,3,,
1753.202,-0.5839196000001721,-9.868,0.412,0.359,0.007,-0.013,0.006,46.26,35.3479054,-117.809431,627.131,3,,
1754.303,-1.7322135999997954,-9.868,0.416,0.359,0.007,-0.013,0.005,46.26,35.3479054,-117.8094307,627.082,3,,
1755.291,0.006631600000218896,-9.854,0.412,0.349,0.005,-0.013,0.005,46.25,35.3479057,-117.8094302,627.065,3,,
1756.278,-0.8791952000001402,-9.858,0.416,0.359,0.009,-0.012,0.006,46.25,35.3479059,-117.8094302,627.081,3,,
1757.265,-0.28864400000020396,-9.858,0.421,0.345,0.007,-0.013,0.006,46.25,35.347906,-117.8094303,627.079,3,,
1758.253,-1.1744708000001083,-9.858,0.431,0.325,0.007,-0.012,0.005,46.23,35.347906,-117.8094299,627.076,3,,
1759.246,-0.5839196000001721,-9.854,0.421,0.359,0.007,-0.012,0.006,46.21,35.3479057,-117.8094295,627.046,3,,
1760.232,-1.4697464000000764,-9.854,0.421,0.349,0.005,-0.012,0.006,46.15,35.3479053,-117.8094291,627.014,3,,
1761.218,-0.28864400000020396,-9.868,0.421,0.345,0.009,-0.012,0.005,46.12,35.3479047,-117.809429,627.007,3,,
1762.206,-1.4697464000000764,-9.863,0.416,0.335,0.009,-0.013,0.005,46.11,35.347904,-117.8094294,627.032,3,,
1763.295,-1.7322135999997954,-9.858,0.421,0.33,0.006,-0.013,0.007,46.09,35.3479032,-117.8094297,627.033,3,,
1764.282,-0.8791952000001402,-9.849,0.421,0.345,0.005,-0.013,0.006,46.08,35.3479027,-117.8094299,627.041,3,,
1765.268,0.301907200000187,-9.863,0.412,0.354,0.006,-0.013,0.005,46.08,35.3479019,-117.8094306,627.08,3,,
1766.258,-0.5839196000001721,-9.858,0.407,0.354,0.005,-0.012,0.004,46.08,35.3479016,-117.809431,627.148,3,,
1767.245,-0.5839196000001721,-9.854,0.407,0.335,0.009,-0.012,0.005,46.06,35.3479012,-117.8094311,627.178,3,,
1768.231,-0.8791952000001402,-9.858,0.421,0.345,0.005,-0.013,0.006,46.08,35.3479007,-117.8094314,627.257,3,,
1769.22,-0.5839196000001721,-9.854,0.421,0.364,0.006,-0.012,0.005,46.07,35.3479003,-117.8094316,627.325,3,,
1770.308,-1.4697464000000764,-9.854,0.421,0.359,0.006,-0.013,0.006,46.05,35.3478999,-117.8094317,627.388,3,,
1771.294,-0.8791952000001402,-9.858,0.412,0.345,0.006,-0.012,0.006,46.03,35.3478995,-117.8094316,627.414,3,,
1772.28,-0.8791952000001402,-9.854,0.426,0.349,0.006,-0.013,0.006,46.04,35.3478992,-117.8094315,627.448,3,,
1773.27,-0.5839196000001721,-9.858,0.402,0.34,0.007,-0.013,0.006,46.05,35.3478992,-117.8094314,627.431,3,,
1774.255,-0.8791952000001402,-9.858,0.407,0.335,0.006,-0.013,0.006,46.06,35.347899,-117.8094315,627.425,3,,
1775.364,-1.1744708000001083,-9.854,0.407,0.349,0.006,-0.013,0.006,46.07,35.347899,-117.8094317,627.422,3,,
1776.253,-1.1744708000001083,-9.854,0.431,0.335,0.005,-0.015,0.007,46.06,35.3478991,-117.809432,627.347,3,,
1777.239,-0.8791952000001402,-9.849,0.412,0.335,0.006,-0.013,0.005,46.06,35.3478991,-117.8094323,627.272,3,,
1778.227,0.301907200000187,-9.854,0.407,0.345,0.007,-0.013,0.005,46.07,35.3478993,-117.8094322,627.202,3,,
1779.214,-2.0274892000002183,-9.854,0.421,0.345,0.006,-0.013,0.005,46.05,35.3478993,-117.8094321,627.145,3,,
1780.202,0.301907200000187,-9.854,0.416,0.311,0.007,-0.012,0.006,46.03,35.3478995,-117.809432,627.04,3,,
1781.291,-1.4697464000000764,-9.858,0.402,0.268,0.006,-0.012,0.005,46.01,35.3478995,-117.8094322,626.889,3,,
1782.277,0.006631600000218896,-9.844,0.421,0.33,0.005,-0.013,0.006,45.99,35.3478995,-117.809432,626.738,3,,
1783.272,-0.8791952000001402,-9.863,0.397,0.345,0.007,-0.013,0.006,46.01,35.3478995,-117.8094321,626.618,3,,
1784.261,-0.5839196000001721,-9.858,0.426,0.345,0.006,-0.012,0.006,46.0,35.3478993,-117.8094321,626.495,3,,
1785.247,-1.1744708000001083,-9.863,0.421,0.34,0.007,-0.013,0.005,46.0,35.3478992,-117.8094323,626.428,3,,
1786.234,-0.5839196000001721,-9.849,0.412,0.364,0.006,-0.012,0.006,46.0,35.3478995,-117.8094325,626.422,3,,
1787.222,-1.7322135999997954,-9.858,0.421,0.349,0.006,-0.013,0.005,46.02,35.3478995,-117.8094326,626.405,3,,
1788.211,-0.5839196000001721,-9.863,0.421,0.311,0.006,-0.013,0.006,46.01,35.3478997,-117.8094328,626.458,3,,
1789.297,-0.8791952000001402,-9.854,0.412,0.254,0.007,-0.012,0.006,45.97,35.3478999,-117.8094326,626.344,3,,
1790.305,0.301907200000187,-9.863,0.392,0.187,0.006,-0.012,0.006,45.92,35.3478997,-117.8094328,626.324,3,,
1791.292,0.564374399999906,-9.858,0.412,0.244,0.009,-0.013,0.006,45.92,35.3478994,-117.8094328,626.306,3,,
1792.279,-1.4697464000000764,-9.858,0.412,0.268,0.006,-0.012,0.005,45.91,35.3478993,-117.8094328,626.262,3,,
1793.272,-0.5839196000001721,-9.858,0.431,0.306,0.006,-0.012,0.006,45.94,35.3478991,-117.8094335,626.296,3,,
1794.262,-0.8791952000001402,-9.849,0.402,0.311,0.006,-0.013,0.006,45.99,35.3478988,-117.8094342,626.364,3,,
1795.248,-0.5839196000001721,-9.849,0.431,0.34,0.006,-0.013,0.006,46.0,35.3478987,-117.8094345,626.36,3,,
1796.239,-0.5839196000001721,-9.854,0.407,0.335,0.006,-0.013,0.006,46.0,35.3478988,-117.8094344,626.358,3,,
1797.235,-0.8791952000001402,-9.854,0.416,0.335,0.006,-0.013,0.005,46.02,35.3478994,-117.8094341,626.316,3,,
1798.221,-0.8791952000001402,-9.854,0.421,0.335,0.006,-0.013,0.006,46.04,35.3479001,-117.8094335,626.224,3,,
1799.312,0.006631600000218896,-9.854,0.407,0.335,0.007,-0.012,0.006,46.06,35.3479005,-117.8094328,626.17,3,,
1800.204,-1.1744708000001083,-9.854,0.431,0.33,0.007,-0.012,0.006,46.07,35.3479011,-117.8094323,626.129,3,,
1801.293,-1.4697464000000764,-9.858,0.421,0.33,0.009,-0.012,0.006,46.08,35.3479014,-117.8094321,626.18,3,,
1802.28,-1.1744708000001083,-9.854,0.392,0.23,0.006,-0.013,0.006,46.03,35.3479013,-117.8094325,626.359,3,,
1803.265,-1.1744708000001083,-9.863,0.383,0.211,0.006,-0.013,0.006,45.98,35.3479011,-117.8094326,626.473,3,,
1804.253,-0.5839196000001721,-9.854,0.402,0.211,0.007,-0.013,0.006,45.99,35.3479013,-117.8094323,626.522,3,,
1805.24,0.564374399999906,-9.854,0.416,0.282,0.005,-0.013,0.006,46.02,35.3479017,-117.8094318,626.531,3,,
1806.23,-0.28864400000020396,-9.868,0.44,0.325,0.006,-0.012,0.006,46.05,35.3479021,-117.8094312,626.483,3,,
1807.225,-1.1744708000001083,-9.858,0.407,0.297,0.007,-0.013,0.006,46.08,35.3479024,-117.8094308,626.478,3,,
1808.212,-1.4697464000000764,-9.854,0.426,0.33,0.005,-0.012,0.007,46.07,35.3479026,-117.8094307,626.459,3,,
1809.197,0.006631600000218896,-9.858,0.431,0.335,0.007,-0.013,0.007,46.08,35.3479028,-117.8094309,626.472,3,,
1810.293,0.006631600000218896,-9.858,0.402,0.345,0.006,-0.013,0.006,46.09,35.3479029,-117.8094309,626.501,3,,
1811.346,0.301907200000187,-9.858,0.44,0.316,0.007,-0.013,0.005,46.1,35.3479026,-117.8094313,626.597,3,,
1812.233,0.8596499999998741,-9.858,0.407,0.321,0.009,-0.013,0.005,46.11,35.3479023,-117.8094318,626.755,3,,
1813.219,-0.28864400000020396,-9.873,0.416,0.292,0.006,-0.013,0.006,46.12,35.3479024,-117.8094323,626.889,3,,
1814.209,-0.8791952000001402,-9.863,0.416,0.278,0.007,-0.013,0.006,46.12,35.3479032,-117.8094325,626.933,3,,
1815.197,-1.7322135999997954,-9.858,0.435,0.278,0.007,-0.012,0.006,46.07,35.3479037,-117.8094327,627.009,3,,
1816.185,-0.8791952000001402,-9.858,0.407,0.258,0.006,-0.013,0.006,46.08,35.347904,-117.8094325,627.104,3,,
1817.273,-1.4697464000000764,-9.858,0.435,0.311,0.007,-0.015,0.005,46.11,35.347904,-117.8094326,627.205,3,,
1818.261,-0.5839196000001721,-9.858,0.421,0.325,0.005,-0.015,0.006,46.13,35.3479036,-117.8094327,627.352,3,,
1819.252,-1.1744708000001083,-9.863,0.421,0.335,0.006,-0.012,0.006,46.13,35.3479037,-117.8094327,627.455,3,,
1820.248,-0.28864400000020396,-9.854,0.402,0.345,0.006,-0.013,0.006,46.14,35.3479036,-117.8094327,627.566,3,,
1821.235,0.006631600000218896,-9.873,0.397,0.345,0.007,-0.013,0.006,46.15,35.3479034,-117.8094329,627.737,3,,
1822.225,-0.8791952000001402,-9.854,0.397,0.349,0.005,-0.013,0.006,46.15,35.3479037,-117.8094326,627.779,3,,
1823.212,0.301907200000187,-9.854,0.402,0.196,0.005,-0.012,0.005,46.14,35.3479038,-117.8094323,627.827,3,,
1824.199,-0.5839196000001721,-9.854,0.421,0.278,0.005,-0.013,0.006,46.1,35.3479041,-117.8094318,627.832,3,,
1825.287,-0.8791952000001402,-9.863,0.388,0.211,0.006,-0.015,0.005,46.1,35.3479043,-117.8094316,627.892,3,,
1826.276,-0.28864400000020396,-9.849,0.402,0.234,0.005,-0.012,0.006,45.97,35.3479044,-117.8094313,627.922,3,,
1827.261,-0.28864400000020396,-9.854,0.402,0.191,0.005,-0.013,0.005,45.83,35.3479047,-117.8094309,627.847,3,,
1828.246,-1.4697464000000764,-9.858,0.402,0.148,0.006,-0.012,0.005,45.79,35.3479048,-117.8094307,627.853,3,,
1829.233,-0.5839196000001721,-9.849,0.383,0.124,0.007,-0.013,0.007,45.75,35.347905,-117.8094303,627.817,3,,
1830.223,0.301907200000187,-9.854,0.402,0.148,0.007,-0.012,0.006,45.7,35.3479049,-117.8094305,627.877,3,,
1831.311,0.564374399999906,-9.858,0.402,0.177,0.009,-0.012,0.005,45.71,35.3479047,-117.8094308,627.926,3,,
1832.197,0.301907200000187,-9.858,0.407,0.144,0.009,-0.013,0.005,45.69,35.3479046,-117.8094309,627.829,3,,
1833.287,0.006631600000218896,-9.854,0.397,0.077,0.005,-0.013,0.005,45.65,35.3479047,-117.8094314,627.782,3,,
1834.273,-0.8791952000001402,-9.854,0.421,0.196,0.006,-0.013,0.005,45.69,35.3479048,-117.8094319,627.709,3,,
1835.259,-0.5839196000001721,-9.854,0.402,0.287,0.006,-0.012,0.006,45.76,35.3479051,-117.8094321,627.558,3,,
1836.247,-1.1744708000001083,-9.858,0.416,0.311,0.006,-0.012,0.006,45.82,35.3479049,-117.8094325,627.498,3,,
1837.237,0.006631600000218896,-9.858,0.421,0.311,0.007,-0.012,0.006,45.86,35.347905,-117.8094326,627.416,3,,
1838.224,-0.5839196000001721,-9.854,0.412,0.287,0.005,-0.013,0.005,45.86,35.3479054,-117.8094325,627.369,3,,
1839.211,-0.28864400000020396,-9.858,0.388,0.278,0.009,-0.012,0.005,45.88,35.3479058,-117.8094325,627.318,3,,
1840.198,-1.1744708000001083,-9.854,0.416,0.282,0.006,-0.013,0.006,45.89,35.3479061,-117.8094325,627.272,3,,
1841.182,0.006631600000218896,-9.854,0.421,0.282,0.006,-0.013,0.006,45.85,35.3479066,-117.8094323,627.217,3,,
1842.268,0.564374399999906,-9.849,0.402,0.258,0.006,-0.013,0.006,45.85,35.3479067,-117.8094324,627.243,3,,
1843.257,-0.5839196000001721,-9.849,0.431,0.292,0.007,-0.012,0.006,45.85,35.3479068,-117.8094326,627.305,3,,
1844.249,-0.28864400000020396,-9.854,0.421,0.172,0.007,-0.013,0.006,45.79,35.3479068,-117.8094329,627.369,3,,
1845.235,0.006631600000218896,-9.844,0.392,0.177,0.006,-0.013,0.005,45.67,35.3479073,-117.8094325,627.431,3,,
1846.222,0.006631600000218896,-9.854,0.412,0.134,0.007,-0.013,0.005,45.67,35.3479078,-117.8094325,627.486,3,,
1847.215,-0.28864400000020396,-9.858,0.388,0.196,0.005,-0.015,0.006,45.7,35.3479085,-117.8094325,627.548,3,,
1848.202,-0.28864400000020396,-9.854,0.421,0.167,0.007,-0.012,0.005,45.69,35.3479091,-117.8094324,627.636,3,,
1849.189,-0.5839196000001721,-9.858,0.407,0.301,0.009,-0.012,0.005,45.74,35.3479098,-117.8094321,627.597,3,,
1850.177,0.006631600000218896,-9.849,0.388,0.273,0.002,-0.012,0.006,45.8,35.3479105,-117.809432,627.571,3,,
1851.271,0.564374399999906,-9.858,0.431,0.273,0.007,-0.013,0.005,45.81,35.3479107,-117.8094321,627.631,3,,
1852.256,-0.8791952000001402,-9.858,0.397,0.292,0.007,-0.012,0.006,45.81,35.3479112,-117.8094316,627.617,3,,
1853.247,-0.5839196000001721,-9.854,0.416,0.33,0.005,-0.012,0.006,45.84,35.347911,-117.8094323,627.807,3,,
1854.234,0.301907200000187,-9.854,0.392,0.33,0.007,-0.013,0.006,45.86,35.3479114,-117.8094321,627.795,3,,
1855.221,0.301907200000187,-9.868,0.383,0.345,0.006,-0.013,0.006,45.87,35.3479116,-117.8094319,627.852,3,,
1856.311,0.006631600000218896,-9.844,0.402,0.33,0.005,-0.013,0.006,45.9,35.3479114,-117.8094317,627.989,3,,
1857.301,0.301907200000187,-9.858,0.407,0.335,0.006,-0.012,0.005,45.91,35.3479112,-117.8094317,628.109,3,,
1858.296,0.006631600000218896,-9.858,0.416,0.345,0.005,-0.012,0.005,45.91,35.347911,-117.8094318,628.22,3,,
1859.286,-0.8791952000001402,-9.849,0.412,0.335,0.006,-0.015,0.006,45.92,35.3479109,-117.809432,628.286,3,,
1860.277,-0.8791952000001402,-9.858,0.431,0.368,0.006,-0.013,0.006,45.94,35.3479109,-117.8094321,628.326,3,,
1861.268,-1.7322135999997954,-9.863,0.421,0.34,0.004,-0.012,0.006,45.95,35.3479109,-117.8094326,628.295,3,,
1862.255,-1.1744708000001083,-9.849,0.435,0.316,0.007,-0.011,0.006,45.95,35.3479109,-117.8094335,628.293,3,,
1863.243,-0.5839196000001721,-9.849,0.392,0.321,0.004,-0.012,0.005,45.95,35.3479107,-117.8094341,628.316,3,,
1864.233,-0.8791952000001402,-9.863,0.431,0.33,0.006,-0.012,0.006,45.96,35.3479105,-117.8094346,628.268,3,,
1865.219,-1.4697464000000764,-9.868,0.392,0.345,0.006,-0.012,0.007,45.99,35.3479104,-117.8094352,628.225,3,,
1866.205,-0.5839196000001721,-9.854,0.392,0.321,0.005,-0.013,0.006,46.0,35.3479105,-117.8094357,628.191,3,,
1867.298,0.564374399999906,-9.849,0.431,0.335,0.01,-0.012,0.006,45.99,35.3479106,-117.8094365,628.144,3,,
1868.283,-1.1744708000001083,-9.854,0.412,0.345,0.006,-0.013,0.005,46.0,35.3479107,-117.8094372,628.072,3,,
1869.271,-0.8791952000001402,-9.854,0.426,0.335,0.006,-0.012,0.006,46.01,35.347911,-117.8094377,628.005,3,,
1870.255,-0.28864400000020396,-9.858,0.402,0.354,0.007,-0.013,0.005,46.03,35.3479112,-117.8094382,627.939,3,,
1871.253,-0.5839196000001721,-9.868,0.412,0.354,0.006,-0.013,0.006,46.05,35.3479115,-117.8094388,627.936,3,,
1872.24,-1.1744708000001083,-9.858,0.426,0.345,0.006,-0.012,0.006,46.06,35.3479118,-117.8094393,627.908,3,,
1873.233,-1.4697464000000764,-9.863,0.402,0.354,0.005,-0.013,0.006,46.05,35.3479122,-117.8094396,627.872,3,,
1874.223,0.301907200000187,-9.863,0.431,0.34,0.006,-0.013,0.006,46.05,35.3479123,-117.8094402,627.836,3,,
1875.211,0.006631600000218896,-9.854,0.426,0.349,0.007,-0.015,0.005,46.06,35.3479124,-117.8094406,627.844,3,,
1876.196,-0.8791952000001402,-9.854,0.412,0.268,0.007,-0.013,0.006,46.03,35.3479125,-117.8094413,627.806,3,,
1877.283,-0.28864400000020396,-9.858,0.392,0.335,0.006,-0.012,0.005,45.99,35.3479125,-117.8094419,627.763,3,,
1878.271,-0.8791952000001402,-9.849,0.426,0.321,0.006,-0.013,0.006,46.02,35.3479126,-117.8094417,627.672,3,,
1879.257,-0.8791952000001402,-9.854,0.416,0.325,0.007,-0.013,0.007,46.05,35.3479129,-117.8094413,627.507,3,,
1880.248,-1.1744708000001083,-9.858,0.407,0.335,0.006,-0.012,0.006,46.06,35.3479129,-117.8094416,627.407,3,,
1881.24,-0.28864400000020396,-9.854,0.421,0.325,0.009,-0.013,0.005,46.06,35.347913,-117.8094415,627.396,3,,
1882.228,-1.4697464000000764,-9.849,0.416,0.34,0.006,-0.012,0.007,46.07,35.3479129,-117.8094414,627.371,3,,
1883.213,-1.4697464000000764,-9.858,0.407,0.34,0.007,-0.015,0.006,46.09,35.3479129,-117.8094411,627.322,3,,
1884.3,-1.7322135999997954,-9.854,0.416,0.34,0.007,-0.012,0.006,46.1,35.3479128,-117.809441,627.299,3,,
1885.287,-0.28864400000020396,-9.854,0.421,0.345,0.006,-0.013,0.006,46.1,35.3479127,-117.8094413,627.254,3,,
1886.274,0.006631600000218896,-9.854,0.416,0.349,0.006,-0.015,0.005,46.1,35.3479125,-117.8094416,627.3,3,,
1887.261,-1.7322135999997954,-9.858,0.412,0.354,0.007,-0.013,0.006,46.1,35.3479125,-117.8094417,627.307,3,,
1888.253,-0.5839196000001721,-9.854,0.416,0.345,0.005,-0.015,0.006,46.09,35.3479125,-117.8094421,627.339,3,,
1889.238,-0.5839196000001721,-9.858,0.416,0.34,0.006,-0.012,0.006,46.1,35.3479124,-117.8094424,627.291,3,,
1890.224,-2.3227648000001864,-9.858,0.416,0.354,0.007,-0.013,0.006,46.1,35.3479124,-117.8094426,627.261,3,,
1891.211,-0.28864400000020396,-9.854,0.407,0.373,0.005,-0.013,0.006,46.09,35.3479126,-117.8094427,627.218,3,,
1892.302,0.006631600000218896,-9.858,0.431,0.359,0.006,-0.013,0.005,46.07,35.3479125,-117.8094427,627.201,3,,
1893.291,-0.8791952000001402,-9.858,0.402,0.368,0.007,-0.012,0.005,46.07,35.3479126,-117.8094425,627.138,3,,
1894.279,0.006631600000218896,-9.863,0.426,0.364,0.004,-0.013,0.007,46.05,35.3479126,-117.8094423,627.116,3,,
1895.274,0.006631600000218896,-9.863,0.407,0.349,0.007,-0.015,0.005,46.03,35.3479124,-117.809442,627.119,3,,
1896.262,-0.5839196000001721,-9.849,0.407,0.359,0.004,-0.013,0.006,46.02,35.3479123,-117.8094415,627.15,3,,
1897.251,-0.8791952000001402,-9.858,0.431,0.33,0.005,-0.012,0.005,46.02,35.3479123,-117.809441,627.157,3,,
1898.239,-0.5839196000001721,-9.854,0.402,0.349,0.009,-0.015,0.005,46.03,35.3479125,-117.8094403,627.134,3,,
1899.235,-0.5839196000001721,-9.858,0.431,0.33,0.006,-0.013,0.006,46.03,35.3479124,-117.80944,627.152,3,,
1900.223,0.006631600000218896,-9.873,0.435,0.33,0.009,-0.013,0.006,46.0,35.3479123,-117.8094395,627.193,3,,
1901.212,0.006631600000218896,-9.858,0.416,0.345,0.006,-0.013,0.006,45.95,35.3479122,-117.8094391,627.262,3,,
1902.202,-0.28864400000020396,-9.849,0.416,0.359,0.007,-0.013,0.005,45.93,35.347912,-117.8094386,627.31,3,,
1903.29,-1.1744708000001083,-9.854,0.431,0.359,0.006,-0.013,0.006,45.92,35.3479119,-117.8094382,627.347,3,,
1904.275,0.006631600000218896,-9.854,0.45,0.321,0.007,-0.012,0.006,45.9,35.3479119,-117.8094376,627.394,3,,
1905.265,1.7454767999997785,-9.863,0.416,0.373,0.006,-0.012,0.006,45.89,35.3479118,-117.8094371,627.458,3,,
1906.26,-0.8791952000001402,-9.849,0.435,0.345,0.007,-0.013,0.006,45.88,35.3479117,-117.8094366,627.508,3,,
1907.251,-0.28864400000020396,-9.849,0.431,0.34,0.005,-0.012,0.006,45.88,35.3479116,-117.8094361,627.535,3,,
1908.238,-1.4697464000000764,-9.854,0.426,0.364,0.005,-0.013,0.007,45.86,35.3479116,-117.8094355,627.587,3,,
1909.228,-0.8791952000001402,-9.849,0.445,0.345,0.005,-0.013,0.007,45.87,35.3479115,-117.8094352,627.662,3,,
1910.216,0.301907200000187,-9.858,0.412,0.345,0.006,-0.013,0.005,45.87,35.3479114,-117.8094347,627.658,3,,
1911.307,-0.28864400000020396,-9.863,0.421,0.34,0.006,-0.013,0.006,45.87,35.3479112,-117.8094342,627.651,3,,
1912.192,-0.5839196000001721,-9.858,0.407,0.349,0.006,-0.013,0.006,45.88,35.3479112,-117.8094338,627.643,3,,
1913.283,-1.4697464000000764,-9.854,0.416,0.34,0.006,-0.013,0.006,45.9,35.3479109,-117.8094336,627.666,3,,
1914.269,0.006631600000218896,-9.858,0.421,0.349,0.005,-0.013,0.006,45.91,35.347911,-117.8094332,627.658,3,,
1915.257,-2.0274892000002183,-9.863,0.431,0.364,0.006,-0.013,0.006,45.91,35.3479108,-117.8094331,627.658,3,,
1916.248,0.006631600000218896,-9.858,0.412,0.335,0.007,-0.012,0.005,45.91,35.347911,-117.8094326,627.601,3,,
1917.233,-0.28864400000020396,-9.854,0.412,0.34,0.004,-0.012,0.006,45.92,35.3479111,-117.8094321,627.506,3,,
1918.225,-1.7322135999997954,-9.863,0.426,0.364,0.006,-0.013,0.006,45.91,35.3479113,-117.8094319,627.36,3,,
1919.223,0.301907200000187,-9.849,0.426,0.354,0.007,-0.013,0.005,45.92,35.3479115,-117.8094314,627.196,3,,
1920.212,0.006631600000218896,-9.858,0.431,0.349,0.006,-0.013,0.006,45.91,35.3479117,-117.8094309,627.041,3,,
1921.203,-0.5839196000001721,-9.854,0.412,0.33,0.006,-0.012,0.006,45.91,35.3479119,-117.8094309,626.893,3,,
1922.195,-0.5839196000001721,-9.849,0.431,0.33,0.006,-0.013,0.006,45.93,35.347912,-117.8094307,626.81,3,,
1923.285,-1.7322135999997954,-9.849,0.416,0.306,0.007,-0.013,0.006,45.92,35.3479121,-117.8094306,626.758,3,,
1924.28,-0.28864400000020396,-9.858,0.421,0.287,0.006,-0.013,0.006,45.89,35.3479123,-117.8094305,626.719,3,,
1925.266,-0.28864400000020396,-9.854,0.407,0.311,0.006,-0.013,0.006,45.9,35.3479127,-117.8094305,626.661,3,,
1926.255,0.301907200000187,-9.849,0.431,0.311,0.002,-0.013,0.005,45.92,35.3479127,-117.8094306,626.642,3,,
1927.257,-1.4697464000000764,-9.854,0.421,0.301,0.005,-0.013,0.006,45.95,35.3479129,-117.8094312,626.619,3,,
1928.246,-0.28864400000020396,-9.858,0.412,0.325,0.007,-0.013,0.005,45.95,35.3479131,-117.8094316,626.578,3,,
1929.231,-1.4697464000000764,-9.854,0.416,0.34,0.007,-0.013,0.006,45.97,35.3479134,-117.809432,626.537,3,,
1930.222,0.006631600000218896,-9.849,0.421,0.33,0.005,-0.013,0.007,45.99,35.3479135,-117.8094323,626.518,3,,
1931.309,-0.8791952000001402,-9.854,0.416,0.359,0.006,-0.012,0.005,46.0,35.3479139,-117.8094326,626.501,3,,
1932.205,-0.28864400000020396,-9.863,0.421,0.335,0.007,-0.012,0.006,46.01,35.3479142,-117.8094326,626.514,3,,
1933.296,-0.28864400000020396,-9.868,0.402,0.292,0.006,-0.012,0.005,46.02,35.3479143,-117.8094331,626.597,3,,
1934.188,-0.5839196000001721,-9.858,0.412,0.316,0.006,-0.013,0.005,46.03,35.3479143,-117.809433,626.682,3,,
1935.276,-0.8791952000001402,-9.858,0.421,0.282,0.006,-0.012,0.006,46.04,35.3479146,-117.8094332,626.786,3,,
1936.275,-0.8791952000001402,-9.854,0.416,0.292,0.007,-0.013,0.006,46.04,35.3479146,-117.8094336,626.857,3,,
1937.273,-0.8791952000001402,-9.858,0.421,0.301,0.005,-0.013,0.005,46.03,35.3479146,-117.8094341,626.875,3,,
1938.26,-0.28864400000020396,-9.854,0.426,0.325,0.006,-0.013,0.006,46.04,35.3479147,-117.8094343,626.862,3,,
1939.245,0.006631600000218896,-9.854,0.416,0.34,0.006,-0.013,0.006,46.07,35.3479149,-117.8094345,626.85,3,,
1940.235,-0.8791952000001402,-9.849,0.407,0.234,0.006,-0.013,0.006,46.09,35.347915,-117.8094346,626.83,3,,
1941.223,-0.28864400000020396,-9.858,0.416,0.244,0.007,-0.013,0.006,46.07,35.3479152,-117.8094346,626.792,3,,
1942.216,-0.28864400000020396,-9.854,0.421,0.268,0.006,-0.015,0.006,46.03,35.3479156,-117.8094346,626.71,3,,
1943.202,-0.8791952000001402,-9.858,0.426,0.273,0.006,-0.013,0.005,46.04,35.3479155,-117.8094347,626.696,3,,
1944.193,-0.5839196000001721,-9.854,0.388,0.182,0.006,-0.013,0.007,46.05,35.3479155,-117.8094347,626.668,3,,
1945.281,1.4502011999998103,-9.854,0.402,0.148,0.007,-0.013,0.006,46.02,35.3479148,-117.8094359,626.796,3,,
1946.268,0.564374399999906,-9.854,0.378,0.187,0.006,-0.012,0.006,46.01,35.3479144,-117.8094367,626.847,3,,
1947.255,0.564374399999906,-9.854,0.407,0.187,0.006,-0.013,0.006,46.01,35.3479139,-117.8094371,626.881,3,,
1948.242,-0.5839196000001721,-9.854,0.402,0.191,0.006,-0.013,0.007,46.0,35.3479135,-117.8094372,626.908,3,,
1949.236,0.006631600000218896,-9.863,0.402,0.225,0.006,-0.013,0.006,46.01,35.347913,-117.8094376,626.929,3,,
1950.227,-0.5839196000001721,-9.854,0.407,0.258,0.006,-0.015,0.005,46.03,35.3479125,-117.8094378,626.974,3,,
1951.217,0.301907200000187,-9.863,0.407,0.292,0.006,-0.013,0.006,46.05,35.3479118,-117.8094384,627.009,3,,
1952.204,-0.8791952000001402,-9.849,0.402,0.287,0.006,-0.013,0.006,46.06,35.3479115,-117.809439,627.056,3,,
1953.192,-1.7322135999997954,-9.858,0.431,0.278,0.007,-0.013,0.006,46.08,35.3479111,-117.8094392,627.08,3,,
1954.185,-0.28864400000020396,-9.854,0.421,0.22,0.006,-0.013,0.006,46.09,35.3479107,-117.8094395,627.095,3,,
1955.273,-1.4697464000000764,-9.854,0.397,0.153,0.007,-0.013,0.006,46.05,35.3479106,-117.8094392,627.03,3,,
1956.26,0.301907200000187,-9.849,0.392,0.239,0.005,-0.015,0.005,46.02,35.3479104,-117.8094392,626.97,3,,
1957.249,0.301907200000187,-9.854,0.397,0.297,0.006,-0.013,0.006,46.03,35.3479103,-117.8094395,626.937,3,,
1958.238,-0.5839196000001721,-9.854,0.397,0.167,0.01,-0.013,0.006,46.02,35.3479093,-117.8094413,627.141,3,,
1959.222,0.301907200000187,-9.844,0.378,0.234,0.004,-0.012,0.005,45.96,35.3479088,-117.809442,627.22,3,,
1960.209,0.006631600000218896,-9.858,0.402,0.239,0.015,-0.013,0.007,45.96,35.3479081,-117.8094433,627.361,3,,
1961.201,1.154925600000297,-9.849,0.392,0.148,0.009,-0.013,0.006,45.92,35.3479077,-117.8094445,627.434,3,,
1962.19,0.006631600000218896,-9.863,0.412,0.177,0.004,-0.013,0.006,45.86,35.3479077,-117.8094446,627.335,3,,
1963.176,0.301907200000187,-9.854,0.402,0.0,0.002,-0.012,0.005,45.83,35.3479077,-117.8094445,627.263,3,,
1964.264,0.301907200000187,-9.844,0.402,-0.048,0.001,-0.013,0.006,45.75,35.3479075,-117.8094444,627.193,3,,
1965.258,-0.28864400000020396,-9.849,0.412,-0.086,0.01,-0.013,0.006,45.73,35.3479073,-117.8094442,627.094,3,,
1966.25,1.154925600000297,-9.854,0.378,-0.053,0.005,-0.012,0.006,45.69,35.3479072,-117.8094442,626.981,3,,
1967.239,-1.1744708000001083,-9.844,0.397,-0.038,0.005,-0.012,0.006,45.64,35.3479071,-117.8094441,626.918,3,,
1968.238,0.006631600000218896,-9.839,0.364,-0.077,0.009,-0.012,0.005,45.6,35.3479063,-117.8094459,627.103,3,,
1969.23,-0.5839196000001721,-9.849,0.368,-0.029,0.007,-0.013,0.005,45.56,35.3479059,-117.809447,627.176,3,,
1970.219,0.301907200000187,-9.844,0.378,-0.077,0.006,-0.013,0.006,45.47,35.3479051,-117.8094487,627.352,3,,
1971.214,-0.8791952000001402,-9.839,0.383,-0.005,0.006,-0.012,0.005,45.35,35.3479046,-117.8094495,627.389,3,,
1972.208,0.564374399999906,-9.844,0.383,0.067,0.006,-0.013,0.006,45.26,35.3479039,-117.809451,627.479,3,,
1973.21,0.006631600000218896,-9.854,0.402,0.081,0.006,-0.012,0.006,45.28,35.347903,-117.8094527,627.647,3,,
1974.194,-0.5839196000001721,-9.849,0.397,0.12,0.005,-0.013,0.006,45.3,35.3479025,-117.8094536,627.756,3,,
1975.281,-1.4697464000000764,-9.854,0.402,0.196,0.005,-0.012,0.006,45.32,35.347902,-117.8094544,627.812,3,,
1976.268,-0.28864400000020396,-9.844,0.397,0.148,0.006,-0.012,0.006,45.35,35.3479015,-117.8094552,627.928,3,,
1977.253,-0.28864400000020396,-9.858,0.407,0.167,0.005,-0.012,0.005,45.35,35.3479011,-117.809456,628.032,3,,
1978.238,0.006631600000218896,-9.854,0.407,0.23,0.006,-0.013,0.006,45.38,35.3479009,-117.8094566,628.107,3,,
1979.228,0.006631600000218896,-9.854,0.412,0.297,0.007,-0.013,0.005,45.4,35.3479007,-117.8094569,628.109,3,,
1980.219,-1.1744708000001083,-9.839,0.402,0.167,0.006,-0.012,0.005,45.42,35.3479005,-117.8094573,628.083,3,,
1981.216,-0.28864400000020396,-9.849,0.431,0.325,0.006,-0.012,0.006,45.42,35.3479003,-117.8094575,628.037,3,,
1982.302,-0.28864400000020396,-9.854,0.421,0.263,0.007,-0.012,0.005,45.44,35.3479003,-117.8094575,628.056,3,,
1983.188,-0.5839196000001721,-9.854,0.412,0.287,0.007,-0.013,0.006,45.44,35.3479,-117.8094574,628.183,3,,
1984.273,-0.8791952000001402,-9.854,0.421,0.321,0.007,-0.012,0.006,45.44,35.3478997,-117.8094573,628.307,3,,
1985.258,0.8596499999998741,-9.863,0.416,0.335,0.007,-0.012,0.006,45.46,35.3478995,-117.809457,628.397,3,,
1986.249,-0.28864400000020396,-9.844,0.416,0.325,0.006,-0.015,0.006,45.47,35.3478995,-117.8094562,628.425,3,,
1987.246,-1.4697464000000764,-9.863,0.416,0.321,0.006,-0.013,0.006,45.48,35.3478994,-117.8094557,628.403,3,,
1988.232,-0.5839196000001721,-9.844,0.412,0.254,0.006,-0.013,0.006,45.5,35.3478994,-117.8094549,628.406,3,,
1989.228,0.564374399999906,-9.858,0.416,0.306,0.006,-0.015,0.006,45.5,35.3478995,-117.8094544,628.429,3,,
1990.227,-0.28864400000020396,-9.858,0.416,0.292,0.005,-0.012,0.006,45.51,35.3478994,-117.8094539,628.459,3,,
1991.212,0.301907200000187,-9.849,0.412,0.278,0.006,-0.013,0.006,45.52,35.3478993,-117.8094535,628.493,3,,
1992.198,-0.28864400000020396,-9.839,0.402,0.278,0.006,-0.013,0.005,45.54,35.3478994,-117.809453,628.468,3,,
1993.192,0.301907200000187,-9.863,0.407,0.316,0.006,-0.013,0.007,45.55,35.3478993,-117.8094525,628.459,3,,
1994.178,-0.5839196000001721,-9.849,0.426,0.33,0.006,-0.012,0.006,45.57,35.3478992,-117.809452,628.438,3,,
1995.271,-0.5839196000001721,-9.858,0.421,0.335,0.007,-0.013,0.005,45.58,35.3478988,-117.8094514,628.513,3,,
1996.257,-0.5839196000001721,-9.863,0.426,0.34,0.006,-0.013,0.006,45.58,35.3478987,-117.8094503,628.702,3,,
1997.248,-0.28864400000020396,-9.854,0.421,0.349,0.007,-0.013,0.006,45.59,35.3478982,-117.80945,628.816,3,,
1998.24,-0.28864400000020396,-9.863,0.412,0.345,0.006,-0.012,0.005,45.6,35.347898,-117.8094494,628.919,3,,
1999.226,-0.5839196000001721,-9.854,0.412,0.335,0.007,-0.013,0.005,45.61,35.3478975,-117.809449,628.989,3,,
2000.211,0.564374399999906,-9.858,0.416,0.297,0.006,-0.012,0.005,45.62,35.347897,-117.8094487,629.016,3,,
2001.199,0.564374399999906,-9.858,0.412,0.34,0.007,-0.015,0.005,45.63,35.3478967,-117.8094485,629.093,3,,
2002.288,0.301907200000187,-9.854,0.416,0.34,0.006,-0.013,0.005,45.64,35.3478965,-117.809448,629.166,3,,
2003.274,1.154925600000297,-9.835,0.392,0.163,0.007,-0.012,0.005,45.63,35.3478965,-117.8094477,629.158,3,,
2004.263,-0.28864400000020396,-9.849,0.402,0.191,0.006,-0.013,0.006,45.59,35.3478965,-117.8094476,629.097,3,,
2005.25,0.301907200000187,-9.858,0.431,0.311,0.006,-0.013,0.005,45.56,35.3478966,-117.8094475,629.073,3,,
2006.236,-0.28864400000020396,-9.858,0.416,0.316,0.005,-0.012,0.006,45.6,35.3478969,-117.8094473,629.091,3,,
2007.223,0.006631600000218896,-9.844,0.435,0.301,0.005,-0.012,0.006,45.63,35.347897,-117.8094472,629.063,3,,
2008.213,0.301907200000187,-9.849,0.416,0.325,0.007,-0.013,0.005,45.65,35.3478973,-117.809447,629.018,3,,
2009.201,-0.28864400000020396,-9.858,0.421,0.34,0.005,-0.015,0.006,45.66,35.3478976,-117.8094468,628.896,3,,
2010.187,0.006631600000218896,-9.863,0.407,0.34,0.005,-0.012,0.006,45.67,35.3478979,-117.8094467,628.809,3,,
2011.275,-0.5839196000001721,-9.863,0.407,0.345,0.006,-0.011,0.006,45.68,35.3478982,-117.809446,628.723,3,,
2012.261,-0.28864400000020396,-9.854,0.412,0.33,0.006,-0.012,0.005,45.69,35.3478985,-117.8094456,628.672,3,,
2013.252,-0.5839196000001721,-9.849,0.416,0.345,0.006,-0.012,0.006,45.71,35.3478983,-117.809444,628.569,3,,
2014.24,0.564374399999906,-9.854,0.416,0.258,0.006,-0.013,0.006,45.72,35.3478985,-117.8094425,628.442,3,,
2015.228,-0.28864400000020396,-9.858,0.412,0.287,0.006,-0.013,0.007,45.72,35.3478987,-117.8094415,628.324,3,,
2016.216,0.301907200000187,-9.854,0.416,0.325,0.006,-0.015,0.005,45.71,35.3478993,-117.8094406,628.194,3,,
2017.203,0.006631600000218896,-9.863,0.416,0.297,0.006,-0.012,0.006,45.73,35.3479,-117.8094396,628.064,3,,
2018.192,-0.5839196000001721,-9.858,0.412,0.306,0.007,-0.012,0.005,45.74,35.3479005,-117.8094386,627.913,3,,
2019.185,0.564374399999906,-9.854,0.402,0.282,0.007,-0.013,0.006,45.75,35.347901,-117.8094372,627.774,3,,
2020.182,0.301907200000187,-9.858,0.412,0.278,0.005,-0.012,0.005,45.75,35.3479014,-117.8094362,627.689,3,,
2021.166,2.303219600000375,-9.863,0.421,0.311,0.006,-0.012,0.006,45.75,35.3479014,-117.8094355,627.611,3,,
2022.261,1.4502011999998103,-9.849,0.416,0.321,0.007,-0.012,0.006,45.77,35.3479017,-117.8094348,627.551,3,,
2023.248,-0.5839196000001721,-9.849,0.412,0.292,0.006,-0.013,0.006,45.77,35.347902,-117.8094345,627.508,3,,
2024.236,0.564374399999906,-9.858,0.416,0.325,0.007,-0.015,0.006,45.78,35.347902,-117.8094341,627.464,3,,
2025.226,-0.5839196000001721,-9.863,0.412,0.34,0.005,-0.013,0.006,45.8,35.3479021,-117.8094335,627.411,3,,
2026.211,2.007943999999952,-9.863,0.416,0.321,0.007,-0.013,0.007,45.8,35.3479023,-117.809433,627.387,3,,
2027.195,0.301907200000187,-9.858,0.416,0.268,0.006,-0.013,0.006,45.81,35.3479023,-117.8094331,627.415,3,,
2028.182,0.301907200000187,-9.844,0.407,0.201,0.007,-0.012,0.006,45.79,35.3479025,-117.8094329,627.421,3,,
2029.274,0.301907200000187,-9.849,0.407,0.191,0.006,-0.013,0.006,45.76,35.3479025,-117.8094327,627.469,3,,
2030.263,0.8596499999998741,-9.854,0.392,0.144,0.006,-0.013,0.006,45.7,35.3479025,-117.8094328,627.497,3,,
2031.249,1.154925600000297,-9.849,0.383,0.077,0.007,-0.013,0.007,45.64,35.3479027,-117.8094321,627.488,3,,
2032.237,1.4502011999998103,-9.849,0.392,0.153,0.006,-0.013,0.005,45.6,35.3479029,-117.8094305,627.437,3,,
2033.223,0.564374399999906,-9.854,0.392,0.115,0.006,-0.012,0.006,45.58,35.3479032,-117.809429,627.366,3,,
2034.214,0.006631600000218896,-9.839,0.373,0.048,0.006,-0.012,0.006,45.55,35.3479033,-117.8094289,627.354,3,,
2035.205,1.4502011999998103,-9.849,0.392,0.091,0.007,-0.012,0.006,45.54,35.3479034,-117.8094288,627.319,3,,
2036.266,0.8596499999998741,-9.849,0.407,0.201,0.006,-0.013,0.005,45.54,35.3479036,-117.8094281,627.165,3,,
2037.253,0.8596499999998741,-9.849,0.407,0.22,0.006,-0.013,0.006,45.53,35.3479037,-117.809427,627.144,3,,
2038.238,0.8596499999998741,-9.849,0.407,0.23,0.007,-0.012,0.006,45.52,35.3479037,-117.8094263,627.111,3,,
2039.229,1.4502011999998103,-9.854,0.426,0.287,0.006,-0.012,0.005,45.5,35.3479041,-117.8094258,627.031,3,,
2040.213,1.154925600000297,-9.849,0.412,0.321,0.007,-0.013,0.006,45.55,35.3479045,-117.8094247,626.949,3,,
2041.2,2.007943999999952,-9.854,0.388,0.172,0.007,-0.012,0.005,45.55,35.3479051,-117.8094236,626.831,3,,
2042.199,1.154925600000297,-9.854,0.397,0.201,0.006,-0.013,0.005,45.53,35.3479054,-117.8094228,626.788,3,,
2043.196,0.564374399999906,-9.854,0.416,0.297,0.006,-0.012,0.005,45.49,35.347906,-117.8094216,626.726,3,,
2044.183,1.7454767999997785,-9.849,0.416,0.316,0.006,-0.012,0.006,45.5,35.3479067,-117.8094209,626.652,3,,
2045.272,0.301907200000187,-9.854,0.402,0.23,0.006,-0.012,0.006,45.53,35.3479073,-117.8094203,626.61,3,,
2046.271,1.4502011999998103,-9.863,0.426,0.311,0.005,-0.013,0.006,45.46,35.3479079,-117.8094199,626.618,3,,
2047.258,0.8596499999998741,-9.854,0.412,0.292,0.006,-0.013,0.005,45.44,35.3479084,-117.8094197,626.62,3,,
2048.251,-0.5839196000001721,-9.844,0.407,0.177,0.005,-0.012,0.007,45.37,35.3479092,-117.8094192,626.612,3,,
2049.243,1.7454767999997785,-9.849,0.416,0.254,0.004,-0.013,0.006,45.33,35.3479096,-117.809419,626.606,3,,
2050.243,2.007943999999952,-9.849,0.421,0.278,0.006,-0.012,0.006,45.33,35.3479101,-117.8094184,626.585,3,,
2051.23,0.301907200000187,-9.854,0.412,0.301,0.006,-0.013,0.005,45.33,35.3479105,-117.8094184,626.613,3,,
2052.217,0.564374399999906,-9.839,0.407,0.144,0.006,-0.012,0.006,45.36,35.3479107,-117.8094186,626.662,3,,
2053.209,1.7454767999997785,-9.849,0.407,0.172,0.007,-0.013,0.007,45.33,35.3479111,-117.8094185,626.659,3,,
2054.212,0.8596499999998741,-9.839,0.397,0.172,0.006,-0.012,0.005,45.26,35.3479115,-117.8094186,626.633,3,,
2055.198,1.154925600000297,-9.854,0.402,0.158,0.007,-0.012,0.007,45.21,35.3479117,-117.8094191,626.606,3,,
2056.188,1.154925600000297,-9.844,0.402,0.187,0.006,-0.013,0.006,45.16,35.347912,-117.8094194,626.568,3,,
2057.279,0.301907200000187,-9.858,0.388,0.215,0.006,-0.013,0.005,45.12,35.347912,-117.8094202,626.632,3,,
2058.276,-0.5839196000001721,-9.844,0.412,0.187,0.006,-0.012,0.005,45.11,35.3479118,-117.809421,626.667,3,,
2059.263,-0.28864400000020396,-9.858,0.397,0.177,0.006,-0.013,0.005,45.12,35.3479118,-117.8094217,626.683,3,,
2060.252,0.564374399999906,-9.854,0.402,0.215,0.005,-0.011,0.006,45.1,35.3479116,-117.8094226,626.734,3,,
2061.241,1.4502011999998103,-9.854,0.416,0.268,0.007,-0.013,0.005,45.15,35.3479115,-117.8094235,626.777,3,,
2062.238,1.4502011999998103,-9.849,0.412,0.182,0.004,-0.012,0.006,45.16,35.3479116,-117.8094241,626.77,3,,
2063.225,2.303219600000375,-9.844,0.416,0.22,0.006,-0.012,0.005,45.13,35.3479117,-117.8094248,626.799,3,,
2064.21,0.8596499999998741,-9.849,0.388,0.139,0.006,-0.013,0.006,45.15,35.3479117,-117.8094255,626.782,3,,
2065.197,0.301907200000187,-9.844,0.407,0.196,0.006,-0.013,0.005,45.15,35.3479114,-117.8094266,626.819,3,,
2066.186,0.8596499999998741,-9.854,0.412,0.23,0.009,-0.012,0.006,45.12,35.3479112,-117.8094272,626.833,3,,
2067.174,0.301907200000187,-9.844,0.426,0.311,0.006,-0.012,0.005,45.09,35.3479108,-117.8094281,626.905,3,,
2068.268,1.154925600000297,-9.858,0.402,0.325,0.006,-0.013,0.005,45.11,35.3479104,-117.8094291,627.034,3,,
2069.256,0.301907200000187,-9.854,0.445,0.273,0.017,-0.015,0.005,45.14,35.3479101,-117.8094298,627.136,3,,
2070.246,-0.5839196000001721,-9.849,0.397,0.249,0.006,-0.012,0.006,45.16,35.3479098,-117.8094305,627.197,3,,
2071.232,0.8596499999998741,-9.844,0.407,0.292,0.011,-0.013,0.006,45.16,35.3479097,-117.8094309,627.198,3,,
2072.219,0.006631600000218896,-9.854,0.392,0.321,0.004,-0.013,0.005,45.19,35.3479093,-117.8094311,627.242,3,,
2073.21,-0.8791952000001402,-9.849,0.469,0.278,0.005,-0.011,0.006,45.16,35.3479092,-117.8094313,627.29,3,,
2074.199,0.301907200000187,-9.844,0.44,0.177,0.006,-0.012,0.007,45.09,35.3479089,-117.8094315,627.324,3,,
2075.186,-0.28864400000020396,-9.844,0.392,0.191,0.007,-0.012,0.005,45.1,35.3479088,-117.8094313,627.347,3,,
2076.274,0.006631600000218896,-9.854,0.407,0.239,0.002,-0.013,0.006,45.11,35.3479085,-117.8094312,627.361,3,,
2077.26,-0.28864400000020396,-9.844,0.407,0.311,0.007,-0.013,0.006,45.14,35.3479081,-117.8094316,627.399,3,,
2078.249,1.7454767999997785,-9.844,0.388,0.211,0.005,-0.013,0.006,45.16,35.3479077,-117.8094318,627.417,3,,
2079.237,-0.28864400000020396,-9.844,0.402,0.191,0.005,-0.012,0.006,45.09,35.3479071,-117.8094316,627.441,3,,
2080.233,1.4502011999998103,-9.849,0.388,0.148,0.007,-0.011,0.005,45.04,35.3479066,-117.8094314,627.447,3,,
2081.221,1.154925600000297,-9.854,0.402,0.177,0.006,-0.013,0.006,45.02,35.3479062,-117.8094312,627.435,3,,
2082.207,0.301907200000187,-9.839,0.402,0.029,0.004,-0.012,0.005,45.01,35.3479059,-117.8094308,627.424,3,,
2083.195,0.564374399999906,-9.854,0.373,0.086,0.007,-0.012,0.005,45.05,35.3479055,-117.8094304,627.405,3,,
2084.184,0.301907200000187,-9.854,0.412,0.297,0.005,-0.012,0.006,45.1,35.3479051,-117.8094301,627.383,3,,
2085.274,0.8596499999998741,-9.863,0.435,0.254,0.007,-0.013,0.005,45.16,35.347905,-117.8094301,627.338,3,,
2086.261,-0.5839196000001721,-9.849,0.407,0.301,0.011,-0.013,0.005,45.18,35.347905,-117.80943,627.236,3,,
2087.251,0.006631600000218896,-9.858,0.378,0.206,0.01,-0.011,0.005,45.19,35.3479053,-117.8094293,627.174,3,,
2088.239,0.006631600000218896,-9.849,0.426,0.191,0.002,-0.013,0.006,45.2,35.3479055,-117.8094287,627.123,3,,
2089.227,0.301907200000187,-9.858,0.407,0.225,0.009,-0.013,0.005,45.22,35.3479057,-117.8094282,627.052,3,,
2090.213,-0.28864400000020396,-9.854,0.416,0.249,0.001,-0.012,0.006,45.25,35.347906,-117.8094278,627.016,3,,
2091.201,0.301907200000187,-9.849,0.412,0.12,0.007,-0.012,0.005,45.25,35.3479064,-117.8094274,626.989,3,,
2092.188,1.7454767999997785,-9.858,0.402,0.153,0.007,-0.013,0.006,45.19,35.3479067,-117.8094273,626.967,3,,
2093.173,2.007943999999952,-9.844,0.388,0.182,0.006,-0.012,0.005,45.12,35.3479069,-117.8094276,626.9,3,,
2094.27,0.564374399999906,-9.839,0.416,0.096,0.005,-0.013,0.005,45.12,35.3479071,-117.8094277,626.863,3,,
2095.258,0.006631600000218896,-9.854,0.402,0.273,0.005,-0.012,0.006,45.15,35.3479073,-117.8094281,626.807,3,,
2096.245,1.154925600000297,-9.854,0.397,0.153,0.005,-0.013,0.005,45.19,35.3479075,-117.8094284,626.77,3,,
2097.23,0.301907200000187,-9.849,0.416,0.115,0.006,-0.012,0.006,45.2,35.3479081,-117.8094285,626.719,3,,
2098.215,-1.1744708000001083,-9.854,0.416,0.273,0.004,-0.012,0.006,45.19,35.3479087,-117.8094283,626.639,3,,
2099.202,1.4502011999998103,-9.849,0.412,0.292,0.007,-0.012,0.006,45.22,35.3479099,-117.8094276,626.512,3,,
2100.186,1.154925600000297,-9.844,0.416,0.325,0.005,-0.013,0.006,45.26,35.3479111,-117.8094269,626.327,3,,
2101.271,-0.5839196000001721,-9.858,0.44,0.349,0.005,-0.012,0.004,45.28,35.3479127,-117.8094256,626.203,3,,
2102.258,-0.28864400000020396,-9.849,0.416,0.234,0.006,-0.013,0.005,45.3,35.347914,-117.8094243,626.18,3,,
2103.244,1.154925600000297,-9.849,0.426,0.249,0.005,-0.013,0.006,45.3,35.3479154,-117.8094228,626.038,3,,
2104.234,-0.28864400000020396,-9.849,0.397,0.311,0.005,-0.012,0.005,45.31,35.3479168,-117.8094215,625.967,3,,
2105.218,-0.5839196000001721,-9.854,0.412,0.301,0.01,-0.012,0.005,45.33,35.3479179,-117.8094205,625.957,3,,
2106.207,-0.5839196000001721,-9.854,0.412,0.301,0.006,-0.013,0.006,45.35,35.3479184,-117.8094202,626.017,3,,
2107.292,0.301907200000187,-9.849,0.416,0.244,0.007,-0.013,0.006,45.35,35.347919,-117.80942,626.076,3,,
2108.278,-0.5839196000001721,-9.854,0.407,0.268,0.006,-0.013,0.006,45.35,35.3479193,-117.8094196,626.223,3,,
2109.265,0.564374399999906,-9.858,0.421,0.258,0.005,-0.011,0.005,45.36,35.3479196,-117.8094195,626.393,3,,
2110.251,0.301907200000187,-9.849,0.412,0.268,0.007,-0.012,0.005,45.36,35.3479194,-117.8094209,626.537,3,,
2111.24,1.154925600000297,-9.858,0.388,0.172,0.006,-0.013,0.005,45.36,35.3479197,-117.8094211,626.563,3,,
2112.222,0.006631600000218896,-9.854,0.407,0.187,0.005,-0.013,0.007,45.36,35.34792,-117.8094209,626.543,3,,
2113.208,1.7454767999997785,-9.854,0.397,0.23,0.006,-0.013,0.006,45.36,35.3479203,-117.8094206,626.575,3,,
2114.193,0.564374399999906,-9.858,0.407,0.211,0.006,-0.012,0.006,45.34,35.3479204,-117.8094202,626.766,3,,
2115.179,0.564374399999906,-9.849,0.392,0.258,0.005,-0.012,0.005,45.34,35.3479206,-117.80942,626.87,3,,
2116.164,0.8596499999998741,-9.854,0.416,0.273,0.006,-0.012,0.007,45.36,35.347921,-117.8094198,626.921,3,,
2117.251,1.4502011999998103,-9.849,0.402,0.263,0.009,-0.013,0.005,45.37,35.3479216,-117.8094195,627.007,3,,
2118.233,1.4502011999998103,-9.849,0.412,0.301,0.007,-0.012,0.006,45.39,35.3479217,-117.8094194,626.971,3,,
2119.221,0.8596499999998741,-9.844,0.402,0.268,0.006,-0.013,0.006,45.39,35.347922,-117.809419,627.038,3,,
2120.208,-0.28864400000020396,-9.849,0.421,0.258,0.007,-0.013,0.005,45.4,35.3479225,-117.8094185,627.072,3,,
2121.198,0.301907200000187,-9.854,0.416,0.316,0.009,-0.012,0.006,45.41,35.3479228,-117.8094182,627.09,3,,
2122.187,0.8596499999998741,-9.844,0.412,0.282,0.007,-0.012,0.005,45.42,35.347923,-117.8094179,627.118,3,,
2123.276,2.007943999999952,-9.854,0.416,0.33,0.002,-0.013,0.006,45.42,35.3479233,-117.8094179,627.107,3,,
2124.264,-0.28864400000020396,-9.854,0.407,0.263,0.011,-0.013,0.005,45.45,35.347924,-117.8094175,626.996,3,,
2125.25,1.4502011999998103,-9.863,0.412,0.297,0.004,-0.013,0.006,45.4,35.3479246,-117.809417,626.907,3,,
2126.235,1.7454767999997785,-9.854,0.426,0.354,0.009,-0.013,0.005,45.4,35.3479249,-117.809417,626.852,3,,
2127.223,1.154925600000297,-9.844,0.426,0.325,0.001,-0.013,0.006,45.44,35.3479252,-117.8094168,626.792,3,,
2128.211,1.7454767999997785,-9.858,0.426,0.311,0.009,-0.011,0.005,45.44,35.3479256,-117.8094163,626.753,3,,
2129.297,1.4502011999998103,-9.854,0.421,0.23,0.005,-0.013,0.006,45.42,35.3479256,-117.8094162,626.747,3,,
2130.285,0.8596499999998741,-9.849,0.426,0.335,0.005,-0.013,0.006,45.43,35.3479253,-117.8094168,626.829,3,,
2131.271,1.4502011999998103,-9.849,0.445,0.297,0.009,-0.012,0.007,45.45,35.3479253,-117.8094169,626.847,3,,
2132.255,1.4502011999998103,-9.849,0.416,0.321,0.009,-0.012,0.005,45.47,35.3479256,-117.8094167,626.806,3,,
2133.241,1.154925600000297,-9.854,0.421,0.34,0.005,-0.013,0.007,45.49,35.3479261,-117.8094163,626.675,3,,
2134.226,1.154925600000297,-9.844,0.388,0.349,0.011,-0.016,0.006,45.5,35.3479263,-117.8094163,626.644,3,,
2135.312,1.154925600000297,-9.863,0.55,0.345,0.005,-0.015,0.005,45.52,35.3479261,-117.8094168,626.704,3,,
2136.196,1.154925600000297,-9.863,0.397,0.402,0.002,-0.015,0.005,45.53,35.3479264,-117.8094166,626.649,3,,
2137.286,2.5984951999998884,-9.825,0.388,0.378,0.001,-0.013,0.007,45.54,35.3479271,-117.8094162,626.505,3,,
2138.274,0.8596499999998741,-9.854,0.455,0.354,0.006,-0.015,0.007,45.55,35.3479269,-117.8094168,626.554,3,,
2139.261,1.7454767999997785,-9.858,0.474,0.34,0.005,-0.016,0.007,45.55,35.3479272,-117.8094169,626.538,3,,
2140.246,0.8596499999998741,-9.868,0.364,0.34,0.001,-0.015,0.006,45.55,35.3479269,-117.8094177,626.611,3,,
2141.233,1.4502011999998103,-9.863,0.44,0.402,0.006,-0.011,0.005,45.56,35.3479266,-117.8094183,626.734,3,,
2142.216,2.5984951999998884,-9.858,0.416,0.34,0.006,-0.012,0.006,45.58,35.3479264,-117.8094187,626.766,3,,
2143.211,0.301907200000187,-9.854,0.412,0.316,0.005,-0.012,0.005,45.59,35.3479272,-117.8094182,626.623,3,,
2144.198,-0.28864400000020396,-9.854,0.416,0.325,0.009,-0.013,0.005,45.61,35.3479277,-117.809418,626.485,3,,
2145.188,0.564374399999906,-9.854,0.431,0.383,0.009,-0.013,0.006,45.62,35.3479282,-117.8094176,626.3,3,,
2146.275,1.4502011999998103,-9.849,0.421,0.368,0.006,-0.012,0.006,45.61,35.3479285,-117.8094175,626.168,3,,
2147.271,2.303219600000375,-9.858,0.426,0.325,0.006,-0.012,0.006,45.61,35.3479288,-117.8094175,626.062,3,,
2148.262,2.303219600000375,-9.849,0.407,0.254,0.006,-0.013,0.005,45.61,35.347929,-117.8094172,625.967,3,,
2149.264,1.154925600000297,-9.858,0.407,0.287,0.006,-0.013,0.006,45.58,35.3479291,-117.8094169,625.906,3,,
2150.251,2.007943999999952,-9.863,0.435,0.297,0.006,-0.013,0.006,45.58,35.347929,-117.8094171,625.864,3,,
2151.239,1.4502011999998103,-9.858,0.412,0.287,0.006,-0.012,0.006,45.59,35.3479287,-117.8094175,625.896,3,,
2152.23,0.564374399999906,-9.849,0.426,0.258,0.004,-0.012,0.006,45.61,35.3479283,-117.8094182,625.958,3,,
2153.216,0.8596499999998741,-9.854,0.416,0.306,0.01,-0.012,0.006,45.63,35.347928,-117.8094186,626.022,3,,
2154.205,0.8596499999998741,-9.863,0.435,0.378,0.011,-0.013,0.005,45.65,35.3479278,-117.8094188,626.12,3,,
2155.297,0.564374399999906,-9.858,0.383,0.273,0.007,-0.013,0.007,45.65,35.3479275,-117.8094194,626.246,3,,
2156.283,0.8596499999998741,-9.849,0.412,0.225,0.005,-0.013,0.004,45.65,35.3479274,-117.8094197,626.356,3,,
2157.266,1.7454767999997785,-9.849,0.421,0.263,0.005,-0.013,0.006,45.65,35.3479269,-117.8094203,626.494,3,,
2158.254,0.301907200000187,-9.858,0.44,0.254,0.006,-0.012,0.006,45.65,35.3479266,-117.8094206,626.616,3,,
2159.242,1.7454767999997785,-9.858,0.421,0.249,0.005,-0.013,0.005,45.62,35.3479263,-117.8094208,626.853,3,,
2160.228,0.8596499999998741,-9.858,0.349,0.172,0.01,-0.012,0.006,45.61,35.3479261,-117.8094209,627.048,3,,
2161.213,1.4502011999998103,-9.844,0.383,0.158,0.002,-0.011,0.005,45.62,35.3479258,-117.8094213,627.173,3,,
2162.2,2.303219600000375,-9.849,0.407,0.153,0.001,-0.013,0.006,45.63,35.3479256,-117.8094215,627.306,3,,
2163.287,-0.5839196000001721,-9.854,0.392,0.206,0.006,-0.013,0.005,45.62,35.3479253,-117.8094219,627.399,3,,
2164.272,0.8596499999998741,-9.858,0.34,0.297,0.015,-0.013,0.005,45.64,35.3479251,-117.8094221,627.57,3,,
2165.26,2.007943999999952,-9.849,0.335,0.378,0.004,-0.013,0.005,45.65,35.347925,-117.8094223,627.645,3,,
2166.246,0.564374399999906,-9.854,0.426,0.325,0.005,-0.012,0.005,45.65,35.3479249,-117.8094225,627.705,3,,
2167.236,1.4502011999998103,-9.858,0.407,0.335,0.009,-0.013,0.006,45.68,35.3479248,-117.8094227,627.773,3,,
2168.231,1.4502011999998103,-9.849,0.388,0.325,0.011,-0.013,0.006,45.7,35.3479247,-117.8094229,627.812,3,,
2169.221,-0.28864400000020396,-9.858,0.397,0.33,0.007,-0.013,0.006,45.7,35.3479248,-117.8094231,627.783,3,,
2170.206,1.7454767999997785,-9.858,0.45,0.249,0.01,-0.012,0.007,45.69,35.3479234,-117.8094239,627.732,3,,
2171.195,1.4502011999998103,-9.854,0.416,0.172,0.0,-0.012,0.005,45.64,35.3479221,-117.8094248,627.675,3,,
2172.191,2.8937707999998565,-9.849,0.359,0.072,0.005,-0.013,0.006,45.58,35.3479212,-117.8094254,627.608,3,,
2173.276,-0.5839196000001721,-9.844,0.402,0.024,0.006,-0.013,0.006,45.56,35.3479203,-117.8094261,627.535,3,,
2174.262,0.564374399999906,-9.858,0.388,0.096,0.007,-0.015,0.005,45.55,35.3479196,-117.8094267,627.445,3,,
2175.251,0.564374399999906,-9.839,0.397,-0.029,0.007,-0.013,0.006,45.5,35.3479188,-117.8094273,627.428,3,,
2176.242,2.007943999999952,-9.844,0.402,0.0,0.005,-0.012,0.006,45.49,35.3479182,-117.8094275,627.381,3,,
2177.229,2.007943999999952,-9.844,0.292,-0.086,0.006,-0.011,0.006,45.49,35.3479177,-117.8094277,627.339,3,,
2178.219,1.4502011999998103,-9.854,0.426,0.072,0.004,-0.012,0.006,45.45,35.3479173,-117.8094278,627.255,3,,
2179.212,2.5984951999998884,-9.849,0.392,0.11,0.01,-0.012,0.005,45.45,35.3479171,-117.8094278,627.226,3,,
2180.198,1.7454767999997785,-9.854,0.397,0.086,0.006,-0.013,0.006,45.44,35.347917,-117.8094277,627.26,3,,
2181.284,1.7454767999997785,-9.854,0.402,0.163,0.002,-0.011,0.007,45.39,35.3479169,-117.8094278,627.172,3,,
2182.269,1.4502011999998103,-9.854,0.316,0.196,0.006,-0.013,0.005,45.33,35.3479168,-117.809428,627.091,3,,
2183.254,1.154925600000297,-9.844,0.383,0.105,0.007,-0.013,0.006,45.32,35.3479167,-117.8094283,627.035,3,,
2184.245,2.5984951999998884,-9.849,0.407,0.139,0.007,-0.012,0.006,45.3,35.3479168,-117.8094286,626.994,3,,
2185.231,1.154925600000297,-9.849,0.412,0.124,0.002,-0.013,0.005,45.25,35.3479169,-117.8094288,626.972,3,,
2186.218,1.154925600000297,-9.854,0.421,0.086,0.009,-0.013,0.006,45.18,35.347917,-117.8094292,626.974,3,,
2187.206,1.4502011999998103,-9.844,0.431,0.01,0.001,-0.012,0.006,45.2,35.3479173,-117.8094292,626.909,3,,
2188.195,2.007943999999952,-9.854,0.388,0.1,0.009,-0.011,0.006,45.21,35.3479175,-117.8094293,626.874,3,,
2189.282,1.7454767999997785,-9.844,0.349,0.057,0.011,-0.013,0.006,45.19,35.3479177,-117.8094293,626.829,3,,
2190.273,0.8596499999998741,-9.849,0.392,0.105,0.005,-0.012,0.007,45.17,35.3479177,-117.8094294,626.781,3,,
2191.259,2.5984951999998884,-9.844,0.402,0.057,0.012,-0.013,0.005,45.15,35.3479179,-117.8094289,626.681,3,,
2192.254,0.006631600000218896,-9.849,0.397,0.033,0.002,-0.013,0.006,45.1,35.347918,-117.8094288,626.682,3,,
2193.244,0.301907200000187,-9.844,0.397,0.144,0.001,-0.012,0.005,45.12,35.3479179,-117.8094288,626.67,3,,
2194.24,1.154925600000297,-9.854,0.388,0.129,0.006,-0.013,0.006,45.16,35.3479178,-117.8094289,626.683,3,,
2195.225,1.4502011999998103,-9.854,0.455,0.206,0.01,-0.012,0.006,45.17,35.3479178,-117.8094291,626.698,3,,
2196.21,1.7454767999997785,-9.849,0.44,0.225,0.002,-0.013,0.005,45.17,35.347918,-117.809429,626.777,3,,
2197.197,2.303219600000375,-9.868,0.416,0.263,0.0,-0.012,0.005,45.19,35.3479181,-117.8094289,626.763,3,,
2198.184,1.4502011999998103,-9.854,0.392,0.297,0.002,-0.013,0.004,45.2,35.347918,-117.8094287,626.734,3,,
2199.271,1.4502011999998103,-9.854,0.368,0.292,0.005,-0.013,0.006,45.21,35.3479177,-117.8094285,626.727,3,,
2200.258,0.301907200000187,-9.858,0.426,0.163,0.006,-0.013,0.005,45.22,35.3479175,-117.8094285,626.737,3,,
2201.246,1.4502011999998103,-9.858,0.373,0.287,0.006,-0.015,0.006,45.23,35.3479173,-117.8094286,626.75,3,,
2202.231,1.154925600000297,-9.863,0.392,0.34,0.005,-0.013,0.006,45.24,35.3479172,-117.8094288,626.794,3,,
2203.22,2.007943999999952,-9.844,0.359,0.234,-0.004,-0.011,0.006,45.25,35.3479171,-117.8094287,626.856,3,,
2204.222,0.006631600000218896,-9.839,0.407,0.067,0.01,-0.013,0.006,45.21,35.3479172,-117.8094285,626.961,3,,
2205.207,-0.28864400000020396,-9.839,0.421,0.22,0.009,-0.013,0.006,45.2,35.3479174,-117.809428,627.196,3,,
2206.197,0.564374399999906,-9.854,0.421,0.292,0.007,-0.013,0.005,45.21,35.3479172,-117.8094283,627.426,3,,
2207.287,1.154925600000297,-9.844,0.388,0.278,0.005,-0.013,0.007,45.22,35.3479171,-117.8094282,627.635,3,,
2208.277,1.4502011999998103,-9.854,0.416,0.282,0.005,-0.015,0.006,45.22,35.3479171,-117.8094278,627.732,3,,
2209.275,1.154925600000297,-9.858,0.455,0.278,0.002,-0.013,0.005,45.21,35.3479171,-117.8094276,627.756,3,,
2210.26,1.154925600000297,-9.854,0.349,0.378,0.009,-0.013,0.005,45.2,35.3479172,-117.8094274,627.809,3,,
2211.251,1.4502011999998103,-9.863,0.431,0.254,0.01,-0.013,0.005,45.2,35.3479169,-117.8094276,627.848,3,,
2212.242,1.4502011999998103,-9.835,0.402,0.278,-0.002,-0.013,0.006,45.21,35.3479167,-117.8094277,627.865,3,,
2213.231,1.4502011999998103,-9.854,0.445,0.368,0.0,-0.012,0.006,45.22,35.3479165,-117.8094279,627.912,3,,
2214.218,1.4502011999998103,-9.863,0.359,0.273,-0.005,-0.01,0.005,45.24,35.3479164,-117.8094278,627.961,3,,
2215.21,1.4502011999998103,-9.83,0.445,0.22,0.012,-0.013,0.005,45.25,35.347916,-117.809428,627.984,3,,
2216.195,2.303219600000375,-9.835,0.373,0.163,0.015,-0.013,0.005,45.26,35.3479157,-117.8094283,628.021,3,,
2217.182,1.154925600000297,-9.844,0.483,0.081,0.005,-0.013,0.005,45.23,35.3479156,-117.8094285,628.039,3,,
2218.269,0.8596499999998741,-9.849,0.397,0.187,0.006,-0.013,0.006,45.23,35.3479153,-117.8094287,628.013,3,,
2219.254,0.8596499999998741,-9.835,0.416,0.215,0.004,-0.012,0.006,45.22,35.3479151,-117.8094289,627.979,3,,
2220.241,0.564374399999906,-9.835,0.402,-0.029,0.004,-0.013,0.006,45.21,35.347915,-117.8094292,627.991,3,,
2221.234,0.564374399999906,-9.835,0.368,0.01,0.005,-0.013,0.005,45.18,35.3479148,-117.8094296,628.002,3,,
2222.22,2.8937707999998565,-9.858,0.402,0.172,0.007,-0.012,0.006,45.12,35.3479145,-117.8094299,627.982,3,,
2223.309,1.7454767999997785,-9.844,0.388,0.077,0.006,-0.013,0.005,45.1,35.3479141,-117.80943,627.962,3,,
2224.192,2.8937707999998565,-9.849,0.407,0.215,0.006,-0.013,0.005,45.09,35.3479139,-117.8094302,627.983,3,,
2225.281,2.8937707999998565,-9.849,0.416,0.239,0.005,-0.012,0.005,45.14,35.3479136,-117.8094304,628.041,3,,
2226.267,1.4502011999998103,-9.839,0.407,0.153,0.01,-0.013,0.005,45.16,35.3479133,-117.8094307,628.088,3,,
2227.253,1.7454767999997785,-9.835,0.392,0.105,0.007,-0.013,0.006,45.13,35.347913,-117.8094306,628.085,3,,
2228.245,2.5984951999998884,-9.849,0.392,0.12,0.007,-0.013,0.005,45.12,35.3479129,-117.8094309,628.125,3,,
2229.231,2.303219600000375,-9.854,0.412,0.187,0.009,-0.012,0.005,45.12,35.3479128,-117.809431,628.168,3,,
2230.217,1.4502011999998103,-9.849,0.416,0.153,0.005,-0.013,0.006,45.13,35.3479124,-117.8094315,628.236,3,,
2231.205,2.007943999999952,-9.839,0.402,-0.038,0.007,-0.013,0.006,45.09,35.347912,-117.809432,628.292,3,,
2232.204,1.7454767999997785,-9.844,0.397,0.0,0.006,-0.012,0.005,45.04,35.3479117,-117.8094324,628.324,3,,
2233.291,0.8596499999998741,-9.854,0.392,0.105,0.006,-0.013,0.005,45.03,35.3479114,-117.8094326,628.332,3,,
2234.281,2.303219600000375,-9.844,0.383,0.124,0.006,-0.012,0.005,45.04,35.347911,-117.8094322,628.376,3,,
2235.274,0.8596499999998741,-9.839,0.407,0.038,0.006,-0.012,0.006,45.04,35.3479109,-117.8094322,628.388,3,,
2236.261,2.007943999999952,-9.835,0.397,0.067,0.006,-0.012,0.005,45.04,35.3479108,-117.8094321,628.427,3,,
2237.247,1.4502011999998103,-9.849,0.402,0.115,0.004,-0.012,0.005,45.01,35.3479106,-117.8094325,628.481,3,,
2238.235,2.5984951999998884,-9.844,0.407,0.062,0.005,-0.012,0.005,44.91,35.3479106,-117.8094326,628.54,3,,
2239.224,2.303219600000375,-9.839,0.378,0.096,0.004,-0.013,0.006,44.87,35.3479105,-117.8094326,628.543,3,,
2240.207,0.564374399999906,-9.844,0.388,0.014,0.002,-0.012,0.005,44.84,35.3479104,-117.8094325,628.588,3,,
2241.194,1.4502011999998103,-9.849,0.392,0.038,0.009,-0.012,0.005,44.81,35.3479104,-117.8094322,628.671,3,,
2242.183,2.303219600000375,-9.849,0.402,0.029,0.006,-0.012,0.005,44.79,35.3479103,-117.8094321,628.778,3,,
2243.272,3.4843219999997928,-9.839,0.416,0.11,0.005,-0.013,0.006,44.78,35.3479103,-117.809432,628.862,3,,
2244.255,1.4502011999998103,-9.849,0.383,0.091,0.01,-0.013,0.005,44.77,35.3479102,-117.8094319,628.963,3,,
2245.244,0.8596499999998741,-9.849,0.368,0.062,0.009,-0.012,0.006,44.77,35.3479102,-117.8094318,629.075,3,,
2246.234,1.7454767999997785,-9.849,0.359,-0.057,0.007,-0.012,0.006,44.75,35.3479102,-117.8094319,629.194,3,,
2247.234,2.007943999999952,-9.839,0.378,-0.014,0.004,-0.012,0.006,44.7,35.3479104,-117.8094315,629.277,3,,
2248.229,2.303219600000375,-9.844,0.421,-0.033,0.006,-0.012,0.005,44.68,35.3479106,-117.8094309,629.414,3,,
2249.227,2.007943999999952,-9.844,0.364,0.072,0.001,-0.013,0.005,44.64,35.3479108,-117.8094304,629.583,3,,
2250.213,2.303219600000375,-9.839,0.392,0.005,0.007,-0.012,0.006,44.62,35.347911,-117.8094292,629.698,3,,
2251.2,2.007943999999952,-9.839,0.392,0.067,0.002,-0.013,0.006,44.57,35.3479111,-117.8094282,629.812,3,,
2252.186,2.007943999999952,-9.83,0.397,0.019,0.015,-0.015,0.005,44.57,35.3479112,-117.8094273,629.956,3,,
2253.28,1.7454767999997785,-9.849,0.349,0.206,0.0,-0.012,0.006,44.54,35.3479112,-117.8094268,630.011,3,,
2254.265,2.007943999999952,-9.863,0.273,0.086,0.01,-0.012,0.005,44.52,35.3479111,-117.8094262,629.986,3,,
2255.249,2.007943999999952,-9.844,0.388,-0.019,0.004,-0.012,0.005,44.5,35.347911,-117.8094258,629.988,3,,
2256.242,1.4502011999998103,-9.858,0.392,0.014,0.002,-0.012,0.006,44.47,35.3479108,-117.8094252,629.98,3,,
2257.225,2.5984951999998884,-9.844,0.493,0.033,0.016,-0.013,0.006,44.46,35.3479108,-117.8094248,629.956,3,,
2258.211,2.303219600000375,-9.844,0.512,0.144,0.01,-0.012,0.006,44.49,35.3479106,-117.8094245,629.938,3,,
2259.197,2.5984951999998884,-9.858,0.354,0.148,-0.005,-0.012,0.005,44.52,35.3479104,-117.8094242,629.928,3,,
2260.361,1.154925600000297,-9.844,0.426,0.292,0.017,-0.015,0.005,44.54,35.3479101,-117.8094242,629.915,3,,
2261.248,2.5984951999998884,-9.854,0.33,0.268,-0.004,-0.013,0.005,44.57,35.3479097,-117.8094242,629.886,3,,
2262.241,2.007943999999952,-9.858,0.373,0.177,0.004,-0.012,0.005,44.52,35.3479093,-117.8094243,629.82,3,,
2263.228,2.303219600000375,-9.858,0.531,0.196,-0.005,-0.011,0.006,44.5,35.3479092,-117.8094242,629.806,3,,
2264.219,2.5984951999998884,-9.854,0.512,0.249,-0.002,-0.012,0.006,44.55,35.3479089,-117.809424,629.827,3,,
2265.216,0.8596499999998741,-9.844,0.388,0.239,0.004,-0.012,0.005,44.57,35.3479086,-117.8094242,629.886,3,,
2266.213,0.8596499999998741,-9.849,0.383,0.316,0.004,-0.013,0.005,44.59,35.3479085,-117.8094243,629.99,3,,
2267.203,1.7454767999997785,-9.854,0.368,0.263,0.01,-0.013,0.006,44.6,35.3479082,-117.8094244,630.073,3,,
2268.19,1.154925600000297,-9.849,0.483,0.297,0.004,-0.013,0.006,44.62,35.3479082,-117.8094246,630.122,3,,
2269.277,2.007943999999952,-9.844,0.402,0.244,0.004,-0.012,0.006,44.64,35.3479081,-117.8094251,630.175,3,,
2270.264,2.5984951999998884,-9.854,0.431,0.378,0.004,-0.011,0.006,44.65,35.3479081,-117.8094257,630.186,3,,
2271.251,2.5984951999998884,-9.858,0.416,0.325,0.007,-0.012,0.005,44.68,35.347908,-117.8094263,630.247,3,,
2272.241,1.154925600000297,-9.849,0.426,0.34,0.009,-0.013,0.006,44.69,35.3479081,-117.809427,630.284,3,,
2273.236,1.7454767999997785,-9.839,0.388,0.359,0.007,-0.012,0.005,44.71,35.3479081,-117.8094277,630.407,3,,
2274.224,1.7454767999997785,-9.849,0.397,0.349,0.007,-0.012,0.005,44.72,35.3479083,-117.8094285,630.489,3,,
2275.206,1.4502011999998103,-9.858,0.407,0.239,0.007,-0.012,0.005,44.71,35.3479085,-117.8094292,630.587,3,,
2276.294,2.5984951999998884,-9.854,0.426,0.268,0.007,-0.013,0.006,44.71,35.3479084,-117.8094297,630.622,3,,
2277.279,1.7454767999997785,-9.854,0.407,0.234,0.005,-0.012,0.006,44.66,35.3479085,-117.8094302,630.774,3,,
2278.266,2.007943999999952,-9.858,0.426,0.287,0.01,-0.015,0.006,44.65,35.3479084,-117.8094308,630.842,3,,
2279.257,2.303219600000375,-9.854,0.407,0.325,0.005,-0.013,0.006,44.68,35.3479084,-117.8094308,630.934,3,,
2280.244,2.303219600000375,-9.854,0.412,0.33,0.006,-0.012,0.005,44.72,35.3479084,-117.809431,631.012,3,,
2281.229,1.4502011999998103,-9.839,0.435,0.316,0.004,-0.013,0.006,44.76,35.3479083,-117.809431,631.087,3,,
2282.213,2.5984951999998884,-9.858,0.412,0.335,0.002,-0.013,0.006,44.78,35.3479083,-117.8094314,631.176,3,,
2283.299,1.4502011999998103,-9.844,0.45,0.311,0.004,-0.012,0.005,44.79,35.3479082,-117.8094317,631.235,3,,
2284.287,1.7454767999997785,-9.858,0.402,0.34,0.009,-0.013,0.005,44.8,35.3479082,-117.8094318,631.27,3,,
2285.273,4.337340399999903,-9.849,0.388,0.378,0.002,-0.012,0.006,44.81,35.3479084,-117.809432,631.304,3,,
2286.26,2.5984951999998884,-9.858,0.426,0.321,0.004,-0.012,0.006,44.82,35.3479086,-117.809432,631.309,3,,
2287.248,2.5984951999998884,-9.863,0.412,0.311,0.009,-0.012,0.005,44.86,35.3479085,-117.8094329,631.365,3,,
2288.237,3.1890464000002794,-9.863,0.421,0.354,0.007,-0.013,0.005,44.88,35.3479083,-117.8094333,631.364,3,,
2289.221,2.007943999999952,-9.858,0.364,0.368,0.015,-0.013,0.005,44.89,35.347908,-117.8094339,631.489,3,,
2290.308,4.042064799999935,-9.849,0.378,0.354,0.002,-0.012,0.006,44.92,35.3479081,-117.809434,631.496,3,,
2291.296,2.5984951999998884,-9.849,0.416,0.301,0.005,-0.011,0.006,44.93,35.3479083,-117.8094338,631.527,3,,
2292.281,1.7454767999997785,-9.854,0.435,0.33,0.007,-0.013,0.006,44.94,35.3479075,-117.8094349,631.752,3,,
2293.266,2.007943999999952,-9.844,0.435,0.311,0.006,-0.012,0.005,44.94,35.3479076,-117.8094352,631.847,3,,
2294.25,3.7467891999999665,-9.849,0.455,0.33,0.0,-0.013,0.006,44.95,35.347908,-117.809435,631.908,3,,
2295.24,2.303219600000375,-9.849,0.412,0.306,0.007,-0.013,0.006,44.96,35.3479085,-117.8094346,631.941,3,,
2296.231,2.303219600000375,-9.849,0.426,0.301,0.0,-0.013,0.006,44.98,35.3479086,-117.8094344,632.085,3,,
2297.317,2.303219600000375,-9.854,0.445,0.316,-0.004,-0.012,0.006,44.99,35.347909,-117.8094339,632.084,3,,
2298.209,2.303219600000375,-9.854,0.335,0.364,0.006,-0.013,0.006,45.0,35.3479092,-117.8094338,632.119,3,,
2299.298,2.303219600000375,-9.863,0.431,0.364,0.006,-0.013,0.006,45.01,35.3479094,-117.8094338,632.212,3,,
2300.283,1.154925600000297,-9.854,0.421,0.325,0.011,-0.013,0.006,45.03,35.3479095,-117.8094336,632.161,3,,
2301.267,0.564374399999906,-9.854,0.44,0.311,0.011,-0.015,0.005,45.04,35.3479096,-117.8094338,632.252,3,,
2302.257,2.007943999999952,-9.854,0.426,0.325,0.01,-0.012,0.006,45.07,35.3479089,-117.8094347,632.429,3,,
2303.249,1.4502011999998103,-9.854,0.412,0.349,0.006,-0.013,0.006,45.08,35.3479084,-117.8094354,632.559,3,,
2304.234,0.8596499999998741,-9.858,0.426,0.325,0.006,-0.012,0.006,45.09,35.3479087,-117.8094352,632.621,3,,
2305.221,1.7454767999997785,-9.854,0.412,0.301,0.004,-0.012,0.005,45.08,35.3479087,-117.8094346,632.564,3,,
2306.209,3.1890464000002794,-9.844,0.421,0.34,0.004,-0.013,0.005,45.06,35.3479093,-117.8094336,632.525,3,,
2307.2,3.4843219999997928,-9.858,0.431,0.311,0.017,-0.013,0.005,45.05,35.34791,-117.8094323,632.566,3,,
2308.287,2.007943999999952,-9.868,0.345,0.321,0.01,-0.013,0.005,45.06,35.3479105,-117.8094315,632.625,3,,
2309.277,2.8937707999998565,-9.854,0.383,0.263,-0.001,-0.013,0.006,45.03,35.3479109,-117.8094307,632.674,3,,
2310.268,3.4843219999997928,-9.863,0.459,0.249,0.013,-0.012,0.004,45.03,35.3479112,-117.8094301,632.585,3,,
2311.254,2.303219600000375,-9.849,0.526,0.201,0.001,-0.013,0.006,45.05,35.3479114,-117.8094296,632.561,3,,
2312.24,1.4502011999998103,-9.849,0.498,0.201,0.006,-0.012,0.004,45.07,35.347911,-117.8094294,632.493,3,,
2313.227,3.7467891999999665,-9.882,0.148,0.263,0.016,-0.012,0.004,45.06,35.3479113,-117.8094292,632.484,3,,
2314.226,1.154925600000297,-9.835,0.622,0.182,0.009,-0.013,0.006,45.04,35.3479109,-117.8094291,632.412,3,,
2315.213,1.154925600000297,-9.854,0.541,0.263,0.006,-0.012,0.007,45.06,35.3479106,-117.809429,632.4,3,,
2316.2,1.154925600000297,-9.858,0.368,0.287,0.009,-0.013,0.005,45.1,35.3479104,-117.8094295,632.341,3,,
2317.288,2.303219600000375,-9.854,0.416,0.316,0.001,-0.013,0.006,45.12,35.3479101,-117.8094297,632.336,3,,
2318.271,1.7454767999997785,-9.854,0.44,0.321,0.001,-0.012,0.005,45.13,35.3479103,-117.8094302,632.216,3,,
2319.256,1.7454767999997785,-9.854,0.426,0.349,0.01,-0.013,0.006,45.15,35.3479104,-117.8094307,632.181,3,,
2320.244,2.8937707999998565,-9.858,0.407,0.349,0.009,-0.015,0.006,45.16,35.3479104,-117.809431,632.136,3,,
2321.238,4.042064799999935,-9.854,0.421,0.33,0.005,-0.011,0.006,45.18,35.3479103,-117.8094311,632.017,3,,
2322.222,3.4843219999997928,-9.844,0.421,0.345,0.009,-0.013,0.006,45.19,35.3479104,-117.809431,631.995,3,,
2323.209,2.303219600000375,-9.858,0.412,0.287,0.007,-0.015,0.006,45.2,35.3479105,-117.809431,632.019,3,,
2324.294,2.5984951999998884,-9.858,0.402,0.311,0.007,-0.015,0.006,45.18,35.3479102,-117.8094317,632.223,3,,
2325.279,2.8937707999998565,-9.858,0.416,0.234,0.0,-0.011,0.005,45.17,35.3479106,-117.809431,632.233,3,,
2326.263,2.5984951999998884,-9.854,0.388,0.297,0.009,-0.013,0.004,45.16,35.3479106,-117.8094315,632.421,3,,
2327.256,1.7454767999997785,-9.844,0.479,0.287,0.012,-0.013,0.006,45.18,35.3479104,-117.8094323,632.608,3,,
2328.243,2.8937707999998565,-9.849,0.421,0.258,0.009,-0.013,0.005,45.19,35.3479104,-117.8094327,632.617,3,,
2329.226,2.8937707999998565,-9.844,0.311,0.354,0.013,-0.013,0.006,45.2,35.34791,-117.809434,632.814,3,,
2330.217,1.4502011999998103,-9.863,0.45,0.402,0.018,-0.013,0.005,45.22,35.3479103,-117.8094348,632.855,3,,
2331.204,3.4843219999997928,-9.835,0.747,0.392,-0.007,-0.011,0.007,45.22,35.3479102,-117.809436,632.988,3,,
2332.295,2.5984951999998884,-9.849,0.435,0.206,0.007,-0.012,0.006,45.21,35.3479107,-117.8094364,633.036,3,,
2333.281,1.4502011999998103,-9.844,0.751,0.268,0.06,-0.015,0.005,45.22,35.3479111,-117.8094368,633.136,3,,
2334.269,3.4843219999997928,-9.868,0.187,0.048,0.02,-0.013,0.002,45.24,35.3479113,-117.8094375,633.208,3,,
2335.251,2.8937707999998565,-9.854,0.349,0.392,0.01,-0.013,0.005,45.25,35.3479116,-117.8094383,633.324,3,,
2336.235,2.303219600000375,-9.849,0.421,0.258,-0.004,-0.011,0.005,45.26,35.3479119,-117.8094387,633.412,3,,
2337.231,2.303219600000375,-9.844,0.407,0.297,0.012,-0.013,0.006,45.27,35.3479122,-117.8094397,633.45,3,,
2338.215,2.007943999999952,-9.844,0.402,0.301,0.006,-0.013,0.006,45.27,35.3479126,-117.8094405,633.491,3,,
2339.2,2.5984951999998884,-9.849,0.431,0.321,0.002,-0.013,0.006,45.28,35.3479128,-117.8094415,633.622,3,,
2340.287,1.154925600000297,-9.849,0.397,0.258,0.005,-0.012,0.006,45.26,35.3479123,-117.809443,633.864,3,,
2341.272,2.8937707999998565,-9.849,0.421,0.316,0.006,-0.012,0.005,45.23,35.3479125,-117.8094433,633.939,3,,
2342.256,2.303219600000375,-9.849,0.421,0.311,0.005,-0.012,0.006,45.25,35.3479127,-117.8094433,633.958,3,,
2343.243,2.8937707999998565,-9.858,0.435,0.33,0.01,-0.013,0.007,45.28,35.3479123,-117.8094437,634.136,3,,
2344.242,2.8937707999998565,-9.854,0.435,0.33,0.004,-0.013,0.005,45.29,35.3479119,-117.8094438,634.319,3,,
2345.227,2.5984951999998884,-9.844,0.412,0.33,0.007,-0.015,0.005,45.31,35.3479108,-117.8094442,634.329,3,,
2346.213,2.5984951999998884,-9.854,0.416,0.33,0.01,-0.013,0.005,45.32,35.3479096,-117.8094443,634.394,3,,
2347.302,2.303219600000375,-9.849,0.435,0.34,0.005,-0.013,0.006,45.34,35.3479086,-117.8094441,634.33,3,,
2348.289,2.007943999999952,-9.849,0.412,0.335,0.006,-0.013,0.006,45.35,35.3479076,-117.8094443,634.268,3,,
2349.274,2.5984951999998884,-9.854,0.421,0.34,0.009,-0.013,0.006,45.36,35.3479075,-117.8094434,634.147,3,,
2350.259,3.7467891999999665,-9.849,0.421,0.34,0.004,-0.013,0.006,45.37,35.347907,-117.8094434,633.984,3,,
2351.246,2.8937707999998565,-9.854,0.407,0.33,0.009,-0.013,0.005,45.37,35.3479068,-117.809443,633.812,3,,
2352.23,2.303219600000375,-9.854,0.407,0.345,0.004,-0.013,0.006,45.37,35.3479068,-117.8094421,633.743,3,,
2353.215,3.7467891999999665,-9.863,0.416,0.345,0.013,-0.013,0.006,45.39,35.3479068,-117.809441,633.643,3,,
2354.213,2.303219600000375,-9.858,0.426,0.325,0.009,-0.012,0.005,45.39,35.3479068,-117.8094399,633.496,3,,
2355.3,3.1890464000002794,-9.858,0.412,0.34,0.004,-0.015,0.006,45.39,35.3479063,-117.8094398,633.514,3,,
2356.283,3.1890464000002794,-9.849,0.416,0.349,0.006,-0.013,0.005,45.41,35.3479062,-117.8094392,633.437,3,,
2357.27,4.042064799999935,-9.858,0.426,0.321,0.011,-0.012,0.006,45.43,35.347906,-117.8094387,633.379,3,,
2358.256,2.5984951999998884,-9.854,0.426,0.34,0.004,-0.013,0.006,45.43,35.3479055,-117.8094383,633.299,3,,
2359.24,2.5984951999998884,-9.849,0.416,0.297,0.007,-0.012,0.005,45.44,35.3479055,-117.8094378,633.196,3,,
2360.226,2.8937707999998565,-9.863,0.426,0.297,0.006,-0.012,0.006,45.43,35.3479055,-117.8094374,633.074,3,,
2361.211,2.303219600000375,-9.854,0.407,0.325,0.007,-0.013,0.006,45.43,35.3479057,-117.809437,632.979,3,,
2362.198,2.303219600000375,-9.849,0.392,0.33,0.011,-0.013,0.005,45.45,35.347906,-117.8094367,632.859,3,,
2363.29,3.7467891999999665,-9.849,0.392,0.301,0.006,-0.013,0.005,45.48,35.347906,-117.8094366,632.772,3,,
2364.277,3.1890464000002794,-9.854,0.421,0.33,0.005,-0.012,0.005,45.48,35.3479063,-117.8094363,632.693,3,,
2365.263,2.303219600000375,-9.858,0.402,0.335,0.009,-0.012,0.006,45.48,35.347907,-117.809436,632.446,3,,
2366.249,3.1890464000002794,-9.844,0.435,0.316,-0.002,-0.015,0.006,45.48,35.3479074,-117.8094358,632.28,3,,
2367.237,3.7467891999999665,-9.854,0.383,0.335,0.009,-0.013,0.006,45.5,35.3479081,-117.8094356,631.993,3,,
2368.221,2.303219600000375,-9.844,0.402,0.311,0.007,-0.012,0.006,45.52,35.3479087,-117.8094354,631.737,3,,
2369.308,3.4843219999997928,-9.844,0.445,0.282,0.006,-0.012,0.006,45.5,35.3479092,-117.8094354,631.488,3,,
2370.297,4.927891599999839,-9.849,0.459,0.311,0.004,-0.012,0.005,45.51,35.3479101,-117.8094355,631.142,3,,
2371.282,2.8937707999998565,-9.844,0.378,0.354,0.011,-0.015,0.006,45.53,35.3479107,-117.8094357,630.859,3,,
2372.268,4.042064799999935,-9.854,0.421,0.34,0.0,-0.013,0.006,45.54,35.3479111,-117.8094361,630.654,3,,
2373.254,2.5984951999998884,-9.835,0.416,0.335,0.011,-0.015,0.006,45.54,35.3479119,-117.8094365,630.414,3,,
2374.237,3.1890464000002794,-9.854,0.431,0.34,0.009,-0.013,0.005,45.54,35.347913,-117.8094366,630.147,3,,
2375.221,3.4843219999997928,-9.863,0.373,0.321,0.015,-0.012,0.005,45.55,35.347914,-117.8094368,629.905,3,,
2376.209,2.5984951999998884,-9.868,0.464,0.239,0.006,-0.016,0.002,45.55,35.3479147,-117.8094372,629.71,3,,
2377.299,1.7454767999997785,-9.835,0.421,0.421,-0.004,-0.013,0.009,45.56,35.3479154,-117.8094378,629.514,3,,
2378.288,2.5984951999998884,-9.858,0.407,0.335,-0.004,-0.012,0.006,45.57,35.3479159,-117.8094384,629.332,3,,
2379.291,4.337340399999903,-9.873,0.321,0.388,0.02,-0.015,0.005,45.57,35.3479162,-117.8094391,629.171,3,,
2380.288,3.7467891999999665,-9.849,0.421,0.373,0.009,-0.015,0.006,45.59,35.3479164,-117.80944,629.018,3,,
2381.272,3.7467891999999665,-9.863,0.44,0.306,0.011,-0.012,0.006,45.57,35.3479166,-117.8094408,628.844,3,,
2382.256,2.8937707999998565,-9.858,0.426,0.311,0.004,-0.011,0.005,45.56,35.3479168,-117.8094416,628.691,3,,
2383.247,3.1890464000002794,-9.844,0.407,0.244,0.005,-0.012,0.006,45.58,35.347917,-117.8094424,628.562,3,,
2384.235,2.303219600000375,-9.854,0.397,0.306,0.006,-0.013,0.006,45.6,35.3479171,-117.8094432,628.458,3,,
2385.219,3.4843219999997928,-9.854,0.435,0.354,0.004,-0.011,0.005,45.62,35.3479171,-117.8094442,628.393,3,,
2386.206,3.7467891999999665,-9.858,0.44,0.301,0.007,-0.012,0.005,45.64,35.3479173,-117.8094447,628.343,3,,
2387.291,4.042064799999935,-9.854,0.407,0.311,0.009,-0.012,0.006,45.65,35.3479174,-117.8094452,628.294,3,,
2388.274,3.4843219999997928,-9.854,0.407,0.306,0.002,-0.015,0.006,45.67,35.3479176,-117.809446,628.177,3,,
2389.26,2.303219600000375,-9.854,0.431,0.258,0.006,-0.013,0.006,45.66,35.3479175,-117.8094467,628.084,3,,
2390.253,3.7467891999999665,-9.854,0.402,0.335,0.011,-0.013,0.005,45.66,35.3479175,-117.8094471,627.971,3,,
2391.239,2.8937707999998565,-9.854,0.416,0.325,0.002,-0.012,0.006,45.68,35.3479173,-117.8094476,627.824,3,,
2392.225,2.8937707999998565,-9.854,0.426,0.345,0.009,-0.013,0.006,45.69,35.3479172,-117.8094475,627.696,3,,
2393.314,3.4843219999997928,-9.854,0.45,0.325,0.004,-0.013,0.006,45.7,35.3479169,-117.8094477,627.531,3,,
2394.206,3.1890464000002794,-9.854,0.44,0.349,0.005,-0.012,0.006,45.72,35.3479165,-117.8094483,627.352,3,,
2395.291,2.8937707999998565,-9.849,0.412,0.33,0.007,-0.013,0.006,45.73,35.3479164,-117.8094484,627.049,3,,
2396.282,3.1890464000002794,-9.854,0.435,0.321,0.002,-0.012,0.006,45.74,35.3479163,-117.8094485,626.854,3,,
2397.269,3.1890464000002794,-9.849,0.426,0.306,0.011,-0.013,0.005,45.76,35.3479166,-117.8094478,626.771,3,,
2398.254,2.8937707999998565,-9.858,0.435,0.335,0.007,-0.013,0.005,45.76,35.3479168,-117.809447,626.689,3,,
2399.238,3.1890464000002794,-9.854,0.426,0.316,0.009,-0.012,0.006,45.76,35.347917,-117.8094459,626.635,3,,
2400.223,2.5984951999998884,-9.849,0.431,0.273,0.011,-0.015,0.006,45.77,35.347917,-117.8094453,626.585,3,,
2401.308,3.7467891999999665,-9.858,0.407,0.354,0.01,-0.013,0.006,45.78,35.3479167,-117.8094448,626.568,3,,
2402.296,3.7467891999999665,-9.844,0.421,0.278,0.004,-0.013,0.006,45.76,35.3479165,-117.8094443,626.482,3,,
2403.278,2.8937707999998565,-9.849,0.474,0.287,-0.006,-0.011,0.007,45.76,35.3479164,-117.8094439,626.393,3,,
2404.27,3.7467891999999665,-9.858,0.507,0.273,0.012,-0.013,0.006,45.78,35.347916,-117.8094439,626.326,3,,
2405.256,3.1890464000002794,-9.854,0.397,0.354,0.015,-0.013,0.005,45.8,35.3479158,-117.8094438,626.209,3,,
2406.248,4.337340399999903,-9.858,0.412,0.349,0.006,-0.013,0.006,45.79,35.3479157,-117.8094435,626.183,3,,
2407.234,3.7467891999999665,-9.849,0.431,0.368,0.002,-0.012,0.006,45.77,35.3479156,-117.8094432,626.195,3,,
2408.219,4.042064799999935,-9.858,0.407,0.335,0.001,-0.012,0.005,45.7,35.3479153,-117.8094431,626.235,3,,
2409.204,2.8937707999998565,-9.844,0.445,0.306,0.011,-0.013,0.007,45.66,35.347915,-117.809443,626.157,3,,
2410.19,2.5984951999998884,-9.849,0.44,0.364,0.007,-0.015,0.006,45.62,35.3479148,-117.8094429,626.127,3,,
2411.279,3.7467891999999665,-9.854,0.426,0.349,0.01,-0.012,0.006,45.6,35.3479147,-117.8094425,626.108,3,,
2412.264,2.8937707999998565,-9.849,0.421,0.373,0.009,-0.012,0.006,45.57,35.3479146,-117.8094419,626.107,3,,
2413.25,3.4843219999997928,-9.863,0.421,0.354,0.004,-0.013,0.006,45.54,35.3479145,-117.8094412,626.149,3,,
2414.239,3.4843219999997928,-9.858,0.431,0.34,0.005,-0.012,0.005,45.52,35.3479144,-117.8094407,626.199,3,,
2415.224,2.8937707999998565,-9.849,0.421,0.359,0.009,-0.012,0.006,45.51,35.3479141,-117.8094404,626.214,3,,
2416.207,3.1890464000002794,-9.854,0.407,0.349,0.001,-0.012,0.007,45.5,35.3479139,-117.8094401,626.215,3,,
2417.3,3.1890464000002794,-9.854,0.402,0.373,0.002,-0.013,0.006,45.49,35.3479137,-117.8094401,626.227,3,,
2418.192,3.4843219999997928,-9.858,0.397,0.383,0.007,-0.012,0.006,45.44,35.3479134,-117.8094403,626.255,3,,
2419.28,4.632615999999871,-9.854,0.426,0.349,0.009,-0.012,0.005,45.42,35.347913,-117.8094407,626.324,3,,
2420.264,2.5984951999998884,-9.858,0.402,0.368,0.007,-0.015,0.006,45.39,35.3479127,-117.809441,626.323,3,,
2421.254,4.042064799999935,-9.849,0.426,0.345,0.004,-0.013,0.006,45.37,35.3479124,-117.8094417,626.376,3,,
2422.248,2.8937707999998565,-9.849,0.397,0.354,0.004,-0.013,0.006,45.37,35.3479122,-117.8094419,626.445,3,,
2423.236,3.7467891999999665,-9.858,0.435,0.368,0.005,-0.012,0.006,45.36,35.347912,-117.8094419,626.472,3,,
2424.222,4.042064799999935,-9.854,0.402,0.368,0.007,-0.012,0.005,45.34,35.3479116,-117.8094422,626.572,3,,
2425.312,3.1890464000002794,-9.858,0.416,0.349,0.006,-0.013,0.006,45.34,35.3479113,-117.8094424,626.614,3,,
2426.197,2.5984951999998884,-9.849,0.455,0.345,0.007,-0.011,0.006,45.32,35.3479107,-117.809443,626.741,3,,
2427.284,2.303219600000375,-9.854,0.421,0.349,0.011,-0.013,0.005,45.32,35.3479104,-117.8094435,626.75,3,,
2428.27,2.8937707999998565,-9.854,0.392,0.349,0.01,-0.013,0.005,45.31,35.3479101,-117.809444,626.778,3,,
2429.254,2.8937707999998565,-9.854,0.402,0.364,0.004,-0.013,0.006,45.31,35.3479097,-117.8094446,626.798,3,,
2430.238,4.337340399999903,-9.844,0.44,0.33,0.007,-0.012,0.005,45.31,35.3479097,-117.8094445,626.782,3,,
2431.223,3.4843219999997928,-9.844,0.426,0.345,0.007,-0.013,0.006,45.32,35.3479094,-117.8094452,626.812,3,,
2432.215,3.7467891999999665,-9.854,0.402,0.364,0.012,-0.012,0.005,45.34,35.3479089,-117.8094459,626.859,3,,
2433.198,2.5984951999998884,-9.863,0.45,0.345,0.005,-0.013,0.005,45.34,35.3479086,-117.8094464,626.901,3,,
2434.182,2.303219600000375,-9.858,0.392,0.373,0.005,-0.012,0.006,45.35,35.3479082,-117.8094473,626.954,3,,
2435.275,3.7467891999999665,-9.858,0.416,0.34,0.006,-0.012,0.005,45.36,35.3479081,-117.8094477,626.935,3,,
2436.259,3.1890464000002794,-9.854,0.44,0.335,0.006,-0.013,0.006,45.37,35.3479078,-117.809448,626.887,3,,
2437.244,2.5984951999998884,-9.854,0.426,0.33,0.01,-0.015,0.006,45.38,35.3479077,-117.8094479,626.889,3,,
2438.23,3.7467891999999665,-9.854,0.421,0.325,0.007,-0.013,0.005,45.41,35.3479076,-117.8094481,626.882,3,,
2439.236,2.8937707999998565,-9.854,0.416,0.354,0.006,-0.012,0.006,45.43,35.3479072,-117.8094486,626.815,3,,
2440.221,3.1890464000002794,-9.858,0.412,0.345,0.006,-0.012,0.005,45.45,35.3479067,-117.8094491,626.77,3,,
2441.207,3.4843219999997928,-9.854,0.407,0.359,0.01,-0.013,0.005,45.46,35.3479058,-117.8094501,626.798,3,,
2442.299,3.1890464000002794,-9.854,0.426,0.349,0.005,-0.013,0.006,45.46,35.3479051,-117.8094508,626.806,3,,
2443.291,4.042064799999935,-9.849,0.474,0.306,0.009,-0.013,0.005,45.49,35.3479044,-117.8094513,626.737,3,,
2444.275,5.223167200000262,-9.858,0.407,0.373,0.006,-0.013,0.006,45.5,35.3479033,-117.8094527,626.825,3,,
2445.261,4.337340399999903,-9.854,0.421,0.325,0.005,-0.012,0.006,45.51,35.3479028,-117.8094529,626.836,3,,
2446.253,4.042064799999935,-9.858,0.402,0.373,0.002,-0.012,0.006,45.51,35.3479027,-117.8094523,626.789,3,,
2447.252,4.337340399999903,-9.863,0.459,0.311,0.013,-0.013,0.006,45.51,35.3479026,-117.8094513,626.697,3,,
2448.237,4.042064799999935,-9.839,0.359,0.368,0.018,-0.013,0.005,45.55,35.3479025,-117.8094504,626.615,3,,
2449.226,4.337340399999903,-9.854,0.416,0.349,-0.002,-0.012,0.006,45.57,35.3479026,-117.8094496,626.562,3,,
2450.217,3.7467891999999665,-9.858,0.402,0.354,0.006,-0.012,0.006,45.58,35.3479026,-117.8094488,626.508,3,,
2451.301,4.337340399999903,-9.858,0.407,0.345,0.009,-0.013,0.005,45.59,35.3479029,-117.8094476,626.364,3,,
2452.285,4.927891599999839,-9.849,0.431,0.349,0.011,-0.013,0.006,45.6,35.3479025,-117.8094473,626.398,3,,
2453.275,4.337340399999903,-9.858,0.388,0.364,0.006,-0.013,0.007,45.6,35.3479019,-117.8094474,626.45,3,,
2454.258,3.7467891999999665,-9.854,0.421,0.349,0.001,-0.015,0.006,45.61,35.3479017,-117.809447,626.428,3,,
2455.242,4.042064799999935,-9.854,0.392,0.373,0.006,-0.013,0.006,45.62,35.3479014,-117.8094477,626.423,3,,
2456.228,3.1890464000002794,-9.858,0.431,0.311,0.006,-0.012,0.006,45.63,35.3479008,-117.8094487,626.471,3,,
2457.215,4.042064799999935,-9.849,0.402,0.359,0.005,-0.013,0.005,45.63,35.3479005,-117.8094489,626.439,3,,
2458.199,3.4843219999997928,-9.854,0.426,0.345,0.01,-0.013,0.005,45.63,35.3479004,-117.8094488,626.426,3,,
2459.184,3.7467891999999665,-9.858,0.435,0.33,0.009,-0.013,0.006,45.63,35.3479,-117.809449,626.425,3,,
2460.28,2.8937707999998565,-9.854,0.402,0.349,0.009,-0.013,0.005,45.65,35.3478994,-117.8094495,626.418,3,,
2461.267,3.1890464000002794,-9.854,0.445,0.345,0.005,-0.012,0.006,45.66,35.3478989,-117.8094487,626.456,3,,
2462.253,3.1890464000002794,-9.863,0.431,0.345,0.009,-0.013,0.006,45.66,35.3478987,-117.8094469,626.474,3,,
2463.245,2.8937707999998565,-9.863,0.407,0.34,0.002,-0.013,0.006,45.67,35.3478982,-117.8094474,626.422,3,,
2464.233,3.7467891999999665,-9.844,0.407,0.345,0.004,-0.013,0.006,45.69,35.3478977,-117.8094481,626.373,3,,
2465.221,3.7467891999999665,-9.863,0.421,0.325,0.002,-0.012,0.007,45.69,35.3478972,-117.8094486,626.326,3,,
2466.207,4.337340399999903,-9.854,0.416,0.335,0.004,-0.012,0.006,45.69,35.3478971,-117.8094463,626.278,3,,
2467.302,4.927891599999839,-9.854,0.435,0.33,0.004,-0.013,0.005,45.7,35.3478968,-117.8094447,626.228,3,,
2468.298,2.303219600000375,-9.863,0.397,0.345,0.01,-0.013,0.005,45.7,35.3478967,-117.809444,626.209,3,,
2469.281,2.8937707999998565,-9.863,0.407,0.373,0.006,-0.012,0.005,45.71,35.3478968,-117.8094431,626.197,3,,
2470.269,4.927891599999839,-9.849,0.426,0.33,-0.004,-0.011,0.006,45.71,35.347897,-117.8094427,626.206,3,,
2471.261,3.1890464000002794,-9.849,0.426,0.311,0.01,-0.011,0.006,45.71,35.3478971,-117.8094425,626.197,3,,
2472.256,4.042064799999935,-9.858,0.373,0.373,0.006,-0.013,0.005,45.72,35.3478971,-117.8094425,626.218,3,,
2473.242,4.042064799999935,-9.854,0.416,0.34,0.005,-0.012,0.006,45.72,35.3478973,-117.8094423,626.259,3,,
2474.23,3.7467891999999665,-9.849,0.426,0.345,0.01,-0.012,0.006,45.74,35.3478975,-117.8094427,626.294,3,,
2475.215,2.8937707999998565,-9.854,0.364,0.383,0.009,-0.012,0.007,45.74,35.3478976,-117.8094427,626.319,3,,
2476.202,2.8937707999998565,-9.868,0.392,0.349,0.002,-0.013,0.006,45.73,35.3478977,-117.8094425,626.338,3,,
2477.29,3.1890464000002794,-9.858,0.55,0.292,0.006,-0.012,0.006,45.72,35.347898,-117.8094424,626.387,3,,
2478.276,4.042064799999935,-9.849,0.455,0.311,0.002,-0.012,0.007,45.72,35.3478981,-117.8094426,626.442,3,,
2479.264,4.337340399999903,-9.854,0.431,0.34,0.01,-0.012,0.006,45.72,35.3478984,-117.8094422,626.527,3,,
2480.249,4.042064799999935,-9.858,0.397,0.354,0.005,-0.013,0.006,45.73,35.3478988,-117.809442,626.591,3,,
2481.234,5.518442799999775,-9.849,0.378,0.335,0.0,-0.012,0.006,45.74,35.3478992,-117.8094419,626.744,3,,
2482.219,4.042064799999935,-9.858,0.431,0.316,0.009,-0.015,0.006,45.76,35.3478994,-117.809442,626.806,3,,
2483.204,4.337340399999903,-9.849,0.397,0.325,0.004,-0.012,0.006,45.76,35.3478994,-117.8094422,626.91,3,,
2484.265,4.042064799999935,-9.854,0.421,0.321,0.009,-0.013,0.006,45.78,35.3478998,-117.8094418,626.947,3,,
2485.253,3.7467891999999665,-9.858,0.407,0.301,0.007,-0.012,0.005,45.79,35.3478999,-117.8094418,627.042,3,,
2486.239,4.927891599999839,-9.854,0.421,0.34,0.01,-0.013,0.006,45.76,35.3479001,-117.8094416,627.062,3,,
2487.223,2.8937707999998565,-9.849,0.416,0.33,0.006,-0.012,0.006,45.78,35.3479002,-117.8094415,627.054,3,,
2488.215,4.337340399999903,-9.854,0.416,0.364,0.004,-0.012,0.005,45.8,35.3479004,-117.8094417,627.018,3,,
2489.202,4.337340399999903,-9.849,0.431,0.311,0.005,-0.013,0.006,45.79,35.3479006,-117.809442,626.914,3,,
2490.291,3.7467891999999665,-9.858,0.402,0.33,0.004,-0.012,0.006,45.8,35.3479006,-117.8094427,626.864,3,,
2491.284,3.1890464000002794,-9.849,0.426,0.345,0.007,-0.013,0.006,45.82,35.3479004,-117.8094435,626.835,3,,
2492.272,4.927891599999839,-9.858,0.397,0.311,0.004,-0.013,0.005,45.83,35.3479004,-117.8094436,626.785,3,,
2493.259,4.337340399999903,-9.854,0.431,0.321,0.007,-0.013,0.006,45.82,35.3479004,-117.8094438,626.772,3,,
2494.245,3.4843219999997928,-9.858,0.392,0.34,0.005,-0.015,0.006,45.83,35.3479005,-117.809443,626.761,3,,
2495.237,4.337340399999903,-9.854,0.426,0.335,0.005,-0.013,0.006,45.84,35.3479005,-117.8094424,626.775,3,,
2496.231,3.1890464000002794,-9.863,0.407,0.239,0.009,-0.013,0.006,45.83,35.3479004,-117.8094422,626.733,3,,
2497.217,3.4843219999997928,-9.858,0.416,0.268,0.007,-0.013,0.006,45.83,35.3479002,-117.8094424,626.719,3,,
2498.207,3.7467891999999665,-9.854,0.416,0.306,0.01,-0.013,0.005,45.8,35.3479001,-117.8094424,626.711,3,,
2499.298,3.1890464000002794,-9.863,0.412,0.292,0.006,-0.013,0.005,45.83,35.3478999,-117.8094431,626.66,3,,
2500.283,4.042064799999935,-9.854,0.412,0.278,0.006,-0.011,0.005,45.85,35.3478997,-117.8094439,626.614,3,,
2501.269,3.4843219999997928,-9.858,0.383,0.301,0.007,-0.012,0.006,45.87,35.3478995,-117.8094447,626.617,3,,
2502.258,3.7467891999999665,-9.854,0.407,0.345,0.005,-0.013,0.006,45.89,35.3478995,-117.8094452,626.603,3,,
2503.247,2.8937707999998565,-9.849,0.426,0.335,0.01,-0.013,0.006,45.91,35.3478994,-117.809446,626.549,3,,
2504.233,3.1890464000002794,-9.858,0.435,0.345,0.001,-0.012,0.006,45.92,35.3478993,-117.8094465,626.491,3,,
2505.22,4.042064799999935,-9.863,0.412,0.359,0.011,-0.012,0.006,45.92,35.3478993,-117.8094466,626.432,3,,
2506.207,2.303219600000375,-9.863,0.388,0.325,0.007,-0.012,0.005,45.93,35.3478992,-117.8094469,626.402,3,,
2507.295,2.5984951999998884,-9.858,0.464,0.316,0.01,-0.012,0.006,45.94,35.3478991,-117.8094471,626.339,3,,
2508.178,3.4843219999997928,-9.854,0.469,0.287,0.004,-0.012,0.006,45.96,35.3478989,-117.8094477,626.328,3,,
2509.268,3.7467891999999665,-9.858,0.392,0.354,0.011,-0.015,0.006,45.97,35.3478987,-117.8094482,626.289,3,,
2510.261,3.4843219999997928,-9.858,0.407,0.345,0.002,-0.013,0.005,45.98,35.3478985,-117.8094485,626.228,3,,
2511.247,2.8937707999998565,-9.854,0.435,0.33,0.007,-0.012,0.006,45.99,35.3478982,-117.8094489,626.141,3,,
2512.233,1.7454767999997785,-9.858,0.412,0.321,0.005,-0.012,0.006,46.0,35.3478982,-117.8094493,626.041,3,,
2513.221,2.5984951999998884,-9.854,0.407,0.373,0.01,-0.013,0.006,46.0,35.3478981,-117.8094496,625.966,3,,
2514.207,4.042064799999935,-9.863,0.435,0.33,0.002,-0.012,0.006,46.01,35.347898,-117.8094502,625.895,3,,
2515.196,4.042064799999935,-9.858,0.392,0.373,0.006,-0.013,0.006,46.01,35.3478979,-117.809451,625.839,3,,
2516.285,3.4843219999997928,-9.854,0.445,0.321,0.007,-0.012,0.005,46.02,35.3478979,-117.8094516,625.827,3,,
2517.277,4.927891599999839,-9.849,0.388,0.373,0.006,-0.012,0.005,46.03,35.3478979,-117.809452,625.825,3,,
2518.262,3.4843219999997928,-9.858,0.44,0.34,0.005,-0.012,0.007,46.03,35.3478981,-117.8094523,625.818,3,,
2519.251,3.1890464000002794,-9.868,0.412,0.34,0.006,-0.012,0.005,46.04,35.3478984,-117.809452,625.79,3,,
2520.237,3.1890464000002794,-9.849,0.368,0.335,0.007,-0.013,0.005,46.05,35.3478987,-117.8094521,625.765,3,,
2521.223,3.7467891999999665,-9.849,0.388,0.349,0.006,-0.013,0.006,46.05,35.3478989,-117.8094519,625.749,3,,
2522.209,2.8937707999998565,-9.858,0.388,0.354,0.001,-0.015,0.005,46.06,35.3478994,-117.8094512,625.693,3,,
2523.296,3.4843219999997928,-9.854,0.421,0.306,0.006,-0.012,0.006,46.06,35.3478998,-117.8094508,625.64,3,,
2524.286,4.042064799999935,-9.858,0.407,0.301,0.005,-0.012,0.006,46.07,35.3479003,-117.8094501,625.612,3,,
2525.271,4.337340399999903,-9.854,0.373,0.196,0.005,-0.013,0.007,46.07,35.3479008,-117.8094495,625.585,3,,
2526.258,3.1890464000002794,-9.839,0.383,0.148,0.007,-0.012,0.007,45.98,35.3479011,-117.809449,625.577,3,,
2527.242,4.042064799999935,-9.849,0.388,0.077,0.006,-0.012,0.005,45.89,35.3479016,-117.8094486,625.541,3,,
2528.228,4.927891599999839,-9.849,0.412,0.014,0.005,-0.012,0.006,45.84,35.3479019,-117.8094485,625.485,3,,
2529.215,3.7467891999999665,-9.849,0.402,0.153,0.009,-0.013,0.006,45.82,35.3479024,-117.8094484,625.464,3,,
2530.203,2.5984951999998884,-9.854,0.402,0.115,0.009,-0.012,0.005,45.83,35.3479027,-117.8094479,625.455,3,,
2531.296,4.632615999999871,-9.858,0.373,0.105,0.004,-0.012,0.005,45.81,35.3479033,-117.8094477,625.454,3,,
2532.197,4.042064799999935,-9.854,0.407,0.057,0.007,-0.012,0.007,45.8,35.3479039,-117.8094474,625.429,3,,
2533.185,2.007943999999952,-9.849,0.397,0.091,0.005,-0.013,0.005,45.83,35.3479044,-117.8094473,625.421,3,,
2534.271,3.1890464000002794,-9.858,0.402,0.1,0.005,-0.013,0.006,45.8,35.3479048,-117.8094468,625.444,3,,
2535.257,3.4843219999997928,-9.849,0.421,0.014,0.004,-0.012,0.005,45.75,35.3479054,-117.8094466,625.411,3,,
2536.244,2.5984951999998884,-9.83,0.364,-0.029,0.009,-0.012,0.006,45.74,35.3479061,-117.8094462,625.328,3,,
2537.238,3.4843219999997928,-9.854,0.33,0.024,0.007,-0.012,0.006,45.69,35.3479068,-117.8094462,625.242,3,,
2538.222,4.042064799999935,-9.863,0.397,0.014,0.001,-0.012,0.004,45.68,35.3479074,-117.8094464,625.12,3,,
2539.207,3.4843219999997928,-9.849,0.407,0.081,-0.002,-0.012,0.007,45.63,35.3479079,-117.809447,625.047,3,,
2540.3,4.632615999999871,-9.849,0.392,0.091,0.006,-0.012,0.005,45.64,35.3479081,-117.8094475,624.964,3,,
2541.285,2.8937707999998565,-9.839,0.421,-0.091,0.004,-0.012,0.005,45.59,35.3479083,-117.809448,624.907,3,,
2542.277,3.1890464000002794,-9.849,0.373,-0.024,0.006,-0.012,0.006,45.53,35.3479087,-117.809448,624.845,3,,
2543.271,3.7467891999999665,-9.83,0.364,-0.048,0.004,-0.012,0.006,45.54,35.3479095,-117.8094474,624.714,3,,
2544.273,3.1890464000002794,-9.839,0.373,0.11,0.007,-0.013,0.005,45.54,35.3479102,-117.809447,624.722,3,,
2545.259,2.303219600000375,-9.844,0.378,0.057,0.0,-0.012,0.006,45.54,35.3479107,-117.8094466,624.668,3,,
2546.243,2.007943999999952,-9.849,0.388,0.024,0.009,-0.011,0.005,45.53,35.3479111,-117.8094466,624.623,3,,
2547.23,3.4843219999997928,-9.844,0.378,-0.053,0.006,-0.012,0.006,45.49,35.3479116,-117.8094465,624.593,3,,
2548.223,4.337340399999903,-9.844,0.364,0.053,0.006,-0.012,0.005,45.46,35.347912,-117.8094464,624.576,3,,
2549.311,4.337340399999903,-9.849,0.364,-0.01,0.009,-0.012,0.006,45.43,35.3479121,-117.8094469,624.584,3,,
2550.201,3.4843219999997928,-9.844,0.412,0.048,0.009,-0.012,0.006,45.4,35.3479123,-117.809447,624.553,3,,
2551.289,3.1890464000002794,-9.844,0.402,-0.01,0.007,-0.012,0.006,45.4,35.3479124,-117.8094473,624.498,3,,
2552.278,2.303219600000375,-9.849,0.407,-0.01,0.009,-0.012,0.005,45.4,35.3479124,-117.8094476,624.438,3,,
2553.267,4.042064799999935,-9.854,0.388,0.062,0.007,-0.015,0.006,45.38,35.3479124,-117.8094478,624.394,3,,
2554.253,4.042064799999935,-9.849,0.416,0.053,0.005,-0.012,0.006,45.32,35.3479124,-117.8094479,624.368,3,,
2555.246,2.8937707999998565,-9.844,0.412,-0.029,0.007,-0.012,0.006,45.26,35.3479125,-117.8094486,624.327,3,,
2556.237,4.927891599999839,-9.839,0.368,-0.043,0.006,-0.013,0.005,45.2,35.3479128,-117.8094488,624.312,3,,
2557.229,4.632615999999871,-9.844,0.402,0.067,0.009,-0.012,0.006,45.15,35.3479129,-117.8094487,624.309,3,,
2558.216,4.337340399999903,-9.849,0.392,-0.01,0.01,-0.013,0.005,45.11,35.347913,-117.8094486,624.326,3,,
2559.316,4.042064799999935,-9.849,0.412,0.062,0.002,-0.013,0.006,45.07,35.3479135,-117.8094483,624.247,3,,
2560.211,3.7467891999999665,-9.835,0.421,-0.014,0.004,-0.013,0.006,44.95,35.3479137,-117.8094483,624.173,3,,
2561.308,3.1890464000002794,-9.854,0.383,0.096,0.005,-0.012,0.006,44.87,35.3479138,-117.809449,624.024,3,,
2562.193,3.4843219999997928,-9.844,0.364,-0.053,0.01,-0.012,0.006,44.78,35.3479138,-117.8094497,623.91,3,,
2563.286,2.303219600000375,-9.83,0.316,-0.053,0.002,-0.012,0.006,44.71,35.3479136,-117.8094502,623.929,3,,
2564.282,3.4843219999997928,-9.849,0.388,-0.01,0.006,-0.015,0.006,44.67,35.3479136,-117.8094505,623.902,3,,
2565.283,4.042064799999935,-9.863,0.397,0.105,0.006,-0.013,0.005,44.63,35.3479135,-117.8094508,623.905,3,,
2566.271,4.927891599999839,-9.839,0.402,0.062,0.001,-0.012,0.005,44.61,35.3479139,-117.8094508,623.865,3,,
2567.257,4.042064799999935,-9.839,0.388,0.067,0.011,-0.012,0.006,44.65,35.347914,-117.8094509,623.903,3,,
2568.245,4.632615999999871,-9.835,0.33,0.043,0.009,-0.013,0.006,44.6,35.3479144,-117.8094505,623.894,3,,
2569.238,4.632615999999871,-9.844,0.431,0.129,0.009,-0.013,0.005,44.54,35.3479146,-117.8094501,623.93,3,,
2570.222,2.8937707999998565,-9.83,0.378,-0.115,0.007,-0.013,0.005,44.48,35.3479147,-117.8094496,623.984,3,,
2571.317,4.042064799999935,-9.82,0.426,-0.115,0.002,-0.012,0.005,44.43,35.3479148,-117.8094492,624.033,3,,
2572.208,4.042064799999935,-9.825,0.388,-0.105,0.009,-0.013,0.004,44.38,35.3479146,-117.8094488,624.091,3,,
2573.2,3.4843219999997928,-9.854,0.388,-0.077,0.005,-0.012,0.006,44.36,35.3479145,-117.8094486,624.164,3,,
2574.21,4.042064799999935,-9.835,0.392,0.057,0.001,-0.013,0.006,44.33,35.3479149,-117.8094476,624.08,3,,
2575.298,4.042064799999935,-9.844,0.373,0.129,-0.001,-0.013,0.006,44.31,35.3479144,-117.8094481,624.089,3,,
2576.288,4.632615999999871,-9.849,0.435,0.158,0.009,-0.013,0.005,44.3,35.3479142,-117.8094475,624.147,3,,
2577.284,4.042064799999935,-9.849,0.354,0.191,0.005,-0.012,0.006,44.28,35.3479142,-117.8094471,624.116,3,,
2578.271,5.223167200000262,-9.858,0.402,0.196,0.002,-0.012,0.005,44.24,35.3479147,-117.809446,624.107,3,,
2579.259,3.4843219999997928,-9.844,0.421,0.134,0.011,-0.013,0.006,44.28,35.3479149,-117.809445,624.11,3,,
2580.245,4.042064799999935,-9.844,0.397,0.225,0.002,-0.013,0.005,44.26,35.3479151,-117.8094442,624.098,3,,
2581.229,4.337340399999903,-9.854,0.378,0.196,0.009,-0.013,0.006,44.23,35.3479147,-117.809444,624.191,3,,
2582.218,5.518442799999775,-9.849,0.407,0.187,0.001,-0.013,0.006,44.21,35.3479148,-117.8094432,624.276,3,,
2583.205,5.223167200000262,-9.849,0.402,0.211,0.011,-0.013,0.005,44.23,35.3479141,-117.8094429,624.456,3,,
2584.19,4.927891599999839,-9.844,0.397,0.139,0.007,-0.012,0.006,44.23,35.347914,-117.8094425,624.492,3,,
2585.278,4.632615999999871,-9.844,0.392,0.215,0.004,-0.013,0.005,44.24,35.3479134,-117.8094428,624.642,3,,
2586.267,5.223167200000262,-9.844,0.407,0.201,0.005,-0.013,0.006,44.27,35.3479133,-117.8094436,624.567,3,,
2587.253,4.042064799999935,-9.835,0.412,0.091,0.006,-0.013,0.005,44.23,35.3479135,-117.8094441,624.405,3,,
2588.245,4.927891599999839,-9.858,0.359,0.254,0.006,-0.013,0.006,44.18,35.347914,-117.8094435,624.225,3,,
2589.24,4.927891599999839,-9.863,0.421,0.115,-0.001,-0.012,0.005,44.14,35.3479142,-117.8094429,624.245,3,,
2590.231,3.4843219999997928,-9.844,0.388,0.134,0.01,-0.013,0.005,44.16,35.3479143,-117.8094426,624.197,3,,
2591.217,4.632615999999871,-9.839,0.402,0.153,0.002,-0.013,0.006,44.13,35.347914,-117.8094419,624.306,3,,
2592.206,5.518442799999775,-9.844,0.392,0.244,0.004,-0.012,0.006,44.17,35.3479133,-117.8094416,624.647,3,,
2593.296,4.042064799999935,-9.844,0.431,0.187,0.011,-0.012,0.005,44.18,35.3479127,-117.8094416,624.842,3,,
2594.282,6.371461199999885,-9.849,0.392,0.191,0.007,-0.013,0.005,44.16,35.3479131,-117.8094412,624.755,3,,
2595.269,4.927891599999839,-9.854,0.407,0.244,0.005,-0.013,0.006,44.15,35.3479135,-117.8094409,624.608,3,,
2596.256,3.7467891999999665,-9.844,0.431,0.163,0.002,-0.012,0.006,44.15,35.3479138,-117.8094408,624.452,3,,
2597.247,5.223167200000262,-9.844,0.392,0.182,0.009,-0.013,0.005,44.18,35.3479134,-117.8094407,624.517,3,,
2598.238,4.632615999999871,-9.849,0.392,0.215,0.006,-0.012,0.005,44.19,35.3479135,-117.8094406,624.44,3,,
2599.225,4.927891599999839,-9.849,0.412,0.263,0.005,-0.013,0.006,44.16,35.3479138,-117.8094403,624.313,3,,
2600.217,4.042064799999935,-9.849,0.407,0.225,0.01,-0.013,0.005,44.14,35.3479138,-117.8094403,624.262,3,,
2601.204,4.337340399999903,-9.854,0.421,0.263,0.007,-0.012,0.006,44.18,35.3479141,-117.8094402,624.186,3,,
2602.292,4.632615999999871,-9.839,0.359,0.23,0.004,-0.013,0.006,44.2,35.3479143,-117.8094402,624.197,3,,
2603.28,4.632615999999871,-9.844,0.416,0.182,0.005,-0.012,0.006,44.17,35.3479146,-117.80944,624.082,3,,
2604.267,5.223167200000262,-9.839,0.392,0.139,0.007,-0.011,0.005,44.16,35.347915,-117.8094398,624.006,3,,
2605.255,4.042064799999935,-9.844,0.397,0.134,0.006,-0.013,0.005,44.15,35.3479155,-117.8094398,623.883,3,,
2606.245,4.927891599999839,-9.83,0.392,0.067,0.004,-0.013,0.006,44.11,35.3479156,-117.80944,623.803,3,,
2607.245,5.518442799999775,-9.849,0.402,0.239,0.006,-0.013,0.005,44.14,35.3479157,-117.8094402,623.698,3,,
2608.235,4.632615999999871,-9.854,0.407,0.249,0.007,-0.012,0.005,44.17,35.3479158,-117.8094405,623.589,3,,
2609.23,6.666736799999853,-9.849,0.416,0.254,0.006,-0.013,0.006,44.21,35.3479158,-117.8094408,623.505,3,,
2610.223,5.518442799999775,-9.858,0.416,0.254,0.007,-0.013,0.005,44.23,35.347916,-117.8094407,623.424,3,,
2611.212,4.927891599999839,-9.849,0.407,0.23,0.006,-0.013,0.005,44.22,35.3479162,-117.8094405,623.334,3,,
2612.201,4.337340399999903,-9.849,0.421,0.215,0.006,-0.012,0.005,44.23,35.3479166,-117.8094406,623.25,3,,
2613.297,4.927891599999839,-9.854,0.412,0.234,0.005,-0.012,0.006,44.21,35.3479156,-117.8094409,623.554,3,,
2614.287,5.780909999999949,-9.854,0.421,0.187,0.004,-0.013,0.006,44.21,35.3479148,-117.8094412,623.774,3,,
2615.275,4.927891599999839,-9.844,0.402,0.215,0.005,-0.012,0.006,44.21,35.3479149,-117.8094413,623.655,3,,
2616.263,5.223167200000262,-9.858,0.407,0.215,0.005,-0.012,0.006,44.2,35.3479151,-117.8094414,623.561,3,,
2617.256,5.780909999999949,-9.835,0.402,0.244,0.005,-0.012,0.006,44.18,35.3479155,-117.8094413,623.462,3,,
2618.242,5.518442799999775,-9.844,0.407,0.153,0.005,-0.012,0.006,44.14,35.3479149,-117.8094414,623.714,3,,
2619.235,4.927891599999839,-9.844,0.416,0.167,0.005,-0.013,0.006,44.12,35.3479138,-117.8094415,624.108,3,,
2620.228,4.042064799999935,-9.849,0.416,0.187,0.004,-0.012,0.005,44.15,35.347913,-117.8094413,624.417,3,,
2621.218,5.223167200000262,-9.854,0.397,0.244,0.007,-0.012,0.006,44.15,35.3479124,-117.809441,624.719,3,,
2622.206,5.780909999999949,-9.839,0.392,0.134,0.005,-0.013,0.006,44.16,35.3479118,-117.8094407,624.979,3,,
2623.3,4.042064799999935,-9.844,0.383,0.124,0.009,-0.012,0.005,44.18,35.3479113,-117.8094409,625.217,3,,
2624.287,4.632615999999871,-9.83,0.359,-0.029,0.009,-0.012,0.006,44.18,35.3479107,-117.809441,625.426,3,,
2625.278,4.927891599999839,-9.854,0.402,0.067,0.007,-0.012,0.006,44.15,35.3479101,-117.809441,625.62,3,,
2626.265,4.927891599999839,-9.849,0.392,-0.057,0.006,-0.013,0.006,44.09,35.3479097,-117.809441,625.717,3,,
2627.259,5.223167200000262,-9.844,0.378,0.0,0.006,-0.012,0.005,44.07,35.3479093,-117.8094409,625.788,3,,
2628.249,3.4843219999997928,-9.858,0.383,0.005,0.011,-0.015,0.006,44.08,35.3479088,-117.8094411,625.88,3,,
2629.239,4.042064799999935,-9.844,0.416,0.148,0.005,-0.012,0.006,44.13,35.3479083,-117.8094414,625.953,3,,
2630.226,4.632615999999871,-9.839,0.373,0.067,0.006,-0.013,0.006,44.17,35.3479078,-117.8094417,626.005,3,,
2631.215,5.223167200000262,-9.849,0.388,0.086,0.007,-0.013,0.005,44.19,35.3479073,-117.8094419,625.999,3,,
2632.202,3.7467891999999665,-9.844,0.378,0.019,0.006,-0.013,0.006,44.22,35.3479068,-117.8094422,626.001,3,,
2633.294,4.337340399999903,-9.83,0.364,-0.11,0.007,-0.015,0.005,44.21,35.3479065,-117.8094425,626.007,3,,
2634.287,4.337340399999903,-9.83,0.402,-0.1,0.007,-0.012,0.006,44.13,35.3479062,-117.8094429,625.998,3,,
2635.278,3.7467891999999665,-9.839,0.354,-0.086,0.004,-0.013,0.006,44.07,35.347906,-117.809443,625.981,3,,
2636.269,4.337340399999903,-9.839,0.388,-0.129,0.005,-0.012,0.005,44.01,35.3479057,-117.8094434,625.962,3,,
2637.263,3.7467891999999665,-9.849,0.383,0.124,0.006,-0.013,0.005,43.99,35.3479056,-117.809444,625.869,3,,
2638.254,4.632615999999871,-9.844,0.397,0.062,0.011,-0.012,0.005,43.95,35.3479055,-117.8094443,625.89,3,,
2639.243,4.337340399999903,-9.849,0.383,0.067,0.009,-0.012,0.007,43.93,35.3479052,-117.8094448,625.926,3,,
2640.231,4.042064799999935,-9.854,0.407,0.206,0.006,-0.012,0.006,43.95,35.347905,-117.8094452,626.002,3,,
2641.218,3.7467891999999665,-9.844,0.364,0.163,0.006,-0.013,0.006,44.0,35.3479048,-117.8094453,626.068,3,,
2642.205,4.337340399999903,-9.825,0.416,0.067,0.007,-0.013,0.005,43.98,35.3479045,-117.8094457,626.147,3,,
2643.291,5.223167200000262,-9.835,0.407,-0.043,0.005,-0.013,0.005,43.93,35.3479044,-117.8094459,626.237,3,,
2644.287,3.7467891999999665,-9.863,0.392,0.057,0.01,-0.012,0.006,43.88,35.3479042,-117.8094459,626.315,3,,
2645.284,5.780909999999949,-9.844,0.426,0.158,0.006,-0.012,0.006,43.85,35.347904,-117.8094459,626.321,3,,
2646.272,5.780909999999949,-9.854,0.388,0.086,0.002,-0.012,0.006,43.75,35.3479037,-117.8094456,626.308,3,,
2647.258,5.518442799999775,-9.858,0.44,0.187,0.005,-0.011,0.006,43.69,35.3479036,-117.8094451,626.259,3,,
2648.244,5.780909999999949,-9.844,0.402,0.096,0.007,-0.012,0.005,43.78,35.3479037,-117.8094446,626.209,3,,
2649.238,4.927891599999839,-9.849,0.421,0.091,0.005,-0.012,0.006,43.84,35.3479036,-117.8094446,626.227,3,,
2650.224,5.780909999999949,-9.854,0.416,0.129,0.01,-0.013,0.004,43.86,35.3479035,-117.8094447,626.265,3,,
2651.211,5.518442799999775,-9.839,0.34,-0.043,0.005,-0.012,0.005,43.88,35.3479033,-117.8094448,626.234,3,,
2652.2,4.337340399999903,-9.858,0.345,-0.005,0.005,-0.012,0.005,43.79,35.3479034,-117.8094447,626.134,3,,
2653.291,4.337340399999903,-9.844,0.359,0.038,-0.001,-0.012,0.006,43.78,35.3479034,-117.8094448,626.122,3,,
2654.182,4.337340399999903,-9.839,0.388,0.014,0.002,-0.012,0.006,43.77,35.3479035,-117.8094445,626.074,3,,
2655.27,3.4843219999997928,-9.83,0.407,-0.182,0.001,-0.012,0.005,43.82,35.3479035,-117.8094445,626.058,3,,
2656.268,2.8937707999998565,-9.83,0.412,-0.067,0.006,-0.011,0.005,43.78,35.3479034,-117.8094446,626.027,3,,
2657.266,3.4843219999997928,-9.83,0.335,-0.129,0.002,-0.013,0.005,43.79,35.3479033,-117.8094452,626.065,3,,
2658.256,3.4843219999997928,-9.83,0.354,-0.062,0.005,-0.013,0.005,43.79,35.3479032,-117.8094457,626.078,3,,
2659.249,4.042064799999935,-9.839,0.354,-0.144,0.004,-0.011,0.005,43.74,35.3479033,-117.8094458,626.063,3,,
2660.243,3.7467891999999665,-9.835,0.392,-0.1,0.005,-0.013,0.006,43.7,35.3479035,-117.8094457,626.013,3,,
2661.241,2.8937707999998565,-9.835,0.349,-0.23,0.007,-0.012,0.005,43.7,35.3479036,-117.8094459,626.045,3,,
2662.24,2.8937707999998565,-9.835,0.378,-0.158,0.001,-0.012,0.006,43.68,35.3479036,-117.809446,626.109,3,,
2663.235,4.632615999999871,-9.825,0.364,-0.23,0.006,-0.013,0.005,43.66,35.3479037,-117.8094461,626.197,3,,
2664.227,4.632615999999871,-9.835,0.397,-0.196,0.006,-0.012,0.006,43.63,35.3479039,-117.8094462,626.159,3,,
2665.218,4.632615999999871,-9.835,0.359,-0.043,0.002,-0.012,0.005,43.61,35.3479039,-117.8094462,626.138,3,,
2666.312,3.4843219999997928,-9.825,0.359,-0.12,0.009,-0.011,0.005,43.57,35.3479038,-117.8094464,626.173,3,,
2667.305,4.337340399999903,-9.849,0.416,0.062,0.001,-0.012,0.004,43.54,35.3479036,-117.8094466,626.124,3,,
2668.294,4.632615999999871,-9.825,0.44,-0.077,0.007,-0.013,0.005,43.58,35.3479037,-117.8094467,626.038,3,,
2669.285,6.076185599999917,-9.839,0.392,-0.029,0.005,-0.012,0.005,43.56,35.3479036,-117.809447,626.02,3,,
2670.288,4.927891599999839,-9.844,0.407,-0.115,0.005,-0.013,0.005,43.52,35.3479039,-117.8094471,625.953,3,,
2671.283,4.042064799999935,-9.83,0.416,-0.043,-0.002,-0.013,0.005,43.47,35.3479039,-117.8094472,625.914,3,,
2672.277,4.632615999999871,-9.844,0.335,0.072,0.002,-0.013,0.005,43.46,35.347904,-117.8094473,625.885,3,,
2673.265,5.780909999999949,-9.858,0.268,-0.081,0.006,-0.013,0.004,43.41,35.3479041,-117.8094471,625.9,3,,
2674.257,4.927891599999839,-9.844,0.392,0.01,0.007,-0.013,0.006,43.43,35.3479045,-117.809447,625.906,3,,
2675.252,6.076185599999917,-9.868,0.316,-0.005,0.007,-0.013,0.006,43.49,35.3479046,-117.8094471,625.89,3,,
2676.242,4.927891599999839,-9.839,0.316,-0.01,0.005,-0.013,0.005,43.5,35.3479047,-117.8094469,625.905,3,,
2677.241,5.518442799999775,-9.835,0.34,0.134,0.006,-0.012,0.005,43.51,35.3479047,-117.8094466,625.862,3,,
2678.227,4.042064799999935,-9.849,0.421,0.096,0.006,-0.012,0.005,43.49,35.3479046,-117.8094465,625.879,3,,
2679.217,4.042064799999935,-9.839,0.412,-0.091,0.004,-0.012,0.005,43.47,35.3479046,-117.8094464,625.853,3,,
2680.212,5.518442799999775,-9.839,0.402,0.067,0.005,-0.013,0.005,43.46,35.3479045,-117.8094462,625.803,3,,
2681.301,3.7467891999999665,-9.844,0.349,0.0,0.009,-0.01,0.004,43.49,35.3479044,-117.8094461,625.82,3,,
2682.188,4.042064799999935,-9.839,0.301,-0.187,0.002,-0.013,0.006,43.5,35.3479043,-117.8094461,625.813,3,,
2683.279,4.042064799999935,-9.858,0.373,-0.043,0.005,-0.013,0.006,43.46,35.3479041,-117.8094461,625.814,3,,
2684.274,2.8937707999998565,-9.839,0.364,-0.005,0.01,-0.015,0.004,43.34,35.3479042,-117.8094458,625.777,3,,
2685.266,5.223167200000262,-9.835,0.464,-0.225,0.01,-0.011,0.006,43.25,35.3479041,-117.8094456,625.825,3,,
2686.261,4.337340399999903,-9.835,0.278,-0.043,0.002,-0.011,0.004,43.22,35.3479043,-117.809445,625.83,3,,
2687.259,4.927891599999839,-9.839,0.392,0.144,-0.007,-0.015,0.004,43.19,35.3479045,-117.8094444,625.849,3,,
2688.26,6.666736799999853,-9.82,0.479,-0.1,0.002,-0.01,0.006,43.19,35.3479046,-117.8094438,625.865,3,,
2689.252,3.1890464000002794,-9.839,0.33,-0.263,0.006,-0.013,0.006,43.18,35.3479048,-117.8094432,625.822,3,,
2690.242,3.7467891999999665,-9.844,0.364,-0.311,0.005,-0.013,0.006,43.11,35.3479049,-117.809443,625.767,3,,
2691.236,4.042064799999935,-9.815,0.397,-0.373,0.009,-0.011,0.007,43.03,35.347905,-117.8094426,625.734,3,,
2692.231,3.4843219999997928,-9.835,0.378,-0.273,0.01,-0.011,0.005,42.98,35.3479051,-117.8094423,625.689,3,,
2693.224,2.8937707999998565,-9.83,0.349,-0.206,0.001,-0.011,0.005,42.94,35.3479053,-117.8094416,625.623,3,,
2694.319,2.5984951999998884,-9.83,0.359,-0.177,0.006,-0.012,0.006,42.93,35.3479056,-117.8094412,625.594,3,,
2695.311,2.8937707999998565,-9.82,0.392,-0.278,0.012,-0.015,0.004,42.95,35.3479057,-117.8094409,625.627,3,,
2696.304,4.337340399999903,-9.83,0.426,-0.024,0.005,-0.015,0.005,42.91,35.3479057,-117.8094406,625.594,3,,
2697.297,4.632615999999871,-9.854,0.345,-0.211,0.005,-0.012,0.004,42.87,35.3479056,-117.8094405,625.611,3,,
2698.291,3.1890464000002794,-9.835,0.416,-0.244,0.001,-0.011,0.006,42.82,35.3479055,-117.8094403,625.611,3,,
2699.279,4.042064799999935,-9.83,0.388,-0.34,-0.006,-0.013,0.005,42.73,35.3479055,-117.8094401,625.605,3,,
2700.27,3.1890464000002794,-9.806,0.383,-0.354,0.01,-0.015,0.006,42.65,35.3479056,-117.8094399,625.655,3,,
2701.263,3.4843219999997928,-9.825,0.392,-0.297,0.012,-0.015,0.005,42.59,35.3479059,-117.8094394,625.688,3,,
2702.257,4.042064799999935,-9.815,0.383,-0.23,0.011,-0.012,0.006,42.58,35.3479062,-117.8094389,625.705,3,,
2703.249,3.1890464000002794,-9.83,0.397,-0.206,0.004,-0.013,0.006,42.56,35.3479063,-117.8094387,625.665,3,,
2704.242,4.337340399999903,-9.849,0.373,-0.225,0.002,-0.01,0.005,42.53,35.3479063,-117.8094386,625.625,3,,
2705.236,3.4843219999997928,-9.839,0.383,-0.345,0.009,-0.012,0.005,42.53,35.3479065,-117.8094383,625.581,3,,
2706.226,4.042064799999935,-9.825,0.349,-0.091,0.006,-0.012,0.004,42.48,35.3479067,-117.8094378,625.555,3,,
2707.217,4.632615999999871,-9.83,0.421,-0.096,0.007,-0.015,0.006,42.45,35.3479069,-117.8094376,625.505,3,,
2708.275,4.927891599999839,-9.83,0.464,0.1,0.013,-0.012,0.006,42.44,35.347907,-117.8094376,625.452,3,,
2709.262,4.337340399999903,-9.839,0.354,-0.105,-0.001,-0.01,0.005,42.45,35.3479071,-117.8094374,625.476,3,,
2710.254,4.632615999999871,-9.868,0.268,-0.019,-0.001,-0.015,0.005,42.46,35.3479073,-117.8094372,625.478,3,,
2711.247,4.042064799999935,-9.815,0.426,0.014,0.006,-0.013,0.005,42.43,35.3479075,-117.8094371,625.48,3,,
2712.235,4.632615999999871,-9.82,0.325,0.091,0.01,-0.013,0.005,42.32,35.3479076,-117.809437,625.487,3,,
2713.323,4.632615999999871,-9.844,0.292,-0.158,-0.011,-0.012,0.005,42.31,35.3479078,-117.8094366,625.543,3,,
2714.212,5.223167200000262,-9.849,0.383,-0.014,-0.002,-0.012,0.006,42.31,35.3479078,-117.8094362,625.608,3,,
2715.329,5.223167200000262,-9.82,0.364,0.048,0.018,-0.015,0.006,42.3,35.3479079,-117.8094361,625.636,3,,
2716.316,3.1890464000002794,-9.844,0.263,0.144,0.013,-0.011,0.004,42.28,35.3479079,-117.8094358,625.646,3,,
2717.301,3.7467891999999665,-9.839,0.278,0.043,0.0,-0.011,0.006,42.27,35.3479079,-117.8094355,625.675,3,,
2718.289,4.337340399999903,-9.82,0.455,0.072,-0.002,-0.012,0.007,42.21,35.347908,-117.809435,625.727,3,,
2719.283,4.337340399999903,-9.82,0.459,0.005,0.004,-0.013,0.005,42.23,35.3479083,-117.8094344,625.677,3,,
2720.27,4.632615999999871,-9.835,0.416,0.234,0.011,-0.015,0.006,42.23,35.3479086,-117.8094337,625.67,3,,
2721.254,4.632615999999871,-9.835,0.488,0.158,0.01,-0.011,0.005,42.27,35.3479088,-117.8094333,625.686,3,,
2722.24,3.7467891999999665,-9.839,0.345,0.292,0.001,-0.015,0.006,42.33,35.3479091,-117.8094325,625.689,3,,
2723.23,4.927891599999839,-9.825,0.378,0.091,0.009,-0.012,0.005,42.33,35.3479098,-117.8094309,625.704,3,,
2724.218,3.4843219999997928,-9.825,0.421,0.062,0.007,-0.015,0.005,42.35,35.3479104,-117.8094294,625.72,3,,
2725.204,3.4843219999997928,-9.868,0.33,-0.23,0.005,-0.01,0.006,42.3,35.347911,-117.809428,625.741,3,,
2726.299,4.337340399999903,-9.83,0.488,-0.091,0.005,-0.01,0.005,42.34,35.3479116,-117.8094266,625.766,3,,
2727.295,4.042064799999935,-9.839,0.345,-0.024,0.006,-0.015,0.005,42.31,35.3479122,-117.8094253,625.788,3,,
2728.287,3.4843219999997928,-9.835,0.435,0.086,0.006,-0.013,0.005,42.23,35.3479127,-117.8094241,625.815,3,,
2729.273,3.4843219999997928,-9.825,0.325,-0.053,0.001,-0.013,0.005,42.26,35.3479129,-117.8094233,625.877,3,,
2730.263,4.632615999999871,-9.815,0.378,0.029,0.007,-0.011,0.005,42.27,35.3479133,-117.8094224,625.899,3,,
2731.249,3.7467891999999665,-9.844,0.354,0.12,0.01,-0.012,0.004,42.3,35.3479137,-117.8094215,625.925,3,,
2732.236,3.7467891999999665,-9.835,0.392,0.091,0.006,-0.012,0.006,42.34,35.3479141,-117.8094208,625.923,3,,
2733.224,5.223167200000262,-9.854,0.431,0.278,0.004,-0.012,0.006,42.37,35.3479143,-117.8094203,625.992,3,,
2734.212,6.371461199999885,-9.849,0.412,0.335,0.002,-0.013,0.005,42.46,35.3479146,-117.8094197,625.992,3,,
2735.297,6.371461199999885,-9.844,0.431,0.34,0.007,-0.013,0.006,42.51,35.3479148,-117.8094193,626.007,3,,
2736.285,5.780909999999949,-9.858,0.464,0.345,0.005,-0.012,0.005,42.56,35.3479146,-117.8094196,626.109,3,,
2737.271,6.076185599999917,-9.854,0.445,0.349,0.009,-0.013,0.005,42.6,35.3479145,-117.8094196,626.184,3,,
2738.258,7.519755199999963,-9.854,0.412,0.364,0.005,-0.015,0.005,42.64,35.3479142,-117.80942,626.304,3,,
2739.254,6.371461199999885,-9.849,0.416,0.368,0.005,-0.013,0.005,42.68,35.347914,-117.8094205,626.376,3,,
2740.243,6.076185599999917,-9.863,0.445,0.335,0.006,-0.012,0.005,42.71,35.3479139,-117.8094206,626.419,3,,
2741.229,7.815030799999931,-9.858,0.431,0.325,0.006,-0.013,0.006,42.77,35.3479137,-117.809421,626.477,3,,
2742.318,6.371461199999885,-9.849,0.416,0.321,0.009,-0.012,0.005,42.78,35.3479139,-117.8094209,626.425,3,,
2743.305,5.780909999999949,-9.858,0.426,0.33,0.006,-0.013,0.005,42.82,35.347914,-117.809421,626.376,3,,
2744.292,6.076185599999917,-9.835,0.402,0.292,0.005,-0.013,0.005,42.77,35.3479141,-117.8094211,626.364,3,,
2745.276,6.076185599999917,-9.844,0.402,0.091,0.007,-0.012,0.005,42.71,35.3479134,-117.8094218,626.518,3,,
2746.268,6.371461199999885,-9.83,0.388,0.077,0.006,-0.013,0.006,42.64,35.3479127,-117.8094225,626.672,3,,
2747.255,5.223167200000262,-9.844,0.435,0.144,0.007,-0.013,0.006,42.58,35.3479123,-117.8094229,626.751,3,,
2748.244,5.518442799999775,-9.839,0.426,0.038,0.009,-0.012,0.005,42.57,35.3479118,-117.8094231,626.843,3,,
2749.231,7.519755199999963,-9.849,0.416,0.268,0.01,-0.013,0.005,42.63,35.3479115,-117.8094234,626.862,3,,
2750.217,6.371461199999885,-9.849,0.421,0.23,0.005,-0.012,0.005,42.75,35.3479114,-117.8094234,626.848,3,,
2751.203,5.780909999999949,-9.858,0.407,0.321,0.005,-0.012,0.005,42.77,35.3479111,-117.8094235,626.8,3,,
2752.292,6.371461199999885,-9.844,0.426,0.249,0.006,-0.012,0.005,42.75,35.347911,-117.8094234,626.801,3,,
2753.282,5.780909999999949,-9.835,0.383,0.244,0.006,-0.013,0.005,42.8,35.3479108,-117.8094234,626.803,3,,
2754.27,4.927891599999839,-9.854,0.397,0.191,0.005,-0.012,0.006,42.82,35.3479108,-117.8094231,626.742,3,,
2755.256,5.518442799999775,-9.849,0.416,0.177,0.001,-0.011,0.005,42.81,35.3479106,-117.809423,626.709,3,,
2756.241,7.815030799999931,-9.844,0.392,0.297,0.004,-0.012,0.005,42.8,35.3479103,-117.8094231,626.719,3,,
2757.229,6.076185599999917,-9.839,0.345,0.239,0.01,-0.013,0.004,42.82,35.3479101,-117.809423,626.783,3,,
2758.215,6.666736799999853,-9.835,0.34,0.067,0.012,-0.012,0.005,42.8,35.3479099,-117.8094229,626.826,3,,
2759.201,6.371461199999885,-9.835,0.402,0.057,0.012,-0.013,0.006,42.73,35.3479097,-117.809423,626.867,3,,
2760.292,6.076185599999917,-9.849,0.397,0.091,0.005,-0.013,0.005,42.72,35.3479094,-117.8094232,626.866,3,,
2761.279,6.666736799999853,-9.844,0.421,0.134,0.002,-0.012,0.004,42.72,35.3479093,-117.8094233,626.859,3,,
2762.263,5.518442799999775,-9.844,0.407,0.206,0.006,-0.012,0.005,42.7,35.3479091,-117.8094232,626.897,3,,
2763.249,5.223167200000262,-9.835,0.392,0.053,0.005,-0.012,0.006,42.67,35.347909,-117.809423,626.868,3,,
2764.237,5.518442799999775,-9.844,0.421,0.062,0.007,-0.011,0.005,42.68,35.3479091,-117.8094227,626.845,3,,
2765.222,5.223167200000262,-9.854,0.412,0.163,0.002,-0.013,0.006,42.67,35.3479092,-117.809422,626.835,3,,
2766.209,6.666736799999853,-9.849,0.388,0.139,0.007,-0.013,0.006,42.7,35.3479094,-117.8094211,626.808,3,,
2767.196,5.780909999999949,-9.835,0.412,0.11,0.01,-0.012,0.004,42.72,35.3479096,-117.8094205,626.765,3,,
2768.288,5.223167200000262,-9.844,0.383,0.129,0.002,-0.012,0.005,42.74,35.34791,-117.8094192,626.722,3,,
2769.275,6.076185599999917,-9.839,0.392,0.167,0.004,-0.012,0.005,42.72,35.3479102,-117.8094182,626.665,3,,
2770.259,6.962012399999821,-9.849,0.368,0.201,0.005,-0.013,0.005,42.72,35.3479105,-117.8094171,626.609,3,,
2771.249,5.518442799999775,-9.835,0.402,0.158,0.009,-0.012,0.006,42.71,35.3479109,-117.8094158,626.585,3,,
2772.236,5.223167200000262,-9.839,0.388,0.177,0.012,-0.013,0.005,42.7,35.3479108,-117.809416,626.538,3,,
2773.22,6.076185599999917,-9.849,0.435,0.129,0.007,-0.013,0.005,42.68,35.3479107,-117.8094163,626.511,3,,
2774.215,4.632615999999871,-9.849,0.407,0.144,0.0,-0.013,0.006,42.7,35.347911,-117.8094157,626.429,3,,
2775.202,5.780909999999949,-9.83,0.407,0.01,0.001,-0.012,0.006,42.7,35.3479112,-117.8094151,626.304,3,,
2776.188,5.780909999999949,-9.835,0.445,0.01,0.005,-0.013,0.006,42.74,35.3479111,-117.8094155,626.137,3,,
2777.28,6.371461199999885,-9.844,0.364,0.201,0.009,-0.013,0.005,42.75,35.347911,-117.8094158,626.024,3,,
2778.272,4.337340399999903,-9.839,0.426,0.062,0.001,-0.013,0.006,42.68,35.3479109,-117.8094162,625.929,3,,
2779.258,5.223167200000262,-9.825,0.368,0.029,0.01,-0.013,0.005,42.64,35.3479109,-117.8094166,625.847,3,,
2780.246,5.518442799999775,-9.825,0.368,0.048,0.001,-0.012,0.006,42.63,35.347911,-117.8094169,625.736,3,,
2781.231,5.780909999999949,-9.83,0.345,0.134,0.006,-0.012,0.005,42.6,35.3479111,-117.809417,625.73,3,,
2782.22,5.518442799999775,-9.83,0.373,0.062,0.002,-0.012,0.005,42.62,35.3479112,-117.8094172,625.645,3,,
2783.207,4.927891599999839,-9.849,0.368,0.077,0.009,-0.015,0.005,42.68,35.3479113,-117.8094173,625.651,3,,
2784.205,5.780909999999949,-9.844,0.335,0.096,0.002,-0.013,0.005,42.67,35.3479115,-117.8094173,625.666,3,,
2785.297,5.518442799999775,-9.849,0.464,-0.019,0.011,-0.015,0.006,42.64,35.3479117,-117.8094173,625.73,3,,
2786.29,4.632615999999871,-9.858,0.392,0.172,-0.001,-0.013,0.007,42.62,35.3479117,-117.8094175,625.798,3,,
2787.282,4.927891599999839,-9.858,0.407,-0.033,0.002,-0.013,0.004,42.62,35.3479118,-117.8094175,625.822,3,,
2788.272,4.337340399999903,-9.839,0.306,0.043,0.009,-0.012,0.005,42.65,35.3479118,-117.8094181,625.834,3,,
2789.259,4.337340399999903,-9.839,0.421,0.1,0.007,-0.013,0.005,42.66,35.3479121,-117.8094184,625.813,3,,
2790.251,4.632615999999871,-9.839,0.44,-0.057,-0.002,-0.013,0.007,42.64,35.347912,-117.80942,625.631,3,,
2791.245,4.632615999999871,-9.835,0.402,-0.177,0.002,-0.01,0.006,42.62,35.347912,-117.8094217,625.487,3,,
2792.238,6.371461199999885,-9.83,0.345,-0.244,0.006,-0.011,0.005,42.59,35.3479121,-117.8094228,625.398,3,,
2793.232,4.337340399999903,-9.844,0.321,-0.005,0.013,-0.011,0.005,42.55,35.3479122,-117.8094243,625.345,3,,
2794.225,4.632615999999871,-9.839,0.321,-0.268,0.001,-0.011,0.007,42.55,35.3479124,-117.8094249,625.437,3,,
2795.217,6.076185599999917,-9.844,0.345,-0.182,0.005,-0.011,0.005,42.55,35.3479129,-117.809425,625.473,3,,
2796.211,4.632615999999871,-9.835,0.402,-0.105,0.011,-0.012,0.005,42.53,35.3479133,-117.8094252,625.505,3,,
2797.201,5.780909999999949,-9.839,0.349,0.033,0.009,-0.012,0.005,42.49,35.347914,-117.8094252,625.515,3,,
2798.187,6.666736799999853,-9.835,0.383,-0.033,0.005,-0.012,0.005,42.51,35.3479148,-117.809425,625.489,3,,
2799.281,5.518442799999775,-9.839,0.373,-0.206,0.01,-0.012,0.005,42.5,35.3479152,-117.8094254,625.461,3,,
2800.273,5.518442799999775,-9.825,0.383,-0.268,0.009,-0.012,0.005,42.49,35.3479158,-117.8094255,625.416,3,,
2801.262,4.337340399999903,-9.825,0.373,-0.191,0.006,-0.015,0.004,42.43,35.3479163,-117.8094255,625.356,3,,
2802.253,6.666736799999853,-9.849,0.364,-0.129,0.002,-0.012,0.005,42.39,35.3479169,-117.8094256,625.298,3,,
2803.244,4.927891599999839,-9.825,0.421,-0.129,0.006,-0.012,0.006,42.37,35.3479174,-117.8094257,625.252,3,,
2804.236,4.927891599999839,-9.835,0.397,-0.1,0.006,-0.012,0.005,42.37,35.3479176,-117.8094262,625.239,3,,
2805.227,6.962012399999821,-9.844,0.397,0.005,0.015,-0.012,0.005,42.4,35.3479179,-117.8094263,625.286,3,,
2806.214,4.337340399999903,-9.835,0.55,-0.072,0.005,-0.012,0.005,42.39,35.3479181,-117.8094261,625.43,3,,
2807.307,5.223167200000262,-9.83,0.45,-0.053,0.007,-0.012,0.005,42.37,35.3479183,-117.8094265,625.555,3,,
2808.197,6.666736799999853,-9.82,0.388,0.033,0.002,-0.012,0.006,42.37,35.3479181,-117.8094277,625.713,3,,
2809.285,4.927891599999839,-9.844,0.392,-0.029,0.005,-0.013,0.006,42.34,35.3479182,-117.8094284,625.875,3,,
2810.277,4.632615999999871,-9.825,0.498,0.014,0.007,-0.012,0.004,42.33,35.3479184,-117.8094285,626.002,3,,
2811.263,5.223167200000262,-9.839,0.402,0.081,0.005,-0.013,0.005,42.3,35.3479186,-117.8094282,626.015,3,,
2812.248,5.780909999999949,-9.83,0.392,-0.1,0.005,-0.012,0.004,42.27,35.3479188,-117.8094278,626.052,3,,
2813.239,4.337340399999903,-9.82,0.45,-0.062,0.002,-0.013,0.005,42.23,35.3479191,-117.8094275,626.092,3,,
2814.231,5.223167200000262,-9.83,0.354,-0.182,0.012,-0.012,0.007,42.21,35.3479192,-117.8094272,626.098,3,,
2815.22,4.042064799999935,-9.844,0.335,-0.144,0.001,-0.012,0.005,42.2,35.3479194,-117.8094269,626.142,3,,
2816.215,4.927891599999839,-9.82,0.455,-0.177,0.009,-0.012,0.005,42.18,35.3479195,-117.8094262,626.169,3,,
2817.208,6.666736799999853,-9.839,0.392,-0.024,0.007,-0.012,0.006,42.19,35.3479197,-117.8094259,626.281,3,,
2818.198,6.666736799999853,-9.854,0.359,0.053,0.009,-0.015,0.006,42.18,35.3479197,-117.8094256,626.377,3,,
2819.183,4.632615999999871,-9.815,0.402,-0.134,0.002,-0.012,0.005,42.15,35.3479201,-117.8094249,626.5,3,,
2820.28,5.223167200000262,-9.835,0.412,-0.043,0.009,-0.012,0.004,42.1,35.3479204,-117.8094235,626.597,3,,
2821.271,5.223167200000262,-9.83,0.368,-0.01,0.01,-0.012,0.005,42.09,35.3479205,-117.8094227,626.712,3,,
2822.26,6.962012399999821,-9.844,0.474,0.067,0.006,-0.013,0.005,42.06,35.3479208,-117.8094215,626.809,3,,
2823.244,5.518442799999775,-9.858,0.306,0.148,0.004,-0.012,0.004,42.04,35.3479208,-117.8094208,626.874,3,,
2824.232,6.962012399999821,-9.825,0.435,0.01,0.028,-0.016,0.002,42.06,35.3479207,-117.8094203,626.919,3,,
2825.219,6.962012399999821,-9.825,0.416,-0.067,0.004,-0.012,0.006,42.11,35.3479207,-117.8094195,626.988,3,,
2826.21,5.780909999999949,-9.83,0.33,0.01,0.005,-0.012,0.005,42.07,35.3479209,-117.8094185,627.026,3,,
2827.2,4.927891599999839,-9.83,0.373,0.077,0.006,-0.012,0.005,42.03,35.3479212,-117.8094177,626.944,3,,
2828.19,6.962012399999821,-9.83,0.273,0.345,0.024,-0.015,0.005,42.0,35.3479212,-117.8094173,626.894,3,,
2829.277,6.076185599999917,-9.839,0.335,0.12,0.002,-0.011,0.007,41.98,35.3479213,-117.8094169,626.925,3,,
2830.262,6.666736799999853,-9.815,0.526,-0.033,-0.006,-0.011,0.006,41.96,35.3479214,-117.8094166,626.924,3,,
2831.257,4.337340399999903,-9.839,0.33,0.019,0.013,-0.013,0.004,41.96,35.3479216,-117.8094165,626.939,3,,
2832.242,4.927891599999839,-9.844,0.426,0.201,0.006,-0.013,0.005,41.95,35.3479215,-117.8094165,626.865,3,,
2833.229,5.518442799999775,-9.863,0.445,0.014,0.004,-0.012,0.004,41.96,35.3479214,-117.8094167,626.755,3,,
2834.32,5.780909999999949,-9.849,0.368,0.005,0.009,-0.011,0.006,41.95,35.3479212,-117.8094176,626.704,3,,
2835.309,5.780909999999949,-9.825,0.44,0.124,-0.001,-0.013,0.005,41.93,35.3479211,-117.8094184,626.709,3,,
2836.299,6.076185599999917,-9.83,0.416,0.053,0.005,-0.012,0.005,41.97,35.3479211,-117.8094193,626.786,3,,
2837.286,4.927891599999839,-9.835,0.459,0.057,0.007,-0.013,0.005,42.0,35.3479205,-117.8094203,626.854,3,,
2838.278,5.518442799999775,-9.854,0.402,0.187,0.004,-0.012,0.005,42.03,35.3479197,-117.8094224,626.967,3,,
2839.281,6.076185599999917,-9.825,0.373,0.091,0.004,-0.012,0.005,42.08,35.3479191,-117.8094235,626.971,3,,
2840.269,6.962012399999821,-9.839,0.397,0.12,0.005,-0.013,0.006,42.06,35.3479186,-117.8094241,627.028,3,,
2841.256,6.666736799999853,-9.844,0.383,0.211,0.009,-0.013,0.006,42.03,35.3479179,-117.809425,627.21,3,,
2842.248,6.076185599999917,-9.835,0.397,0.153,0.006,-0.012,0.004,42.06,35.3479178,-117.8094249,627.13,3,,
2843.235,5.223167200000262,-9.835,0.445,0.12,0.005,-0.012,0.005,42.04,35.3479175,-117.8094249,627.053,3,,
2844.236,4.337340399999903,-9.83,0.512,0.067,0.007,-0.012,0.006,42.03,35.347917,-117.809425,626.943,3,,
2845.226,6.076185599999917,-9.83,0.45,0.043,0.01,-0.011,0.005,42.04,35.3479162,-117.8094253,626.992,3,,
2846.212,6.076185599999917,-9.839,0.431,0.072,0.011,-0.012,0.006,42.05,35.3479156,-117.8094257,626.967,3,,
2847.198,6.076185599999917,-9.839,0.364,0.072,0.006,-0.013,0.004,42.05,35.3479153,-117.8094258,626.87,3,,
2848.297,5.223167200000262,-9.849,0.378,0.105,0.007,-0.013,0.005,42.11,35.3479151,-117.809426,626.782,3,,
2849.179,4.632615999999871,-9.873,0.354,0.081,0.002,-0.01,0.004,42.13,35.3479148,-117.8094262,626.659,3,,
2850.267,5.518442799999775,-9.835,0.407,0.024,0.006,-0.011,0.006,42.07,35.3479147,-117.8094262,626.528,3,,
2851.252,5.518442799999775,-9.82,0.373,0.057,0.001,-0.013,0.006,42.03,35.3479145,-117.8094263,626.419,3,,
2852.255,5.518442799999775,-9.854,0.455,0.177,0.005,-0.013,0.005,42.02,35.3479143,-117.8094263,626.245,3,,
2853.242,4.337340399999903,-9.854,0.45,0.177,0.0,-0.011,0.006,42.09,35.3479134,-117.8094272,626.305,3,,
2854.228,6.962012399999821,-9.825,0.435,0.22,0.009,-0.013,0.005,42.12,35.3479132,-117.8094273,626.169,3,,
2855.222,5.223167200000262,-9.839,0.354,0.077,0.001,-0.013,0.006,42.17,35.3479128,-117.8094275,626.076,3,,
2856.208,6.962012399999821,-9.839,0.388,0.096,0.005,-0.012,0.006,42.13,35.3479123,-117.8094276,625.91,3,,
2857.296,6.962012399999821,-9.844,0.359,0.191,0.006,-0.012,0.005,42.12,35.347912,-117.8094279,625.781,3,,
2858.282,5.780909999999949,-9.849,0.354,0.196,0.01,-0.013,0.004,42.16,35.3479116,-117.8094289,625.767,3,,
2859.27,6.371461199999885,-9.854,0.416,0.182,0.002,-0.013,0.005,42.17,35.3479114,-117.80943,625.747,3,,
2860.256,4.927891599999839,-9.835,0.412,-0.062,0.002,-0.011,0.006,42.13,35.3479108,-117.8094314,625.812,3,,
2861.247,5.518442799999775,-9.801,0.321,0.12,0.001,-0.013,0.002,42.06,35.3479107,-117.8094319,625.747,3,,
2862.245,5.518442799999775,-9.844,0.479,0.005,0.009,-0.013,0.005,42.07,35.3479108,-117.8094321,625.653,3,,
2863.233,5.518442799999775,-9.839,0.412,0.077,0.013,-0.013,0.005,42.14,35.3479108,-117.8094326,625.536,3,,
2864.218,5.223167200000262,-9.83,0.335,-0.053,0.0,-0.011,0.005,42.14,35.3479107,-117.8094329,625.462,3,,
2865.308,4.632615999999871,-9.844,0.388,0.096,0.007,-0.016,0.004,42.11,35.3479107,-117.8094328,625.392,3,,
2866.207,6.076185599999917,-9.835,0.426,0.043,0.004,-0.012,0.007,42.08,35.3479107,-117.809433,625.325,3,,
2867.296,4.337340399999903,-9.82,0.368,0.067,0.013,-0.018,0.005,42.08,35.3479106,-117.8094334,625.311,3,,
2868.279,4.042064799999935,-9.835,0.431,0.22,0.012,-0.017,0.004,42.07,35.3479105,-117.8094336,625.281,3,,
2869.266,4.337340399999903,-9.825,0.459,0.115,-0.004,-0.012,0.004,42.02,35.3479102,-117.8094339,625.282,3,,
2870.262,6.666736799999853,-9.835,0.349,0.167,0.015,-0.015,0.004,42.04,35.3479102,-117.8094337,625.21,3,,
2871.251,3.1890464000002794,-9.83,0.402,0.038,0.013,-0.012,0.004,42.01,35.3479102,-117.809434,625.157,3,,
2872.237,5.518442799999775,-9.844,0.431,0.153,0.005,-0.012,0.005,41.96,35.3479103,-117.8094341,625.049,3,,
2873.223,4.042064799999935,-9.887,0.345,-0.187,0.01,-0.011,0.0,42.0,35.3479103,-117.8094342,624.949,3,,
2874.215,4.632615999999871,-9.892,0.254,-0.086,-0.007,-0.012,0.005,42.01,35.3479102,-117.8094341,624.882,3,,
2875.203,4.337340399999903,-9.82,0.345,0.057,-0.005,-0.011,0.005,41.95,35.3479101,-117.8094343,624.828,3,,
2876.198,5.780909999999949,-9.873,0.263,0.014,0.009,-0.013,0.004,41.94,35.3479101,-117.8094346,624.778,3,,
2877.187,4.927891599999839,-9.83,0.268,-0.215,0.007,-0.011,0.004,41.94,35.3479104,-117.8094346,624.734,3,,
2878.28,4.632615999999871,-9.83,0.397,0.124,0.009,-0.013,0.005,41.97,35.3479107,-117.8094347,624.673,3,,
2879.266,2.8937707999998565,-9.815,0.416,0.086,0.004,-0.016,0.005,42.0,35.3479109,-117.8094348,624.618,3,,
2880.256,3.7467891999999665,-9.83,0.392,0.01,0.001,-0.013,0.005,42.02,35.3479112,-117.8094349,624.548,3,,
2881.248,4.042064799999935,-9.815,0.45,0.167,0.001,-0.015,0.005,42.05,35.3479111,-117.8094351,624.538,3,,
2882.234,5.223167200000262,-9.801,0.56,0.134,0.017,-0.013,0.006,42.04,35.3479111,-117.8094349,624.514,3,,
2883.224,4.632615999999871,-9.849,0.148,-0.388,0.002,-0.013,0.006,41.95,35.3479112,-117.8094347,624.482,3,,
2884.219,3.7467891999999665,-9.858,0.345,-0.526,0.023,-0.007,0.002,41.86,35.3479114,-117.8094344,624.407,3,,
2885.312,4.337340399999903,-9.811,0.56,-0.005,-0.002,-0.02,0.01,41.82,35.3479116,-117.8094343,624.415,3,,
2886.202,4.337340399999903,-9.729,0.498,0.383,-0.012,-0.018,0.009,41.84,35.3479117,-117.809434,624.407,3,,
2887.295,4.632615999999871,-9.763,0.512,0.455,-0.009,-0.023,0.007,41.86,35.3479119,-117.809434,624.433,3,,
2888.286,4.042064799999935,-9.925,0.215,-0.402,-0.001,-0.01,0.005,41.91,35.347912,-117.809434,624.459,3,,
2889.277,3.1890464000002794,-9.806,0.373,0.072,0.024,-0.01,0.002,41.93,35.347912,-117.809434,624.455,3,,
2890.269,4.927891599999839,-9.815,0.459,0.187,0.006,-0.011,0.005,41.92,35.3479121,-117.8094337,624.414,3,,
2891.255,2.5984951999998884,-9.878,0.321,-0.574,0.0,-0.011,0.009,41.83,35.3479123,-117.8094334,624.384,3,,
2892.245,5.518442799999775,-9.835,0.392,-0.153,0.018,-0.005,0.004,41.79,35.3479124,-117.8094332,624.391,3,,
2893.236,4.632615999999871,-9.763,0.531,0.268,0.004,-0.016,0.006,41.78,35.3479127,-117.8094327,624.373,3,,
2894.223,4.042064799999935,-9.863,0.258,-0.311,0.01,-0.007,0.002,41.7,35.3479129,-117.8094322,624.265,3,,
2895.32,2.8937707999998565,-9.777,0.536,0.048,0.009,-0.007,0.009,41.67,35.3479129,-117.8094319,624.198,3,,
2896.205,4.042064799999935,-9.911,0.201,-0.474,0.009,-0.01,0.002,41.6,35.347913,-117.8094316,624.077,3,,
2897.299,3.7467891999999665,-9.811,0.517,0.22,0.013,-0.01,0.005,41.64,35.3479128,-117.8094317,624.013,3,,
2898.299,3.7467891999999665,-9.83,0.368,-0.11,0.011,-0.009,0.004,41.73,35.3479126,-117.8094318,623.911,3,,
2899.293,4.632615999999871,-9.787,0.541,0.368,0.004,-0.013,0.006,41.77,35.347912,-117.8094327,623.896,3,,
2900.278,3.1890464000002794,-9.921,0.268,-0.498,0.007,-0.007,0.004,41.76,35.3479117,-117.8094333,623.915,3,,
2901.275,4.927891599999839,-9.849,0.354,-0.469,0.005,-0.005,0.004,41.65,35.3479114,-117.8094335,623.887,3,,
2902.263,4.927891599999839,-9.815,0.474,-0.019,0.013,-0.011,0.004,41.59,35.3479109,-117.809434,623.835,3,,
2903.255,4.632615999999871,-9.748,0.459,0.225,-0.004,-0.022,0.006,41.58,35.3479106,-117.8094345,623.714,3,,
2904.248,4.337340399999903,-9.744,0.536,0.416,0.004,-0.02,0.007,41.54,35.3479101,-117.8094351,623.697,3,,
2905.233,3.7467891999999665,-9.844,0.263,0.11,0.016,-0.01,0.002,41.57,35.3479097,-117.8094354,623.623,3,,
2906.223,4.632615999999871,-9.806,0.541,0.335,0.02,-0.009,0.005,41.62,35.3479092,-117.8094361,623.581,3,,
2907.213,5.223167200000262,-9.83,0.392,0.1,0.017,-0.01,0.002,41.7,35.3479087,-117.8094368,623.579,3,,
2908.303,3.4843219999997928,-9.796,0.498,0.388,0.001,-0.011,0.005,41.71,35.3479083,-117.8094374,623.59,3,,
2909.291,5.223167200000262,-9.906,0.263,-0.153,0.001,-0.017,0.005,41.69,35.3479077,-117.8094379,623.585,3,,
2910.283,4.927891599999839,-9.839,0.378,0.01,0.009,-0.009,0.005,41.67,35.3479073,-117.8094382,623.6,3,,
2911.269,5.780909999999949,-9.768,0.507,0.455,0.016,-0.012,0.005,41.59,35.3479071,-117.8094382,623.559,3,,
2912.257,4.632615999999871,-9.787,0.431,0.292,0.002,-0.018,0.006,41.55,35.347907,-117.8094379,623.56,3,,
2913.246,4.337340399999903,-9.882,0.34,-0.072,-0.006,-0.017,0.006,41.53,35.347907,-117.8094375,623.544,3,,
2914.238,4.042064799999935,-9.892,0.287,-0.34,0.01,-0.01,0.005,41.56,35.3479069,-117.8094371,623.476,3,,
2915.233,4.042064799999935,-9.844,0.45,0.062,0.017,-0.009,0.004,41.56,35.3479066,-117.8094369,623.374,3,,
2916.218,4.927891599999839,-9.763,0.512,0.383,0.001,-0.012,0.007,41.51,35.3479062,-117.8094368,623.34,3,,
2917.204,5.518442799999775,-9.882,0.249,-0.397,0.002,-0.007,0.006,41.54,35.3479058,-117.8094369,623.275,3,,
2918.196,4.927891599999839,-9.791,0.488,0.263,0.001,-0.01,0.005,41.61,35.3479053,-117.8094369,623.235,3,,
2919.285,3.7467891999999665,-9.768,0.45,0.435,0.002,-0.02,0.006,41.62,35.3479049,-117.8094372,623.254,3,,
2920.27,4.927891599999839,-9.858,0.206,-0.187,0.016,-0.009,0.004,41.6,35.3479045,-117.8094373,623.321,3,,
2921.266,6.962012399999821,-9.854,0.488,0.177,0.006,-0.011,0.005,41.56,35.3479044,-117.8094372,623.368,3,,
2922.256,8.1103063999999,-9.796,0.546,0.766,0.011,-0.016,0.006,41.64,35.3479043,-117.8094372,623.372,3,,
2923.241,7.815030799999931,-9.882,0.325,-0.005,0.01,-0.012,0.005,41.74,35.3479044,-117.8094368,623.394,3,,
2924.233,5.223167200000262,-9.806,0.455,0.589,0.01,-0.013,0.005,41.82,35.3479044,-117.8094365,623.425,3,,
2925.221,5.780909999999949,-9.863,0.321,0.11,-0.002,-0.012,0.006,41.82,35.3479046,-117.809436,623.358,3,,
2926.212,6.962012399999821,-9.839,0.378,0.124,0.0,-0.01,0.005,41.75,35.3479046,-117.8094357,623.296,3,,
2927.196,7.815030799999931,-9.858,0.321,0.402,-0.004,-0.013,0.006,41.79,35.3479046,-117.8094357,623.266,3,,
2928.298,5.223167200000262,-9.854,0.44,0.278,0.004,-0.013,0.006,41.86,35.3479045,-117.8094358,623.303,3,,
2929.283,6.666736799999853,-9.868,0.435,0.335,0.006,-0.012,0.006,41.89,35.3479045,-117.8094357,623.304,3,,
2930.27,6.076185599999917,-9.863,0.354,0.345,-0.001,-0.013,0.005,41.9,35.3479043,-117.8094359,623.366,3,,
2931.26,6.666736799999853,-9.854,0.464,0.325,0.005,-0.012,0.005,41.95,35.3479041,-117.8094363,623.366,3,,
2932.317,6.666736799999853,-9.854,0.383,0.359,0.002,-0.013,0.005,42.0,35.3479044,-117.8094368,623.746,3,,
2933.203,5.518442799999775,-9.854,0.402,0.383,0.005,-0.013,0.005,41.98,35.3479045,-117.8094371,624.035,3,,
2934.192,4.632615999999871,-9.839,0.45,0.053,0.006,-0.012,0.005,41.94,35.3479047,-117.8094375,624.303,3,,
2935.28,6.371461199999885,-9.825,0.397,0.067,0.007,-0.012,0.006,41.93,35.3479048,-117.8094382,624.557,3,,
2936.268,5.223167200000262,-9.839,0.412,-0.005,0.007,-0.015,0.005,41.9,35.3479048,-117.8094387,624.804,3,,
2937.26,4.632615999999871,-9.839,0.435,-0.005,0.005,-0.012,0.006,41.85,35.3479049,-117.8094387,625.04,3,,
2938.257,4.337340399999903,-9.844,0.373,0.014,0.005,-0.013,0.005,41.87,35.3479049,-117.8094389,625.219,3,,
2939.244,6.076185599999917,-9.844,0.354,0.091,0.009,-0.012,0.005,41.88,35.3479051,-117.8094388,625.412,3,,
2940.23,5.780909999999949,-9.835,0.33,0.115,0.01,-0.012,0.004,41.88,35.3479051,-117.8094388,625.6,3,,
2941.216,5.780909999999949,-9.839,0.364,-0.086,0.01,-0.013,0.005,41.85,35.3479053,-117.8094389,625.669,3,,
2942.207,3.4843219999997928,-9.844,0.306,0.148,0.011,-0.015,0.005,41.85,35.3479055,-117.8094387,625.708,3,,
2943.297,5.223167200000262,-9.835,0.464,0.081,0.009,-0.012,0.005,41.83,35.3479057,-117.8094386,625.711,3,,
2944.283,5.223167200000262,-9.844,0.321,0.081,0.011,-0.012,0.006,41.83,35.3479059,-117.8094387,625.795,3,,
2945.274,4.927891599999839,-9.854,0.416,-0.043,0.011,-0.011,0.005,41.79,35.3479061,-117.8094386,625.871,3,,
2946.275,4.042064799999935,-9.849,0.407,0.172,0.01,-0.012,0.005,41.82,35.3479062,-117.8094386,625.931,3,,
2947.261,4.927891599999839,-9.844,0.469,0.234,0.004,-0.012,0.006,41.93,35.3479064,-117.8094385,625.987,3,,
2948.247,4.632615999999871,-9.839,0.412,0.167,0.002,-0.013,0.006,41.96,35.3479065,-117.8094387,626.008,3,,
2949.23,6.962012399999821,-9.854,0.421,0.263,0.005,-0.013,0.005,42.0,35.3479066,-117.8094385,626.049,3,,
2950.23,6.076185599999917,-9.844,0.402,0.325,0.004,-0.013,0.005,42.04,35.3479069,-117.8094382,626.039,3,,
2951.217,5.223167200000262,-9.854,0.354,0.191,0.005,-0.012,0.005,42.05,35.347907,-117.8094379,626.027,3,,
2952.205,4.632615999999871,-9.844,0.368,0.086,0.001,-0.012,0.005,41.97,35.347907,-117.8094377,626.039,3,,
2953.294,5.780909999999949,-9.849,0.392,0.134,0.004,-0.012,0.005,41.95,35.3479071,-117.8094375,626.043,3,,
2954.278,5.223167200000262,-9.844,0.373,0.048,0.005,-0.012,0.006,41.95,35.3479071,-117.8094372,626.072,3,,
2955.265,4.632615999999871,-9.849,0.416,0.163,0.002,-0.013,0.005,41.95,35.3479073,-117.809437,626.108,3,,
2956.255,4.337340399999903,-9.849,0.373,0.129,0.005,-0.013,0.005,41.94,35.3479075,-117.8094364,626.15,3,,
2957.249,4.927891599999839,-9.82,0.407,0.12,0.005,-0.012,0.006,41.99,35.3479077,-117.8094358,626.175,3,,
2958.232,5.518442799999775,-9.844,0.426,0.096,0.005,-0.013,0.005,42.04,35.3479078,-117.8094353,626.199,3,,
2959.217,6.076185599999917,-9.825,0.45,0.11,0.001,-0.011,0.01,42.03,35.347908,-117.809435,626.223,3,,
2960.207,4.927891599999839,-9.839,0.479,-0.024,0.004,-0.015,0.007,41.95,35.3479083,-117.8094344,626.232,3,,
2961.3,5.780909999999949,-9.854,0.325,-0.043,-0.001,-0.013,0.006,41.89,35.3479084,-117.809434,626.269,3,,
2962.293,5.518442799999775,-9.873,0.301,-0.019,-0.005,-0.012,0.002,41.81,35.3479086,-117.8094337,626.309,3,,
2963.284,4.927891599999839,-9.945,0.306,-0.234,0.004,-0.011,0.001,41.78,35.3479087,-117.8094335,626.349,3,,
2964.276,4.337340399999903,-9.892,0.464,-0.22,-0.015,-0.011,0.005,41.79,35.3479086,-117.8094333,626.387,3,,
2965.267,5.518442799999775,-9.839,0.502,0.086,0.017,-0.015,-0.001,41.75,35.3479086,-117.8094332,626.472,3,,
2966.26,6.962012399999821,-9.863,0.483,-0.268,0.024,-0.011,0.004,41.72,35.3479083,-117.8094333,626.563,3,,
2967.255,9.849151599999914,-9.815,0.426,0.349,0.018,-0.011,0.005,41.82,35.347908,-117.8094336,626.631,3,,
2968.242,9.553875999999946,-9.887,0.368,0.22,-0.005,-0.018,0.005,41.94,35.3479077,-117.8094341,626.669,3,,
2969.238,2.8937707999998565,-9.916,0.249,-0.292,0.0,-0.005,0.006,41.99,35.3479074,-117.8094347,626.652,3,,
2970.23,9.291408800000227,-9.844,0.488,0.23,0.033,-0.011,0.006,41.9,35.3479073,-117.8094353,626.61,3,,
2971.218,7.815030799999931,-9.82,0.522,0.641,0.009,-0.013,0.004,41.92,35.347907,-117.809436,626.59,3,,
2972.218,8.405581999999868,-9.825,0.55,0.603,0.001,-0.013,0.005,42.0,35.3479067,-117.8094364,626.574,3,,
2973.214,7.815030799999931,-9.806,0.459,0.455,-0.004,-0.012,0.006,42.08,35.3479058,-117.8094376,626.661,3,,
2974.208,10.144427200000337,-9.873,0.34,-0.019,0.002,-0.01,0.005,42.11,35.3479057,-117.8094376,626.612,3,,
2975.2,8.405581999999868,-9.811,0.416,0.77,0.0,-0.017,0.012,42.15,35.3479047,-117.8094387,626.718,3,,
2976.187,8.996133200000259,-9.863,0.483,0.311,-0.002,-0.013,0.005,42.21,35.3479044,-117.8094388,626.723,3,,
2977.276,8.1103063999999,-9.835,0.292,0.435,0.009,-0.021,0.002,42.24,35.3479041,-117.8094389,626.73,3,,
2978.262,5.518442799999775,-9.844,0.407,0.292,-0.004,-0.011,0.004,42.27,35.3479041,-117.8094386,626.685,3,,
2979.273,8.700857599999836,-9.858,0.455,0.292,0.001,-0.013,0.007,42.22,35.347904,-117.8094386,626.648,3,,
2980.26,8.996133200000259,-9.94,0.345,-0.412,0.007,-0.007,0.005,42.16,35.3479039,-117.8094384,626.591,3,,
2981.264,7.519755199999963,-9.83,0.617,0.608,0.009,-0.018,0.002,42.16,35.3479038,-117.8094386,626.564,3,,
2982.257,8.405581999999868,-9.868,0.258,0.1,0.0,-0.013,0.002,42.18,35.3479036,-117.8094388,626.541,3,,
2983.245,5.518442799999775,-9.949,0.153,0.44,-0.011,-0.024,0.005,42.2,35.3479034,-117.809439,626.488,3,,
2984.238,8.700857599999836,-9.768,0.627,0.536,0.0,-0.021,0.012,42.21,35.347903,-117.8094393,626.426,3,,
2985.226,2.5984951999998884,-9.791,0.225,0.239,-0.018,-0.011,0.005,42.16,35.3479026,-117.8094397,626.394,3,,
2986.217,6.076185599999917,-9.835,-0.057,0.0,0.011,-0.011,0.0,41.96,35.3479022,-117.8094402,626.378,3,,
2987.309,8.700857599999836,-9.82,0.421,0.292,0.001,-0.021,0.006,41.98,35.3479012,-117.8094414,626.501,3,,
2988.295,5.223167200000262,-9.811,0.455,0.297,0.018,-0.013,0.004,42.04,35.3479002,-117.8094426,626.576,3,,
2989.281,1.4502011999998103,-9.868,0.345,-0.335,0.007,-0.012,0.007,42.1,35.3478994,-117.8094435,626.637,3,,
2990.272,3.7467891999999665,-9.83,0.402,0.196,0.021,-0.007,0.004,42.08,35.3478989,-117.809444,626.636,3,,
2991.259,2.8937707999998565,-9.83,0.536,0.421,0.002,-0.018,0.005,42.08,35.3478986,-117.8094442,626.631,3,,
2992.244,2.8937707999998565,-9.811,0.431,-0.029,0.009,-0.012,0.005,42.09,35.3478981,-117.8094445,626.671,3,,
2993.233,3.4843219999997928,-9.811,0.407,0.268,-0.005,-0.015,0.005,42.02,35.3478979,-117.8094443,626.666,3,,
2994.223,3.7467891999999665,-9.801,0.469,0.263,0.007,-0.013,0.006,42.0,35.3478979,-117.8094439,626.657,3,,
2995.216,3.7467891999999665,-9.854,0.306,0.077,0.002,-0.016,0.005,42.04,35.3478978,-117.8094437,626.66,3,,
2996.199,4.337340399999903,-9.811,0.44,0.364,-0.002,-0.02,0.007,42.07,35.347898,-117.8094432,626.63,3,,
2997.188,3.4843219999997928,-9.768,0.522,0.555,0.001,-0.017,0.007,42.01,35.3478977,-117.809443,626.664,3,,
2998.173,3.7467891999999665,-9.878,0.292,-0.105,0.007,-0.01,0.005,41.98,35.3478978,-117.8094426,626.656,3,,
2999.263,4.632615999999871,-9.839,0.435,0.096,0.007,-0.012,0.006,41.96,35.3478979,-117.809442,626.638,3,,
3000.246,3.4843219999997928,-9.83,0.316,0.033,0.004,-0.013,0.006,41.97,35.3478978,-117.8094421,626.659,3,,
3001.23,3.1890464000002794,-9.825,0.368,0.096,0.002,-0.012,0.004,41.92,35.3478979,-117.8094416,626.663,3,,
3002.219,4.042064799999935,-9.83,0.397,0.062,0.006,-0.013,0.005,41.96,35.3478979,-117.8094413,626.667,3,,
3003.205,5.223167200000262,-9.839,0.407,0.11,0.006,-0.012,0.005,41.95,35.3478982,-117.8094408,626.625,3,,
3004.191,3.1890464000002794,-9.835,0.407,0.139,0.004,-0.012,0.004,41.98,35.3478985,-117.8094403,626.568,3,,
3005.28,3.7467891999999665,-9.844,0.44,0.129,0.005,-0.013,0.005,41.98,35.3478988,-117.8094398,626.527,3,,
3006.264,3.4843219999997928,-9.844,0.378,0.144,0.005,-0.012,0.006,41.95,35.347899,-117.8094397,626.507,3,,
3007.248,4.927891599999839,-9.854,0.392,0.11,0.005,-0.012,0.005,41.89,35.3478992,-117.8094395,626.466,3,,
3008.236,3.7467891999999665,-9.849,0.412,0.091,0.01,-0.012,0.005,41.88,35.3478994,-117.8094393,626.405,3,,
3009.225,4.927891599999839,-9.839,0.412,0.182,0.005,-0.012,0.005,41.9,35.3478996,-117.809439,626.339,3,,
3010.208,3.7467891999999665,-9.825,0.373,0.048,0.006,-0.012,0.005,41.9,35.3478998,-117.8094388,626.303,3,,
3011.293,3.4843219999997928,-9.854,0.345,0.11,0.007,-0.013,0.005,41.91,35.3479,-117.8094385,626.25,3,,
3012.278,4.632615999999871,-9.835,0.407,-0.072,0.009,-0.011,0.005,41.91,35.3479002,-117.8094385,626.179,3,,
3013.267,6.076185599999917,-9.844,0.354,0.105,0.006,-0.012,0.006,41.92,35.3478999,-117.8094391,626.217,3,,
3014.257,4.042064799999935,-9.849,0.378,0.12,0.007,-0.012,0.004,41.92,35.3478998,-117.8094399,626.237,3,,
3015.243,5.518442799999775,-9.839,0.416,0.12,0.01,-0.012,0.004,41.95,35.3478999,-117.8094403,626.189,3,,
3016.231,4.337340399999903,-9.839,0.388,0.187,0.004,-0.012,0.005,41.94,35.3478999,-117.8094407,626.153,3,,
3017.215,4.927891599999839,-9.835,0.378,0.067,0.005,-0.011,0.005,41.91,35.3479001,-117.8094411,626.144,3,,
3018.201,4.927891599999839,-9.839,0.412,0.215,0.005,-0.015,0.006,41.97,35.3478991,-117.8094431,626.336,3,,
3019.288,4.632615999999871,-9.849,0.431,0.258,0.002,-0.013,0.005,42.05,35.3478992,-117.8094437,626.367,3,,
3020.274,4.337340399999903,-9.839,0.412,0.206,0.007,-0.012,0.006,42.11,35.3478994,-117.8094442,626.404,3,,
3021.26,5.223167200000262,-9.863,0.407,0.301,0.009,-0.012,0.005,42.14,35.3478994,-117.8094451,626.441,3,,
3022.247,6.076185599999917,-9.849,0.416,0.325,0.007,-0.013,0.006,42.18,35.3478996,-117.8094457,626.447,3,,
3023.235,7.519755199999963,-9.849,0.416,0.33,0.007,-0.013,0.005,42.23,35.3478989,-117.8094473,626.616,3,,
3024.226,5.518442799999775,-9.849,0.407,0.335,0.007,-0.012,0.005,42.27,35.3478983,-117.809449,626.761,3,,
3025.211,4.632615999999871,-9.844,0.416,0.34,0.007,-0.011,0.004,42.31,35.347898,-117.8094497,626.827,3,,
3026.3,4.927891599999839,-9.854,0.421,0.321,0.007,-0.012,0.006,42.34,35.3478975,-117.8094505,626.961,3,,
3027.188,4.632615999999871,-9.854,0.388,0.306,0.005,-0.013,0.006,42.38,35.3478975,-117.8094504,626.96,3,,
3028.272,5.780909999999949,-9.849,0.426,0.33,0.004,-0.013,0.005,42.42,35.3478967,-117.8094515,627.07,3,,
3029.258,6.962012399999821,-9.854,0.431,0.325,0.006,-0.012,0.005,42.46,35.3478967,-117.8094513,627.021,3,,
3030.245,5.223167200000262,-9.844,0.445,0.311,0.011,-0.013,0.006,42.5,35.3478968,-117.8094511,627.058,3,,
3031.234,5.518442799999775,-9.849,0.407,0.321,0.002,-0.013,0.005,42.53,35.347897,-117.8094514,627.002,3,,
3032.237,5.780909999999949,-9.849,0.407,0.349,0.006,-0.011,0.005,42.56,35.347897,-117.8094515,626.958,3,,
3033.221,7.519755199999963,-9.854,0.383,0.311,0.009,-0.013,0.005,42.52,35.3478971,-117.8094517,626.881,3,,
3034.209,6.371461199999885,-9.844,0.412,0.301,0.007,-0.012,0.005,42.55,35.3478973,-117.8094515,626.863,3,,
3035.294,7.519755199999963,-9.854,0.392,0.249,0.009,-0.013,0.005,42.58,35.3478973,-117.8094514,626.849,3,,
3036.282,5.780909999999949,-9.863,0.412,0.301,0.004,-0.013,0.006,42.6,35.3478974,-117.809451,626.834,3,,
3037.27,5.780909999999949,-9.854,0.435,0.263,0.002,-0.012,0.006,42.64,35.3478974,-117.8094509,626.831,3,,
3038.255,6.371461199999885,-9.858,0.412,0.282,0.002,-0.012,0.006,42.65,35.3478975,-117.8094509,626.774,3,,
3039.247,7.257288000000244,-9.863,0.407,0.33,0.004,-0.013,0.004,42.65,35.3478976,-117.809451,626.765,3,,
3040.234,5.518442799999775,-9.858,0.416,0.254,0.005,-0.012,0.005,42.64,35.3478976,-117.8094515,626.76,3,,
3041.22,5.780909999999949,-9.844,0.407,0.124,0.005,-0.011,0.005,42.63,35.3478979,-117.809452,626.637,3,,
3042.311,5.223167200000262,-9.844,0.335,0.12,0.001,-0.015,0.006,42.62,35.3478982,-117.8094525,626.575,3,,
3043.295,5.223167200000262,-9.849,0.431,0.182,0.005,-0.013,0.005,42.64,35.3478982,-117.8094522,626.631,3,,
3044.282,5.780909999999949,-9.854,0.388,0.211,0.007,-0.013,0.006,42.64,35.3478985,-117.8094525,626.544,3,,
3045.27,5.780909999999949,-9.849,0.364,0.191,0.006,-0.012,0.005,42.61,35.3478988,-117.809452,626.447,3,,
3046.256,7.257288000000244,-9.844,0.368,0.115,0.011,-0.012,0.004,42.57,35.347899,-117.8094517,626.389,3,,
3047.252,7.519755199999963,-9.849,0.407,0.301,0.006,-0.013,0.005,42.58,35.3478995,-117.8094499,626.396,3,,
3048.24,7.257288000000244,-9.849,0.426,0.33,0.006,-0.013,0.006,42.62,35.3478999,-117.8094482,626.358,3,,
3049.226,7.257288000000244,-9.849,0.421,0.364,0.004,-0.013,0.006,42.64,35.3479003,-117.8094469,626.286,3,,
3050.216,5.223167200000262,-9.854,0.421,0.335,0.006,-0.013,0.005,42.65,35.3479007,-117.8094459,626.178,3,,
3051.22,6.076185599999917,-9.854,0.431,0.306,0.002,-0.012,0.006,42.66,35.3479012,-117.8094449,626.04,3,,
3052.204,5.223167200000262,-9.844,0.416,0.297,0.009,-0.013,0.004,42.69,35.3479017,-117.8094441,625.919,3,,
3053.188,6.371461199999885,-9.844,0.388,0.287,0.0,-0.013,0.005,42.66,35.347902,-117.8094436,625.826,3,,
3054.283,5.223167200000262,-9.844,0.412,0.254,0.006,-0.013,0.005,42.63,35.3479024,-117.8094429,625.688,3,,
3055.269,6.076185599999917,-9.839,0.388,0.201,0.004,-0.013,0.005,42.61,35.347903,-117.8094419,625.549,3,,
3056.252,6.076185599999917,-9.839,0.402,0.167,0.007,-0.012,0.005,42.64,35.3479037,-117.8094412,625.404,3,,
3057.237,5.780909999999949,-9.858,0.407,0.268,0.004,-0.012,0.006,42.65,35.3479041,-117.8094405,625.346,3,,
3058.226,5.780909999999949,-9.849,0.421,0.268,0.006,-0.012,0.005,42.64,35.3479047,-117.80944,625.23,3,,
3059.211,6.371461199999885,-9.844,0.397,0.215,0.007,-0.012,0.006,42.66,35.3479052,-117.8094394,625.124,3,,
3060.195,5.518442799999775,-9.839,0.392,0.163,0.004,-0.013,0.005,42.64,35.3479055,-117.8094387,625.039,3,,
3061.288,6.666736799999853,-9.858,0.392,0.167,0.006,-0.012,0.005,42.58,35.3479058,-117.8094381,624.995,3,,
3062.275,7.257288000000244,-9.844,0.416,0.278,0.005,-0.012,0.005,42.62,35.3479062,-117.8094376,624.951,3,,
3063.257,6.076185599999917,-9.844,0.421,0.321,0.006,-0.012,0.005,42.68,35.3479063,-117.8094372,624.923,3,,
3064.242,6.666736799999853,-9.839,0.416,0.349,0.005,-0.015,0.005,42.75,35.3479065,-117.8094367,624.891,3,,
3065.229,6.371461199999885,-9.854,0.397,0.23,0.004,-0.013,0.005,42.78,35.3479068,-117.8094362,624.852,3,,
3066.211,6.371461199999885,-9.858,0.397,0.225,0.006,-0.012,0.006,42.75,35.3479073,-117.8094357,624.666,3,,
3067.194,6.371461199999885,-9.854,0.407,0.263,0.006,-0.013,0.005,42.74,35.3479076,-117.809435,624.588,3,,
3068.18,6.666736799999853,-9.849,0.402,0.191,0.005,-0.012,0.005,42.68,35.3479081,-117.8094344,624.544,3,,
3069.27,6.076185599999917,-9.849,0.397,0.172,0.006,-0.012,0.006,42.65,35.3479083,-117.8094341,624.528,3,,
3070.264,5.780909999999949,-9.839,0.397,0.215,0.005,-0.012,0.006,42.63,35.3479085,-117.809434,624.518,3,,
3071.252,5.518442799999775,-9.844,0.368,0.244,0.004,-0.013,0.005,42.62,35.3479081,-117.809434,624.484,3,,
3072.24,6.371461199999885,-9.854,0.407,0.234,0.006,-0.012,0.005,42.55,35.3479076,-117.8094344,624.468,3,,
3073.227,5.223167200000262,-9.839,0.388,0.201,0.006,-0.013,0.006,42.56,35.3479074,-117.8094346,624.411,3,,
3074.212,6.666736799999853,-9.854,0.435,0.273,0.006,-0.013,0.005,42.6,35.3479074,-117.8094344,624.406,3,,
3075.197,5.518442799999775,-9.844,0.402,0.263,0.006,-0.013,0.005,42.64,35.3479072,-117.8094344,624.395,3,,
3076.188,5.518442799999775,-9.854,0.421,0.321,0.004,-0.015,0.006,42.67,35.3479072,-117.8094345,624.325,3,,
3077.272,6.371461199999885,-9.844,0.392,0.196,0.007,-0.013,0.004,42.61,35.3479071,-117.8094346,624.151,3,,
3078.262,6.371461199999885,-9.844,0.421,0.215,0.005,-0.013,0.005,42.55,35.3479069,-117.8094347,623.994,3,,
3079.255,5.223167200000262,-9.835,0.407,0.144,0.006,-0.013,0.006,42.54,35.3479067,-117.8094347,623.872,3,,
3080.238,5.223167200000262,-9.835,0.373,0.163,0.004,-0.012,0.005,42.5,35.3479062,-117.809435,623.718,3,,
3081.223,4.337340399999903,-9.839,0.368,0.12,0.002,-0.012,0.005,42.47,35.3479059,-117.8094349,623.558,3,,
3082.208,6.076185599999917,-9.844,0.397,0.148,0.007,-0.012,0.005,42.5,35.3479057,-117.8094346,623.422,3,,
3083.196,4.337340399999903,-9.844,0.368,0.148,0.005,-0.012,0.006,42.5,35.347905,-117.8094342,623.378,3,,
3084.282,6.076185599999917,-9.835,0.412,0.081,0.005,-0.013,0.005,42.48,35.3479045,-117.8094339,623.343,3,,
3085.267,6.371461199999885,-9.844,0.392,0.148,0.004,-0.013,0.005,42.42,35.3479042,-117.8094331,623.338,3,,
3086.256,6.371461199999885,-9.854,0.402,0.273,0.006,-0.013,0.006,42.48,35.3479041,-117.8094324,623.339,3,,
3087.243,6.371461199999885,-9.863,0.378,0.263,0.002,-0.012,0.006,42.52,35.3479039,-117.8094318,623.372,3,,
3088.235,7.519755199999963,-9.854,0.416,0.359,0.01,-0.013,0.004,42.58,35.3479037,-117.8094314,623.375,3,,
3089.221,7.815030799999931,-9.858,0.416,0.33,0.005,-0.012,0.006,42.62,35.3479039,-117.8094306,623.261,3,,
3090.207,7.257288000000244,-9.858,0.416,0.301,0.005,-0.012,0.005,42.66,35.3479044,-117.8094292,623.121,3,,
3091.294,5.780909999999949,-9.849,0.416,0.33,0.005,-0.012,0.005,42.72,35.3479049,-117.8094282,622.915,3,,
3092.28,5.223167200000262,-9.849,0.407,0.345,0.004,-0.013,0.005,42.75,35.3479052,-117.8094267,622.824,3,,
3093.267,6.076185599999917,-9.844,0.397,0.33,0.004,-0.013,0.005,42.77,35.3479055,-117.8094254,622.664,3,,
3094.252,7.815030799999931,-9.849,0.392,0.316,0.007,-0.013,0.005,42.72,35.3479057,-117.8094241,622.554,3,,
3095.242,6.962012399999821,-9.835,0.402,0.206,0.005,-0.012,0.006,42.68,35.3479062,-117.8094231,622.413,3,,
3096.227,7.519755199999963,-9.849,0.426,0.273,0.006,-0.013,0.006,42.66,35.3479063,-117.8094224,622.299,3,,
3097.214,6.666736799999853,-9.854,0.421,0.335,0.006,-0.012,0.005,42.71,35.3479064,-117.8094214,622.287,3,,
3098.198,7.257288000000244,-9.849,0.431,0.316,0.005,-0.012,0.005,42.74,35.3479068,-117.8094202,622.17,3,,
3099.183,6.371461199999885,-9.844,0.407,0.383,0.005,-0.012,0.005,42.8,35.3479072,-117.8094191,622.176,3,,
3100.269,6.962012399999821,-9.854,0.421,0.345,0.004,-0.013,0.005,42.85,35.3479076,-117.8094183,622.191,3,,
3101.255,6.371461199999885,-9.858,0.421,0.335,0.009,-0.012,0.006,42.89,35.3479081,-117.8094174,622.115,3,,
3102.244,6.666736799999853,-9.844,0.407,0.368,0.005,-0.012,0.005,42.9,35.3479085,-117.8094167,622.027,3,,
3103.228,6.666736799999853,-9.849,0.44,0.325,0.007,-0.013,0.005,42.93,35.3479089,-117.8094161,621.963,3,,
3104.214,6.666736799999853,-9.854,0.397,0.349,0.004,-0.012,0.005,42.97,35.3479093,-117.809416,621.919,3,,
3105.303,5.223167200000262,-9.844,0.392,0.297,0.005,-0.013,0.006,42.99,35.347909,-117.8094163,622.041,3,,
3106.188,6.962012399999821,-9.858,0.412,0.292,0.009,-0.012,0.006,42.98,35.347909,-117.809416,622.148,3,,
3107.276,6.666736799999853,-9.849,0.407,0.325,0.006,-0.013,0.005,42.94,35.347909,-117.8094156,622.211,3,,
3108.262,6.666736799999853,-9.844,0.416,0.273,0.002,-0.013,0.005,42.98,35.347909,-117.8094153,622.321,3,,
3109.253,6.076185599999917,-9.839,0.397,0.201,0.006,-0.013,0.005,43.0,35.3479091,-117.8094148,622.422,3,,
3110.238,5.518442799999775,-9.835,0.392,0.187,0.005,-0.012,0.005,42.96,35.3479091,-117.8094145,622.549,3,,
3111.225,5.780909999999949,-9.844,0.407,0.249,0.006,-0.013,0.005,42.94,35.3479089,-117.8094143,622.693,3,,
3112.211,6.962012399999821,-9.854,0.421,0.263,0.006,-0.012,0.004,42.96,35.3479088,-117.8094141,622.721,3,,
3113.197,7.519755199999963,-9.854,0.407,0.316,0.005,-0.012,0.005,43.01,35.3479088,-117.8094138,622.81,3,,
3114.283,6.666736799999853,-9.854,0.412,0.316,0.006,-0.013,0.005,43.01,35.3479088,-117.8094137,622.927,3,,
3115.268,7.257288000000244,-9.854,0.412,0.325,0.006,-0.012,0.005,43.04,35.3479087,-117.8094138,623.045,3,,
3116.252,5.780909999999949,-9.839,0.407,0.325,0.007,-0.013,0.006,43.06,35.347909,-117.8094135,623.062,3,,
3117.237,6.076185599999917,-9.844,0.426,0.321,0.006,-0.012,0.005,43.08,35.3479088,-117.8094132,623.219,3,,
3118.224,5.780909999999949,-9.854,0.416,0.33,0.007,-0.012,0.006,43.11,35.347909,-117.8094127,623.317,3,,
3119.21,6.076185599999917,-9.849,0.407,0.335,0.004,-0.013,0.005,43.13,35.3479088,-117.8094127,623.499,3,,
3120.193,7.257288000000244,-9.849,0.412,0.349,0.007,-0.013,0.005,43.16,35.347909,-117.8094124,623.571,3,,
3121.28,6.962012399999821,-9.839,0.412,0.316,0.005,-0.013,0.005,43.18,35.3479093,-117.8094122,623.666,3,,
3122.266,6.371461199999885,-9.858,0.416,0.34,0.007,-0.015,0.005,43.2,35.3479092,-117.8094124,623.808,3,,
3123.251,7.519755199999963,-9.844,0.421,0.368,0.005,-0.013,0.005,43.22,35.3479091,-117.8094129,623.974,3,,
3124.238,6.962012399999821,-9.854,0.407,0.359,0.006,-0.012,0.006,43.24,35.3479089,-117.8094135,624.154,3,,
3125.225,8.1103063999999,-9.854,0.431,0.354,0.004,-0.012,0.005,43.25,35.3479087,-117.8094141,624.364,3,,
3126.212,8.1103063999999,-9.849,0.412,0.349,0.005,-0.015,0.005,43.25,35.3479088,-117.8094145,624.634,3,,
3127.204,6.076185599999917,-9.849,0.426,0.349,0.007,-0.013,0.005,43.28,35.3479089,-117.8094149,624.809,3,,
3128.293,7.519755199999963,-9.849,0.421,0.325,0.004,-0.013,0.004,43.32,35.3479089,-117.8094155,624.941,3,,
3129.279,9.291408800000227,-9.863,0.397,0.368,0.01,-0.013,0.006,43.33,35.3479087,-117.809416,625.076,3,,
3130.269,7.519755199999963,-9.849,0.407,0.368,0.004,-0.013,0.005,43.34,35.3479087,-117.8094162,625.18,3,,
3131.255,6.962012399999821,-9.863,0.416,0.325,0.004,-0.013,0.006,43.35,35.3479088,-117.8094162,625.293,3,,
3132.243,7.815030799999931,-9.849,0.455,0.373,0.007,-0.013,0.006,43.33,35.3479088,-117.8094164,625.421,3,,
3133.228,8.1103063999999,-9.863,0.373,0.311,0.009,-0.012,0.005,43.34,35.3479088,-117.8094165,625.546,3,,
3134.216,8.405581999999868,-9.858,0.359,0.359,0.006,-0.012,0.004,43.36,35.3479087,-117.8094167,625.686,3,,
3135.306,8.996133200000259,-9.854,0.397,0.368,0.0,-0.013,0.005,43.35,35.3479085,-117.8094172,625.789,3,,
3136.198,7.519755199999963,-9.849,0.397,0.364,0.004,-0.012,0.005,43.33,35.3479085,-117.8094177,625.892,3,,
3137.289,8.405581999999868,-9.849,0.435,0.368,0.002,-0.013,0.005,43.35,35.3479084,-117.8094184,625.999,3,,
3138.274,7.519755199999963,-9.849,0.412,0.364,0.012,-0.013,0.005,43.37,35.3479083,-117.8094194,626.079,3,,
3139.261,7.815030799999931,-9.849,0.421,0.33,0.007,-0.011,0.005,43.38,35.3479081,-117.8094199,626.138,3,,
3140.257,7.815030799999931,-9.849,0.416,0.392,0.007,-0.012,0.005,43.39,35.3479081,-117.8094202,626.253,3,,
3141.243,6.962012399999821,-9.854,0.378,0.364,0.004,-0.013,0.006,43.38,35.3479082,-117.8094203,626.302,3,,
3142.231,7.519755199999963,-9.849,0.45,0.373,0.005,-0.013,0.005,43.4,35.3479083,-117.8094204,626.413,3,,
3143.214,6.666736799999853,-9.854,0.435,0.301,0.012,-0.013,0.005,43.4,35.3479084,-117.8094204,626.533,3,,
3144.2,8.996133200000259,-9.854,0.412,0.383,0.004,-0.013,0.006,43.4,35.3479086,-117.8094201,626.679,3,,
3145.19,8.1103063999999,-9.858,0.431,0.378,0.01,-0.013,0.005,43.39,35.347909,-117.8094195,626.765,3,,
3146.279,6.076185599999917,-9.863,0.378,0.349,0.01,-0.012,0.005,43.38,35.3479094,-117.8094189,626.816,3,,
3147.265,6.666736799999853,-9.849,0.421,0.34,0.007,-0.013,0.006,43.31,35.3479096,-117.8094189,626.901,3,,
3148.25,6.962012399999821,-9.868,0.373,0.263,0.006,-0.013,0.004,43.29,35.3479097,-117.809419,627.003,3,,
3149.24,5.518442799999775,-9.839,0.378,0.086,0.005,-0.015,0.006,43.26,35.3479102,-117.8094187,627.054,3,,
3150.225,7.815030799999931,-9.849,0.397,0.249,0.006,-0.012,0.005,43.21,35.3479105,-117.8094184,627.109,3,,
3151.208,8.405581999999868,-9.849,0.474,0.297,0.006,-0.012,0.006,43.25,35.3479106,-117.8094185,627.217,3,,
3152.299,7.519755199999963,-9.849,0.431,0.349,0.006,-0.013,0.006,43.33,35.3479104,-117.8094189,627.392,3,,
3153.287,6.962012399999821,-9.854,0.421,0.383,0.004,-0.013,0.005,43.36,35.3479101,-117.8094195,627.559,3,,
3154.27,7.815030799999931,-9.844,0.383,0.325,0.006,-0.013,0.005,43.41,35.3479097,-117.8094202,627.746,3,,
3155.253,8.405581999999868,-9.844,0.45,0.34,0.005,-0.012,0.005,43.4,35.3479094,-117.809421,627.878,3,,
3156.324,7.257288000000244,-9.854,0.469,0.325,0.009,-0.011,0.006,43.45,35.3479093,-117.8094216,627.955,3,,
3157.209,6.666736799999853,-9.854,0.426,0.345,0.009,-0.013,0.005,43.48,35.3479092,-117.8094219,628.055,3,,
3158.194,6.076185599999917,-9.83,0.431,0.124,0.004,-0.013,0.006,43.4,35.3479091,-117.8094224,628.16,3,,
3159.28,6.076185599999917,-9.844,0.397,0.053,0.005,-0.012,0.004,43.25,35.3479091,-117.809423,628.263,3,,
3160.268,7.257288000000244,-9.844,0.368,0.23,0.005,-0.012,0.005,43.24,35.3479089,-117.809424,628.362,3,,
3161.254,7.519755199999963,-9.849,0.412,0.215,0.005,-0.012,0.005,43.28,35.347909,-117.8094243,628.415,3,,
3162.241,7.519755199999963,-9.844,0.421,0.292,0.005,-0.012,0.006,43.31,35.347909,-117.8094248,628.465,3,,
3163.229,6.371461199999885,-9.854,0.421,0.206,0.006,-0.013,0.006,43.32,35.3479091,-117.8094252,628.502,3,,
3164.215,5.780909999999949,-9.854,0.412,0.278,0.005,-0.012,0.005,43.25,35.3479092,-117.8094256,628.535,3,,
3165.306,7.257288000000244,-9.854,0.373,0.278,0.007,-0.013,0.005,43.28,35.3479093,-117.8094257,628.553,3,,
3166.301,6.962012399999821,-9.844,0.407,0.239,0.006,-0.013,0.005,43.31,35.3479094,-117.8094256,628.603,3,,
3167.296,6.371461199999885,-9.849,0.392,0.278,0.005,-0.012,0.006,43.33,35.3479095,-117.8094256,628.649,3,,
3168.182,6.076185599999917,-9.849,0.402,0.316,0.007,-0.012,0.006,43.35,35.3479095,-117.8094255,628.671,3,,
3169.271,6.076185599999917,-9.844,0.416,0.316,0.006,-0.013,0.005,43.36,35.3479095,-117.8094255,628.672,3,,
3170.259,7.257288000000244,-9.844,0.407,0.345,0.006,-0.013,0.006,43.37,35.3479095,-117.8094257,628.724,3,,
3171.243,6.666736799999853,-9.844,0.388,0.167,0.004,-0.012,0.005,43.39,35.3479095,-117.809426,628.726,3,,
3172.228,7.257288000000244,-9.844,0.388,0.254,0.009,-0.012,0.007,43.36,35.3479093,-117.8094264,628.744,3,,
3173.222,5.780909999999949,-9.83,0.421,0.22,0.001,-0.013,0.006,43.36,35.3479092,-117.809427,628.75,3,,
3174.21,5.518442799999775,-9.849,0.412,0.187,0.006,-0.013,0.005,43.31,35.347909,-117.8094278,628.744,3,,
3175.305,7.257288000000244,-9.835,0.397,0.153,0.004,-0.012,0.006,43.29,35.3479089,-117.8094285,628.718,3,,
3176.288,6.666736799999853,-9.854,0.412,0.163,0.001,-0.012,0.006,43.28,35.3479088,-117.8094291,628.706,3,,
3177.275,6.666736799999853,-9.849,0.349,0.206,0.004,-0.012,0.005,43.28,35.3479089,-117.8094293,628.664,3,,
3178.259,6.371461199999885,-9.849,0.34,0.201,0.01,-0.013,0.005,43.27,35.3479089,-117.8094293,628.678,3,,
3179.245,7.815030799999931,-9.849,0.378,0.201,0.002,-0.013,0.006,43.27,35.3479087,-117.8094292,628.671,3,,
3180.229,6.076185599999917,-9.854,0.45,0.201,0.006,-0.012,0.006,43.26,35.3479086,-117.8094289,628.627,3,,
3181.217,5.780909999999949,-9.844,0.392,0.187,0.004,-0.012,0.006,43.22,35.3479087,-117.8094287,628.564,3,,
3182.308,6.076185599999917,-9.854,0.412,0.268,0.006,-0.013,0.005,43.2,35.3479089,-117.8094284,628.548,3,,
3183.193,6.666736799999853,-9.858,0.397,0.258,0.011,-0.012,0.005,43.25,35.347909,-117.8094284,628.514,3,,
3184.283,5.518442799999775,-9.849,0.412,0.306,0.005,-0.013,0.005,43.24,35.347909,-117.8094283,628.519,3,,
3185.269,6.371461199999885,-9.849,0.335,0.053,0.0,-0.013,0.007,43.23,35.347909,-117.8094281,628.508,3,,
3186.261,7.815030799999931,-9.844,0.412,0.225,0.006,-0.013,0.006,43.16,35.347909,-117.8094281,628.48,3,,
3187.245,6.666736799999853,-9.854,0.392,0.144,0.006,-0.012,0.006,43.13,35.347909,-117.8094279,628.445,3,,
3188.231,6.666736799999853,-9.854,0.421,0.278,0.007,-0.012,0.006,43.11,35.347909,-117.8094277,628.392,3,,
3189.222,7.815030799999931,-9.854,0.397,0.34,0.004,-0.013,0.006,43.18,35.3479088,-117.8094275,628.39,3,,
3190.22,7.257288000000244,-9.858,0.407,0.321,0.007,-0.012,0.006,43.22,35.3479089,-117.8094272,628.318,3,,
3191.206,6.666736799999853,-9.854,0.402,0.325,0.005,-0.013,0.006,43.29,35.3479088,-117.809427,628.27,3,,
3192.19,7.519755199999963,-9.849,0.421,0.368,0.004,-0.013,0.006,43.32,35.3479087,-117.8094266,628.245,3,,
3193.278,7.257288000000244,-9.849,0.345,0.364,0.002,-0.012,0.006,43.36,35.3479086,-117.8094263,628.211,3,,
3194.263,6.371461199999885,-9.854,0.421,0.354,0.002,-0.013,0.005,43.38,35.3479086,-117.809426,628.176,3,,
3195.255,6.666736799999853,-9.844,0.388,0.316,0.011,-0.011,0.006,43.39,35.3479088,-117.8094256,628.067,3,,
3196.242,6.371461199999885,-9.844,0.407,0.33,0.004,-0.012,0.005,43.41,35.3479088,-117.8094255,628.003,3,,
3197.23,6.962012399999821,-9.839,0.412,0.292,0.0,-0.013,0.006,43.43,35.3479086,-117.8094256,627.938,3,,
3198.221,6.962012399999821,-9.849,0.388,0.321,0.011,-0.012,0.005,43.39,35.3479085,-117.8094259,627.854,3,,
3199.207,7.257288000000244,-9.849,0.388,0.306,0.011,-0.013,0.006,43.37,35.3479085,-117.8094262,627.77,3,,
3200.193,5.223167200000262,-9.844,0.421,0.23,0.007,-0.015,0.006,43.39,35.3479086,-117.8094266,627.633,3,,
3201.283,7.257288000000244,-9.849,0.392,0.325,0.005,-0.012,0.006,43.42,35.3479085,-117.8094271,627.558,3,,
3202.271,7.815030799999931,-9.854,0.407,0.345,0.001,-0.012,0.006,43.48,35.3479084,-117.8094276,627.477,3,,
3203.259,5.223167200000262,-9.849,0.421,0.359,0.006,-0.013,0.006,43.53,35.3479085,-117.8094278,627.357,3,,
3204.246,7.519755199999963,-9.849,0.402,0.359,0.01,-0.013,0.006,43.55,35.3479086,-117.8094279,627.215,3,,
3205.235,7.519755199999963,-9.854,0.407,0.354,0.004,-0.012,0.006,43.57,35.3479085,-117.809428,627.174,3,,
3206.222,6.666736799999853,-9.854,0.44,0.325,0.006,-0.012,0.005,43.6,35.3479085,-117.809428,627.102,3,,
3207.208,7.257288000000244,-9.844,0.412,0.345,0.006,-0.013,0.005,43.63,35.3479084,-117.8094283,627.02,3,,
3208.195,8.996133200000259,-9.863,0.397,0.354,0.011,-0.015,0.005,43.66,35.3479081,-117.809429,626.935,3,,
3209.287,6.962012399999821,-9.858,0.383,0.368,0.005,-0.013,0.006,43.68,35.3479079,-117.8094299,626.878,3,,
3210.274,7.257288000000244,-9.854,0.421,0.34,0.005,-0.012,0.006,43.7,35.3479078,-117.8094306,626.776,3,,
3211.261,6.962012399999821,-9.854,0.426,0.33,0.009,-0.013,0.006,43.72,35.3479077,-117.8094312,626.679,3,,
3212.25,6.962012399999821,-9.849,0.402,0.364,0.007,-0.012,0.005,43.74,35.3479075,-117.8094316,626.639,3,,
3213.236,7.519755199999963,-9.863,0.44,0.325,0.006,-0.012,0.006,43.76,35.3479073,-117.8094322,626.599,3,,
3214.223,7.257288000000244,-9.858,0.416,0.359,0.006,-0.013,0.005,43.78,35.3479074,-117.8094326,626.488,3,,
3215.208,7.519755199999963,-9.849,0.402,0.345,0.007,-0.013,0.005,43.79,35.3479073,-117.8094329,626.434,3,,
3216.196,6.076185599999917,-9.854,0.416,0.359,0.006,-0.011,0.006,43.81,35.3479071,-117.809433,626.397,3,,
3217.181,7.519755199999963,-9.858,0.421,0.325,0.006,-0.013,0.006,43.84,35.347907,-117.809433,626.33,3,,
3218.269,7.519755199999963,-9.854,0.397,0.325,0.004,-0.012,0.006,43.86,35.3479068,-117.8094332,626.306,3,,
3219.255,6.666736799999853,-9.854,0.431,0.325,0.002,-0.011,0.005,43.88,35.3479068,-117.8094334,626.227,3,,
3220.241,7.257288000000244,-9.854,0.426,0.311,0.007,-0.012,0.005,43.89,35.3479066,-117.8094332,626.151,3,,
3221.227,8.1103063999999,-9.849,0.402,0.306,0.006,-0.013,0.006,43.84,35.3479064,-117.8094333,626.081,3,,
3222.218,7.519755199999963,-9.863,0.397,0.278,0.007,-0.013,0.005,43.82,35.347906,-117.8094331,626.025,3,,
3223.207,6.962012399999821,-9.858,0.407,0.297,0.005,-0.012,0.006,43.83,35.3479056,-117.8094331,625.968,3,,
3224.295,7.815030799999931,-9.858,0.431,0.335,0.006,-0.012,0.006,43.88,35.3479052,-117.8094332,625.954,3,,
3225.281,7.815030799999931,-9.849,0.416,0.335,0.006,-0.012,0.005,43.91,35.3479048,-117.8094332,625.926,3,,
3226.273,8.405581999999868,-9.858,0.402,0.325,0.006,-0.013,0.006,43.92,35.3479042,-117.8094335,625.947,3,,
3227.259,6.371461199999885,-9.858,0.407,0.316,0.006,-0.012,0.004,43.95,35.3479033,-117.8094341,626.018,3,,
3228.246,7.257288000000244,-9.849,0.407,0.33,0.006,-0.013,0.005,43.98,35.3479027,-117.8094344,626.005,3,,
3229.237,7.815030799999931,-9.854,0.402,0.292,0.006,-0.013,0.006,43.99,35.3479023,-117.8094345,625.977,3,,
3230.227,8.405581999999868,-9.854,0.416,0.33,0.007,-0.012,0.006,44.0,35.3479017,-117.8094346,625.971,3,,
3231.213,7.519755199999963,-9.858,0.402,0.321,0.007,-0.013,0.005,44.02,35.3479013,-117.8094346,625.979,3,,
3232.198,7.519755199999963,-9.854,0.402,0.282,0.007,-0.013,0.006,43.98,35.3479006,-117.809435,626.018,3,,
3233.287,7.815030799999931,-9.854,0.421,0.306,0.006,-0.012,0.006,43.95,35.3478998,-117.8094355,626.115,3,,
3234.273,8.700857599999836,-9.858,0.421,0.316,0.006,-0.013,0.006,43.97,35.3478993,-117.8094357,626.107,3,,
3235.258,7.815030799999931,-9.849,0.416,0.263,0.005,-0.013,0.006,44.01,35.3478984,-117.8094361,626.165,3,,
3236.248,6.962012399999821,-9.849,0.402,0.325,0.006,-0.013,0.005,43.99,35.3478975,-117.8094368,626.286,3,,
3237.237,9.291408800000227,-9.863,0.412,0.33,0.007,-0.012,0.006,44.02,35.3478962,-117.8094376,626.465,3,,
3238.223,7.519755199999963,-9.854,0.402,0.364,0.006,-0.013,0.006,44.06,35.3478954,-117.8094379,626.534,3,,
3239.208,6.371461199999885,-9.839,0.431,0.34,0.006,-0.013,0.006,44.09,35.3478945,-117.8094385,626.622,3,,
3240.195,7.815030799999931,-9.849,0.412,0.306,0.006,-0.012,0.005,44.09,35.347894,-117.8094385,626.665,3,,
3241.281,8.1103063999999,-9.849,0.397,0.297,0.005,-0.013,0.005,44.08,35.3478937,-117.8094385,626.665,3,,
3242.268,8.996133200000259,-9.844,0.435,0.335,0.007,-0.013,0.005,44.09,35.3478934,-117.8094384,626.713,3,,
3243.257,7.257288000000244,-9.849,0.421,0.311,0.006,-0.013,0.005,44.12,35.3478933,-117.8094381,626.743,3,,
3244.251,8.700857599999836,-9.839,0.431,0.321,0.006,-0.012,0.007,44.15,35.3478932,-117.809438,626.742,3,,
3245.237,8.405581999999868,-9.854,0.412,0.311,0.006,-0.012,0.004,44.14,35.3478929,-117.8094381,626.803,3,,
3246.223,7.815030799999931,-9.854,0.412,0.34,0.006,-0.012,0.006,44.14,35.3478929,-117.8094381,626.832,3,,
3247.209,7.519755199999963,-9.849,0.412,0.345,0.006,-0.015,0.005,44.17,35.3478926,-117.8094384,626.88,3,,
3248.195,8.996133200000259,-9.849,0.412,0.325,0.005,-0.012,0.006,44.19,35.3478925,-117.8094385,626.872,3,,
3249.281,7.257288000000244,-9.858,0.412,0.345,0.007,-0.013,0.006,44.21,35.3478924,-117.8094384,626.897,3,,
3250.271,7.257288000000244,-9.858,0.416,0.335,0.005,-0.012,0.005,44.24,35.3478922,-117.8094385,626.912,3,,
3251.263,7.519755199999963,-9.858,0.412,0.297,0.006,-0.013,0.006,44.23,35.3478921,-117.8094386,626.951,3,,
3252.248,8.996133200000259,-9.854,0.412,0.301,0.005,-0.012,0.005,44.14,35.347892,-117.8094385,627.025,3,,
3253.233,9.291408800000227,-9.849,0.402,0.282,0.005,-0.015,0.005,44.11,35.347892,-117.8094383,627.115,3,,
3254.221,8.405581999999868,-9.849,0.416,0.249,0.006,-0.013,0.006,44.13,35.3478921,-117.8094382,627.198,3,,
3255.308,8.405581999999868,-9.854,0.421,0.321,0.006,-0.012,0.006,44.16,35.3478922,-117.809438,627.264,3,,
3256.192,8.1103063999999,-9.854,0.412,0.335,0.006,-0.013,0.006,44.21,35.3478922,-117.8094379,627.361,3,,
3257.285,8.1103063999999,-9.849,0.412,0.349,0.005,-0.013,0.006,44.24,35.3478921,-117.8094379,627.455,3,,
3258.274,8.996133200000259,-9.854,0.416,0.349,0.006,-0.013,0.006,44.27,35.3478921,-117.809438,627.529,3,,
3259.262,7.519755199999963,-9.863,0.421,0.345,0.005,-0.013,0.006,44.29,35.347892,-117.8094382,627.596,3,,
3260.247,8.405581999999868,-9.858,0.421,0.349,0.007,-0.013,0.006,44.31,35.347892,-117.8094385,627.689,3,,
3261.235,10.144427200000337,-9.849,0.407,0.345,0.006,-0.013,0.005,44.32,35.347892,-117.8094386,627.789,3,,
3262.235,7.257288000000244,-9.849,0.421,0.349,0.006,-0.012,0.006,44.34,35.3478923,-117.8094385,627.813,3,,
3263.219,7.519755199999963,-9.854,0.421,0.345,0.007,-0.012,0.005,44.35,35.3478925,-117.8094385,627.858,3,,
3264.205,8.700857599999836,-9.858,0.412,0.349,0.006,-0.013,0.006,44.33,35.3478927,-117.8094385,627.882,3,,
3265.192,8.700857599999836,-9.858,0.426,0.373,0.006,-0.012,0.005,44.36,35.3478927,-117.8094386,627.93,3,,
3266.178,6.962012399999821,-9.858,0.412,0.354,0.006,-0.012,0.006,44.38,35.3478925,-117.809439,627.986,3,,
3267.266,9.291408800000227,-9.854,0.392,0.354,0.006,-0.013,0.006,44.4,35.3478926,-117.8094395,628.021,3,,
3268.253,9.291408800000227,-9.858,0.412,0.345,0.006,-0.013,0.006,44.42,35.3478925,-117.8094401,628.09,3,,
3269.242,8.1103063999999,-9.858,0.412,0.345,0.006,-0.013,0.006,44.43,35.3478924,-117.8094407,628.181,3,,
3270.231,8.405581999999868,-9.854,0.416,0.354,0.006,-0.012,0.006,44.44,35.3478922,-117.8094415,628.221,3,,
3271.218,8.700857599999836,-9.854,0.416,0.359,0.005,-0.015,0.006,44.44,35.347892,-117.8094426,628.388,3,,
3272.207,8.1103063999999,-9.858,0.426,0.335,0.006,-0.012,0.005,44.45,35.347892,-117.8094434,628.512,3,,
3273.194,9.291408800000227,-9.858,0.407,0.354,0.006,-0.012,0.005,44.47,35.3478918,-117.809444,628.654,3,,
3274.281,8.405581999999868,-9.854,0.407,0.354,0.007,-0.013,0.006,44.5,35.3478919,-117.8094444,628.754,3,,
3275.267,7.815030799999931,-9.854,0.412,0.345,0.006,-0.013,0.005,44.52,35.3478921,-117.8094447,628.823,3,,
3276.26,8.700857599999836,-9.858,0.407,0.354,0.007,-0.013,0.005,44.54,35.3478922,-117.8094449,628.922,3,,
3277.248,8.405581999999868,-9.858,0.407,0.345,0.007,-0.012,0.005,44.55,35.3478924,-117.809445,628.956,3,,
3278.235,8.996133200000259,-9.858,0.407,0.354,0.006,-0.013,0.005,44.56,35.3478926,-117.8094449,628.977,3,,
3279.224,9.849151599999914,-9.849,0.416,0.349,0.006,-0.012,0.006,44.57,35.3478925,-117.8094454,629.041,3,,
3280.213,8.1103063999999,-9.849,0.421,0.34,0.006,-0.013,0.006,44.58,35.3478927,-117.8094455,629.108,3,,
3281.203,8.405581999999868,-9.854,0.407,0.345,0.005,-0.013,0.005,44.59,35.3478932,-117.8094451,629.087,3,,
3282.29,7.519755199999963,-9.858,0.431,0.345,0.006,-0.013,0.006,44.61,35.3478937,-117.8094445,629.065,3,,
3283.278,8.1103063999999,-9.858,0.426,0.335,0.005,-0.013,0.006,44.62,35.3478938,-117.8094444,628.984,3,,
3284.265,8.405581999999868,-9.849,0.412,0.345,0.007,-0.012,0.005,44.64,35.3478936,-117.8094444,628.844,3,,
3285.251,8.700857599999836,-9.849,0.421,0.34,0.006,-0.012,0.006,44.65,35.3478936,-117.8094443,628.68,3,,
3286.238,8.996133200000259,-9.849,0.407,0.34,0.005,-0.013,0.006,44.67,35.3478936,-117.8094442,628.576,3,,
3287.225,8.700857599999836,-9.854,0.412,0.354,0.006,-0.012,0.006,44.68,35.3478936,-117.8094439,628.504,3,,
3288.215,7.815030799999931,-9.863,0.412,0.335,0.007,-0.012,0.006,44.7,35.347894,-117.8094436,628.473,3,,
3289.21,8.405581999999868,-9.854,0.416,0.354,0.006,-0.012,0.005,44.71,35.347894,-117.8094438,628.529,3,,
3290.196,8.405581999999868,-9.858,0.431,0.345,0.005,-0.012,0.007,44.72,35.3478943,-117.8094437,628.535,3,,
3291.283,8.405581999999868,-9.849,0.407,0.354,0.005,-0.015,0.006,44.74,35.3478949,-117.8094434,628.549,3,,
3292.289,10.144427200000337,-9.844,0.431,0.34,0.006,-0.012,0.005,44.74,35.3478952,-117.8094432,628.495,3,,
3293.277,9.291408800000227,-9.849,0.431,0.349,0.006,-0.012,0.005,44.76,35.3478949,-117.8094432,628.413,3,,
3294.169,8.700857599999836,-9.858,0.412,0.354,0.006,-0.012,0.006,44.77,35.3478958,-117.8094422,628.344,3,,
3295.256,9.291408800000227,-9.858,0.412,0.359,0.006,-0.012,0.005,44.78,35.3478964,-117.8094416,628.33,3,,
3296.243,9.291408800000227,-9.858,0.421,0.34,0.005,-0.013,0.005,44.8,35.3478968,-117.8094414,628.341,3,,
3297.233,8.700857599999836,-9.854,0.412,0.359,0.007,-0.012,0.006,44.82,35.3478957,-117.8094415,628.264,3,,
3298.217,9.291408800000227,-9.854,0.416,0.354,0.006,-0.013,0.005,44.84,35.3478951,-117.8094413,628.088,3,,
3299.331,9.553875999999946,-9.849,0.435,0.349,0.005,-0.012,0.005,44.85,35.3478947,-117.8094411,627.974,3,,
3300.225,9.849151599999914,-9.854,0.412,0.345,0.007,-0.013,0.005,44.86,35.3478943,-117.809441,627.781,3,,
3301.212,8.996133200000259,-9.854,0.412,0.349,0.006,-0.013,0.006,44.87,35.3478935,-117.8094408,627.676,3,,
3302.198,9.553875999999946,-9.849,0.431,0.34,0.007,-0.013,0.006,44.88,35.347893,-117.8094408,627.507,3,,
3303.186,9.553875999999946,-9.854,0.416,0.354,0.009,-0.013,0.005,44.88,35.3478927,-117.8094412,627.362,3,,
3304.177,9.291408800000227,-9.854,0.416,0.345,0.007,-0.011,0.006,44.89,35.3478926,-117.8094413,627.216,3,,
3305.266,10.144427200000337,-9.844,0.407,0.354,0.004,-0.013,0.006,44.89,35.3478926,-117.8094416,627.159,3,,
3306.251,8.996133200000259,-9.854,0.416,0.349,0.009,-0.013,0.006,44.91,35.3478928,-117.8094411,627.11,3,,
3307.24,9.291408800000227,-9.858,0.435,0.354,0.007,-0.013,0.006,44.91,35.347893,-117.8094407,627.117,3,,
3308.227,9.849151599999914,-9.858,0.416,0.354,0.009,-0.013,0.006,44.92,35.3478928,-117.8094409,627.232,3,,
3309.213,10.144427200000337,-9.849,0.416,0.354,0.007,-0.013,0.006,44.93,35.3478931,-117.8094405,627.332,3,,
3310.202,8.700857599999836,-9.854,0.407,0.33,0.005,-0.013,0.006,44.95,35.3478935,-117.80944,627.346,3,,
3311.189,9.291408800000227,-9.854,0.426,0.364,0.004,-0.013,0.006,44.96,35.3478943,-117.8094393,627.385,3,,
3312.174,9.291408800000227,-9.858,0.431,0.349,0.009,-0.013,0.007,44.97,35.3478953,-117.8094383,627.393,3,,
3313.263,8.996133200000259,-9.858,0.412,0.354,0.009,-0.012,0.006,44.98,35.3478961,-117.8094374,627.405,3,,
3314.256,8.996133200000259,-9.858,0.431,0.335,0.005,-0.013,0.005,44.99,35.3478968,-117.8094366,627.407,3,,
3315.249,9.291408800000227,-9.854,0.412,0.349,0.006,-0.013,0.005,45.0,35.3478973,-117.8094364,627.478,3,,
3316.235,9.849151599999914,-9.858,0.416,0.349,0.004,-0.012,0.006,45.01,35.3478982,-117.809436,627.402,3,,
3317.222,9.553875999999946,-9.863,0.421,0.34,0.002,-0.012,0.005,45.02,35.3478988,-117.8094356,627.47,3,,
3318.209,9.291408800000227,-9.849,0.416,0.354,0.007,-0.011,0.006,45.03,35.3478991,-117.8094356,627.532,3,,
3319.195,11.030254000000241,-9.849,0.407,0.359,0.006,-0.013,0.006,45.03,35.3478997,-117.8094355,627.486,3,,
3320.182,10.144427200000337,-9.858,0.416,0.359,0.005,-0.013,0.006,45.04,35.3479003,-117.8094357,627.483,3,,
3321.274,7.519755199999963,-9.849,0.421,0.345,0.005,-0.013,0.006,45.05,35.347901,-117.8094355,627.455,3,,
3322.264,9.291408800000227,-9.858,0.421,0.354,0.007,-0.013,0.006,45.05,35.3479016,-117.8094352,627.492,3,,
3323.255,9.849151599999914,-9.858,0.397,0.364,0.006,-0.012,0.006,45.07,35.3479024,-117.8094349,627.464,3,,
3324.247,10.144427200000337,-9.849,0.421,0.33,0.007,-0.012,0.006,45.08,35.347903,-117.8094344,627.474,3,,
3325.235,9.553875999999946,-9.858,0.421,0.345,0.006,-0.013,0.006,45.1,35.3479036,-117.809434,627.496,3,,
3326.226,9.291408800000227,-9.854,0.407,0.349,0.005,-0.012,0.006,45.1,35.3479039,-117.8094338,627.585,3,,
3327.217,9.553875999999946,-9.854,0.421,0.354,0.006,-0.013,0.006,45.11,35.3479045,-117.8094338,627.64,3,,
3328.207,9.849151599999914,-9.849,0.426,0.34,0.006,-0.012,0.005,45.13,35.347905,-117.8094339,627.72,3,,
3329.294,10.734978399999818,-9.854,0.431,0.34,0.004,-0.012,0.006,45.14,35.3479056,-117.8094337,627.793,3,,
3330.18,8.996133200000259,-9.854,0.416,0.335,0.007,-0.013,0.005,45.15,35.3479062,-117.8094336,627.877,3,,
3331.272,8.996133200000259,-9.849,0.412,0.345,0.005,-0.012,0.005,45.17,35.3479069,-117.8094335,627.93,3,,
3332.259,9.849151599999914,-9.849,0.416,0.354,0.006,-0.013,0.006,45.18,35.3479076,-117.8094334,627.977,3,,
3333.247,9.553875999999946,-9.854,0.426,0.345,0.007,-0.013,0.006,45.18,35.347908,-117.8094336,628.072,3,,
3334.235,9.849151599999914,-9.849,0.426,0.34,0.007,-0.012,0.005,45.19,35.3479082,-117.8094335,628.181,3,,
3335.228,9.553875999999946,-9.858,0.407,0.364,0.006,-0.012,0.006,45.19,35.347909,-117.8094329,628.235,3,,
3336.213,9.553875999999946,-9.854,0.416,0.335,0.005,-0.013,0.006,45.2,35.3479092,-117.809433,628.336,3,,
3337.199,9.291408800000227,-9.858,0.416,0.359,0.006,-0.012,0.006,45.22,35.3479093,-117.809433,628.445,3,,
3338.294,10.734978399999818,-9.858,0.416,0.34,0.006,-0.011,0.006,45.24,35.3479096,-117.8094327,628.506,3,,
3339.28,10.734978399999818,-9.854,0.421,0.345,0.007,-0.013,0.006,45.25,35.3479098,-117.8094327,628.601,3,,
3340.267,8.996133200000259,-9.854,0.407,0.354,0.005,-0.015,0.005,45.27,35.3479098,-117.8094329,628.707,3,,
3341.252,8.700857599999836,-9.854,0.426,0.345,0.006,-0.013,0.006,45.27,35.3479098,-117.809433,628.823,3,,
3342.241,10.734978399999818,-9.863,0.407,0.345,0.006,-0.013,0.005,45.28,35.3479099,-117.8094332,628.917,3,,
3343.228,9.849151599999914,-9.854,0.412,0.354,0.005,-0.012,0.005,45.29,35.3479102,-117.8094332,628.954,3,,
3344.213,9.849151599999914,-9.854,0.416,0.349,0.006,-0.012,0.006,45.3,35.3479104,-117.8094334,629.018,3,,
3345.307,9.849151599999914,-9.858,0.426,0.349,0.007,-0.013,0.006,45.31,35.3479108,-117.8094325,629.017,3,,
3346.196,10.43970279999985,-9.844,0.421,0.345,0.006,-0.013,0.005,45.31,35.347911,-117.8094324,629.094,3,,
3347.283,9.291408800000227,-9.858,0.412,0.349,0.006,-0.013,0.005,45.32,35.3479117,-117.809432,629.047,3,,
3348.271,8.996133200000259,-9.854,0.421,0.359,0.005,-0.013,0.006,45.33,35.3479122,-117.8094317,628.973,3,,
3349.261,9.553875999999946,-9.839,0.421,0.354,0.007,-0.011,0.007,45.33,35.3479126,-117.8094313,628.923,3,,
3350.252,9.849151599999914,-9.854,0.431,0.359,0.007,-0.013,0.006,45.34,35.3479127,-117.8094312,628.938,3,,
3351.238,9.291408800000227,-9.854,0.416,0.345,0.006,-0.012,0.006,45.35,35.3479127,-117.8094314,628.989,3,,
3352.227,9.849151599999914,-9.854,0.416,0.325,0.006,-0.013,0.006,45.36,35.3479129,-117.8094313,628.957,3,,
3353.215,9.553875999999946,-9.858,0.421,0.349,0.005,-0.012,0.005,45.37,35.3479132,-117.8094311,628.862,3,,
3354.306,9.849151599999914,-9.854,0.421,0.354,0.005,-0.015,0.005,45.38,35.3479138,-117.8094309,628.789,3,,
3355.194,9.849151599999914,-9.854,0.421,0.359,0.005,-0.013,0.006,45.39,35.3479143,-117.8094309,628.761,3,,
3356.285,9.553875999999946,-9.849,0.416,0.349,0.006,-0.013,0.006,45.4,35.3479148,-117.809431,628.691,3,,
3357.276,8.405581999999868,-9.854,0.407,0.354,0.006,-0.013,0.006,45.4,35.3479153,-117.8094313,628.613,3,,
3358.262,8.996133200000259,-9.854,0.421,0.34,0.006,-0.013,0.006,45.42,35.3479152,-117.8094322,628.716,3,,
3359.252,8.996133200000259,-9.854,0.421,0.34,0.007,-0.013,0.007,45.43,35.3479152,-117.8094329,628.777,3,,
3360.239,9.553875999999946,-9.854,0.426,0.354,0.006,-0.013,0.005,45.44,35.3479149,-117.8094335,628.855,3,,
3361.228,10.144427200000337,-9.854,0.431,0.349,0.006,-0.013,0.006,45.44,35.3479149,-117.8094334,628.864,3,,
3362.218,9.849151599999914,-9.844,0.421,0.345,0.007,-0.012,0.006,45.45,35.3479149,-117.8094333,628.878,3,,
3363.217,8.996133200000259,-9.858,0.421,0.349,0.006,-0.015,0.006,45.46,35.3479147,-117.8094334,628.949,3,,
3364.203,9.291408800000227,-9.844,0.435,0.345,0.005,-0.013,0.005,45.48,35.3479145,-117.8094333,629.018,3,,
3365.193,10.43970279999985,-9.858,0.426,0.335,0.005,-0.013,0.006,45.49,35.3479143,-117.8094334,629.083,3,,
3366.282,9.291408800000227,-9.858,0.416,0.34,0.007,-0.012,0.005,45.5,35.3479141,-117.8094333,629.075,3,,
3367.275,10.43970279999985,-9.849,0.416,0.345,0.007,-0.013,0.006,45.51,35.3479142,-117.809433,629.056,3,,
3368.269,9.849151599999914,-9.854,0.407,0.349,0.005,-0.013,0.006,45.52,35.3479141,-117.8094332,629.114,3,,
3369.257,10.43970279999985,-9.839,0.412,0.354,0.007,-0.012,0.007,45.53,35.347914,-117.809433,629.105,3,,
3370.247,9.553875999999946,-9.854,0.421,0.34,0.007,-0.015,0.006,45.54,35.3479141,-117.8094326,629.067,3,,
3371.237,8.700857599999836,-9.858,0.421,0.349,0.005,-0.012,0.006,45.55,35.3479139,-117.8094327,629.105,3,,
3372.225,10.43970279999985,-9.844,0.426,0.349,0.006,-0.013,0.005,45.55,35.3479137,-117.8094327,629.137,3,,
3373.212,11.29272119999996,-9.854,0.397,0.345,0.007,-0.015,0.006,45.56,35.3479135,-117.8094328,629.133,3,,
3374.199,8.700857599999836,-9.849,0.416,0.34,0.007,-0.013,0.006,45.57,35.3479132,-117.8094327,629.088,3,,
3375.298,8.996133200000259,-9.854,0.416,0.364,0.007,-0.013,0.006,45.58,35.3479128,-117.8094329,629.11,3,,
3376.197,8.405581999999868,-9.854,0.431,0.359,0.006,-0.012,0.006,45.59,35.3479126,-117.8094327,629.105,3,,
3377.288,9.291408800000227,-9.858,0.416,0.345,0.006,-0.013,0.006,45.59,35.3479124,-117.8094326,629.089,3,,
3378.278,10.144427200000337,-9.858,0.412,0.345,0.005,-0.013,0.006,45.6,35.3479122,-117.8094324,629.102,3,,
3379.266,9.553875999999946,-9.858,0.412,0.349,0.006,-0.013,0.006,45.6,35.3479122,-117.8094321,629.07,3,,
3380.253,11.29272119999996,-9.854,0.426,0.345,0.007,-0.013,0.006,45.61,35.3479122,-117.8094315,629.053,3,,
3381.31,10.734978399999818,-9.858,0.426,0.349,0.006,-0.012,0.006,45.62,35.3479122,-117.809431,629.027,3,,
3382.195,10.144427200000337,-9.863,0.416,0.354,0.006,-0.013,0.006,45.63,35.3479123,-117.8094298,629.001,3,,
3383.282,10.734978399999818,-9.854,0.412,0.359,0.006,-0.013,0.006,45.64,35.3479123,-117.8094289,629.008,3,,
3384.269,10.144427200000337,-9.858,0.421,0.34,0.007,-0.012,0.006,45.65,35.3479123,-117.8094282,629.029,3,,
3385.258,9.553875999999946,-9.854,0.416,0.34,0.006,-0.012,0.005,45.67,35.3479125,-117.8094272,629.042,3,,
3386.243,10.144427200000337,-9.849,0.402,0.335,0.005,-0.013,0.006,45.67,35.3479126,-117.8094267,629.061,3,,
3387.228,10.43970279999985,-9.858,0.421,0.359,0.006,-0.013,0.006,45.68,35.3479129,-117.8094256,629.093,3,,
3388.22,8.996133200000259,-9.849,0.412,0.349,0.006,-0.012,0.005,45.69,35.3479132,-117.8094244,629.1,3,,
3389.212,9.553875999999946,-9.854,0.426,0.354,0.006,-0.015,0.006,45.7,35.3479136,-117.8094229,629.108,3,,
3390.197,10.43970279999985,-9.854,0.426,0.34,0.006,-0.013,0.006,45.71,35.347914,-117.8094213,629.134,3,,
3391.288,10.43970279999985,-9.849,0.421,0.354,0.006,-0.012,0.006,45.72,35.3479143,-117.8094203,629.179,3,,
3392.173,9.849151599999914,-9.858,0.421,0.354,0.006,-0.013,0.006,45.73,35.3479145,-117.8094189,629.293,3,,
3393.262,11.030254000000241,-9.854,0.421,0.335,0.007,-0.013,0.006,45.74,35.3479145,-117.8094181,629.323,3,,
3394.249,10.734978399999818,-9.858,0.412,0.354,0.005,-0.013,0.005,45.74,35.3479147,-117.8094171,629.298,3,,
3395.238,10.734978399999818,-9.858,0.421,0.349,0.009,-0.011,0.005,45.75,35.3479147,-117.8094167,629.208,3,,
3396.225,9.291408800000227,-9.849,0.421,0.345,0.006,-0.015,0.005,45.76,35.3479149,-117.809416,629.133,3,,
3397.211,9.849151599999914,-9.849,0.421,0.354,0.007,-0.013,0.006,45.77,35.3479151,-117.8094153,629.096,3,,
3398.299,11.030254000000241,-9.844,0.421,0.349,0.007,-0.012,0.005,45.78,35.3479153,-117.8094147,629.081,3,,
3399.286,10.734978399999818,-9.854,0.421,0.345,0.006,-0.013,0.006,45.79,35.3479154,-117.8094144,629.065,3,,
3400.28,10.734978399999818,-9.854,0.421,0.34,0.005,-0.012,0.006,45.79,35.3479154,-117.8094144,629.056,3,,
3401.266,10.144427200000337,-9.849,0.421,0.335,0.006,-0.012,0.005,45.79,35.3479155,-117.8094139,629.005,3,,
3402.253,10.43970279999985,-9.858,0.426,0.335,0.007,-0.013,0.006,45.8,35.3479156,-117.8094134,628.972,3,,
3403.243,10.734978399999818,-9.854,0.421,0.345,0.006,-0.015,0.005,45.8,35.3479158,-117.8094127,628.923,3,,
3404.237,11.29272119999996,-9.854,0.421,0.34,0.005,-0.012,0.006,45.8,35.347916,-117.8094119,628.856,3,,
3405.225,11.030254000000241,-9.839,0.431,0.34,0.006,-0.013,0.007,45.82,35.3479164,-117.8094111,628.766,3,,
3406.21,11.587996799999928,-9.854,0.426,0.335,0.007,-0.013,0.006,45.82,35.3479165,-117.8094105,628.671,3,,
3407.194,9.553875999999946,-9.858,0.426,0.33,0.006,-0.015,0.006,45.81,35.3479165,-117.8094098,628.527,3,,
3408.181,9.849151599999914,-9.854,0.392,0.349,0.009,-0.013,0.005,45.82,35.3479168,-117.8094091,628.44,3,,
3409.269,11.29272119999996,-9.858,0.412,0.325,0.006,-0.013,0.006,45.82,35.347917,-117.8094085,628.393,3,,
3410.258,9.849151599999914,-9.854,0.431,0.335,0.006,-0.015,0.006,45.83,35.3479175,-117.8094075,628.292,3,,
3411.25,10.734978399999818,-9.858,0.421,0.349,0.007,-0.012,0.006,45.83,35.3479178,-117.8094064,628.25,3,,
3412.237,10.734978399999818,-9.849,0.416,0.345,0.005,-0.012,0.006,45.83,35.3479183,-117.8094041,628.205,3,,
3413.224,11.030254000000241,-9.858,0.435,0.359,0.007,-0.013,0.006,45.83,35.3479187,-117.8094028,628.207,3,,
3414.213,9.291408800000227,-9.854,0.402,0.349,0.009,-0.015,0.006,45.83,35.3479186,-117.8094023,628.209,3,,
3415.208,10.43970279999985,-9.854,0.412,0.345,0.005,-0.012,0.006,45.84,35.3479187,-117.8094014,628.186,3,,
3416.195,11.29272119999996,-9.849,0.416,0.349,0.009,-0.013,0.006,45.85,35.3479187,-117.8094011,628.152,3,,
3417.184,10.43970279999985,-9.854,0.402,0.359,0.006,-0.012,0.006,45.87,35.3479188,-117.8094009,628.07,3,,
3418.171,10.144427200000337,-9.849,0.421,0.34,0.007,-0.012,0.005,45.88,35.3479189,-117.8094002,628.018,3,,
3419.26,11.29272119999996,-9.858,0.421,0.354,0.005,-0.012,0.006,45.88,35.3479189,-117.8094,627.954,3,,
3420.248,9.849151599999914,-9.854,0.421,0.345,0.007,-0.013,0.005,45.87,35.3479189,-117.8093999,627.945,3,,
3421.235,10.43970279999985,-9.844,0.412,0.345,0.007,-0.013,0.006,45.88,35.3479189,-117.8093999,627.921,3,,
3422.227,9.291408800000227,-9.854,0.407,0.34,0.005,-0.013,0.006,45.88,35.3479189,-117.8093999,627.992,3,,
3423.215,9.553875999999946,-9.854,0.412,0.345,0.007,-0.011,0.006,45.89,35.3479193,-117.8093997,627.986,3,,
3424.202,11.030254000000241,-9.858,0.421,0.359,0.007,-0.013,0.005,45.89,35.3479199,-117.8093992,627.903,3,,
3425.189,10.144427200000337,-9.849,0.412,0.349,0.007,-0.013,0.006,45.9,35.3479199,-117.8093993,627.883,3,,
3426.278,8.996133200000259,-9.858,0.397,0.34,0.006,-0.012,0.006,45.91,35.3479199,-117.8093996,627.83,3,,
3427.265,10.734978399999818,-9.858,0.407,0.392,0.007,-0.015,0.004,45.92,35.3479199,-117.8094001,627.805,3,,
3428.252,9.849151599999914,-9.849,0.426,0.373,0.006,-0.015,0.006,45.93,35.34792,-117.8094005,627.759,3,,
3429.242,10.734978399999818,-9.849,0.426,0.34,0.006,-0.012,0.005,45.94,35.3479199,-117.809401,627.755,3,,
3430.231,10.43970279999985,-9.854,0.407,0.354,0.006,-0.013,0.009,45.95,35.3479199,-117.8094012,627.806,3,,
3431.214,10.144427200000337,-9.868,0.474,0.325,0.005,-0.012,0.006,45.96,35.3479202,-117.809401,627.815,3,,
3432.201,9.849151599999914,-9.863,0.412,0.359,0.006,-0.013,0.006,45.97,35.3479202,-117.8094013,627.929,3,,
3433.19,10.43970279999985,-9.863,0.426,0.325,0.007,-0.013,0.006,45.98,35.3479204,-117.8094016,627.914,3,,
3434.275,11.29272119999996,-9.858,0.421,0.345,0.005,-0.013,0.006,45.98,35.3479207,-117.8094018,627.837,3,,
3435.26,11.030254000000241,-9.858,0.416,0.325,0.005,-0.013,0.006,45.99,35.3479205,-117.809402,627.891,3,,
3436.259,9.291408800000227,-9.849,0.431,0.345,0.006,-0.012,0.005,45.99,35.3479202,-117.8094021,628.071,3,,
3437.254,10.144427200000337,-9.854,0.407,0.335,0.007,-0.012,0.007,46.0,35.3479204,-117.8094026,628.107,3,,
3438.242,10.144427200000337,-9.858,0.407,0.354,0.007,-0.013,0.005,46.01,35.3479208,-117.8094025,628.202,3,,
3439.227,11.587996799999928,-9.854,0.435,0.349,0.007,-0.013,0.006,46.02,35.347921,-117.809403,628.274,3,,
3440.213,10.43970279999985,-9.858,0.431,0.354,0.006,-0.013,0.006,46.02,35.3479209,-117.8094034,628.364,3,,
3441.203,10.43970279999985,-9.858,0.421,0.349,0.006,-0.013,0.006,46.03,35.3479211,-117.8094038,628.446,3,,
3442.19,10.144427200000337,-9.863,0.412,0.349,0.007,-0.013,0.006,46.04,35.3479212,-117.8094043,628.559,3,,
3443.275,9.849151599999914,-9.858,0.421,0.359,0.006,-0.012,0.007,46.05,35.347921,-117.8094049,628.668,3,,
3444.264,10.43970279999985,-9.844,0.421,0.345,0.007,-0.011,0.005,46.06,35.3479209,-117.8094056,628.815,3,,
3445.25,10.734978399999818,-9.854,0.421,0.354,0.006,-0.013,0.006,46.07,35.347921,-117.8094054,628.933,3,,
3446.234,11.29272119999996,-9.858,0.421,0.345,0.006,-0.012,0.005,46.07,35.3479209,-117.8094051,629.095,3,,
3447.221,11.030254000000241,-9.854,0.416,0.33,0.006,-0.012,0.005,46.08,35.3479209,-117.8094045,629.228,3,,
3448.212,9.553875999999946,-9.854,0.412,0.345,0.007,-0.015,0.006,46.09,35.3479203,-117.8094054,629.409,3,,
3449.207,9.849151599999914,-9.858,0.421,0.345,0.007,-0.013,0.006,46.09,35.3479198,-117.8094058,629.567,3,,
3450.193,9.849151599999914,-9.849,0.421,0.349,0.006,-0.013,0.006,46.1,35.3479195,-117.8094059,629.64,3,,
3451.285,10.144427200000337,-9.854,0.412,0.354,0.006,-0.013,0.006,46.1,35.3479191,-117.8094049,629.723,3,,
3452.273,9.291408800000227,-9.858,0.412,0.354,0.006,-0.013,0.006,46.11,35.3479186,-117.8094048,629.861,3,,
3453.257,9.291408800000227,-9.854,0.416,0.345,0.009,-0.013,0.006,46.12,35.347918,-117.8094051,629.877,3,,
3454.244,10.43970279999985,-9.854,0.426,0.345,0.006,-0.013,0.006,46.13,35.3479173,-117.8094064,629.797,3,,
3455.229,10.43970279999985,-9.849,0.412,0.34,0.007,-0.013,0.006,46.14,35.3479174,-117.8094062,629.737,3,,
3456.215,9.553875999999946,-9.858,0.421,0.354,0.006,-0.013,0.006,46.15,35.3479172,-117.8094061,629.684,3,,
3457.202,10.43970279999985,-9.863,0.416,0.349,0.006,-0.013,0.006,46.16,35.3479171,-117.8094062,629.605,3,,
3458.291,9.291408800000227,-9.854,0.416,0.359,0.007,-0.012,0.006,46.16,35.3479168,-117.8094073,629.457,3,,
3459.283,10.144427200000337,-9.849,0.426,0.349,0.006,-0.013,0.006,46.17,35.3479159,-117.8094086,629.327,3,,
3460.271,10.144427200000337,-9.854,0.407,0.345,0.006,-0.013,0.006,46.18,35.347915,-117.8094099,629.27,3,,
3461.258,9.291408800000227,-9.854,0.421,0.345,0.007,-0.013,0.006,46.19,35.3479145,-117.8094107,629.249,3,,
3462.244,10.144427200000337,-9.854,0.416,0.354,0.006,-0.013,0.006,46.2,35.3479139,-117.8094116,629.223,3,,
3463.23,10.734978399999818,-9.844,0.421,0.349,0.006,-0.013,0.006,46.21,35.3479128,-117.8094134,629.279,3,,
3464.22,9.291408800000227,-9.854,0.421,0.349,0.006,-0.012,0.006,46.22,35.3479119,-117.8094151,629.298,3,,
3465.209,9.849151599999914,-9.858,0.416,0.34,0.006,-0.013,0.006,46.22,35.3479115,-117.8094159,629.27,3,,
3466.195,9.849151599999914,-9.849,0.416,0.345,0.006,-0.013,0.006,46.23,35.3479112,-117.8094168,629.21,3,,
3467.283,10.43970279999985,-9.858,0.431,0.345,0.005,-0.012,0.006,46.24,35.3479111,-117.8094178,629.162,3,,
3468.271,11.29272119999996,-9.854,0.421,0.354,0.006,-0.012,0.006,46.24,35.3479107,-117.8094191,629.158,3,,
3469.256,9.553875999999946,-9.854,0.421,0.34,0.006,-0.012,0.005,46.24,35.3479101,-117.8094204,629.138,3,,
3470.243,11.29272119999996,-9.858,0.421,0.349,0.007,-0.013,0.006,46.24,35.3479096,-117.809422,629.164,3,,
3471.234,10.43970279999985,-9.844,0.416,0.359,0.006,-0.013,0.005,46.25,35.347909,-117.8094235,629.265,3,,
3472.227,9.849151599999914,-9.854,0.421,0.335,0.006,-0.013,0.006,46.26,35.3479088,-117.8094247,629.344,3,,
3473.215,11.030254000000241,-9.854,0.416,0.354,0.006,-0.012,0.006,46.27,35.3479082,-117.8094264,629.492,3,,
3474.204,10.144427200000337,-9.858,0.416,0.345,0.006,-0.012,0.006,46.27,35.3479082,-117.8094269,629.595,3,,
3475.317,10.144427200000337,-9.858,0.416,0.345,0.006,-0.015,0.005,46.28,35.3479083,-117.8094277,629.613,3,,
3476.202,10.144427200000337,-9.858,0.416,0.34,0.006,-0.013,0.006,46.28,35.3479083,-117.8094284,629.681,3,,
3477.29,10.43970279999985,-9.849,0.412,0.345,0.006,-0.013,0.006,46.28,35.347908,-117.8094295,629.81,3,,
3478.275,9.849151599999914,-9.854,0.421,0.349,0.007,-0.013,0.007,46.29,35.3479081,-117.8094295,629.879,3,,
3479.262,11.030254000000241,-9.854,0.421,0.349,0.006,-0.012,0.006,46.3,35.3479084,-117.8094295,629.972,3,,
3480.253,9.849151599999914,-9.849,0.416,0.354,0.007,-0.013,0.006,46.31,35.3479085,-117.8094296,630.096,3,,
3481.243,10.734978399999818,-9.849,0.416,0.349,0.006,-0.012,0.006,46.31,35.3479089,-117.8094296,630.193,3,,
3482.231,10.734978399999818,-9.844,0.416,0.335,0.007,-0.012,0.006,46.32,35.3479093,-117.8094296,630.234,3,,
3483.215,9.553875999999946,-9.858,0.431,0.349,0.007,-0.012,0.006,46.33,35.3479097,-117.8094296,630.251,3,,
3484.2,10.734978399999818,-9.858,0.416,0.359,0.006,-0.013,0.006,46.34,35.3479102,-117.8094297,630.296,3,,
3485.286,10.734978399999818,-9.858,0.421,0.349,0.006,-0.012,0.006,46.35,35.3479105,-117.8094298,630.34,3,,
3486.276,10.144427200000337,-9.854,0.412,0.354,0.006,-0.013,0.006,46.35,35.347911,-117.8094296,630.32,3,,
3487.265,10.43970279999985,-9.868,0.431,0.349,0.005,-0.012,0.006,46.36,35.3479114,-117.8094296,630.349,3,,
3488.254,9.849151599999914,-9.858,0.421,0.345,0.006,-0.012,0.006,46.37,35.3479116,-117.8094296,630.375,3,,
3489.241,10.734978399999818,-9.858,0.416,0.335,0.006,-0.013,0.006,46.38,35.3479119,-117.8094296,630.463,3,,
3490.228,10.144427200000337,-9.854,0.416,0.335,0.006,-0.013,0.005,46.37,35.3479123,-117.8094294,630.463,3,,
3491.213,10.144427200000337,-9.854,0.421,0.345,0.007,-0.012,0.006,46.36,35.3479125,-117.8094291,630.488,3,,
3492.202,9.849151599999914,-9.863,0.412,0.325,0.006,-0.013,0.006,46.33,35.3479127,-117.8094291,630.542,3,,
3493.289,11.587996799999928,-9.858,0.416,0.335,0.006,-0.013,0.005,46.35,35.3479129,-117.8094288,630.619,3,,
3494.277,11.29272119999996,-9.844,0.421,0.33,0.007,-0.013,0.007,46.37,35.3479132,-117.8094284,630.697,3,,
3495.263,11.587996799999928,-9.868,0.416,0.321,0.006,-0.015,0.005,46.34,35.3479135,-117.8094282,630.79,3,,
3496.251,11.29272119999996,-9.849,0.421,0.33,0.006,-0.013,0.006,46.34,35.3479138,-117.809428,630.864,3,,
3497.237,11.883272399999896,-9.854,0.402,0.301,0.007,-0.012,0.005,46.34,35.3479143,-117.8094278,630.894,3,,
3498.223,10.734978399999818,-9.844,0.421,0.282,0.006,-0.013,0.006,46.3,35.3479147,-117.8094274,630.894,3,,
3499.214,11.29272119999996,-9.858,0.426,0.335,0.006,-0.012,0.006,46.29,35.3479151,-117.8094268,630.998,3,,
3500.202,11.030254000000241,-9.858,0.412,0.34,0.006,-0.012,0.006,46.33,35.3479157,-117.8094257,631.074,3,,
3501.288,10.734978399999818,-9.854,0.416,0.345,0.007,-0.013,0.006,46.36,35.3479162,-117.809425,631.175,3,,
3502.275,9.849151599999914,-9.858,0.412,0.316,0.006,-0.012,0.006,46.37,35.3479162,-117.8094244,631.112,3,,
3503.263,10.734978399999818,-9.858,0.412,0.321,0.005,-0.012,0.007,46.32,35.3479163,-117.8094239,631.096,3,,
3504.25,11.030254000000241,-9.854,0.412,0.34,0.007,-0.013,0.006,46.35,35.3479165,-117.8094233,631.097,3,,
3505.235,11.030254000000241,-9.854,0.416,0.335,0.006,-0.013,0.006,46.37,35.3479168,-117.8094228,631.182,3,,
3506.223,10.144427200000337,-9.858,0.407,0.335,0.006,-0.012,0.005,46.4,35.3479171,-117.8094224,631.247,3,,
3507.212,10.43970279999985,-9.858,0.421,0.354,0.006,-0.013,0.006,46.41,35.3479174,-117.8094217,631.247,3,,
3508.198,10.734978399999818,-9.858,0.426,0.359,0.007,-0.012,0.006,46.41,35.3479176,-117.8094209,631.328,3,,
3509.289,11.883272399999896,-9.863,0.407,0.282,0.006,-0.013,0.006,46.41,35.3479178,-117.8094204,631.414,3,,
3510.298,10.43970279999985,-9.854,0.412,0.301,0.006,-0.013,0.006,46.39,35.347918,-117.8094199,631.448,3,,
3511.181,10.144427200000337,-9.858,0.412,0.306,0.006,-0.012,0.007,46.33,35.3479182,-117.8094194,631.536,3,,
3512.269,11.030254000000241,-9.854,0.407,0.311,0.007,-0.012,0.006,46.27,35.3479184,-117.8094192,631.712,3,,
3513.254,11.883272399999896,-9.854,0.407,0.23,0.007,-0.013,0.005,46.3,35.3479183,-117.8094191,631.788,3,,
3514.244,11.030254000000241,-9.858,0.412,0.263,0.007,-0.013,0.005,46.31,35.3479177,-117.8094199,631.895,3,,
3515.234,12.178548000000319,-9.863,0.397,0.249,0.007,-0.012,0.006,46.3,35.3479172,-117.8094209,632.009,3,,
3516.222,11.587996799999928,-9.858,0.412,0.297,0.007,-0.012,0.005,46.29,35.3479166,-117.8094221,632.043,3,,
3517.21,10.734978399999818,-9.858,0.407,0.254,0.007,-0.012,0.006,46.3,35.3479167,-117.8094221,631.917,3,,
3518.196,11.030254000000241,-9.858,0.416,0.321,0.006,-0.013,0.005,46.32,35.3479167,-117.8094221,631.938,3,,
3519.283,10.734978399999818,-9.858,0.412,0.345,0.006,-0.015,0.006,46.36,35.3479169,-117.8094218,631.988,3,,
3520.268,10.734978399999818,-9.854,0.416,0.345,0.007,-0.013,0.005,46.38,35.3479168,-117.8094219,632.015,3,,
3521.256,10.144427200000337,-9.854,0.416,0.345,0.006,-0.013,0.006,46.4,35.3479165,-117.8094227,632.024,3,,
3522.245,10.43970279999985,-9.854,0.412,0.335,0.005,-0.013,0.006,46.42,35.3479161,-117.8094232,632.042,3,,
3523.235,12.178548000000319,-9.854,0.416,0.34,0.006,-0.013,0.006,46.42,35.3479157,-117.8094228,632.183,3,,
3524.219,11.030254000000241,-9.854,0.416,0.345,0.005,-0.013,0.007,46.44,35.3479154,-117.809423,632.243,3,,
3525.212,11.587996799999928,-9.854,0.421,0.349,0.007,-0.013,0.007,46.45,35.3479153,-117.8094223,632.286,3,,
3526.198,11.29272119999996,-9.858,0.421,0.345,0.006,-0.013,0.006,46.46,35.347915,-117.8094218,632.315,3,,
3527.286,11.587996799999928,-9.844,0.426,0.345,0.007,-0.013,0.006,46.46,35.3479149,-117.8094214,632.309,3,,
3528.275,11.030254000000241,-9.858,0.431,0.345,0.009,-0.013,0.006,46.46,35.3479149,-117.809421,632.344,3,,
3529.262,9.849151599999914,-9.854,0.421,0.34,0.006,-0.012,0.006,46.48,35.347915,-117.8094205,632.353,3,,
3530.259,11.29272119999996,-9.863,0.402,0.349,0.006,-0.012,0.005,46.48,35.3479152,-117.8094196,632.257,3,,
3531.245,11.29272119999996,-9.844,0.354,0.397,0.005,-0.015,0.005,46.48,35.3479152,-117.8094197,632.294,3,,
3532.234,11.587996799999928,-9.854,0.407,0.335,0.005,-0.012,0.005,46.49,35.3479152,-117.8094195,632.31,3,,
3533.225,10.144427200000337,-9.858,0.412,0.345,0.006,-0.012,0.006,46.51,35.3479152,-117.8094195,632.364,3,,
3534.208,10.43970279999985,-9.854,0.421,0.354,0.006,-0.013,0.005,46.52,35.3479151,-117.8094194,632.29,3,,
3535.297,11.883272399999896,-9.858,0.416,0.349,0.007,-0.013,0.006,46.52,35.3479151,-117.8094197,632.32,3,,
3536.182,11.030254000000241,-9.849,0.421,0.345,0.006,-0.012,0.005,46.54,35.347915,-117.8094202,632.334,3,,
3537.282,11.883272399999896,-9.849,0.416,0.354,0.006,-0.015,0.006,46.55,35.347915,-117.8094206,632.358,3,,
3538.278,10.43970279999985,-9.858,0.412,0.349,0.006,-0.013,0.005,46.56,35.347915,-117.8094212,632.339,3,,
3539.265,11.587996799999928,-9.858,0.412,0.364,0.006,-0.012,0.006,46.57,35.3479149,-117.8094216,632.339,3,,
3540.25,11.030254000000241,-9.854,0.412,0.349,0.007,-0.013,0.006,46.57,35.3479148,-117.809422,632.338,3,,
3541.236,11.587996799999928,-9.849,0.416,0.321,0.006,-0.013,0.005,46.58,35.3479147,-117.8094226,632.328,3,,
3542.224,11.883272399999896,-9.849,0.416,0.349,0.006,-0.013,0.006,46.59,35.3479147,-117.8094232,632.3,3,,
3543.209,11.587996799999928,-9.849,0.421,0.349,0.006,-0.013,0.006,46.6,35.3479149,-117.8094236,632.313,3,,
3544.197,11.29272119999996,-9.854,0.416,0.321,0.007,-0.013,0.006,46.61,35.3479149,-117.8094243,632.313,3,,
3545.283,11.030254000000241,-9.858,0.416,0.335,0.006,-0.013,0.006,46.6,35.3479149,-117.809425,632.298,3,,
3546.272,11.587996799999928,-9.858,0.421,0.349,0.006,-0.013,0.005,46.61,35.3479147,-117.809426,632.29,3,,
3547.258,10.734978399999818,-9.854,0.416,0.345,0.007,-0.013,0.006,46.63,35.3479146,-117.8094267,632.227,3,,
3548.244,11.030254000000241,-9.858,0.416,0.354,0.007,-0.015,0.006,46.64,35.3479145,-117.8094275,632.16,3,,
3549.232,12.178548000000319,-9.849,0.407,0.34,0.005,-0.015,0.006,46.65,35.3479144,-117.8094284,632.093,3,,
3550.223,11.883272399999896,-9.839,0.311,0.263,0.009,-0.013,0.005,46.63,35.3479143,-117.8094294,632.012,3,,
3551.214,11.883272399999896,-9.835,0.445,0.268,0.007,-0.013,0.006,46.63,35.3479143,-117.8094304,631.886,3,,
3552.198,11.883272399999896,-9.844,0.354,0.292,0.006,-0.012,0.006,46.63,35.3479142,-117.8094311,631.8,3,,
3553.288,10.144427200000337,-9.849,0.402,0.201,0.005,-0.013,0.005,46.61,35.3479142,-117.8094318,631.741,3,,
3554.273,12.473823599999832,-9.858,0.378,0.306,0.009,-0.015,0.006,46.6,35.3479143,-117.8094325,631.626,3,,
3555.258,13.326841999999942,-9.849,0.388,0.153,0.007,-0.012,0.004,46.55,35.3479143,-117.809433,631.542,3,,
3556.246,10.43970279999985,-9.858,0.416,0.263,0.005,-0.013,0.006,46.48,35.3479143,-117.8094336,631.495,3,,
3557.23,11.030254000000241,-9.844,0.407,0.23,0.007,-0.013,0.005,46.47,35.3479144,-117.8094343,631.347,3,,
3558.214,11.29272119999996,-9.868,0.412,0.225,0.007,-0.012,0.006,46.45,35.3479144,-117.809435,631.305,3,,
3559.2,11.883272399999896,-9.868,0.416,0.234,0.006,-0.013,0.006,46.48,35.3479142,-117.8094357,631.34,3,,
3560.189,10.734978399999818,-9.844,0.397,0.268,0.007,-0.013,0.005,46.44,35.347914,-117.8094369,631.372,3,,
3561.285,11.29272119999996,-9.839,0.416,0.211,0.009,-0.015,0.005,46.42,35.3479138,-117.8094379,631.379,3,,
3562.272,12.178548000000319,-9.858,0.392,0.325,0.009,-0.013,0.006,46.4,35.3479135,-117.8094389,631.444,3,,
3563.261,12.178548000000319,-9.858,0.431,0.306,0.006,-0.012,0.006,46.45,35.3479134,-117.8094395,631.511,3,,
3564.249,11.587996799999928,-9.858,0.407,0.335,0.009,-0.012,0.006,46.49,35.3479136,-117.80944,631.539,3,,
3565.235,13.031566399999974,-9.844,0.407,0.364,0.007,-0.015,0.005,46.52,35.3479136,-117.8094403,631.538,3,,
3566.219,12.473823599999832,-9.854,0.416,0.373,0.006,-0.013,0.005,46.53,35.3479135,-117.8094406,631.572,3,,
3567.208,12.178548000000319,-9.854,0.431,0.345,0.009,-0.013,0.006,46.54,35.3479135,-117.8094407,631.553,3,,
3568.194,11.030254000000241,-9.849,0.435,0.349,0.005,-0.015,0.006,46.54,35.3479133,-117.809441,631.617,3,,
3569.281,12.473823599999832,-9.858,0.412,0.33,0.009,-0.013,0.006,46.56,35.347913,-117.8094414,631.684,3,,
3570.27,12.7690991999998,-9.858,0.392,0.359,0.006,-0.012,0.006,46.57,35.3479127,-117.8094418,631.657,3,,
3571.254,11.587996799999928,-9.858,0.407,0.354,0.006,-0.012,0.006,46.57,35.3479125,-117.8094421,631.636,3,,
3572.241,11.883272399999896,-9.863,0.416,0.325,0.007,-0.012,0.006,46.58,35.3479121,-117.8094425,631.645,3,,
3573.229,11.883272399999896,-9.863,0.407,0.34,0.007,-0.012,0.006,46.59,35.347912,-117.8094423,631.604,3,,
3574.217,12.7690991999998,-9.858,0.416,0.33,0.006,-0.013,0.006,46.61,35.3479118,-117.8094423,631.589,3,,
3575.207,12.178548000000319,-9.858,0.416,0.33,0.007,-0.012,0.005,46.62,35.3479118,-117.8094422,631.592,3,,
3576.195,12.7690991999998,-9.858,0.426,0.349,0.006,-0.013,0.005,46.62,35.3479116,-117.809442,631.555,3,,
3577.286,12.473823599999832,-9.854,0.435,0.345,0.007,-0.012,0.007,46.61,35.3479116,-117.8094418,631.468,3,,
3578.272,12.7690991999998,-9.854,0.435,0.364,0.006,-0.015,0.005,46.6,35.3479116,-117.8094419,631.371,3,,
3579.259,11.587996799999928,-9.858,0.397,0.359,0.005,-0.011,0.007,46.58,35.3479116,-117.8094422,631.266,3,,
3580.245,11.587996799999928,-9.858,0.407,0.301,0.005,-0.012,0.006,46.59,35.3479118,-117.8094424,631.091,3,,
3581.232,12.7690991999998,-9.858,0.397,0.23,0.007,-0.015,0.007,46.48,35.3479119,-117.8094426,630.983,3,,
3582.218,12.178548000000319,-9.844,0.407,0.187,0.006,-0.013,0.006,46.36,35.347912,-117.8094428,630.858,3,,
3583.31,13.326841999999942,-9.849,0.407,0.23,0.007,-0.012,0.005,46.34,35.347912,-117.8094431,630.783,3,,
3584.199,13.62211759999991,-9.844,0.388,0.301,0.006,-0.012,0.006,46.38,35.347912,-117.8094437,630.701,3,,
3585.287,12.7690991999998,-9.858,0.402,0.297,0.005,-0.013,0.005,46.42,35.347912,-117.8094436,630.602,3,,
3586.274,13.031566399999974,-9.854,0.431,0.325,0.007,-0.013,0.006,46.46,35.3479119,-117.8094436,630.528,3,,
3587.268,12.178548000000319,-9.863,0.407,0.301,0.005,-0.013,0.006,46.46,35.3479118,-117.8094438,630.484,3,,
3588.256,13.031566399999974,-9.858,0.416,0.306,0.006,-0.013,0.006,46.47,35.3479116,-117.8094436,630.416,3,,
3589.242,12.473823599999832,-9.858,0.416,0.287,0.006,-0.012,0.006,46.5,35.3479115,-117.8094433,630.37,3,,
3590.229,12.473823599999832,-9.854,0.421,0.321,0.007,-0.013,0.007,46.52,35.3479112,-117.8094428,630.334,3,,
3591.214,12.178548000000319,-9.858,0.426,0.325,0.006,-0.012,0.006,46.55,35.347911,-117.8094425,630.337,3,,
3592.199,13.031566399999974,-9.863,0.431,0.34,0.006,-0.012,0.006,46.57,35.3479109,-117.8094423,630.315,3,,
3593.295,14.507944399999815,-9.849,0.416,0.282,0.006,-0.012,0.006,46.52,35.3479109,-117.8094418,630.284,3,,
3594.281,13.62211759999991,-9.868,0.402,0.301,0.006,-0.012,0.006,46.48,35.3479108,-117.8094413,630.257,3,,
3595.27,13.326841999999942,-9.863,0.412,0.301,0.007,-0.012,0.006,46.48,35.3479106,-117.8094408,630.148,3,,
3596.261,12.473823599999832,-9.868,0.407,0.321,0.007,-0.013,0.006,46.48,35.3479104,-117.8094404,630.036,3,,
3597.251,11.29272119999996,-9.854,0.397,0.239,0.006,-0.013,0.006,46.51,35.3479104,-117.8094399,629.948,3,,
3598.236,12.473823599999832,-9.858,0.416,0.273,0.007,-0.013,0.005,46.48,35.3479105,-117.8094395,629.86,3,,
3599.223,13.031566399999974,-9.868,0.407,0.321,0.005,-0.015,0.006,46.5,35.3479105,-117.809439,629.764,3,,
3600.209,13.031566399999974,-9.858,0.421,0.349,0.005,-0.013,0.006,46.54,35.3479105,-117.8094385,629.676,3,,
3601.296,13.031566399999974,-9.854,0.421,0.345,0.006,-0.012,0.006,46.57,35.3479107,-117.8094381,629.629,3,,
3602.282,13.917393199999879,-9.858,0.412,0.34,0.007,-0.012,0.007,46.59,35.3479111,-117.8094375,629.56,3,,
3603.272,11.587996799999928,-9.849,0.421,0.34,0.006,-0.012,0.006,46.6,35.3479112,-117.8094373,629.504,3,,
3604.256,13.917393199999879,-9.854,0.431,0.34,0.006,-0.015,0.005,46.61,35.3479113,-117.8094371,629.469,3,,
3605.314,13.326841999999942,-9.854,0.416,0.321,0.007,-0.012,0.006,46.62,35.3479115,-117.8094365,629.415,3,,
3606.206,13.62211759999991,-9.858,0.416,0.263,0.009,-0.012,0.006,46.62,35.3479117,-117.8094357,629.345,3,,
3607.293,11.587996799999928,-9.854,0.426,0.321,0.006,-0.013,0.006,46.58,35.3479118,-117.809435,629.271,3,,
3608.281,12.7690991999998,-9.849,0.407,0.321,0.007,-0.013,0.006,46.57,35.347912,-117.8094343,629.203,3,,
3609.274,13.031566399999974,-9.849,0.421,0.321,0.007,-0.013,0.005,46.6,35.3479122,-117.8094333,629.157,3,,
3610.259,11.883272399999896,-9.849,0.426,0.316,0.005,-0.013,0.005,46.62,35.3479122,-117.8094327,629.089,3,,
3611.243,12.473823599999832,-9.854,0.416,0.316,0.006,-0.013,0.006,46.61,35.3479125,-117.8094318,629.022,3,,
3612.231,13.031566399999974,-9.854,0.421,0.349,0.007,-0.013,0.006,46.62,35.3479126,-117.8094312,628.994,3,,
3613.221,13.031566399999974,-9.858,0.421,0.349,0.009,-0.013,0.006,46.64,35.3479129,-117.8094303,628.938,3,,
3614.206,13.326841999999942,-9.858,0.431,0.345,0.006,-0.012,0.005,46.66,35.3479131,-117.8094295,628.873,3,,
3615.191,13.031566399999974,-9.858,0.407,0.349,0.006,-0.013,0.005,46.67,35.3479132,-117.8094292,628.821,3,,
3616.281,11.883272399999896,-9.858,0.407,0.34,0.006,-0.013,0.006,46.64,35.3479128,-117.8094293,628.841,3,,
3617.265,12.473823599999832,-9.854,0.426,0.34,0.007,-0.013,0.005,46.66,35.3479126,-117.8094293,628.768,3,,
3618.252,12.178548000000319,-9.863,0.421,0.34,0.006,-0.015,0.005,46.69,35.3479124,-117.8094293,628.673,3,,
3619.24,13.62211759999991,-9.863,0.412,0.34,0.006,-0.013,0.006,46.7,35.3479123,-117.8094292,628.57,3,,
3620.232,13.917393199999879,-9.868,0.416,0.359,0.006,-0.013,0.006,46.72,35.3479123,-117.8094291,628.477,3,,
3621.217,13.031566399999974,-9.858,0.407,0.354,0.007,-0.013,0.005,46.74,35.3479121,-117.8094289,628.447,3,,
3622.202,13.326841999999942,-9.854,0.407,0.349,0.007,-0.012,0.006,46.75,35.3479119,-117.8094287,628.408,3,,
3623.19,13.031566399999974,-9.863,0.407,0.34,0.006,-0.015,0.006,46.72,35.3479118,-117.8094286,628.35,3,,
3624.278,13.031566399999974,-9.849,0.402,0.345,0.005,-0.013,0.006,46.72,35.3479119,-117.8094284,628.271,3,,
3625.264,11.587996799999928,-9.858,0.421,0.359,0.005,-0.013,0.005,46.73,35.3479117,-117.8094284,628.215,3,,
3626.251,11.883272399999896,-9.854,0.392,0.287,0.007,-0.013,0.005,46.75,35.3479117,-117.8094285,628.143,3,,
3627.242,13.326841999999942,-9.854,0.426,0.359,0.006,-0.015,0.006,46.77,35.3479119,-117.8094286,628.043,3,,
3628.231,12.7690991999998,-9.844,0.435,0.354,0.007,-0.013,0.005,46.79,35.3479118,-117.8094287,627.943,3,,
3629.218,13.326841999999942,-9.854,0.426,0.33,0.004,-0.013,0.006,46.77,35.3479115,-117.8094287,627.867,3,,
3630.204,12.7690991999998,-9.844,0.421,0.211,0.006,-0.013,0.007,46.69,35.3479113,-117.8094291,627.769,3,,
3631.189,14.212668800000301,-9.849,0.416,0.282,0.004,-0.013,0.006,46.65,35.3479111,-117.8094296,627.677,3,,
3632.277,13.326841999999942,-9.854,0.44,0.368,0.006,-0.013,0.006,46.66,35.347911,-117.8094301,627.57,3,,
3633.265,11.883272399999896,-9.858,0.412,0.292,0.006,-0.013,0.005,46.69,35.3479111,-117.8094301,627.516,3,,
3634.257,12.473823599999832,-9.863,0.407,0.215,0.005,-0.013,0.005,46.59,35.347911,-117.8094303,627.419,3,,
3635.249,12.473823599999832,-9.849,0.388,0.306,0.007,-0.013,0.006,46.57,35.3479109,-117.8094305,627.325,3,,
3636.235,12.7690991999998,-9.849,0.407,0.158,0.007,-0.012,0.006,46.52,35.3479108,-117.8094305,627.215,3,,
3637.222,13.326841999999942,-9.849,0.421,0.196,0.006,-0.013,0.006,46.38,35.347911,-117.8094304,627.122,3,,
3638.207,13.031566399999974,-9.858,0.407,0.167,0.007,-0.013,0.006,46.36,35.3479112,-117.8094301,627.056,3,,
3639.203,12.7690991999998,-9.844,0.402,0.129,0.007,-0.013,0.006,46.37,35.3479111,-117.8094302,627.021,3,,
3640.192,12.473823599999832,-9.858,0.402,0.177,0.005,-0.012,0.006,46.38,35.347911,-117.8094303,626.957,3,,
3641.28,14.212668800000301,-9.854,0.412,0.282,0.007,-0.013,0.005,46.39,35.3479111,-117.8094303,626.898,3,,
3642.269,13.031566399999974,-9.854,0.407,0.177,0.009,-0.012,0.006,46.4,35.3479115,-117.8094299,626.855,3,,
3643.253,13.62211759999991,-9.858,0.388,0.254,0.007,-0.012,0.006,46.38,35.3479117,-117.8094298,626.764,3,,
3644.243,12.473823599999832,-9.854,0.402,0.244,0.006,-0.015,0.006,46.32,35.3479122,-117.8094295,626.674,3,,
3645.229,13.326841999999942,-9.854,0.402,0.172,0.009,-0.013,0.006,46.29,35.3479126,-117.8094289,626.598,3,,
3646.218,13.326841999999942,-9.844,0.388,0.033,0.006,-0.015,0.006,46.31,35.3479132,-117.8094279,626.472,3,,
3647.206,12.473823599999832,-9.849,0.388,0.091,0.004,-0.012,0.005,46.24,35.3479136,-117.8094273,626.365,3,,
3648.191,11.587996799999928,-9.844,0.388,-0.053,0.007,-0.013,0.006,46.2,35.3479139,-117.8094269,626.279,3,,
3649.283,12.178548000000319,-9.854,0.373,0.081,0.011,-0.013,0.006,46.18,35.347914,-117.8094271,626.227,3,,
3650.269,13.917393199999879,-9.849,0.412,0.139,0.01,-0.013,0.005,46.15,35.3479138,-117.8094277,626.205,3,,
3651.256,12.473823599999832,-9.858,0.383,-0.029,0.011,-0.012,0.005,46.1,35.3479138,-117.8094282,626.159,3,,
3652.248,13.917393199999879,-9.844,0.402,0.187,0.004,-0.012,0.005,46.1,35.3479135,-117.809429,626.117,3,,
3653.232,12.473823599999832,-9.839,0.421,0.1,0.004,-0.012,0.005,46.08,35.3479132,-117.8094295,626.048,3,,
3654.219,13.031566399999974,-9.854,0.392,0.077,0.004,-0.013,0.005,46.04,35.3479136,-117.8094294,625.934,3,,
3655.203,11.587996799999928,-9.839,0.416,0.053,0.005,-0.013,0.005,45.97,35.3479136,-117.8094296,625.851,3,,
3656.292,13.917393199999879,-9.849,0.426,0.062,0.01,-0.013,0.006,45.88,35.347914,-117.8094296,625.741,3,,
3657.282,12.473823599999832,-9.849,0.412,0.206,0.01,-0.013,0.005,45.84,35.3479143,-117.8094294,625.63,3,,
3658.27,15.360962799999925,-9.844,0.488,0.297,0.009,-0.012,0.006,45.95,35.3479146,-117.8094292,625.524,3,,
3659.254,13.62211759999991,-9.849,0.45,0.301,0.005,-0.012,0.006,46.02,35.3479146,-117.8094293,625.436,3,,
3660.24,13.031566399999974,-9.839,0.383,0.134,0.004,-0.012,0.006,46.04,35.3479149,-117.8094291,625.354,3,,
3661.226,12.473823599999832,-9.854,0.455,0.129,0.006,-0.013,0.006,46.02,35.3479147,-117.8094294,625.341,3,,
3662.21,12.178548000000319,-9.839,0.479,0.038,-0.004,-0.013,0.005,45.97,35.347915,-117.8094294,625.261,3,,
3663.204,11.587996799999928,-9.844,0.483,0.105,0.001,-0.012,0.007,45.89,35.3479154,-117.8094294,625.201,3,,
3664.192,13.031566399999974,-9.849,0.608,-0.072,-0.005,-0.013,0.006,45.81,35.3479162,-117.8094286,625.068,3,,
3665.285,10.734978399999818,-9.835,0.359,0.105,0.0,-0.011,0.007,45.72,35.3479169,-117.8094284,624.952,3,,
3666.272,15.360962799999925,-9.825,0.66,-0.148,-0.011,-0.005,0.001,45.66,35.3479172,-117.8094287,624.901,3,,
3667.263,12.7690991999998,-9.863,0.273,0.11,0.005,-0.013,0.005,45.65,35.3479176,-117.8094286,624.821,3,,
3668.254,13.031566399999974,-9.849,0.392,0.038,0.001,-0.012,0.006,45.67,35.3479178,-117.8094289,624.769,3,,
3669.24,13.031566399999974,-9.849,0.469,0.22,0.005,-0.013,0.005,45.63,35.3479178,-117.8094291,624.778,3,,
3670.229,14.212668800000301,-9.858,0.426,0.134,0.001,-0.013,0.006,45.66,35.3479181,-117.8094295,624.761,3,,
3671.319,14.212668800000301,-9.844,0.407,0.244,0.006,-0.015,0.006,45.64,35.3479176,-117.8094304,624.955,3,,
3672.218,13.62211759999991,-9.858,0.392,0.211,0.007,-0.012,0.005,45.65,35.3479173,-117.8094308,625.109,3,,
3673.205,14.212668800000301,-9.839,0.412,0.096,0.005,-0.013,0.006,45.61,35.3479174,-117.809431,625.092,3,,
3674.191,12.473823599999832,-9.844,0.407,0.053,0.006,-0.015,0.007,45.56,35.3479176,-117.8094309,625.039,3,,
3675.281,13.326841999999942,-9.839,0.335,0.024,0.011,-0.012,0.006,45.47,35.3479176,-117.8094308,625.029,3,,
3676.269,13.326841999999942,-9.825,0.455,0.191,0.005,-0.017,0.006,45.43,35.3479177,-117.8094308,625.017,3,,
3677.256,10.734978399999818,-9.839,0.144,0.043,0.007,-0.016,0.0,45.39,35.3479178,-117.8094308,624.998,3,,
3678.24,14.212668800000301,-9.849,0.364,0.024,0.004,-0.02,0.005,45.31,35.3479178,-117.8094309,624.962,3,,
3679.227,11.883272399999896,-9.825,0.766,0.144,0.004,-0.012,0.013,45.33,35.3479178,-117.8094311,624.902,3,,
3680.212,9.553875999999946,-9.863,0.287,-0.335,0.017,-0.013,0.006,45.19,35.3479178,-117.8094314,624.876,3,,
3681.303,8.405581999999868,-9.839,-0.01,-0.349,-0.017,-0.017,0.002,45.08,35.3479172,-117.8094322,624.992,3,,
3682.193,9.849151599999914,-9.801,0.407,-0.278,0.004,-0.022,0.001,44.94,35.347917,-117.8094329,624.983,3,,
3683.296,8.996133200000259,-9.839,0.258,-0.402,0.011,-0.01,0.004,44.84,35.3479168,-117.8094334,624.961,3,,
3684.184,11.29272119999996,-9.863,0.507,-0.067,0.0,-0.011,0.004,44.84,35.3479168,-117.8094338,624.899,3,,
3685.277,11.587996799999928,-9.849,0.349,-0.407,0.004,-0.011,0.007,44.9,35.3479169,-117.8094342,624.826,3,,
3686.27,11.883272399999896,-9.844,0.321,-0.311,0.01,-0.012,0.004,44.86,35.347917,-117.8094345,624.749,3,,
3687.262,12.178548000000319,-9.768,0.507,0.01,0.012,-0.012,0.009,44.76,35.3479169,-117.809435,624.652,3,,
3688.247,12.7690991999998,-9.835,0.364,-0.292,0.006,-0.013,0.006,44.7,35.3479171,-117.8094349,624.54,3,,
3689.24,13.031566399999974,-9.863,0.407,-0.479,0.002,-0.012,0.006,44.67,35.3479171,-117.809435,624.472,3,,
3690.232,11.030254000000241,-9.835,0.44,-0.148,0.005,-0.012,0.006,44.58,35.3479169,-117.8094352,624.469,3,,
3691.225,12.178548000000319,-9.815,0.373,-0.306,0.01,-0.013,0.007,44.53,35.3479165,-117.8094357,624.474,3,,
3692.217,11.587996799999928,-9.868,0.321,-0.215,0.011,-0.011,0.004,44.41,35.3479162,-117.8094361,624.48,3,,
3693.209,11.030254000000241,-9.777,0.287,-0.11,0.009,-0.016,0.005,44.35,35.3479158,-117.8094364,624.466,3,,
3694.299,8.996133200000259,-9.825,0.445,-0.407,0.01,-0.013,0.006,44.35,35.3479151,-117.8094371,624.433,3,,
3695.289,11.587996799999928,-9.82,0.354,-0.258,0.006,-0.012,0.004,44.3,35.3479142,-117.8094382,624.547,3,,
3696.282,11.587996799999928,-9.811,0.225,-0.321,0.004,-0.012,0.006,44.24,35.3479137,-117.8094383,624.616,3,,
3697.274,9.291408800000227,-9.806,0.479,-0.038,0.002,-0.011,0.007,44.28,35.3479132,-117.8094386,624.611,3,,
3698.267,12.178548000000319,-9.868,0.278,-0.057,0.004,-0.016,0.006,44.36,35.3479125,-117.8094387,624.641,3,,
3699.258,11.587996799999928,-9.839,0.258,-0.029,0.005,-0.015,0.004,44.34,35.3479121,-117.8094388,624.656,3,,
3700.251,11.883272399999896,-9.839,0.359,-0.115,0.004,-0.01,0.004,44.24,35.3479115,-117.8094391,624.671,3,,
3701.241,11.883272399999896,-9.835,0.45,-0.153,0.012,-0.012,0.005,44.18,35.347911,-117.8094393,624.709,3,,
3702.231,10.43970279999985,-9.825,0.239,-0.081,0.009,-0.011,0.006,44.15,35.3479107,-117.8094393,624.736,3,,
3703.223,13.031566399999974,-9.815,0.45,-0.081,0.006,-0.016,0.006,44.1,35.3479102,-117.8094393,624.781,3,,
3704.214,10.43970279999985,-9.806,0.407,-0.278,0.002,-0.011,0.007,44.06,35.3479098,-117.8094392,624.813,3,,
3705.202,11.030254000000241,-9.863,0.287,-0.498,-0.007,-0.01,0.006,43.97,35.3479097,-117.8094388,624.771,3,,
3706.191,11.587996799999928,-9.801,0.354,-0.182,0.015,-0.016,0.006,43.92,35.3479094,-117.8094383,624.758,3,,
3707.288,9.849151599999914,-9.835,0.373,-0.392,0.016,-0.012,0.006,43.86,35.3479092,-117.8094381,624.724,3,,
3708.186,10.734978399999818,-9.844,0.244,-0.211,0.013,-0.016,0.005,43.91,35.3479088,-117.8094383,624.727,3,,
3709.276,11.030254000000241,-9.83,0.397,-0.153,0.006,-0.012,0.007,43.92,35.3479084,-117.8094386,624.745,3,,
3710.27,11.29272119999996,-9.835,0.325,-0.34,0.01,-0.012,0.006,43.89,35.3479082,-117.8094387,624.753,3,,
3711.266,10.734978399999818,-9.839,0.364,-0.206,0.002,-0.013,0.006,43.85,35.3479078,-117.8094388,624.79,3,,
3712.26,9.849151599999914,-9.839,0.321,-0.215,0.002,-0.013,0.005,43.85,35.3479075,-117.8094388,624.835,3,,
3713.251,11.29272119999996,-9.815,0.345,-0.278,0.004,-0.013,0.006,43.81,35.3479073,-117.8094387,624.886,3,,
3714.244,9.291408800000227,-9.835,0.431,-0.316,0.009,-0.013,0.007,43.78,35.3479068,-117.8094387,624.924,3,,
3715.233,10.144427200000337,-9.835,0.392,-0.33,0.004,-0.011,0.007,43.75,35.3479065,-117.8094387,624.932,3,,
3716.229,10.734978399999818,-9.82,0.301,-0.33,0.009,-0.013,0.006,43.75,35.3479062,-117.8094387,624.954,3,,
3717.231,10.144427200000337,-9.849,0.421,-0.301,0.007,-0.015,0.007,43.73,35.347906,-117.8094386,624.994,3,,
3718.222,8.996133200000259,-9.801,0.445,-0.244,0.004,-0.013,0.007,43.71,35.3479058,-117.8094387,625.027,3,,
3719.216,10.43970279999985,-9.801,0.469,-0.234,0.004,-0.012,0.006,43.67,35.3479058,-117.8094386,625.037,3,,
3720.205,10.734978399999818,-9.854,0.378,-0.196,0.005,-0.013,0.002,43.65,35.3479057,-117.8094384,625.075,3,,
3721.216,10.43970279999985,-9.835,0.34,-0.22,0.005,-0.015,0.006,43.67,35.3479056,-117.8094383,625.076,3,,
3722.205,12.178548000000319,-9.83,0.287,-0.239,0.007,-0.012,0.005,43.65,35.3479056,-117.8094381,625.077,3,,
3723.296,9.849151599999914,-9.863,0.464,-0.033,0.006,-0.012,0.005,43.65,35.3479051,-117.8094384,625.179,3,,
3724.188,8.700857599999836,-9.815,0.435,-0.211,0.006,-0.015,0.006,43.64,35.3479048,-117.8094382,625.21,3,,
3725.283,11.587996799999928,-9.815,0.392,-0.086,0.004,-0.012,0.007,43.63,35.3479048,-117.8094379,625.227,3,,
3726.274,10.144427200000337,-9.83,0.426,-0.048,0.001,-0.013,0.005,43.64,35.3479048,-117.8094376,625.264,3,,
3727.264,10.144427200000337,-9.844,0.364,-0.043,0.002,-0.013,0.005,43.66,35.3479048,-117.8094371,625.29,3,,
3728.256,10.144427200000337,-9.858,0.345,-0.163,0.006,-0.012,0.005,43.68,35.3479049,-117.8094367,625.274,3,,
3729.245,10.144427200000337,-9.844,0.435,0.144,0.002,-0.015,0.005,43.71,35.3479054,-117.8094353,625.22,3,,
3730.235,11.030254000000241,-9.839,0.45,0.172,0.002,-0.012,0.006,43.76,35.3479053,-117.8094351,625.221,3,,
3731.229,10.734978399999818,-9.835,0.407,0.12,0.0,-0.012,0.005,43.78,35.3479052,-117.8094351,625.22,3,,
3732.216,10.43970279999985,-9.839,0.431,0.072,0.006,-0.015,0.006,43.8,35.3479051,-117.8094352,625.14,3,,
3733.2,10.734978399999818,-9.839,0.407,0.182,0.005,-0.012,0.006,43.81,35.3479053,-117.8094347,625.064,3,,
3734.187,10.43970279999985,-9.839,0.407,0.033,0.004,-0.012,0.005,43.81,35.3479055,-117.8094342,625.011,3,,
3735.274,11.29272119999996,-9.835,0.383,-0.014,0.007,-0.013,0.005,43.79,35.3479057,-117.8094337,624.991,3,,
3736.264,11.587996799999928,-10.016,0.794,-0.345,0.005,-0.007,0.0,43.78,35.3479058,-117.8094333,624.985,3,,
3737.253,8.700857599999836,-9.839,0.378,-0.129,0.007,-0.015,0.001,43.81,35.3479059,-117.8094322,625.055,3,,
3738.247,8.996133200000259,-9.82,0.388,-0.239,0.009,-0.011,0.005,43.74,35.347906,-117.8094315,625.083,3,,
3739.241,9.849151599999914,-9.815,0.311,-0.029,0.006,-0.015,0.002,43.63,35.3479061,-117.8094307,625.099,3,,
3740.232,12.473823599999832,-9.839,0.416,-0.019,0.007,-0.016,0.006,43.55,35.3479061,-117.8094302,625.161,3,,
3741.226,11.29272119999996,-9.815,0.469,0.153,0.005,-0.009,0.009,43.58,35.347906,-117.8094296,625.2,3,,
3742.218,12.7690991999998,-9.83,0.416,0.11,0.004,-0.013,0.006,43.67,35.3479056,-117.8094293,625.262,3,,
3743.203,11.883272399999896,-9.825,0.349,-0.1,0.007,-0.012,0.004,43.63,35.3479052,-117.8094295,625.298,3,,
3744.192,10.734978399999818,-9.83,0.383,-0.048,0.006,-0.011,0.005,43.55,35.3479049,-117.8094297,625.318,3,,
3745.286,11.587996799999928,-9.825,0.412,0.005,0.002,-0.012,0.005,43.57,35.3479044,-117.8094301,625.339,3,,
3746.273,11.29272119999996,-9.844,0.292,0.077,0.006,-0.015,0.005,43.6,35.3479041,-117.8094303,625.296,3,,
3747.259,11.587996799999928,-9.839,0.316,-0.029,0.004,-0.012,0.005,43.58,35.3479037,-117.8094307,625.324,3,,
3748.25,11.29272119999996,-9.839,0.407,-0.005,0.009,-0.012,0.005,43.51,35.3479035,-117.8094308,625.32,3,,
3749.239,11.883272399999896,-9.82,0.33,-0.081,-0.001,-0.013,0.005,43.48,35.3479032,-117.8094312,625.314,3,,
3750.229,11.030254000000241,-9.849,0.416,0.01,0.009,-0.012,0.005,43.42,35.3479031,-117.8094306,625.344,3,,
3751.314,11.883272399999896,-9.839,0.397,-0.077,0.004,-0.012,0.006,43.4,35.3479031,-117.8094303,625.321,3,,
3752.213,11.883272399999896,-9.835,0.388,-0.053,0.01,-0.012,0.006,43.35,35.3479029,-117.8094294,625.405,3,,
3753.201,12.178548000000319,-9.858,0.502,-0.077,0.009,-0.011,0.005,43.32,35.3479029,-117.8094294,625.381,3,,
3754.191,11.587996799999928,-9.83,0.416,-0.019,0.002,-0.013,0.005,43.32,35.3479028,-117.8094297,625.357,3,,
3755.285,11.883272399999896,-9.839,0.378,0.014,0.011,-0.012,0.006,43.32,35.3479025,-117.8094301,625.365,3,,
3756.269,12.178548000000319,-9.849,0.392,0.115,0.002,-0.012,0.005,43.34,35.3479022,-117.80943,625.411,3,,
3757.254,12.178548000000319,-9.839,0.431,0.072,0.01,-0.013,0.006,43.41,35.347902,-117.8094296,625.416,3,,
3758.251,12.7690991999998,-9.835,0.407,-0.062,0.006,-0.013,0.005,43.41,35.347902,-117.8094297,625.357,3,,
3759.249,11.883272399999896,-9.849,0.383,0.086,0.004,-0.012,0.005,43.43,35.347902,-117.8094296,625.315,3,,
3760.242,12.473823599999832,-9.839,0.378,-0.014,0.007,-0.012,0.005,43.46,35.347902,-117.8094295,625.26,3,,
3761.238,12.7690991999998,-9.844,0.388,0.201,0.005,-0.013,0.005,43.47,35.3479019,-117.8094289,625.247,3,,
3762.226,12.178548000000319,-9.83,0.359,0.081,0.007,-0.013,0.005,43.52,35.3479017,-117.8094288,625.188,3,,
3763.212,11.29272119999996,-9.835,0.306,-0.134,0.012,-0.015,0.006,43.51,35.3479017,-117.8094286,625.13,3,,
3764.213,9.291408800000227,-9.825,0.364,-0.096,0.009,-0.013,0.006,43.49,35.3479016,-117.8094284,625.091,3,,
3765.206,10.43970279999985,-9.849,0.368,0.005,0.009,-0.013,0.005,43.5,35.3479015,-117.8094275,625.108,3,,
3766.194,11.29272119999996,-9.844,0.33,-0.081,0.005,-0.012,0.005,43.51,35.3479015,-117.8094264,625.162,3,,
3767.287,11.29272119999996,-9.839,0.345,-0.167,0.001,-0.011,0.005,43.46,35.3479013,-117.8094249,625.243,3,,
3768.293,12.178548000000319,-9.844,0.392,0.005,0.012,-0.012,0.006,43.36,35.3479012,-117.8094236,625.322,3,,
3769.281,10.144427200000337,-9.835,0.325,-0.163,0.011,-0.012,0.005,43.27,35.3479012,-117.8094235,625.274,3,,
3770.273,11.587996799999928,-9.82,0.33,-0.287,0.006,-0.011,0.005,43.23,35.3479011,-117.8094229,625.302,3,,
3771.273,11.030254000000241,-9.849,0.407,-0.244,0.002,-0.012,0.004,43.23,35.3479011,-117.8094227,625.272,3,,
3772.263,9.291408800000227,-9.82,0.345,-0.201,0.001,-0.011,0.006,43.22,35.3479012,-117.8094224,625.232,3,,
3773.258,11.587996799999928,-9.858,0.526,-0.115,-0.004,-0.011,0.006,43.24,35.3479011,-117.8094221,625.241,3,,
3774.252,11.883272399999896,-9.839,0.345,-0.115,0.007,-0.015,0.001,43.23,35.347901,-117.8094222,625.236,3,,
3775.243,11.587996799999928,-9.854,0.416,-0.172,0.0,-0.012,0.005,43.24,35.3479008,-117.8094223,625.228,3,,
3776.237,11.29272119999996,-9.835,0.249,-0.201,0.002,-0.01,0.005,43.22,35.3479007,-117.8094221,625.205,3,,
3777.226,8.700857599999836,-9.849,0.278,-0.388,0.005,-0.011,0.004,43.2,35.3479007,-117.8094221,625.233,3,,
3778.218,10.43970279999985,-9.83,0.311,-0.34,0.006,-0.011,0.002,43.17,35.3479007,-117.8094217,625.256,3,,
3779.212,9.849151599999914,-9.849,0.44,-0.335,0.001,-0.013,0.005,43.14,35.3479007,-117.809421,625.265,3,,
3780.206,9.291408800000227,-9.849,0.383,-0.1,-0.001,-0.012,0.001,43.09,35.347901,-117.8094206,625.231,3,,
3781.196,10.734978399999818,-9.839,0.354,-0.187,0.004,-0.013,0.006,43.1,35.3479012,-117.8094197,625.195,3,,
3782.19,9.291408800000227,-9.83,0.359,0.019,0.004,-0.016,0.005,43.13,35.3479013,-117.8094191,625.173,3,,
3783.28,10.734978399999818,-9.839,0.297,-0.048,0.007,-0.013,0.004,43.17,35.3479015,-117.8094183,625.164,3,,
3784.271,10.734978399999818,-9.849,0.359,0.096,0.006,-0.015,0.004,43.18,35.3479017,-117.8094179,625.141,3,,
3785.258,9.849151599999914,-9.801,0.368,-0.067,0.007,-0.013,0.01,43.17,35.3479021,-117.8094174,625.056,3,,
3786.25,9.553875999999946,-9.835,0.435,0.01,0.001,-0.013,0.006,43.17,35.3479021,-117.8094176,624.984,3,,
3787.24,10.43970279999985,-9.82,0.378,0.158,0.002,-0.012,0.006,43.19,35.3479023,-117.8094178,624.862,3,,
3788.228,9.291408800000227,-9.835,0.354,-0.134,0.004,-0.012,0.005,43.18,35.3479026,-117.809417,624.833,3,,
3789.223,9.849151599999914,-9.835,0.407,-0.167,0.009,-0.015,0.005,43.14,35.3479028,-117.8094166,624.804,3,,
3790.221,10.734978399999818,-9.815,0.402,-0.01,0.012,-0.013,0.005,43.13,35.3479029,-117.8094165,624.824,3,,
3791.213,13.031566399999974,-9.854,0.345,-0.11,0.007,-0.012,0.005,43.16,35.347903,-117.8094166,624.8,3,,
3792.204,11.030254000000241,-9.849,0.402,0.158,0.004,-0.013,0.005,43.19,35.3479027,-117.8094172,624.832,3,,
3793.192,13.031566399999974,-9.839,0.388,0.244,0.01,-0.016,0.006,43.22,35.3479023,-117.8094179,624.871,3,,
3794.186,10.734978399999818,-9.849,0.359,0.01,0.006,-0.011,0.006,43.24,35.347902,-117.8094185,624.919,3,,
3795.272,11.030254000000241,-9.811,0.373,0.062,0.009,-0.012,0.006,43.26,35.3479017,-117.8094192,624.956,3,,
3796.258,11.587996799999928,-9.839,0.388,0.105,0.005,-0.013,0.006,43.27,35.3479015,-117.8094197,624.967,3,,
3797.246,12.178548000000319,-9.858,0.392,0.177,0.001,-0.012,0.004,43.28,35.3479011,-117.8094203,625.035,3,,
3798.232,11.587996799999928,-9.873,0.517,0.249,0.001,-0.011,0.005,43.32,35.3479007,-117.8094209,625.05,3,,
3799.217,12.178548000000319,-9.858,0.479,0.077,0.006,-0.015,0.004,43.34,35.3479004,-117.8094213,625.049,3,,
3800.203,9.849151599999914,-9.858,0.306,-0.043,-0.009,-0.012,0.007,43.21,35.3479001,-117.8094216,625.067,3,,
3801.298,9.553875999999946,-9.835,0.297,0.053,0.01,-0.011,0.007,43.19,35.3479,-117.8094218,625.06,3,,
3802.283,11.030254000000241,-9.791,0.263,-0.316,0.0,-0.01,0.009,43.16,35.3478999,-117.8094223,625.074,3,,
3803.275,11.883272399999896,-9.835,0.388,-0.115,0.001,-0.013,0.004,43.1,35.3478996,-117.8094228,625.139,3,,
3804.27,10.144427200000337,-9.844,0.502,-0.22,0.015,-0.011,0.009,43.08,35.3478994,-117.8094234,625.172,3,,
3805.259,11.030254000000241,-9.83,0.498,-0.124,0.004,-0.015,0.009,43.1,35.3478991,-117.8094237,625.205,3,,
3806.249,9.291408800000227,-9.892,0.349,-0.368,0.004,-0.009,0.006,43.07,35.3478989,-117.8094242,625.244,3,,
3807.238,10.144427200000337,-9.82,0.378,-0.258,-0.006,-0.015,0.009,43.03,35.3478988,-117.8094246,625.305,3,,
3808.236,9.553875999999946,-9.849,0.416,-0.196,0.007,-0.012,0.001,42.99,35.3478987,-117.809425,625.399,3,,
3809.233,8.405581999999868,-9.815,0.531,-0.072,0.006,-0.016,0.009,42.96,35.3478987,-117.8094254,625.443,3,,
3810.223,9.291408800000227,-9.83,0.316,-0.172,0.009,-0.013,0.002,42.95,35.3478986,-117.8094259,625.504,3,,
3811.215,8.405581999999868,-9.83,0.383,-0.105,0.009,-0.013,0.005,42.96,35.3478986,-117.8094259,625.526,3,,
3812.209,9.849151599999914,-9.825,0.368,-0.124,0.01,-0.013,0.005,42.96,35.3478989,-117.8094264,625.459,3,,
3813.2,9.291408800000227,-9.839,0.416,-0.077,0.005,-0.015,0.006,42.91,35.3478992,-117.8094268,625.39,3,,
3814.192,8.700857599999836,-9.849,0.426,0.014,0.006,-0.011,0.009,42.94,35.3478994,-117.8094269,625.362,3,,
3815.281,10.144427200000337,-9.825,0.364,0.23,0.004,-0.013,0.004,42.98,35.3478996,-117.8094273,625.378,3,,
3816.264,10.43970279999985,-9.844,0.412,0.292,0.006,-0.015,0.005,43.02,35.3478998,-117.8094273,625.448,3,,
3817.263,11.030254000000241,-9.844,0.426,0.263,0.006,-0.013,0.005,43.05,35.3478999,-117.809428,625.448,3,,
3818.254,10.144427200000337,-9.849,0.34,0.139,0.007,-0.012,0.005,43.06,35.3479003,-117.8094285,625.508,3,,
3819.238,9.291408800000227,-9.839,0.397,0.215,0.01,-0.013,0.006,43.07,35.3479007,-117.809428,625.512,3,,
3820.223,9.553875999999946,-9.854,0.44,0.364,0.01,-0.011,0.005,43.09,35.3479006,-117.8094284,625.605,3,,
3821.309,10.734978399999818,-9.854,0.431,0.311,0.007,-0.013,0.006,43.1,35.3479005,-117.8094278,625.713,3,,
3822.203,11.29272119999996,-9.854,0.383,0.273,0.004,-0.012,0.004,43.13,35.3479006,-117.8094276,625.794,3,,
3823.289,11.29272119999996,-9.839,0.464,0.297,0.004,-0.012,0.005,43.14,35.3479007,-117.8094277,625.851,3,,
3824.273,10.734978399999818,-9.854,0.364,0.105,0.006,-0.012,0.005,43.15,35.347901,-117.8094275,625.85,3,,
3825.262,10.144427200000337,-9.849,0.421,0.187,0.001,-0.012,0.006,43.15,35.3479012,-117.8094273,625.827,3,,
3826.246,10.734978399999818,-9.839,0.359,0.354,-0.004,-0.013,0.005,43.17,35.3479013,-117.8094271,625.856,3,,
3827.238,10.43970279999985,-9.863,0.412,0.091,0.0,-0.011,0.005,43.17,35.3479014,-117.8094268,625.908,3,,
3828.223,11.29272119999996,-9.83,0.431,0.234,0.001,-0.012,0.005,43.17,35.3479014,-117.8094266,625.934,3,,
3829.283,8.996133200000259,-9.82,0.435,-0.005,0.009,-0.015,0.007,43.16,35.3479015,-117.8094258,625.932,3,,
3830.275,8.996133200000259,-9.83,0.431,0.0,0.006,-0.012,0.005,43.14,35.3479019,-117.8094255,626.004,3,,
3831.264,10.43970279999985,-9.83,0.402,0.053,0.005,-0.012,0.006,43.14,35.3479023,-117.8094251,626.064,3,,
3832.257,9.553875999999946,-9.835,0.392,0.043,0.002,-0.012,0.005,43.15,35.3479029,-117.8094234,625.976,3,,
3833.253,8.700857599999836,-9.815,0.402,-0.048,0.01,-0.012,0.007,43.15,35.3479033,-117.8094229,625.954,3,,
3834.244,11.883272399999896,-9.849,0.397,0.134,0.005,-0.013,0.005,43.15,35.3479036,-117.809422,625.851,3,,
3835.233,12.178548000000319,-9.849,0.402,0.211,0.009,-0.013,0.005,43.18,35.347904,-117.8094205,625.78,3,,
3836.228,10.734978399999818,-9.849,0.392,0.278,0.0,-0.012,0.004,43.2,35.3479051,-117.8094195,625.764,3,,
3837.218,10.144427200000337,-9.844,0.383,0.287,-0.001,-0.012,0.005,43.23,35.3479055,-117.809419,625.76,3,,
3838.209,10.734978399999818,-9.849,0.416,0.091,0.005,-0.012,0.005,43.25,35.3479058,-117.809418,625.726,3,,
3839.297,11.29272119999996,-9.849,0.388,0.191,0.006,-0.012,0.005,43.23,35.3479061,-117.8094172,625.764,3,,
3840.288,10.734978399999818,-9.854,0.435,0.239,0.004,-0.012,0.005,43.23,35.347906,-117.8094168,625.739,3,,
3841.273,10.43970279999985,-9.839,0.335,0.258,0.005,-0.015,0.005,43.24,35.3479062,-117.8094165,625.75,3,,
3842.263,9.849151599999914,-9.839,0.402,0.201,0.01,-0.013,0.005,43.24,35.3479065,-117.8094163,625.797,3,,
3843.252,11.030254000000241,-9.849,0.416,0.23,0.005,-0.013,0.005,43.26,35.3479067,-117.8094161,625.829,3,,
3844.24,11.883272399999896,-9.854,0.397,0.191,0.005,-0.012,0.005,43.27,35.3479068,-117.8094157,625.857,3,,
3845.245,11.29272119999996,-9.835,0.392,0.124,0.009,-0.012,0.006,43.22,35.3479073,-117.8094153,625.872,3,,
3846.236,11.030254000000241,-9.844,0.397,0.096,0.007,-0.015,0.006,43.17,35.3479078,-117.8094144,625.783,3,,
3847.222,11.030254000000241,-9.83,0.388,-0.01,0.004,-0.012,0.005,43.19,35.3479081,-117.8094137,625.696,3,,
3848.211,11.587996799999928,-9.854,0.392,0.019,0.007,-0.013,0.005,43.12,35.3479084,-117.8094132,625.705,3,,
3849.306,11.883272399999896,-9.83,0.34,-0.038,0.004,-0.012,0.006,43.09,35.3479081,-117.8094136,625.763,3,,
3850.299,12.178548000000319,-9.844,0.397,0.086,0.007,-0.013,0.005,43.0,35.3479086,-117.8094125,625.739,3,,
3851.288,12.178548000000319,-9.839,0.378,0.067,0.007,-0.012,0.005,42.99,35.3479093,-117.8094107,625.703,3,,
3852.276,13.031566399999974,-9.801,0.072,0.718,0.0,-0.017,0.009,42.98,35.3479103,-117.8094085,625.623,3,,
3853.276,11.883272399999896,-9.835,0.397,0.211,0.004,-0.015,0.005,42.95,35.3479108,-117.8094069,625.615,3,,
3854.264,11.883272399999896,-9.863,0.455,0.23,0.006,-0.011,0.005,43.01,35.3479112,-117.8094054,625.642,3,,
3855.252,11.587996799999928,-9.815,0.565,0.541,0.011,-0.017,0.005,43.05,35.3479116,-117.8094043,625.675,3,,
3856.239,12.178548000000319,-9.791,0.507,0.196,0.007,-0.013,0.006,43.08,35.3479118,-117.809403,625.746,3,,
3857.23,11.883272399999896,-9.858,0.364,0.273,0.007,-0.021,-0.002,43.07,35.3479121,-117.8094016,625.871,3,,
3858.224,12.178548000000319,-9.839,0.392,0.057,0.006,-0.012,0.006,43.08,35.3479122,-117.8094006,625.935,3,,
3859.209,11.29272119999996,-9.83,0.383,0.019,0.007,-0.012,0.005,43.05,35.3479121,-117.8093998,626.002,3,,
3860.197,11.883272399999896,-9.825,0.469,0.029,0.001,-0.012,0.005,43.05,35.3479119,-117.8093991,626.116,3,,
3861.288,11.587996799999928,-9.839,0.407,0.134,0.012,-0.012,0.005,43.06,35.3479116,-117.8093986,626.25,3,,
3862.275,12.473823599999832,-9.835,0.397,0.048,0.005,-0.012,0.005,43.06,35.3479114,-117.8093981,626.36,3,,
3863.259,12.473823599999832,-9.849,0.378,0.081,0.007,-0.013,0.005,43.06,35.3479112,-117.8093978,626.521,3,,
3864.25,11.883272399999896,-9.835,0.402,0.1,0.005,-0.013,0.006,43.06,35.3479112,-117.8093975,626.591,3,,
3865.237,12.178548000000319,-9.839,0.392,0.043,0.007,-0.012,0.005,43.06,35.347911,-117.8093975,626.637,3,,
3866.228,12.473823599999832,-9.839,0.368,-0.072,0.006,-0.012,0.005,43.03,35.3479108,-117.8093975,626.679,3,,
3867.228,11.883272399999896,-9.83,0.378,-0.096,0.005,-0.012,0.006,42.97,35.3479107,-117.8093976,626.79,3,,
3868.22,13.326841999999942,-9.844,0.373,-0.048,0.004,-0.012,0.006,42.93,35.3479105,-117.809398,626.869,3,,
3869.213,12.178548000000319,-9.849,0.364,-0.048,0.005,-0.012,0.005,42.88,35.3479105,-117.8093985,626.932,3,,
3870.205,11.587996799999928,-9.835,0.383,0.019,0.005,-0.012,0.005,42.86,35.3479104,-117.809399,626.942,3,,
3871.298,12.178548000000319,-9.835,0.402,0.053,0.006,-0.012,0.005,42.88,35.3479102,-117.8093996,626.964,3,,
3872.286,12.7690991999998,-9.844,0.392,0.024,0.006,-0.013,0.005,42.91,35.3479102,-117.8094,626.958,3,,
3873.273,11.587996799999928,-9.83,0.383,0.067,0.006,-0.012,0.006,42.9,35.3479101,-117.8094007,626.943,3,,
3874.26,13.326841999999942,-9.844,0.412,0.258,0.006,-0.015,0.006,42.93,35.34791,-117.8094012,626.826,3,,
3875.256,12.178548000000319,-9.858,0.388,0.177,0.004,-0.013,0.005,42.95,35.3479101,-117.8094017,626.687,3,,
3876.241,12.473823599999832,-9.844,0.421,0.297,0.006,-0.012,0.004,42.96,35.3479102,-117.8094022,626.625,3,,
3877.229,12.7690991999998,-9.849,0.412,0.325,0.006,-0.013,0.006,43.0,35.3479103,-117.8094028,626.572,3,,
3878.216,12.7690991999998,-9.849,0.407,0.287,0.005,-0.013,0.005,43.03,35.3479107,-117.8094034,626.432,3,,
3879.203,11.587996799999928,-9.849,0.421,0.34,0.007,-0.012,0.005,43.06,35.3479106,-117.8094041,626.333,3,,
3880.192,13.326841999999942,-9.844,0.412,0.335,0.005,-0.015,0.005,43.09,35.3479108,-117.8094047,626.194,3,,
3881.283,12.7690991999998,-9.858,0.407,0.215,0.006,-0.013,0.005,43.1,35.3479108,-117.8094058,626.111,3,,
3882.276,13.031566399999974,-9.844,0.402,0.297,0.006,-0.011,0.004,43.09,35.3479109,-117.8094065,626.037,3,,
3883.266,12.473823599999832,-9.854,0.421,0.301,0.005,-0.013,0.006,43.12,35.3479109,-117.8094075,626.004,3,,
3884.252,12.7690991999998,-9.844,0.416,0.287,0.009,-0.013,0.006,43.12,35.3479108,-117.8094086,625.961,3,,
3885.241,13.031566399999974,-9.858,0.412,0.321,0.007,-0.013,0.006,43.13,35.3479107,-117.8094097,625.926,3,,
3886.232,13.917393199999879,-9.849,0.388,0.325,0.006,-0.012,0.005,43.16,35.3479107,-117.8094104,625.932,3,,
3887.224,12.7690991999998,-9.849,0.412,0.345,0.006,-0.013,0.005,43.19,35.3479108,-117.8094115,625.856,3,,
3888.218,13.917393199999879,-9.844,0.426,0.354,0.007,-0.013,0.005,43.21,35.3479107,-117.8094124,625.794,3,,
3889.309,12.7690991999998,-9.854,0.426,0.345,0.006,-0.012,0.005,43.23,35.3479106,-117.8094137,625.798,3,,
3890.198,13.917393199999879,-9.854,0.412,0.325,0.005,-0.012,0.005,43.25,35.3479107,-117.8094147,625.784,3,,
3891.295,13.62211759999991,-9.839,0.416,0.321,0.006,-0.013,0.005,43.27,35.3479106,-117.8094156,625.758,3,,
3892.287,14.212668800000301,-9.839,0.416,0.287,0.006,-0.012,0.006,43.29,35.3479107,-117.8094161,625.678,3,,
3893.277,12.473823599999832,-9.839,0.407,0.239,0.005,-0.012,0.006,43.3,35.3479107,-117.8094169,625.7,3,,
3894.264,14.507944399999815,-9.858,0.407,0.297,0.006,-0.013,0.005,43.29,35.3479107,-117.8094175,625.761,3,,
3895.258,13.917393199999879,-9.854,0.416,0.321,0.005,-0.012,0.005,43.3,35.3479105,-117.8094179,625.783,3,,
3896.252,13.326841999999942,-9.854,0.421,0.354,0.006,-0.013,0.006,43.32,35.3479105,-117.8094181,625.798,3,,
3897.24,14.507944399999815,-9.849,0.416,0.335,0.005,-0.012,0.004,43.33,35.3479103,-117.809419,625.798,3,,
3898.23,14.507944399999815,-9.854,0.416,0.354,0.004,-0.013,0.005,43.36,35.3479104,-117.8094199,625.752,3,,
3899.322,14.212668800000301,-9.839,0.407,0.273,0.007,-0.013,0.005,43.37,35.3479105,-117.8094203,625.754,3,,
3900.205,13.62211759999991,-9.844,0.421,0.282,0.005,-0.011,0.005,43.38,35.3479105,-117.8094204,625.777,3,,
3901.197,13.917393199999879,-9.83,0.388,0.244,0.006,-0.013,0.006,43.39,35.3479106,-117.8094209,625.81,3,,
3902.29,13.62211759999991,-9.839,0.416,0.215,0.007,-0.013,0.006,43.4,35.3479108,-117.809421,625.832,3,,
3903.275,12.473823599999832,-9.835,0.421,0.182,0.006,-0.012,0.005,43.39,35.347911,-117.8094213,625.866,3,,
3904.264,14.507944399999815,-9.849,0.421,0.1,0.006,-0.012,0.005,43.34,35.3479114,-117.8094213,625.851,3,,
3905.256,13.62211759999991,-9.839,0.383,0.019,0.006,-0.013,0.005,43.29,35.3479117,-117.8094213,625.911,3,,
3906.246,13.326841999999942,-9.844,0.402,0.067,0.005,-0.011,0.005,43.27,35.3479118,-117.8094214,625.871,3,,
3907.235,12.473823599999832,-9.83,0.407,0.048,0.007,-0.013,0.005,43.3,35.347912,-117.8094215,625.893,3,,
3908.223,12.473823599999832,-9.839,0.431,0.191,0.006,-0.012,0.005,43.33,35.3479121,-117.8094213,625.908,3,,
3909.215,12.473823599999832,-9.835,0.373,0.024,0.004,-0.012,0.005,43.33,35.3479124,-117.8094211,625.871,3,,
3910.203,13.917393199999879,-9.849,0.383,0.091,0.005,-0.013,0.005,43.29,35.3479126,-117.8094209,625.86,3,,
3911.295,13.326841999999942,-9.844,0.364,0.033,0.001,-0.013,0.005,43.25,35.3479129,-117.8094208,625.88,3,,
3912.289,12.473823599999832,-9.854,0.407,0.196,0.001,-0.012,0.005,43.21,35.3479131,-117.8094205,625.88,3,,
3913.282,13.326841999999942,-9.849,0.435,0.129,0.005,-0.012,0.005,43.26,35.3479133,-117.80942,625.835,3,,
3914.271,13.031566399999974,-9.835,0.402,-0.067,0.009,-0.012,0.005,43.28,35.3479135,-117.8094194,625.82,3,,
3915.264,12.7690991999998,-9.844,0.373,-0.072,0.009,-0.012,0.005,43.23,35.3479133,-117.8094193,625.861,3,,
3916.259,13.031566399999974,-9.839,0.397,-0.086,0.006,-0.012,0.005,43.19,35.3479132,-117.809419,625.869,3,,
3917.257,13.326841999999942,-9.844,0.34,-0.038,0.006,-0.015,0.004,43.21,35.3479132,-117.8094187,625.849,3,,
3918.258,12.473823599999832,-9.839,0.388,-0.081,0.005,-0.013,0.005,43.23,35.3479134,-117.8094183,625.799,3,,
3919.259,13.62211759999991,-9.839,0.402,0.1,0.007,-0.012,0.005,43.23,35.3479137,-117.8094178,625.706,3,,
3920.257,13.917393199999879,-9.835,0.426,0.129,0.005,-0.013,0.005,43.24,35.347914,-117.8094175,625.695,3,,
3921.244,13.326841999999942,-9.844,0.407,0.11,0.002,-0.012,0.007,43.26,35.347914,-117.8094175,625.698,3,,
3922.234,13.326841999999942,-9.844,0.392,0.019,0.006,-0.013,0.005,43.25,35.3479139,-117.8094177,625.767,3,,
3923.223,14.507944399999815,-9.849,0.383,0.206,0.006,-0.012,0.005,43.2,35.3479137,-117.8094184,625.881,3,,
3924.213,13.326841999999942,-9.83,0.388,-0.019,0.005,-0.012,0.005,43.21,35.3479136,-117.8094188,625.895,3,,
3925.204,12.178548000000319,-9.844,0.378,-0.029,0.001,-0.013,0.006,43.2,35.3479135,-117.8094196,625.99,3,,
3926.206,11.883272399999896,-9.854,0.383,0.048,0.007,-0.012,0.005,43.19,35.3479134,-117.8094203,626.084,3,,
3927.193,13.031566399999974,-9.844,0.402,0.086,0.005,-0.013,0.005,43.2,35.3479132,-117.809421,626.18,3,,
3928.281,13.917393199999879,-9.839,0.378,0.249,0.005,-0.012,0.005,43.23,35.347913,-117.8094215,626.268,3,,
3929.268,13.326841999999942,-9.858,0.407,0.345,0.006,-0.013,0.006,43.28,35.3479128,-117.8094222,626.305,3,,
3930.261,13.62211759999991,-9.844,0.412,0.345,0.005,-0.012,0.005,43.31,35.3479127,-117.809423,626.355,3,,
3931.248,13.326841999999942,-9.844,0.397,0.311,0.007,-0.012,0.005,43.33,35.3479126,-117.8094237,626.437,3,,
3932.239,12.473823599999832,-9.858,0.416,0.258,0.007,-0.012,0.005,43.34,35.3479124,-117.8094243,626.48,3,,
3933.228,11.883272399999896,-9.839,0.416,0.301,0.007,-0.013,0.004,43.34,35.347912,-117.809425,626.528,3,,
3934.221,13.326841999999942,-9.849,0.421,0.335,0.007,-0.012,0.006,43.36,35.3479117,-117.8094256,626.546,3,,
3935.209,13.031566399999974,-9.844,0.426,0.335,0.005,-0.012,0.005,43.37,35.3479112,-117.8094265,626.671,3,,
3936.306,13.917393199999879,-9.849,0.412,0.311,0.007,-0.013,0.006,43.39,35.3479107,-117.8094273,626.803,3,,
3937.295,13.62211759999991,-9.849,0.407,0.349,0.009,-0.013,0.005,43.41,35.3479103,-117.8094282,626.889,3,,
3938.283,13.326841999999942,-9.854,0.407,0.34,0.009,-0.012,0.005,43.44,35.3479099,-117.8094289,626.959,3,,
3939.27,13.326841999999942,-9.854,0.421,0.306,0.004,-0.013,0.006,43.45,35.3479094,-117.8094295,627.098,3,,
3940.263,14.507944399999815,-9.849,0.421,0.345,0.007,-0.012,0.005,43.47,35.3479091,-117.8094298,627.147,3,,
3941.253,13.326841999999942,-9.849,0.421,0.354,0.006,-0.011,0.006,43.49,35.3479091,-117.8094303,627.163,3,,
3942.242,13.326841999999942,-9.858,0.426,0.354,0.005,-0.015,0.005,43.5,35.3479092,-117.8094306,627.173,3,,
3943.23,13.917393199999879,-9.854,0.412,0.349,0.006,-0.012,0.006,43.52,35.3479094,-117.8094308,627.144,3,,
3944.218,13.62211759999991,-9.854,0.412,0.33,0.005,-0.013,0.006,43.53,35.3479095,-117.8094309,627.13,3,,
3945.208,14.507944399999815,-9.849,0.416,0.316,0.006,-0.012,0.006,43.54,35.3479096,-117.809431,627.126,3,,
3946.205,14.507944399999815,-9.844,0.431,0.301,0.006,-0.013,0.005,43.55,35.3479102,-117.8094307,626.988,3,,
3947.293,14.507944399999815,-9.854,0.421,0.34,0.005,-0.013,0.004,43.56,35.3479107,-117.8094302,626.87,3,,
3948.283,14.507944399999815,-9.854,0.412,0.349,0.005,-0.013,0.005,43.56,35.3479109,-117.80943,626.856,3,,
3949.274,14.507944399999815,-9.844,0.421,0.354,0.009,-0.012,0.005,43.58,35.3479112,-117.8094297,626.694,3,,
3950.264,13.917393199999879,-9.863,0.416,0.335,0.006,-0.012,0.006,43.59,35.3479116,-117.8094292,626.515,3,,
3951.253,13.62211759999991,-9.849,0.421,0.325,0.006,-0.013,0.005,43.61,35.347912,-117.8094288,626.417,3,,
3952.241,14.770411599999989,-9.858,0.412,0.325,0.006,-0.012,0.005,43.62,35.3479126,-117.8094282,626.294,3,,
3953.232,14.507944399999815,-9.858,0.431,0.282,0.005,-0.012,0.006,43.64,35.3479132,-117.8094277,626.114,3,,
3954.228,14.770411599999989,-9.849,0.44,0.33,0.006,-0.012,0.005,43.65,35.3479133,-117.8094276,626.042,3,,
3955.221,13.917393199999879,-9.839,0.426,0.349,0.006,-0.012,0.005,43.67,35.3479135,-117.8094273,626.018,3,,
3956.211,13.326841999999942,-9.844,0.431,0.297,0.005,-0.013,0.006,43.67,35.3479135,-117.8094272,626.052,3,,
3957.198,14.212668800000301,-9.839,0.412,0.215,0.005,-0.012,0.006,43.65,35.3479137,-117.8094269,625.97,3,,
3958.295,14.212668800000301,-9.849,0.388,0.167,0.005,-0.012,0.005,43.62,35.3479137,-117.8094269,625.947,3,,
3959.292,13.326841999999942,-9.839,0.383,0.144,0.006,-0.013,0.006,43.57,35.3479135,-117.8094269,625.965,3,,
3960.279,13.62211759999991,-9.849,0.392,0.144,0.009,-0.012,0.005,43.56,35.3479133,-117.8094273,625.949,3,,
3961.268,14.212668800000301,-9.849,0.397,0.215,0.009,-0.013,0.005,43.56,35.3479135,-117.8094274,625.924,3,,
3962.264,12.7690991999998,-9.844,0.416,0.196,0.006,-0.013,0.006,43.56,35.3479135,-117.8094281,625.815,3,,
3963.265,14.507944399999815,-9.844,0.412,0.172,0.005,-0.012,0.005,43.51,35.3479134,-117.8094286,625.728,3,,
3964.254,14.507944399999815,-9.839,0.402,0.134,0.009,-0.012,0.006,43.48,35.3479132,-117.8094292,625.69,3,,
3965.253,14.507944399999815,-9.849,0.388,0.024,0.005,-0.011,0.005,43.43,35.3479132,-117.809429,625.546,3,,
3966.245,13.917393199999879,-9.858,0.416,0.148,0.007,-0.013,0.005,43.42,35.3479131,-117.8094293,625.446,3,,
3967.234,14.212668800000301,-9.854,0.402,0.182,0.006,-0.013,0.005,43.41,35.3479135,-117.809429,625.321,3,,
3968.223,15.360962799999925,-9.839,0.378,0.148,0.004,-0.012,0.007,43.36,35.3479139,-117.8094285,625.201,3,,
3969.214,15.360962799999925,-9.844,0.407,0.187,0.005,-0.012,0.005,43.35,35.3479134,-117.8094289,625.233,3,,
3970.207,15.656238399999893,-9.854,0.397,0.196,0.006,-0.012,0.005,43.36,35.3479128,-117.8094294,625.236,3,,
3971.294,13.917393199999879,-9.854,0.412,0.254,0.006,-0.011,0.006,43.36,35.3479124,-117.8094296,625.22,3,,
3972.288,13.917393199999879,-9.844,0.421,0.311,0.005,-0.012,0.005,43.41,35.3479123,-117.8094292,625.171,3,,
3973.275,13.62211759999991,-9.854,0.412,0.306,0.006,-0.015,0.005,43.47,35.3479123,-117.8094288,625.098,3,,
3974.264,15.065687199999957,-9.854,0.407,0.278,0.006,-0.013,0.005,43.51,35.3479119,-117.8094286,625.145,3,,
3975.257,13.031566399999974,-9.858,0.407,0.22,0.004,-0.012,0.006,43.53,35.3479118,-117.8094279,625.196,3,,
3976.246,14.507944399999815,-9.854,0.421,0.263,0.005,-0.012,0.006,43.54,35.3479117,-117.8094272,625.209,3,,
3977.24,14.770411599999989,-9.844,0.421,0.258,0.006,-0.012,0.006,43.54,35.3479116,-117.8094266,625.212,3,,
3978.231,13.917393199999879,-9.839,0.421,0.345,0.006,-0.013,0.005,43.57,35.3479116,-117.8094263,625.188,3,,
3979.22,15.065687199999957,-9.844,0.421,0.306,0.005,-0.013,0.005,43.6,35.3479115,-117.8094258,625.131,3,,
3980.214,14.507944399999815,-9.849,0.421,0.325,0.006,-0.012,0.005,43.61,35.3479115,-117.8094254,625.09,3,,
3981.202,14.507944399999815,-9.844,0.412,0.249,0.005,-0.012,0.006,43.62,35.3479112,-117.8094256,625.053,3,,
3982.191,14.507944399999815,-9.849,0.397,0.22,0.007,-0.012,0.005,43.61,35.3479108,-117.8094256,624.982,3,,
3983.283,15.065687199999957,-9.854,0.407,0.268,0.005,-0.012,0.006,43.62,35.3479103,-117.8094258,624.922,3,,
3984.27,13.917393199999879,-9.839,0.402,0.144,0.006,-0.013,0.006,43.6,35.34791,-117.809426,624.871,3,,
3985.256,15.656238399999893,-9.849,0.402,0.134,0.006,-0.013,0.007,43.58,35.34791,-117.8094261,624.853,3,,
3986.248,15.656238399999893,-9.835,0.407,0.148,0.005,-0.012,0.006,43.53,35.3479094,-117.8094264,624.982,3,,
3987.236,15.065687199999957,-9.844,0.402,0.11,0.005,-0.012,0.006,43.55,35.3479096,-117.8094261,625.001,3,,
3988.224,14.507944399999815,-9.844,0.397,0.096,0.007,-0.012,0.005,43.55,35.3479096,-117.8094264,625.039,3,,
3989.317,14.507944399999815,-9.839,0.397,0.134,0.005,-0.012,0.006,43.53,35.3479097,-117.8094267,625.041,3,,
3990.22,13.917393199999879,-9.835,0.388,0.172,0.007,-0.013,0.005,43.55,35.34791,-117.8094268,624.989,3,,
3991.212,13.917393199999879,-9.849,0.426,0.306,0.007,-0.012,0.006,43.59,35.3479102,-117.8094273,624.947,3,,
3992.308,13.917393199999879,-9.854,0.426,0.33,0.004,-0.012,0.005,43.63,35.3479106,-117.8094272,624.896,3,,
3993.298,13.917393199999879,-9.839,0.412,0.263,0.006,-0.013,0.005,43.66,35.3479106,-117.8094276,624.855,3,,
3994.284,13.917393199999879,-9.849,0.431,0.325,0.005,-0.012,0.006,43.68,35.3479107,-117.8094279,624.839,3,,
3995.271,14.212668800000301,-9.849,0.421,0.316,0.005,-0.013,0.005,43.7,35.3479107,-117.8094285,624.796,3,,
3996.257,15.951513999999861,-9.844,0.416,0.297,0.005,-0.012,0.005,43.69,35.3479108,-117.809429,624.722,3,,
3997.248,14.212668800000301,-9.844,0.412,0.33,0.007,-0.015,0.006,43.71,35.3479111,-117.8094292,624.61,3,,
3998.233,13.326841999999942,-9.854,0.402,0.335,0.005,-0.012,0.006,43.73,35.3479109,-117.8094298,624.563,3,,
3999.222,13.62211759999991,-9.849,0.412,0.278,0.006,-0.013,0.006,43.75,35.347911,-117.8094303,624.544,3,,
4000.209,14.212668800000301,-9.849,0.402,0.354,0.009,-0.013,0.005,43.73,35.3479108,-117.8094306,624.495,3,,
4001.193,15.360962799999925,-9.844,0.407,0.311,0.007,-0.013,0.005,43.78,35.3479107,-117.8094307,624.413,3,,
4002.288,14.770411599999989,-9.849,0.416,0.292,0.007,-0.013,0.006,43.76,35.3479107,-117.8094308,624.406,3,,
4003.278,14.507944399999815,-9.854,0.416,0.345,0.006,-0.013,0.006,43.76,35.3479107,-117.8094309,624.448,3,,
4004.267,14.507944399999815,-10.026,0.531,0.12,0.006,-0.009,0.001,43.8,35.3479109,-117.8094307,624.463,3,,
4005.261,13.917393199999879,-9.849,0.397,0.345,0.011,-0.011,0.007,43.82,35.3479113,-117.8094305,624.342,3,,
4006.253,13.62211759999991,-9.83,0.531,0.469,0.009,-0.012,0.005,43.84,35.3479117,-117.8094306,624.231,3,,
4007.243,15.360962799999925,-9.858,0.349,0.287,0.004,-0.01,0.005,43.84,35.3479121,-117.8094305,624.232,3,,
4008.234,15.065687199999957,-9.839,0.445,0.167,0.007,-0.016,0.005,43.82,35.347912,-117.8094305,624.242,3,,
4009.224,13.62211759999991,-9.849,0.397,0.273,0.005,-0.012,0.006,43.81,35.3479117,-117.8094305,624.281,3,,
4010.311,13.62211759999991,-9.835,0.416,0.215,0.006,-0.012,0.005,43.84,35.3479116,-117.8094305,624.298,3,,
4011.303,13.326841999999942,-9.849,0.407,0.311,0.006,-0.013,0.005,43.87,35.3479117,-117.8094308,624.199,3,,
4012.296,13.62211759999991,-9.849,0.421,0.167,0.002,-0.012,0.006,43.88,35.347912,-117.8094313,624.09,3,,
4013.284,15.065687199999957,-9.839,0.392,0.11,0.005,-0.012,0.006,43.86,35.3479121,-117.8094316,623.964,3,,
4014.271,13.62211759999991,-9.839,0.388,-0.024,0.006,-0.012,0.006,43.85,35.3479121,-117.8094318,623.813,3,,
4015.266,13.62211759999991,-9.835,0.455,0.072,0.006,-0.013,0.006,43.85,35.3479122,-117.8094322,623.693,3,,
4016.259,13.62211759999991,-9.835,0.402,-0.014,0.007,-0.011,0.005,43.81,35.3479124,-117.8094324,623.589,3,,
4017.254,14.212668800000301,-9.825,0.368,-0.086,0.006,-0.013,0.005,43.74,35.3479127,-117.8094328,623.472,3,,
4018.251,14.507944399999815,-9.844,0.378,0.1,0.005,-0.012,0.006,43.67,35.3479128,-117.8094331,623.432,3,,
4019.238,14.770411599999989,-9.849,0.368,0.134,0.009,-0.012,0.005,43.6,35.3479129,-117.8094334,623.419,3,,
4020.231,14.770411599999989,-9.835,0.378,0.0,0.011,-0.013,0.005,43.55,35.3479131,-117.8094333,623.406,3,,
4021.217,13.62211759999991,-9.839,0.412,0.11,0.012,-0.013,0.005,43.53,35.3479132,-117.8094333,623.411,3,,
4022.204,14.212668800000301,-9.849,0.345,0.134,0.01,-0.012,0.004,43.48,35.3479129,-117.8094328,623.629,3,,
4023.294,15.065687199999957,-9.844,0.407,0.177,0.006,-0.013,0.006,43.5,35.3479129,-117.8094326,623.627,3,,
4024.178,14.212668800000301,-9.844,0.45,0.072,0.01,-0.013,0.005,43.5,35.347913,-117.8094326,623.656,3,,
4025.27,13.917393199999879,-9.844,0.426,0.182,0.006,-0.013,0.006,43.47,35.3479131,-117.8094324,623.641,3,,
4026.257,12.7690991999998,-9.825,0.402,-0.019,0.004,-0.012,0.005,43.43,35.3479133,-117.8094323,623.659,3,,
4027.253,14.770411599999989,-9.849,0.431,0.167,0.002,-0.013,0.006,43.44,35.3479136,-117.8094324,623.703,3,,
4028.24,14.770411599999989,-9.863,0.378,0.057,0.006,-0.012,0.006,43.43,35.3479143,-117.8094326,623.701,3,,
4029.23,13.917393199999879,-9.815,0.421,-0.072,0.006,-0.013,0.005,43.4,35.3479149,-117.8094331,623.684,3,,
4030.222,13.031566399999974,-9.82,0.383,-0.057,0.005,-0.012,0.006,43.32,35.3479154,-117.8094337,623.751,3,,
4031.215,13.62211759999991,-9.835,0.373,-0.048,0.004,-0.011,0.005,43.24,35.3479159,-117.8094342,623.735,3,,
4032.211,15.065687199999957,-9.83,0.364,-0.043,0.006,-0.012,0.005,43.21,35.3479165,-117.8094345,623.73,3,,
4033.204,14.770411599999989,-9.815,0.349,-0.096,0.009,-0.012,0.005,43.17,35.3479169,-117.809435,623.727,3,,
4034.196,14.212668800000301,-9.844,0.397,-0.038,0.005,-0.011,0.006,43.14,35.3479171,-117.8094351,623.798,3,,
4035.296,12.7690991999998,-9.835,0.354,-0.053,0.006,-0.012,0.005,43.13,35.3479174,-117.809435,623.945,3,,
4036.289,15.360962799999925,-9.844,0.378,-0.043,0.005,-0.012,0.005,43.09,35.3479176,-117.8094349,624.135,3,,
4037.284,14.507944399999815,-9.835,0.383,-0.081,0.006,-0.012,0.005,43.04,35.3479178,-117.8094349,624.2,3,,
4038.279,13.326841999999942,-9.83,0.368,-0.062,0.007,-0.013,0.005,43.0,35.347918,-117.8094348,624.233,3,,
4039.277,13.326841999999942,-9.839,0.392,-0.057,0.009,-0.012,0.005,42.96,35.3479183,-117.8094347,624.27,3,,
4040.271,13.917393199999879,-9.844,0.383,-0.077,0.006,-0.012,0.006,42.94,35.3479184,-117.8094346,624.413,3,,
4041.262,13.917393199999879,-9.835,0.345,-0.086,0.006,-0.013,0.005,42.95,35.3479187,-117.8094344,624.455,3,,
4042.256,13.326841999999942,-9.844,0.354,-0.148,0.006,-0.012,0.007,42.99,35.3479187,-117.8094343,624.597,3,,
4043.25,13.326841999999942,-9.835,0.354,0.014,0.006,-0.013,0.005,43.0,35.3479186,-117.8094344,624.685,3,,
4044.239,12.7690991999998,-9.849,0.388,0.096,0.006,-0.012,0.006,43.06,35.3479184,-117.8094346,624.749,3,,
4045.229,13.031566399999974,-9.849,0.383,0.014,0.005,-0.013,0.005,43.07,35.3479184,-117.8094347,624.723,3,,
4046.218,13.326841999999942,-9.83,0.368,-0.072,0.007,-0.012,0.005,43.04,35.3479183,-117.8094345,624.707,3,,
4047.208,13.917393199999879,-9.835,0.388,-0.043,0.007,-0.012,0.005,43.0,35.3479181,-117.8094342,624.721,3,,
4048.2,13.917393199999879,-9.835,0.388,-0.029,0.006,-0.012,0.005,43.0,35.347918,-117.8094341,624.762,3,,
4049.304,12.7690991999998,-9.844,0.412,-0.067,0.006,-0.012,0.007,43.03,35.3479179,-117.809434,624.825,3,,
4050.195,12.473823599999832,-9.835,0.373,-0.072,0.006,-0.011,0.005,43.05,35.3479179,-117.809434,624.853,3,,
4051.187,13.031566399999974,-9.825,0.364,-0.134,0.002,-0.012,0.005,43.04,35.3479179,-117.8094339,624.905,3,,
4052.178,13.326841999999942,-9.839,0.445,-0.048,0.005,-0.012,0.006,42.97,35.3479178,-117.809434,624.939,3,,
4053.345,13.031566399999974,-9.825,0.383,-0.124,0.009,-0.013,0.005,42.96,35.347918,-117.8094341,624.928,3,,
4054.237,13.031566399999974,-9.825,0.354,-0.067,0.007,-0.013,0.005,42.99,35.347918,-117.8094343,624.996,3,,
4055.229,14.507944399999815,-9.839,0.402,0.029,0.005,-0.013,0.006,42.98,35.347918,-117.8094342,625.005,3,,
4056.221,13.62211759999991,-9.83,0.383,-0.062,0.005,-0.012,0.005,42.93,35.3479181,-117.8094342,624.972,3,,
4057.213,13.917393199999879,-9.825,0.373,-0.053,0.001,-0.013,0.005,42.86,35.3479181,-117.8094339,624.946,3,,
4058.212,14.770411599999989,-9.835,0.392,0.033,0.005,-0.012,0.005,42.85,35.3479181,-117.8094338,624.927,3,,
4059.301,14.212668800000301,-9.835,0.397,0.014,0.006,-0.012,0.006,42.86,35.3479182,-117.809434,624.867,3,,
4060.191,14.507944399999815,-9.849,0.383,0.081,0.005,-0.012,0.005,42.81,35.3479184,-117.8094341,624.828,3,,
4061.279,13.917393199999879,-9.83,0.383,-0.024,0.005,-0.012,0.006,42.81,35.3479185,-117.8094342,624.887,3,,
4062.273,14.212668800000301,-9.839,0.397,0.005,0.005,-0.012,0.005,42.82,35.3479184,-117.8094344,624.916,3,,
4063.263,15.065687199999957,-9.839,0.402,0.019,0.005,-0.011,0.005,42.83,35.3479186,-117.8094345,624.873,3,,
4064.252,14.770411599999989,-9.839,0.388,0.072,0.004,-0.013,0.004,42.8,35.3479187,-117.8094346,624.798,3,,
4065.241,15.360962799999925,-9.839,0.378,0.062,0.005,-0.012,0.005,42.77,35.347919,-117.8094347,624.675,3,,
4066.231,14.212668800000301,-9.835,0.383,0.067,0.006,-0.012,0.005,42.75,35.3479192,-117.8094349,624.63,3,,
4067.218,14.770411599999989,-9.835,0.397,0.105,0.004,-0.012,0.005,42.72,35.3479192,-117.8094349,624.604,3,,
4068.204,15.065687199999957,-9.844,0.368,0.086,0.009,-0.013,0.005,42.74,35.3479193,-117.8094347,624.621,3,,
4069.302,14.507944399999815,-9.839,0.388,0.12,0.007,-0.012,0.005,42.75,35.3479192,-117.8094347,624.69,3,,
4070.295,14.212668800000301,-9.849,0.412,0.187,0.005,-0.012,0.005,42.76,35.3479193,-117.809435,624.721,3,,
4071.283,14.507944399999815,-9.844,0.388,0.158,0.007,-0.013,0.005,42.76,35.3479192,-117.8094349,624.842,3,,
4072.273,13.917393199999879,-9.815,0.057,0.005,0.007,-0.012,0.004,42.72,35.3479192,-117.8094348,624.866,3,,
4073.261,14.770411599999989,-9.878,0.292,-0.043,0.009,-0.011,0.004,42.7,35.3479191,-117.8094348,624.953,3,,
4074.266,15.360962799999925,-9.825,0.627,0.024,0.009,-0.007,0.012,42.72,35.347919,-117.8094349,625.076,3,,
4075.255,15.951513999999861,-9.839,0.416,0.053,0.007,-0.013,0.006,42.75,35.3479187,-117.8094351,625.211,3,,
4076.243,13.62211759999991,-9.835,0.383,0.081,0.006,-0.012,0.005,42.74,35.3479185,-117.8094354,625.335,3,,
4077.231,15.065687199999957,-9.835,0.373,0.038,0.004,-0.013,0.004,42.69,35.3479183,-117.8094356,625.43,3,,
4078.22,13.62211759999991,-9.83,0.431,0.048,0.005,-0.013,0.005,42.68,35.3479181,-117.8094358,625.509,3,,
4079.215,13.62211759999991,-9.835,0.407,0.096,0.001,-0.012,0.005,42.67,35.347918,-117.809436,625.589,3,,
4080.201,14.507944399999815,-9.83,0.402,0.01,0.005,-0.013,0.006,42.62,35.3479178,-117.8094363,625.687,3,,
4081.292,14.212668800000301,-9.839,0.402,-0.01,0.006,-0.013,0.005,42.62,35.3479174,-117.8094369,625.807,3,,
4082.285,13.326841999999942,-9.839,0.378,0.005,0.005,-0.013,0.006,42.59,35.3479172,-117.8094373,625.924,3,,
4083.273,12.473823599999832,-9.844,0.416,0.043,0.006,-0.013,0.005,42.59,35.3479172,-117.8094372,626.03,3,,
4084.261,15.065687199999957,-9.839,0.378,-0.019,0.006,-0.011,0.005,42.59,35.3479171,-117.8094372,626.079,3,,
4085.258,15.951513999999861,-9.835,0.378,0.038,0.007,-0.012,0.005,42.63,35.347917,-117.8094372,626.121,3,,
4086.247,15.065687199999957,-9.835,0.416,0.029,0.004,-0.012,0.005,42.65,35.3479167,-117.8094375,626.202,3,,
4087.235,15.656238399999893,-9.83,0.546,0.144,0.007,-0.011,0.009,42.69,35.3479165,-117.8094378,626.258,3,,
4088.326,13.917393199999879,-9.849,0.368,0.0,0.005,-0.012,0.004,42.72,35.3479163,-117.8094378,626.344,3,,
4089.211,15.360962799999925,-9.806,0.421,0.057,0.001,-0.015,0.006,42.71,35.3479161,-117.8094382,626.397,3,,
4090.304,14.212668800000301,-9.83,0.498,0.0,0.007,-0.013,0.007,42.73,35.347916,-117.8094383,626.455,3,,
4091.301,14.507944399999815,-9.849,0.373,0.144,0.007,-0.012,0.005,42.69,35.3479156,-117.8094386,626.597,3,,
4092.188,15.065687199999957,-9.835,0.431,-0.014,0.009,-0.012,0.005,42.68,35.3479154,-117.809439,626.699,3,,
4093.283,13.62211759999991,-9.839,0.373,-0.005,0.01,-0.013,0.004,42.67,35.347915,-117.8094394,626.826,3,,
4094.276,14.507944399999815,-9.835,0.364,0.019,0.009,-0.012,0.005,42.66,35.3479146,-117.80944,626.942,3,,
4095.269,13.62211759999991,-9.849,0.373,-0.014,0.007,-0.012,0.005,42.61,35.3479144,-117.8094404,626.961,3,,
4096.261,15.065687199999957,-9.844,0.364,0.062,0.007,-0.012,0.006,42.59,35.3479141,-117.8094409,627.078,3,,
4097.251,14.212668800000301,-9.849,0.349,0.053,0.006,-0.013,0.005,42.6,35.3479139,-117.8094412,627.164,3,,
4098.242,14.507944399999815,-9.849,0.368,0.144,0.005,-0.012,0.006,42.58,35.3479138,-117.8094414,627.238,3,,
4099.23,14.770411599999989,-9.844,0.431,0.105,0.006,-0.012,0.005,42.56,35.3479135,-117.8094415,627.344,3,,
4100.225,15.065687199999957,-9.849,0.431,0.072,0.004,-0.013,0.005,42.55,35.3479132,-117.8094417,627.482,3,,
4101.22,15.656238399999893,-9.839,0.407,0.172,0.01,-0.011,0.006,42.52,35.3479128,-117.8094416,627.702,3,,
4102.211,14.770411599999989,-9.839,0.392,0.144,0.006,-0.012,0.005,42.51,35.3479125,-117.8094418,627.75,3,,
4103.298,14.770411599999989,-9.825,0.364,0.033,0.004,-0.013,0.006,42.46,35.3479122,-117.8094419,627.805,3,,
4104.195,14.212668800000301,-9.835,0.421,0.081,0.007,-0.012,0.006,42.43,35.3479118,-117.8094422,627.883,3,,
4105.286,14.212668800000301,-9.849,0.416,0.177,0.004,-0.013,0.005,42.46,35.3479116,-117.8094425,627.9,3,,
4106.271,14.212668800000301,-9.835,0.388,0.177,0.01,-0.013,0.005,42.45,35.3479113,-117.8094427,627.915,3,,
4107.257,15.951513999999861,-9.844,0.373,0.091,0.009,-0.012,0.005,42.43,35.3479111,-117.8094428,627.971,3,,
4108.244,14.770411599999989,-9.839,0.412,0.048,0.009,-0.012,0.005,42.38,35.3479108,-117.8094427,628.072,3,,
4109.232,15.065687199999957,-9.835,0.392,0.053,0.01,-0.013,0.004,42.36,35.3479106,-117.8094425,628.154,3,,
4110.218,15.951513999999861,-9.849,0.397,0.091,0.004,-0.013,0.005,42.39,35.3479105,-117.8094421,628.223,3,,
4111.204,14.212668800000301,-9.83,0.354,0.067,0.009,-0.012,0.005,42.43,35.3479104,-117.8094416,628.2,3,,
4112.205,14.507944399999815,-9.844,0.412,0.077,0.002,-0.012,0.005,42.42,35.3479104,-117.8094412,628.181,3,,
4113.291,14.507944399999815,-9.839,0.354,0.053,0.004,-0.012,0.006,42.41,35.3479104,-117.809441,628.145,3,,
4114.275,13.917393199999879,-9.83,0.407,-0.038,0.006,-0.013,0.005,42.4,35.3479104,-117.8094407,628.135,3,,
4115.268,15.360962799999925,-9.839,0.373,0.043,0.004,-0.012,0.005,42.36,35.3479107,-117.8094403,628.039,3,,
4116.272,14.212668800000301,-9.839,0.345,0.124,0.009,-0.012,0.004,42.37,35.347911,-117.8094397,627.956,3,,
4117.262,14.770411599999989,-9.825,0.407,0.053,0.007,-0.013,0.006,42.38,35.3479111,-117.8094394,627.875,3,,
4118.248,13.917393199999879,-9.844,0.349,0.048,0.004,-0.012,0.005,42.39,35.3479114,-117.8094389,627.747,3,,
4119.235,15.065687199999957,-9.83,0.416,0.091,0.004,-0.012,0.005,42.39,35.3479114,-117.8094384,627.732,3,,
4120.222,15.656238399999893,-9.839,0.378,0.081,0.007,-0.012,0.005,42.35,35.3479116,-117.8094383,627.727,3,,
4121.211,13.326841999999942,-9.858,0.378,0.124,0.005,-0.013,0.005,42.34,35.3479116,-117.8094378,627.719,3,,
4122.198,13.62211759999991,-9.854,0.378,0.182,0.007,-0.013,0.006,42.37,35.3479115,-117.8094374,627.699,3,,
4123.185,15.360962799999925,-9.854,0.407,0.148,0.006,-0.012,0.006,42.38,35.3479114,-117.8094371,627.682,3,,
4124.272,13.917393199999879,-9.854,0.392,0.249,0.009,-0.012,0.006,42.42,35.3479114,-117.8094366,627.667,3,,
4125.26,13.326841999999942,-9.844,0.373,0.163,0.006,-0.012,0.004,42.43,35.3479115,-117.8094362,627.652,3,,
4126.249,14.770411599999989,-9.849,0.397,0.177,0.006,-0.013,0.005,42.46,35.3479115,-117.8094358,627.652,3,,
4127.237,15.951513999999861,-9.839,0.378,0.177,0.006,-0.011,0.005,42.45,35.3479115,-117.8094356,627.677,3,,
4128.222,15.656238399999893,-9.844,0.402,0.211,0.006,-0.012,0.005,42.46,35.3479116,-117.8094355,627.704,3,,
4129.211,15.656238399999893,-9.849,0.392,0.177,0.004,-0.012,0.005,42.48,35.3479116,-117.8094352,627.728,3,,
4130.302,14.212668800000301,-9.835,0.416,0.077,0.006,-0.012,0.005,42.46,35.3479119,-117.8094348,627.708,3,,
4131.29,14.212668800000301,-9.835,0.383,0.014,0.007,-0.012,0.005,42.46,35.3479121,-117.8094345,627.7,3,,
4132.284,14.212668800000301,-9.844,0.426,0.158,0.007,-0.013,0.005,42.46,35.3479124,-117.8094345,627.681,3,,
4133.271,15.360962799999925,-9.849,0.412,0.134,0.005,-0.013,0.005,42.43,35.3479126,-117.8094342,627.619,3,,
4134.258,15.360962799999925,-9.844,0.402,0.134,0.007,-0.013,0.005,42.42,35.3479128,-117.809434,627.601,3,,
4135.244,13.917393199999879,-9.835,0.402,0.048,0.007,-0.013,0.006,42.42,35.3479129,-117.8094336,627.631,3,,
4136.233,13.62211759999991,-9.83,0.407,0.005,0.005,-0.012,0.005,42.43,35.3479132,-117.8094331,627.594,3,,
4137.221,13.917393199999879,-9.83,0.378,-0.019,0.005,-0.011,0.005,42.42,35.3479136,-117.8094327,627.576,3,,
4138.213,12.7690991999998,-9.839,0.397,0.11,0.005,-0.011,0.005,42.44,35.3479138,-117.8094326,627.558,3,,
4139.302,13.031566399999974,-9.815,0.349,0.033,0.006,-0.013,0.005,42.44,35.3479139,-117.8094323,627.546,3,,
4140.187,13.917393199999879,-9.844,0.392,0.091,0.006,-0.012,0.006,42.44,35.3479142,-117.8094317,627.568,3,,
4141.276,13.917393199999879,-9.787,0.526,-0.014,-0.005,-0.01,0.01,42.42,35.3479145,-117.8094313,627.631,3,,
4142.266,13.62211759999991,-9.839,0.412,0.191,0.002,-0.013,0.006,42.4,35.3479147,-117.8094307,627.696,3,,
4143.251,14.212668800000301,-9.935,0.167,0.234,0.005,-0.022,0.005,42.41,35.347915,-117.8094295,627.674,3,,
4144.24,13.62211759999991,-9.835,0.388,0.062,0.006,-0.013,0.005,42.41,35.3479155,-117.8094281,627.597,3,,
4145.23,14.507944399999815,-9.854,0.402,0.134,0.007,-0.013,0.005,42.43,35.3479159,-117.8094267,627.626,3,,
4146.216,13.917393199999879,-9.839,0.402,0.077,0.009,-0.012,0.006,42.41,35.3479161,-117.8094255,627.703,3,,
4147.202,14.212668800000301,-9.839,0.397,0.091,0.005,-0.013,0.005,42.42,35.3479165,-117.8094248,627.783,3,,
4148.19,13.326841999999942,-9.839,0.397,0.091,0.005,-0.012,0.005,42.46,35.347917,-117.8094238,627.852,3,,
4149.282,12.7690991999998,-9.835,0.392,0.077,0.005,-0.015,0.006,42.5,35.3479173,-117.8094223,627.924,3,,
4150.269,13.62211759999991,-9.844,0.392,0.0,0.002,-0.013,0.006,42.53,35.3479173,-117.8094206,628.067,3,,
4151.266,13.917393199999879,-9.844,0.416,0.124,0.002,-0.012,0.006,42.56,35.3479173,-117.8094193,628.19,3,,
4152.254,14.212668800000301,-9.835,0.364,-0.053,0.006,-0.012,0.005,42.58,35.3479174,-117.809418,628.229,3,,
4153.249,13.326841999999942,-9.844,0.373,-0.005,0.006,-0.013,0.005,42.54,35.3479176,-117.8094169,628.194,3,,
4154.239,13.917393199999879,-9.844,0.397,0.033,0.007,-0.013,0.005,42.55,35.3479176,-117.809416,628.246,3,,
4155.228,14.507944399999815,-9.839,0.392,0.096,0.007,-0.012,0.005,42.59,35.3479178,-117.8094149,628.27,3,,
4156.219,14.507944399999815,-9.854,0.421,0.23,0.007,-0.013,0.005,42.6,35.347918,-117.8094137,628.313,3,,
4157.205,13.326841999999942,-9.844,0.416,0.187,0.004,-0.013,0.005,42.67,35.347918,-117.8094127,628.335,3,,
4158.193,14.507944399999815,-9.839,0.388,0.081,0.005,-0.013,0.005,42.7,35.3479181,-117.809412,628.375,3,,
4159.179,13.917393199999879,-9.844,0.359,-0.029,0.009,-0.013,0.005,42.67,35.3479181,-117.8094112,628.394,3,,
4160.269,15.951513999999861,-9.844,0.416,0.206,0.006,-0.013,0.005,42.66,35.3479178,-117.8094107,628.436,3,,
4161.255,14.212668800000301,-9.844,0.426,0.225,0.002,-0.013,0.005,42.72,35.3479178,-117.8094104,628.478,3,,
4162.245,15.360962799999925,-9.839,0.397,0.196,0.005,-0.013,0.006,42.73,35.3479178,-117.8094098,628.547,3,,
4163.236,14.212668800000301,-9.839,0.412,0.196,0.005,-0.011,0.005,42.7,35.347918,-117.8094094,628.577,3,,
4164.233,15.065687199999957,-9.844,0.407,0.258,0.004,-0.012,0.005,42.67,35.3479179,-117.8094089,628.734,3,,
4165.221,14.507944399999815,-9.844,0.421,0.278,0.005,-0.013,0.005,42.73,35.3479179,-117.8094088,628.695,3,,
4166.206,14.212668800000301,-9.844,0.407,0.22,0.004,-0.012,0.005,42.79,35.3479177,-117.8094087,628.687,3,,
4167.292,15.360962799999925,-9.854,0.426,0.316,0.005,-0.013,0.006,42.8,35.3479171,-117.8094089,628.603,3,,
4168.276,16.509256800000003,-9.854,0.431,0.325,0.004,-0.013,0.006,42.83,35.3479166,-117.8094095,628.552,3,,
4169.265,15.951513999999861,-9.854,0.421,0.349,0.005,-0.015,0.005,42.86,35.3479165,-117.8094102,628.465,3,,
4170.255,15.951513999999861,-9.858,0.426,0.354,0.007,-0.012,0.005,42.89,35.3479163,-117.8094107,628.383,3,,
4171.247,15.360962799999925,-9.844,0.431,0.364,0.006,-0.012,0.006,42.93,35.347916,-117.8094114,628.243,3,,
4172.236,13.62211759999991,-9.844,0.416,0.172,0.011,-0.015,0.004,42.92,35.3479155,-117.8094124,628.161,3,,
4173.222,13.917393199999879,-9.844,0.349,0.12,0.005,-0.012,0.005,42.81,35.3479149,-117.809413,627.997,3,,
4174.21,12.7690991999998,-9.844,0.383,-0.048,0.007,-0.012,0.005,42.72,35.3479142,-117.809414,627.87,3,,
4175.204,14.212668800000301,-9.835,0.469,0.148,0.002,-0.012,0.006,42.66,35.347914,-117.8094147,627.727,3,,
4176.194,14.212668800000301,-9.82,0.426,0.024,0.0,-0.013,0.005,42.62,35.3479135,-117.8094152,627.581,3,,
4177.18,13.917393199999879,-9.839,0.354,-0.01,0.002,-0.011,0.006,42.61,35.3479135,-117.8094151,627.392,3,,
4178.174,12.7690991999998,-9.849,0.345,-0.033,0.004,-0.013,0.004,42.61,35.3479131,-117.8094155,627.375,3,,
4179.266,15.656238399999893,-9.954,-0.062,0.029,0.002,-0.015,-0.005,42.57,35.3479125,-117.8094154,627.263,3,,
4180.257,16.509256800000003,-9.863,0.388,-0.014,0.001,-0.011,0.005,42.62,35.3479126,-117.809415,627.188,3,,
4181.251,12.473823599999832,-9.787,0.493,0.354,0.011,-0.016,0.006,42.7,35.3479128,-117.8094151,627.169,3,,
4182.238,13.917393199999879,-9.854,0.225,0.187,0.015,-0.013,0.002,42.7,35.3479139,-117.8094145,627.159,3,,
4183.227,14.507944399999815,-9.844,0.33,0.048,0.001,-0.013,0.006,42.62,35.3479145,-117.8094144,627.274,3,,
4184.216,14.507944399999815,-9.83,0.459,0.167,0.005,-0.013,0.006,42.6,35.3479143,-117.8094138,627.207,3,,
4185.201,15.360962799999925,-9.835,0.378,0.287,0.006,-0.011,0.005,42.59,35.3479141,-117.8094136,627.213,3,,
4186.197,14.507944399999815,-9.858,0.258,0.091,0.012,-0.012,0.006,42.62,35.3479143,-117.8094131,627.211,3,,
4187.284,14.212668800000301,-9.83,0.364,0.148,0.009,-0.013,0.005,42.59,35.3479147,-117.8094126,627.249,3,,
4188.271,13.62211759999991,-9.835,0.368,-0.024,0.009,-0.012,0.006,42.59,35.3479146,-117.8094128,627.283,3,,
4189.264,14.770411599999989,-9.839,0.373,0.12,0.005,-0.013,0.005,42.59,35.3479147,-117.8094128,627.367,3,,
4190.252,13.62211759999991,-9.825,0.412,0.086,0.006,-0.012,0.006,42.56,35.3479149,-117.8094126,627.429,3,,
4191.237,14.507944399999815,-9.839,0.354,0.077,0.004,-0.012,0.006,42.51,35.3479148,-117.8094129,627.5,3,,
4192.223,14.212668800000301,-9.844,0.378,0.048,0.002,-0.013,0.005,42.48,35.3479149,-117.8094131,627.55,3,,
4193.211,14.770411599999989,-9.825,0.368,0.029,0.005,-0.012,0.005,42.46,35.3479146,-117.8094131,627.714,3,,
4194.198,13.031566399999974,-9.839,0.368,0.086,0.01,-0.012,0.005,42.48,35.347915,-117.8094131,627.746,3,,
4195.183,14.507944399999815,-9.835,0.368,0.105,0.002,-0.012,0.005,42.49,35.3479147,-117.8094131,627.716,3,,
4196.272,15.656238399999893,-9.835,0.412,0.105,0.004,-0.013,0.006,42.47,35.3479144,-117.8094127,627.773,3,,
4197.262,14.770411599999989,-9.835,0.412,0.177,0.005,-0.012,0.005,42.45,35.3479142,-117.8094125,627.741,3,,
4198.248,15.360962799999925,-9.849,0.407,0.019,0.004,-0.013,0.006,42.43,35.3479143,-117.8094121,627.817,3,,
4199.232,15.065687199999957,-9.839,0.402,0.12,0.007,-0.012,0.005,42.45,35.3479143,-117.8094117,627.828,3,,
4200.22,15.065687199999957,-9.844,0.431,0.297,0.009,-0.013,0.005,42.53,35.3479142,-117.8094116,627.871,3,,
4201.208,13.326841999999942,-9.849,0.431,0.225,0.007,-0.013,0.005,42.58,35.3479139,-117.8094116,627.862,3,,
4202.192,14.770411599999989,-9.839,0.392,0.182,0.01,-0.012,0.006,42.62,35.3479136,-117.8094114,627.89,3,,
4203.279,15.065687199999957,-9.839,0.397,0.148,0.006,-0.013,0.006,42.61,35.3479131,-117.8094111,627.903,3,,
4204.267,14.770411599999989,-9.835,0.407,0.072,0.01,-0.013,0.006,42.56,35.3479128,-117.8094107,627.953,3,,
4205.263,13.326841999999942,-9.839,0.373,0.053,0.006,-0.011,0.006,42.54,35.3479126,-117.8094104,627.978,3,,
4206.254,14.770411599999989,-9.83,0.474,0.1,0.007,-0.012,0.006,42.53,35.3479124,-117.8094099,628.004,3,,
4207.244,15.360962799999925,-9.839,0.44,0.187,0.007,-0.012,0.005,42.52,35.3479122,-117.8094095,628.07,3,,
4208.231,13.326841999999942,-9.825,0.373,-0.033,0.01,-0.013,0.005,42.55,35.3479119,-117.8094091,628.119,3,,
4209.224,14.212668800000301,-9.835,0.383,0.158,0.005,-0.013,0.006,42.53,35.3479116,-117.8094084,628.185,3,,
4210.212,14.212668800000301,-9.839,0.383,0.096,0.002,-0.013,0.006,42.52,35.3479113,-117.8094074,628.263,3,,
4211.202,13.917393199999879,-9.835,0.383,0.153,0.002,-0.012,0.005,42.5,35.3479112,-117.8094069,628.277,3,,
4212.188,13.326841999999942,-9.849,0.359,0.048,0.004,-0.012,0.005,42.5,35.3479111,-117.8094067,628.261,3,,
4213.276,14.212668800000301,-9.825,0.383,0.053,0.01,-0.012,0.006,42.49,35.3479114,-117.809407,628.127,3,,
4214.265,14.770411599999989,-9.839,0.402,0.167,0.009,-0.013,0.006,42.5,35.3479115,-117.8094072,627.989,3,,
4215.254,12.7690991999998,-9.844,0.364,0.201,0.005,-0.012,0.005,42.52,35.3479114,-117.8094072,627.949,3,,
4216.24,14.507944399999815,-9.839,0.407,0.091,0.004,-0.012,0.005,42.52,35.3479114,-117.8094073,627.916,3,,
4217.227,13.62211759999991,-9.839,0.378,0.081,0.007,-0.012,0.005,42.48,35.3479114,-117.8094075,627.887,3,,
4218.213,15.065687199999957,-9.839,0.416,0.038,0.005,-0.013,0.006,42.48,35.3479116,-117.8094076,627.878,3,,
4219.204,14.770411599999989,-9.835,0.383,0.105,0.005,-0.012,0.005,42.5,35.347912,-117.8094077,627.826,3,,
4220.296,13.326841999999942,-9.839,0.378,0.033,0.005,-0.012,0.005,42.49,35.3479126,-117.8094076,627.772,3,,
4221.295,12.473823599999832,-9.835,0.383,-0.005,0.005,-0.013,0.005,42.44,35.3479128,-117.8094071,627.743,3,,
4222.287,15.360962799999925,-9.844,0.392,0.167,0.005,-0.011,0.006,42.46,35.347913,-117.8094067,627.756,3,,
4223.171,14.770411599999989,-9.835,0.359,0.077,0.009,-0.012,0.005,42.47,35.3479133,-117.8094065,627.694,3,,
4224.259,15.065687199999957,-9.868,0.292,0.0,0.006,-0.012,0.005,42.52,35.3479132,-117.8094063,627.682,3,,
4225.25,13.031566399999974,-9.83,0.488,0.201,0.006,-0.013,0.006,42.59,35.3479131,-117.8094062,627.661,3,,
4226.241,14.212668800000301,-9.839,0.421,0.268,0.004,-0.012,0.005,42.65,35.3479128,-117.8094065,627.757,3,,
4227.23,12.473823599999832,-9.811,0.479,0.225,0.004,-0.013,0.006,42.68,35.3479133,-117.8094063,627.859,3,,
4228.22,13.031566399999974,-9.82,0.364,0.038,0.004,-0.012,0.006,42.69,35.3479136,-117.8094062,627.892,3,,
4229.212,14.770411599999989,-9.858,0.383,0.206,0.0,-0.012,0.005,42.65,35.3479138,-117.809406,627.891,3,,
4230.199,14.212668800000301,-9.825,0.45,0.211,0.012,-0.013,0.006,42.61,35.3479142,-117.809406,627.918,3,,
4231.294,14.507944399999815,-9.849,0.368,0.349,0.006,-0.013,0.005,42.65,35.3479143,-117.809406,627.894,3,,
4232.294,14.507944399999815,-9.849,0.364,0.191,0.006,-0.013,0.005,42.68,35.3479144,-117.8094058,627.872,3,,
4233.28,13.917393199999879,-9.825,0.378,0.124,0.01,-0.012,0.006,42.64,35.3479145,-117.8094057,627.824,3,,
4234.268,15.951513999999861,-9.839,0.402,0.124,0.001,-0.012,0.006,42.61,35.3479147,-117.809406,627.781,3,,
4235.26,13.917393199999879,-9.825,0.368,0.067,0.005,-0.015,0.006,42.58,35.3479147,-117.8094066,627.766,3,,
4236.245,15.065687199999957,-9.82,0.474,0.12,0.005,-0.012,0.004,42.58,35.3479149,-117.8094071,627.705,3,,
4237.231,14.770411599999989,-9.835,0.45,0.325,0.006,-0.013,0.006,42.61,35.3479149,-117.8094078,627.727,3,,
4238.217,14.507944399999815,-9.82,0.388,0.124,0.005,-0.013,0.005,42.59,35.3479149,-117.8094086,627.718,3,,
4239.206,13.326841999999942,-9.806,0.426,0.024,0.007,-0.011,0.005,42.5,35.3479147,-117.8094091,627.668,3,,
4240.191,14.212668800000301,-9.82,0.479,0.345,0.001,-0.012,0.007,42.49,35.3479147,-117.8094095,627.642,3,,
4241.277,15.951513999999861,-9.863,0.301,0.153,-0.002,-0.011,0.004,42.53,35.3479145,-117.8094102,627.582,3,,
4242.27,15.951513999999861,-9.83,0.488,0.378,0.005,-0.012,0.005,42.6,35.3479143,-117.8094109,627.579,3,,
4243.255,14.770411599999989,-9.854,0.426,0.301,0.007,-0.011,0.005,42.67,35.3479141,-117.8094115,627.541,3,,
4244.244,15.656238399999893,-9.868,0.34,0.211,0.007,-0.01,0.006,42.67,35.3479141,-117.8094119,627.574,3,,
4245.23,15.065687199999957,-9.849,0.416,0.182,0.002,-0.011,0.007,42.65,35.347914,-117.8094125,627.581,3,,
4246.216,13.031566399999974,-9.83,0.378,0.072,-0.001,-0.012,0.004,42.62,35.3479139,-117.8094128,627.638,3,,
4247.209,13.326841999999942,-9.82,0.335,0.0,0.0,-0.013,0.005,42.6,35.3479136,-117.8094133,627.701,3,,
4248.196,12.7690991999998,-9.854,0.335,-0.316,0.005,-0.009,0.0,42.48,35.3479132,-117.8094139,627.822,3,,
4249.291,13.62211759999991,-9.796,0.483,0.163,0.009,-0.013,0.006,42.48,35.347913,-117.8094148,627.819,3,,
4250.28,14.507944399999815,-9.863,0.311,-0.182,0.0,-0.013,0.005,42.45,35.3479129,-117.8094153,627.888,3,,
4251.274,13.62211759999991,-9.839,0.33,-0.115,0.005,-0.013,0.002,42.48,35.347913,-117.8094159,627.856,3,,
4252.269,14.507944399999815,-9.815,0.479,0.187,0.005,-0.01,0.005,42.53,35.3479128,-117.8094162,627.998,3,,
4253.26,13.62211759999991,-9.839,0.196,0.158,0.0,-0.015,0.007,42.57,35.3479127,-117.8094167,628.029,3,,
4254.248,13.326841999999942,-9.806,0.555,0.177,0.005,-0.016,0.007,42.58,35.3479125,-117.8094167,628.141,3,,
4255.235,12.178548000000319,-9.844,0.359,-0.024,0.006,-0.012,0.002,42.58,35.3479124,-117.8094166,628.245,3,,
4256.234,13.031566399999974,-9.835,0.402,0.038,0.011,-0.01,0.005,42.62,35.3479121,-117.8094165,628.409,3,,
4257.232,13.62211759999991,-9.83,0.459,0.029,0.011,-0.011,0.002,42.64,35.3479121,-117.8094166,628.5,3,,
4258.219,13.917393199999879,-9.825,0.426,0.196,0.009,-0.011,0.005,42.6,35.3479119,-117.8094171,628.591,3,,
4259.209,13.326841999999942,-9.825,0.402,0.273,0.006,-0.015,0.006,42.6,35.3479115,-117.8094175,628.833,3,,
4260.305,14.212668800000301,-9.82,0.397,0.12,0.005,-0.012,0.005,42.61,35.3479115,-117.8094181,628.879,3,,
4261.193,13.326841999999942,-9.835,0.412,0.124,0.002,-0.013,0.005,42.53,35.3479113,-117.8094185,628.984,3,,
4262.291,13.326841999999942,-9.839,0.378,0.067,0.005,-0.011,0.006,42.48,35.3479112,-117.8094191,628.961,3,,
4263.278,13.917393199999879,-9.839,0.431,0.105,0.007,-0.013,0.005,42.51,35.3479113,-117.8094194,628.952,3,,
4264.264,13.62211759999991,-9.844,0.392,0.144,0.006,-0.013,0.005,42.46,35.3479114,-117.8094197,628.941,3,,
4265.253,14.770411599999989,-9.83,0.431,0.115,0.005,-0.012,0.005,42.51,35.3479115,-117.80942,628.927,3,,
4266.238,13.326841999999942,-9.835,0.354,0.067,0.001,-0.012,0.005,42.54,35.3479115,-117.8094204,628.921,3,,
4267.225,13.917393199999879,-9.849,0.435,0.096,0.004,-0.011,0.007,42.58,35.3479115,-117.8094207,628.891,3,,
4268.21,14.212668800000301,-9.835,0.426,0.139,0.007,-0.012,0.006,42.63,35.3479115,-117.8094211,628.889,3,,
4269.299,13.62211759999991,-9.844,0.397,0.124,0.004,-0.013,0.005,42.63,35.3479115,-117.8094216,628.815,3,,
4270.186,15.360962799999925,-9.839,0.402,0.144,0.004,-0.012,0.005,42.62,35.3479114,-117.8094222,628.736,3,,
4271.276,12.473823599999832,-9.839,0.435,0.115,0.007,-0.012,0.005,42.61,35.3479115,-117.8094231,628.662,3,,
4272.268,14.770411599999989,-9.854,0.412,0.172,0.002,-0.012,0.005,42.6,35.3479116,-117.8094239,628.569,3,,
4273.255,13.917393199999879,-9.844,0.392,0.172,0.007,-0.012,0.006,42.64,35.3479117,-117.8094248,628.45,3,,
4274.242,15.065687199999957,-9.858,0.373,0.278,0.009,-0.012,0.004,42.66,35.3479119,-117.8094258,628.394,3,,
4275.23,14.507944399999815,-9.863,0.416,0.239,0.006,-0.013,0.005,42.67,35.3479119,-117.8094268,628.356,3,,
4276.216,15.360962799999925,-9.844,0.421,0.211,0.005,-0.012,0.005,42.69,35.3479121,-117.8094277,628.311,3,,
4277.275,14.770411599999989,-9.849,0.421,0.292,0.007,-0.013,0.005,42.67,35.3479122,-117.8094286,628.316,3,,
4278.263,14.770411599999989,-9.849,0.392,0.191,0.006,-0.012,0.006,42.65,35.3479122,-117.8094293,628.332,3,,
4279.252,15.065687199999957,-9.849,0.397,0.239,0.005,-0.015,0.005,42.62,35.347912,-117.8094302,628.427,3,,
4280.236,13.62211759999991,-9.858,0.402,0.282,0.006,-0.015,0.005,42.62,35.3479121,-117.8094307,628.463,3,,
4281.226,14.507944399999815,-9.849,0.412,0.23,0.002,-0.012,0.005,42.6,35.3479122,-117.8094312,628.452,3,,
4282.219,15.656238399999893,-9.854,0.407,0.211,0.006,-0.011,0.006,42.55,35.3479121,-117.8094319,628.5,3,,
4283.223,14.770411599999989,-9.849,0.397,0.225,0.007,-0.012,0.006,42.58,35.347912,-117.8094323,628.573,3,,
4284.209,15.360962799999925,-9.825,0.718,0.292,-0.006,-0.016,0.005,42.61,35.347912,-117.8094326,628.621,3,,
4285.2,14.212668800000301,-9.825,0.397,0.196,0.007,-0.013,0.006,42.64,35.3479121,-117.8094331,628.693,3,,
4286.292,13.326841999999942,-9.849,0.383,0.191,0.009,-0.013,0.005,42.62,35.347912,-117.8094338,628.814,3,,
4287.279,13.917393199999879,-9.844,0.392,0.129,0.006,-0.015,0.005,42.62,35.3479116,-117.8094346,628.949,3,,
4288.269,13.326841999999942,-9.839,0.412,0.019,0.004,-0.013,0.006,42.62,35.3479113,-117.8094351,629.032,3,,
4289.253,13.326841999999942,-9.844,0.373,0.057,0.005,-0.012,0.005,42.6,35.3479112,-117.8094352,629.105,3,,
4290.238,13.917393199999879,-9.835,0.316,0.024,0.002,-0.012,0.006,42.59,35.3479108,-117.8094356,629.225,3,,
4291.225,14.212668800000301,-9.811,0.354,0.053,0.007,-0.013,0.006,42.55,35.3479105,-117.809436,629.32,3,,
4292.209,13.031566399999974,-9.844,0.278,0.029,0.007,-0.015,0.007,42.53,35.3479102,-117.8094366,629.414,3,,
4293.193,13.917393199999879,-9.844,0.512,0.23,-0.002,-0.012,0.006,42.5,35.3479098,-117.8094373,629.455,3,,
4294.186,13.031566399999974,-9.82,0.44,0.072,0.002,-0.013,0.006,42.53,35.3479095,-117.8094377,629.558,3,,
4295.275,12.7690991999998,-9.835,0.354,0.005,0.006,-0.013,0.004,42.51,35.347909,-117.809438,629.585,3,,
4296.26,13.917393199999879,-9.83,0.378,0.019,0.015,-0.013,0.005,42.47,35.3479088,-117.8094382,629.626,3,,
4297.246,13.031566399999974,-9.844,0.268,0.043,0.011,-0.013,0.005,42.46,35.3479082,-117.8094387,629.923,3,,
4298.233,14.507944399999815,-9.839,0.383,0.077,0.004,-0.012,0.005,42.47,35.3479078,-117.8094391,629.967,3,,
4299.219,14.212668800000301,-9.815,0.407,-0.014,0.004,-0.012,0.006,42.43,35.3479074,-117.8094397,630.067,3,,
4300.213,13.326841999999942,-9.825,0.364,0.057,0.001,-0.012,0.005,42.39,35.3479073,-117.80944,630.162,3,,
4301.303,13.62211759999991,-9.83,0.421,0.0,0.012,-0.012,0.006,42.39,35.3479073,-117.8094404,630.2,3,,
4302.29,15.065687199999957,-9.835,0.431,0.01,0.016,-0.013,0.005,42.36,35.3479072,-117.8094409,630.215,3,,
4303.275,14.507944399999815,-9.83,0.335,0.033,0.007,-0.012,0.004,42.35,35.3479072,-117.8094411,630.18,3,,
4304.26,13.326841999999942,-9.873,0.345,0.014,0.006,-0.016,0.005,42.38,35.3479074,-117.8094414,630.221,3,,
4305.246,13.031566399999974,-9.854,0.292,0.024,0.007,-0.015,0.006,42.38,35.3479075,-117.8094415,630.23,3,,
4306.232,12.7690991999998,-9.825,0.464,-0.005,0.005,-0.011,0.005,42.36,35.3479073,-117.8094416,630.397,3,,
4307.329,14.770411599999989,-9.811,0.479,0.124,0.004,-0.012,0.006,42.36,35.347907,-117.809442,630.463,3,,
4308.319,12.178548000000319,-9.815,0.416,0.019,0.005,-0.012,0.006,42.33,35.3479067,-117.8094422,630.556,3,,
4309.31,14.507944399999815,-9.83,0.397,0.048,0.007,-0.013,0.005,42.31,35.3479063,-117.8094425,630.644,3,,
4310.295,13.917393199999879,-9.83,0.392,0.062,-0.001,-0.015,0.005,42.31,35.347906,-117.809443,630.686,3,,
4311.285,12.7690991999998,-9.854,0.378,-0.005,0.009,-0.012,0.006,42.31,35.347906,-117.8094432,630.648,3,,
4312.284,13.62211759999991,-9.835,0.397,0.024,0.009,-0.012,0.005,42.26,35.3479059,-117.8094431,630.711,3,,
4313.27,12.7690991999998,-9.835,0.397,0.048,0.002,-0.012,0.005,42.27,35.3479061,-117.8094433,630.622,3,,
4314.254,14.212668800000301,-9.844,0.407,-0.005,0.007,-0.013,0.005,42.26,35.3479061,-117.8094435,630.6,3,,
4315.246,13.62211759999991,-9.835,0.388,0.048,0.006,-0.012,0.005,42.27,35.3479062,-117.8094434,630.565,3,,
4316.233,12.7690991999998,-9.849,0.368,0.187,0.009,-0.013,0.006,42.28,35.3479062,-117.8094432,630.527,3,,
4317.222,13.031566399999974,-9.844,0.373,0.086,0.006,-0.012,0.006,42.28,35.3479063,-117.8094431,630.48,3,,
4318.308,14.507944399999815,-9.849,0.388,0.033,0.005,-0.011,0.005,42.28,35.3479061,-117.809443,630.403,3,,
4319.299,13.917393199999879,-9.839,0.397,0.139,0.002,-0.012,0.005,42.27,35.3479059,-117.8094428,630.568,3,,
4320.286,14.507944399999815,-9.835,0.402,0.115,0.007,-0.013,0.006,42.25,35.3479057,-117.8094427,630.652,3,,
4321.272,14.507944399999815,-9.835,0.354,0.019,0.009,-0.013,0.006,42.24,35.3479056,-117.8094428,630.699,3,,
4322.255,13.326841999999942,-9.83,0.378,0.048,0.011,-0.013,0.005,42.23,35.3479054,-117.809443,630.767,3,,
4323.242,15.951513999999861,-9.839,0.378,0.124,0.005,-0.012,0.005,42.23,35.3479053,-117.8094431,630.827,3,,
4324.233,14.770411599999989,-9.825,0.392,0.057,0.006,-0.012,0.004,42.19,35.3479054,-117.8094429,630.812,3,,
4325.219,15.360962799999925,-9.839,0.397,0.129,0.006,-0.013,0.005,42.19,35.3479054,-117.8094427,630.773,3,,
4326.209,14.212668800000301,-9.839,0.407,0.144,0.006,-0.013,0.004,42.23,35.3479055,-117.8094426,630.716,3,,
4327.194,14.212668800000301,-9.835,0.402,0.153,0.007,-0.012,0.005,42.28,35.3479056,-117.8094425,630.667,3,,
4328.182,14.507944399999815,-9.844,0.407,0.163,0.006,-0.013,0.005,42.32,35.3479059,-117.8094424,630.634,3,,
4329.27,14.212668800000301,-9.839,0.383,0.148,0.006,-0.012,0.004,42.33,35.347906,-117.8094424,630.586,3,,
4330.255,14.770411599999989,-9.835,0.397,0.129,0.005,-0.012,0.005,42.32,35.3479064,-117.8094424,630.56,3,,
4331.253,14.507944399999815,-9.839,0.416,0.215,0.006,-0.013,0.006,42.34,35.3479067,-117.8094422,630.523,3,,
4332.246,13.031566399999974,-9.849,0.407,0.234,0.006,-0.013,0.006,42.41,35.3479069,-117.809442,630.439,3,,
4333.235,14.770411599999989,-9.849,0.412,0.249,0.005,-0.013,0.006,42.42,35.3479074,-117.809442,630.445,3,,
4334.22,15.065687199999957,-9.839,0.407,0.144,0.005,-0.012,0.006,42.4,35.3479074,-117.809443,630.518,3,,
4335.217,15.360962799999925,-9.844,0.412,0.292,0.006,-0.013,0.005,42.39,35.3479076,-117.8094432,630.556,3,,
4336.208,14.507944399999815,-9.835,0.392,0.215,0.006,-0.013,0.006,42.44,35.347908,-117.8094431,630.545,3,,
4337.198,15.360962799999925,-9.844,0.402,0.22,0.005,-0.012,0.005,42.44,35.3479084,-117.8094429,630.535,3,,
4338.283,14.507944399999815,-9.839,0.397,0.158,0.006,-0.011,0.005,42.47,35.3479089,-117.8094427,630.482,3,,
4339.277,14.507944399999815,-9.849,0.402,0.22,0.006,-0.013,0.006,42.45,35.3479094,-117.8094426,630.372,3,,
4340.273,16.246789600000284,-9.839,0.402,0.158,0.007,-0.012,0.006,42.38,35.3479099,-117.8094426,630.337,3,,
4341.258,15.065687199999957,-9.844,0.421,0.215,0.006,-0.012,0.005,42.35,35.3479102,-117.8094427,630.182,3,,
4342.242,15.951513999999861,-9.906,0.115,0.287,0.012,-0.013,0.007,42.43,35.3479106,-117.8094428,630.074,3,,
4343.23,14.770411599999989,-9.839,0.569,0.335,0.001,-0.013,0.007,42.47,35.3479109,-117.809443,629.944,3,,
4344.218,15.065687199999957,-9.854,0.416,0.263,0.007,-0.012,0.006,42.44,35.3479114,-117.8094429,629.841,3,,
4345.204,14.507944399999815,-9.849,0.378,0.225,0.002,-0.013,0.005,42.46,35.347912,-117.8094431,629.823,3,,
4346.19,15.656238399999893,-9.844,0.373,0.187,0.005,-0.013,0.007,42.45,35.3479124,-117.8094435,629.806,3,,
4347.178,16.246789600000284,-9.849,0.412,0.273,0.002,-0.012,0.006,42.45,35.3479124,-117.8094435,629.953,3,,
4348.164,15.656238399999893,-9.849,0.421,0.287,0.005,-0.013,0.005,42.46,35.3479127,-117.8094435,630.069,3,,
4349.252,15.360962799999925,-9.849,0.426,0.321,0.006,-0.011,0.006,42.48,35.3479132,-117.8094433,630.16,3,,
4350.238,15.065687199999957,-9.854,0.421,0.321,0.006,-0.012,0.005,42.5,35.3479136,-117.8094433,630.222,3,,
4351.226,16.509256800000003,-9.849,0.44,0.263,0.005,-0.015,0.006,42.54,35.347914,-117.8094432,630.303,3,,
4352.212,15.065687199999957,-9.849,0.407,0.316,0.006,-0.015,0.005,42.58,35.3479145,-117.8094429,630.345,3,,
4353.202,82.15886520000004,-65.913,9.523,0.086,0.661,-0.138,0.136,42.58,35.3479067,-117.80945,631.006,3,,
4354.293,348.3006059999998,-63.032,-9.308,-2.886,3.787,0.026,0.316,42.65,35.3478999,-117.8094506,633.795,3,,
4355.283,803.7140064,-48.814,24.56,-6.547,8.798,-0.307,0.955,42.71,35.3479324,-117.8093567,637.205,3,,
4356.274,1459.5867307999997,-66.358,13.984,3.072,13.416,-0.798,-1.087,42.73,35.3479767,-117.8092319,640.535,0,,
4357.265,2219.5933168,-49.57,5.915,1.249,16.696,-0.395,-0.639,42.73,35.3479613,-117.8093022,645.709,3,,
4358.265,2943.8387468,-24.091,7.485,-2.742,17.732,-0.76,-0.385,42.73,35.347971,-117.809301,651.183,3,,
4359.158,3762.1458596,-12.05,7.628,-2.34,18.784,-0.296,-0.358,42.73,35.3480221,-117.8092906,656.619,3,,
4360.147,4626.745624799999,-4.388,6.494,-4.211,18.823,-0.877,-0.373,42.78,35.3480718,-117.8092753,661.429,3,,
4361.237,5398.9241272,-0.766,7.284,-4.857,11.661,-0.825,-0.381,42.8,35.3481275,-117.8092726,666.187,3,,
4362.226,6135.7679828,1.838,7.384,-4.455,18.278,-1.018,-0.398,42.83,35.3480947,-117.8092749,653.637,3,,
4363.214,6843.018661599999,2.795,4.901,-1.838,17.871,-0.827,-0.453,42.86,35.348048,-117.8092969,655.351,3,,
4364.204,7503.8454544,3.206,5.197,-4.685,17.33,-0.776,-0.384,42.9,35.3479868,-117.8093138,651.833,3,,
4365.195,8112.047573599999,3.762,5.168,-3.087,16.326,-0.805,-0.378,42.93,35.3479411,-117.8093544,652.473,3,,
4366.183,8714.3113724,4.001,2.713,-1.785,15.649,-0.676,-0.349,42.94,35.3479024,-117.8094047,652.917,3,,
4367.172,9292.789081199999,3.891,4.465,-2.302,14.931,-0.665,-0.374,42.96,35.3478598,-117.8094708,652.855,3,,
4368.266,9744.462324,3.182,4.092,-2.828,14.521,-0.685,-0.342,42.95,35.3478115,-117.8095527,653.157,3,,
4369.155,10266.7064352,2.785,3.762,-2.087,13.983,-0.623,-0.297,42.94,35.3477649,-117.8096639,654.602,3,,
4370.252,10653.6815132,2.45,3.934,-2.374,13.479,-0.635,-0.309,42.93,35.3477198,-117.809773,655.232,3,,
4371.141,11076.5489808,2.063,3.149,-2.173,12.8,-0.574,-0.293,42.92,35.3476684,-117.8098933,655.912,3,,
4372.23,11431.2734016,1.795,2.948,-1.412,11.982,-0.557,-0.291,42.91,35.3476091,-117.8100354,657.244,3,,
4373.219,11779.206483599999,1.512,2.383,-1.134,11.274,-0.551,-0.26,42.88,35.3475462,-117.8101876,658.069,3,,
4374.209,12074.5805088,1.201,1.976,-0.967,10.563,-0.514,-0.243,42.84,35.345708,-117.8153024,4450.717,3,,
4375.201,12312.408600400002,0.89,1.598,-0.852,9.602,-0.424,-0.271,42.82,35.3455762,-117.8155614,4536.897,3,,
4376.189,12570.512283199998,0.737,1.345,-0.498,8.473,-0.402,-0.169,42.79,35.3454675,-117.8158397,4614.689,3,,
4377.285,12745.8075644,0.488,1.091,-0.498,7.591,-0.307,-0.137,42.77,35.3453669,-117.8161237,4684.378,3,,
4378.283,12923.3994336,0.378,0.761,-0.211,6.523,-0.232,-0.175,42.75,35.3452727,-117.8164039,4747.533,3,,
4379.274,13050.2038996,0.234,0.646,-0.081,5.671,-0.176,-0.131,42.73,35.3451894,-117.8166851,4800.68,3,,
4380.264,13166.1487852,0.182,0.464,-0.038,4.76,-0.211,0.022,42.72,35.3450984,-117.816963,4840.018,3,,
4381.256,13286.949314000001,0.182,0.244,0.144,4.005,-0.384,-0.148,42.69,35.3450042,-117.8172378,4868.267,3,,
4382.254,13290.919130400001,0.12,0.187,0.081,3.519,0.065,-0.194,42.71,35.3449101,-117.8175074,4887.969,3,,
4383.244,13373.0385556,0.273,0.201,0.177,3.189,-0.453,0.083,42.67,35.344818,-117.8177801,4896.395,3,,
4384.235,13401.188162800001,2.565,-3.092,-0.804,0.557,-5.587,-2.722,42.61,35.3446998,-117.8180755,4896.283,3,,
4385.231,13251.4506252,115.607,-13.486,-43.31,1.833,2.54,1.587,42.35,35.3446054,-117.8183361,4890.234,3,,
4386.226,13318.543803199998,4.499,0.345,3.254,0.077,0.217,-0.447,42.3,35.3445893,-117.8184357,4883.451,3,,
4387.317,13194.560859599998,38.477,-4.154,-3.699,-3.373,0.949,-2.628,42.34,35.3446368,-117.8184298,4870.836,3,,
4388.207,13180.157972,7.887,-3.651,0.383,-1.582,0.093,0.406,42.25,35.344633,-117.8184215,4864.903,3,,
4389.298,13148.268207199999,10.691,-1.383,-3.843,-1.663,4.744,0.392,42.24,35.3446148,-117.8184373,4855.596,3,,
4390.192,13135.604164800001,9.892,-5.322,-0.948,-3.45,3.401,1.064,42.18,35.3446134,-117.8184581,4844.46,3,,
4391.282,13100.6960272,8.696,-4.518,-2.527,-6.633,1.619,2.029,42.16,35.3446224,-117.8184881,4832.501,3,,
4392.176,13034.5214844,10.997,-3.403,-2.273,-5.185,2.762,1.15,42.13,35.3446365,-117.8185345,4820.341,3,,
4393.273,13007.1264704,12.936,0.55,1.598,-4.443,1.56,-0.391,42.12,35.3446556,-117.818584,4808.598,3,,
4394.161,12979.3377556,15.539,4.336,-2.565,-4.137,-0.319,-0.552,42.04,35.3446801,-117.8186705,4798.092,3,,
4395.259,12957.224894,9.188,5.432,1.211,-0.202,0.432,-1.346,41.95,35.3447504,-117.8187838,4787.378,3,,
4396.253,12893.937490400001,10.906,2.862,-4.173,1.348,-0.608,-2.354,41.98,35.3448577,-117.8188618,4775.915,3,,
4397.248,12883.110718400001,10.811,5.36,-0.565,3.726,2.665,-1.307,42.0,35.3449714,-117.8189095,4765.399,3,,
4398.237,12843.773446800002,9.342,-3.025,-5.015,1.034,-0.897,3.357,42.01,35.3450748,-117.8189707,4754.448,3,,
4399.229,12825.171084000001,8.916,2.364,2.632,-1.543,-3.24,-0.203,41.96,35.345169,-117.8190478,4744.399,3,,
4400.219,12841.608092399998,5.001,-2.225,2.182,-0.645,-0.635,-0.828,41.9,35.3452705,-117.8191252,4734.68,3,,
4401.215,12760.8994284,8.499,3.096,1.661,2.428,0.953,-0.412,41.91,35.3453779,-117.8191963,4723.502,3,,
4402.209,12711.358744399999,14.836,5.834,-3.12,2.863,-0.007,-0.744,41.91,35.3454674,-117.8192426,4711.458,3,,
4403.304,12679.1080872,7.892,3.197,-2.953,-1.145,-0.293,0.432,41.89,35.3455529,-117.8192924,4700.718,3,,
4404.202,12633.996537199999,7.289,0.206,-5.934,1.057,0.324,-0.302,41.88,35.3456424,-117.8193665,4690.832,3,,
4405.294,12601.8114968,6.69,0.536,-5.446,0.429,0.215,1.096,41.69,35.3457213,-117.8194563,4680.528,3,,
4406.185,12585.9322312,11.763,3.517,-5.728,0.987,1.239,-1.339,41.55,35.3457988,-117.8195423,4669.718,3,,
4407.275,12562.3758,7.705,-3.541,-5.805,0.826,1.487,-0.241,41.47,35.3458757,-117.8196375,4659.854,3,,
4408.178,12501.188134000002,15.099,0.388,-7.102,-1.456,-1.392,-1.721,41.45,35.3459419,-117.8197386,4649.424,3,,
4409.275,12480.256374800001,7.528,-1.072,-4.987,-1.613,-0.799,0.198,41.26,35.3459983,-117.8198457,4639.087,3,,
4410.269,12447.8088672,6.432,0.005,-5.566,-0.655,-0.038,1.213,41.11,35.346061,-117.819951,4628.638,3,,
4411.258,12405.1579472,7.432,1.326,-5.724,0.45,0.667,0.404,41.02,35.3461313,-117.8200519,4617.942,3,,
4412.261,12400.8928552,7.25,4.192,-1.464,1.522,0.341,-0.881,41.08,35.3462018,-117.820142,4607.548,3,,
4413.253,12361.2931164,7.839,4.307,-2.441,0.316,0.599,-0.18,41.12,35.3462664,-117.8202306,4596.811,3,,
4414.242,12318.346920799999,7.552,5.125,-1.565,0.833,-0.099,0.898,41.15,35.3463213,-117.8203233,4586.165,3,,
4415.23,12282.2576808,8.696,2.091,-5.752,-0.484,1.664,-0.743,41.07,35.346366,-117.8204133,4575.684,3,,
4416.221,12257.2248716,7.284,-1.479,-5.212,2.142,-0.415,0.205,40.97,35.3464061,-117.8205159,4565.865,3,,
4417.214,12213.1631904,7.155,0.89,-5.532,-0.96,0.257,1.217,40.89,35.3464279,-117.8206183,4555.365,3,,
4418.203,12211.0306444,11.002,5.829,0.67,-0.679,-1.085,-2.103,40.85,35.3464391,-117.8207037,4544.351,3,,
4419.2,12211.0306444,8.657,-1.149,4.805,1.15,0.17,-0.12,40.85,35.3464582,-117.8207913,4534.041,3,,
4420.189,12122.6776232,8.14,2.584,-4.36,2.415,1.089,-0.224,40.84,35.3464996,-117.8208857,4524.214,3,,
4421.179,12086.3915328,10.107,1.819,-6.126,-2.656,0.513,-1.041,40.78,35.3465635,-117.8209668,4514.671,3,,
4422.174,12069.5280152,3.862,1.747,-2.819,1.822,0.21,-0.513,40.74,35.3466174,-117.8210464,4505.332,3,,
4423.165,12079.206493199998,9.366,-0.507,5.116,2.88,-2.492,2.632,40.72,35.3466525,-117.8211187,4495.014,3,,
4424.257,11985.341660799999,6.398,1.335,-3.618,1.232,0.847,1.162,40.74,35.3466712,-117.8211851,4484.229,3,,
4425.247,11977.7629204,8.136,5.288,-2.163,2.9,1.465,0.269,40.62,35.3466635,-117.8212455,4472.525,3,,
4426.24,11917.329847600002,10.035,-0.345,-6.078,-2.053,0.594,1.136,40.62,35.3466346,-117.8212802,4461.023,3,,
4427.236,11895.085752399998,9.49,4.465,-0.852,1.721,0.094,1.514,40.5,35.3465814,-117.8212807,4450.42,3,,
4428.227,11856.9623916,10.983,2.326,-2.661,0.634,0.986,0.911,40.52,35.3465181,-117.821253,4439.036,3,,
4429.216,11810.9650148,8.475,0.407,-5.59,0.006,1.924,1.911,40.51,35.346471,-117.8212102,4427.77,3,,
4430.21,11790.919082399998,10.921,-0.952,-4.676,-1.436,0.027,-0.525,40.45,35.3464318,-117.8211773,4417.438,3,,
4431.205,11763.753727199999,7.834,2.972,-4.14,-0.881,-0.2,0.69,40.21,35.3463677,-117.8211846,4407.295,3,,
4432.196,11720.381022399999,7.758,2.962,-5.092,-0.892,0.919,0.441,40.12,35.3463041,-117.8212342,4396.107,3,,
4433.187,11681.240601200001,10.849,4.661,-5.283,2.453,0.368,-1.721,40.17,35.3462648,-117.8213029,4384.436,3,,
4434.177,11637.5726208,7.312,1.431,-4.819,0.492,1.433,-1.181,40.03,35.3462434,-117.8213775,4373.902,3,,
4435.269,11610.571307600001,8.973,-0.239,-5.738,2.658,-0.294,-0.391,39.94,35.3462325,-117.8214519,4363.788,3,,
4436.164,11576.942697600001,8.514,0.373,-6.188,-0.632,-0.395,-0.684,39.97,35.3462131,-117.8215198,4353.97,3,,
4437.26,11554.534560400001,8.073,2.541,-4.848,1.547,0.342,-1.09,39.75,35.3461785,-117.8215716,4343.982,3,,
4438.251,11537.5726176,8.236,-5.949,-1.886,-0.849,1.465,0.029,39.75,35.3461338,-117.8215815,4333.298,3,,
4439.239,11512.310149599998,7.116,5.058,-1.412,0.314,-0.616,1.291,39.75,35.3460983,-117.82156,4322.267,3,,
4440.229,11456.8639536,11.907,2.934,-3.556,1.378,1.313,1.407,39.76,35.3460674,-117.821506,4312.597,3,,
4441.218,11413.917758,8.198,-1.857,-5.293,-1.256,3.114,1.648,39.6,35.3460313,-117.8214328,4302.357,3,,
4442.208,11445.3153968,7.375,-0.445,5.413,-0.506,0.032,-0.549,39.49,35.3460006,-117.8213754,4291.265,3,,
4443.201,11341.804894800001,8.145,1.373,-6.542,2.018,-1.426,-2.142,39.56,35.3459774,-117.8213377,4279.606,3,,
4444.194,11322.874447999999,8.375,3.776,2.479,4.734,1.026,2.276,39.56,35.3459538,-117.8213219,4268.426,3,,
4445.189,11330.256338,7.848,-1.201,4.886,1.836,-0.445,-0.447,39.51,35.3459236,-117.8213324,4256.961,3,,
4446.181,11264.0817952,22.43,4.604,-0.632,1.445,-2.913,3.147,39.45,35.345914,-117.8213889,4246.782,3,,
4447.273,11238.6224768,11.629,-4.317,-5.484,4.01,1.673,-0.386,39.25,35.3459899,-117.8214483,4234.928,3,,
4448.165,11252.5988552,9.686,-5.728,7.035,1.064,-0.316,3.086,38.98,35.3460986,-117.8214442,4221.864,3,,
4449.261,11137.441371199999,8.815,-3.364,-2.0,-1.745,0.516,0.887,39.08,35.346184,-117.8213982,4209.087,3,,
4450.268,11146.4308728,10.055,0.598,4.508,-3.417,1.069,0.081,39.04,35.3462494,-117.8213643,4197.651,3,,
4451.259,11083.8980624,7.968,1.752,3.996,2.97,0.068,-0.551,39.06,35.3463093,-117.8213469,4187.431,3,,
4452.251,11045.971552,9.059,4.676,0.258,0.365,0.263,-1.212,39.06,35.3463785,-117.8213332,4178.073,3,,
4453.236,11020.6762756,7.896,4.446,-0.66,0.314,0.583,-1.184,39.05,35.3464604,-117.821335,4168.963,3,,
4454.229,10969.3967464,7.092,-0.297,-6.307,-0.853,0.579,0.596,38.96,35.346542,-117.8213603,4159.629,3,,
4455.219,10947.4479268,11.151,2.57,-4.934,-1.69,-0.005,0.766,38.8,35.3466183,-117.8213931,4149.778,3,,
4456.214,10933.209081199999,9.945,5.063,-1.527,-1.662,-0.312,0.14,38.82,35.3467013,-117.8214096,4139.562,3,,
4457.212,10890.1644604,10.27,4.987,0.689,1.675,-1.246,1.445,38.81,35.3467863,-117.821411,4129.863,3,,
4458.211,10845.1513356,10.816,-0.823,-3.278,0.418,0.547,0.734,38.62,35.3468715,-117.8213876,4120.328,3,,
4459.2,10841.1159024,11.849,-3.977,-3.91,0.639,1.541,0.852,38.38,35.3469437,-117.8213073,4110.104,3,,
4460.193,10798.2025152,6.786,-6.992,-6.083,-1.047,-0.986,0.911,38.38,35.346963,-117.8212044,4097.717,3,,
4461.185,10764.639522000001,10.04,2.388,4.015,-3.019,-3.151,-0.039,38.39,35.346964,-117.8211252,4086.211,3,,
4462.275,10733.1106496,9.61,2.919,3.537,3.112,0.044,3.723,38.39,35.3469642,-117.8210637,4075.891,3,,
4463.263,10694.790438400001,6.532,-4.312,-1.44,1.068,-0.426,-0.296,38.4,35.3469564,-117.8210064,4065.761,3,,
4464.26,10658.1106472,7.595,-4.762,-3.862,-0.82,-0.233,-1.17,38.32,35.3469563,-117.8209475,4055.362,3,,
4465.256,10605.3875484,6.709,1.129,-5.417,-1.058,0.568,0.799,38.21,35.3469764,-117.820879,4046.166,3,,
4466.247,10572.054214,7.466,0.445,-6.312,-1.034,-0.794,0.9,38.04,35.3470078,-117.8208126,4036.032,3,,
4467.246,10566.017468400001,8.786,4.101,-3.474,0.721,1.284,-0.604,38.05,35.3470333,-117.8207556,4026.048,3,,
4468.236,10533.9308532,7.14,-1.172,-4.278,2.112,0.386,0.452,38.04,35.34707,-117.8206925,4017.218,3,,
4469.234,10510.2759968,7.504,-3.316,-4.542,0.242,0.378,0.396,37.91,35.3471279,-117.8206331,4008.45,3,,
4470.223,10474.1867568,8.992,-1.699,-5.039,-1.045,0.158,1.28,37.95,35.3471909,-117.8205811,3999.746,3,,
4471.216,10432.9794064,6.298,0.301,-4.848,-1.227,0.172,-0.187,37.86,35.3472191,-117.8205287,3990.771,3,,
4472.204,10391.443972000001,9.614,0.555,-6.389,-1.181,0.676,1.285,37.5,35.3472057,-117.8204929,3979.422,3,,
4473.206,10387.0476464,8.432,2.723,-4.68,3.31,1.666,-1.241,37.33,35.3471744,-117.8204798,3967.216,3,,
4474.199,10356.6998764,8.198,-4.824,-0.579,3.195,-1.913,-1.429,37.48,35.347156,-117.8204653,3955.752,3,,
4475.194,10343.543708,8.504,1.139,5.776,0.396,0.484,0.043,37.4,35.3471518,-117.8204317,3945.47,3,,
4476.178,10269.462340799999,11.151,3.967,-3.297,2.613,-2.359,0.054,37.47,35.3471571,-117.8204024,3935.531,3,,
4477.282,10238.8521036,8.935,-1.833,-4.685,-1.372,-1.156,1.252,37.4,35.3471742,-117.82038,3925.984,3,,
4478.272,10207.4872732,10.002,1.886,-5.771,-0.015,0.011,0.988,37.27,35.3471951,-117.8203493,3917.035,3,,
4479.26,10206.6998716,8.274,4.245,-1.417,0.177,0.511,-1.024,37.3,35.3472236,-117.8203136,3907.929,3,,
4480.25,10165.0332036,7.47,2.991,-3.599,0.916,0.154,1.488,37.33,35.3472767,-117.8202799,3898.858,3,,
4481.243,10134.5213916,11.203,4.79,-4.537,-0.279,0.429,1.363,37.32,35.3473418,-117.8202552,3888.94,3,,
4482.236,10083.865222,8.571,-0.737,-3.762,1.985,0.419,1.438,37.32,35.3474106,-117.8202362,3879.487,3,,
4483.225,10086.6211276,8.815,-5.078,-2.158,2.055,0.53,-0.707,37.29,35.3474769,-117.8202134,3870.235,3,,
4484.216,10050.2694204,7.025,-0.239,0.723,-1.284,-0.58,-1.31,37.2,35.3475322,-117.8201733,3862.05,3,,
4485.208,10020.676243599999,9.337,-4.226,0.033,0.067,1.163,-3.974,37.16,35.3475669,-117.8201274,3853.049,3,,
4486.197,9993.0515708,14.836,1.637,0.029,2.651,-4.777,2.122,37.15,35.3475744,-117.8200914,3842.626,3,,
4487.188,9949.3179736,6.954,-0.019,-1.536,3.962,0.22,-1.233,37.03,35.3475534,-117.8200803,3831.515,3,,
4488.178,9920.184114399999,12.146,3.517,-3.599,1.892,2.517,1.695,37.06,35.3475375,-117.820083,3820.975,3,,
4489.168,9893.0515676,9.284,-4.221,1.795,-0.094,-2.283,-1.892,37.05,35.3475466,-117.8200761,3811.156,3,,
4490.263,9854.9610152,7.255,-4.618,-2.268,-4.131,1.212,2.711,37.02,35.347573,-117.8200604,3801.139,3,,
4491.261,9876.9426432,9.26,-2.867,3.455,-3.15,1.307,-2.713,36.95,35.3476091,-117.8200569,3791.752,3,,
4492.25,9811.8179692,8.107,3.489,-3.178,-1.939,-0.513,-1.107,36.94,35.3476544,-117.8200481,3783.31,3,,
4493.24,9761.6539256,8.174,2.469,-4.36,-0.132,-1.685,0.291,36.93,35.3476979,-117.8200345,3774.936,3,,
4494.229,9778.5174432,7.753,3.211,3.608,-0.331,1.482,0.81,36.89,35.3477357,-117.820022,3766.228,3,,
4495.227,9718.6421132,9.567,2.627,-3.924,0.904,0.811,-0.707,36.86,35.3477727,-117.8200066,3757.391,3,,
4496.218,9687.8022172,9.322,2.063,-6.173,-1.603,-0.071,0.727,36.77,35.3478229,-117.8199931,3748.8,3,,
4497.209,9658.8980168,5.834,2.35,-4.101,1.826,0.263,0.25,36.69,35.3478813,-117.8199888,3739.909,3,,
4498.269,9639.4098272,10.954,4.475,0.22,-1.06,2.453,-2.039,36.68,35.3479324,-117.819987,3730.06,3,,
4499.255,9611.3586452,9.82,4.379,3.699,-1.545,0.062,1.229,36.62,35.3479778,-117.8199786,3720.184,3,,
4500.246,9592.6578572,6.719,3.45,3.168,-0.11,0.216,0.143,36.62,35.3480137,-117.8199577,3710.45,3,,
4501.239,9562.3100872,6.413,4.254,1.464,2.538,0.408,0.814,36.65,35.3480397,-117.8199349,3700.635,3,,
4502.232,9508.7011616,9.227,3.876,-0.828,-4.96,-0.75,0.744,36.62,35.3480731,-117.8199295,3689.993,3,,
4503.223,9485.76809,10.615,3.106,-3.503,-5.242,-0.954,2.619,36.45,35.3481087,-117.8199293,3679.646,3,,
4504.214,9463.294336,4.546,-3.733,-0.148,-2.596,0.467,-0.568,36.38,35.3481315,-117.8198951,3670.788,3,,
4505.208,9417.198534,7.825,-2.603,-3.915,0.612,0.913,-1.995,36.34,35.3481263,-117.8198355,3661.265,3,,
4506.198,9437.703784,13.898,-5.695,0.885,-1.125,-0.481,-4.58,36.27,35.3480867,-117.8197835,3651.278,3,,
4507.195,9355.682783999999,5.14,-3.747,-4.642,-0.298,1.892,-1.458,36.27,35.3480237,-117.8197804,3640.653,3,,
4508.192,9324.8100796,8.155,2.57,-3.47,-2.811,-1.013,0.204,36.28,35.3479671,-117.8197968,3629.197,3,,
4509.182,9284.2917056,7.973,4.01,2.211,0.913,0.327,1.179,36.26,35.3479102,-117.8198219,3619.128,3,,
4510.174,9239.6066648,7.997,1.976,-4.805,-1.175,-0.803,1.086,36.25,35.34785,-117.8198519,3609.917,3,,
4511.27,9229.9938036,8.059,3.144,-4.465,1.631,0.634,-1.778,36.23,35.3477894,-117.8198912,3600.301,3,,
4512.265,9203.845508800001,7.389,2.991,-1.082,-0.035,0.326,1.313,36.21,35.347729,-117.8199082,3590.206,3,,
4513.255,9161.5554812,7.193,4.178,-2.154,0.55,0.382,2.615,36.19,35.3476747,-117.8198927,3579.882,3,,
4514.246,9113.9833012,8.576,-0.971,-6.547,0.838,-0.502,-1.173,36.16,35.34763,-117.819872,3568.877,3,,
4515.244,9078.3533788,6.944,1.029,-4.695,-0.01,0.007,0.127,36.04,35.3475943,-117.8198412,3558.645,3,,
4516.235,9082.946554799999,7.944,4.704,1.096,1.327,0.536,0.927,35.98,35.3475641,-117.8197976,3548.406,3,,
4517.228,9027.8284428,10.758,4.374,-3.13,0.563,-0.342,0.773,36.0,35.347552,-117.8197468,3538.387,3,,
4518.218,8999.9413028,5.929,3.541,-3.436,0.411,0.634,-0.604,35.98,35.3475569,-117.81968,3528.939,3,,
4519.21,8970.151275600001,8.916,1.565,0.206,0.69,0.72,0.924,35.94,35.3475741,-117.8196105,3518.225,3,,
4520.193,8955.6499628,7.959,-0.44,6.303,1.036,-0.319,0.579,35.93,35.3475795,-117.8195674,3506.759,3,,
4521.185,8893.904553999999,6.566,5.465,-0.263,-0.518,0.216,0.055,35.91,35.3475604,-117.8195523,3494.55,3,,
4522.28,8871.8245008,11.423,5.781,-1.431,0.545,2.671,1.41,35.82,35.3475284,-117.8195318,3482.533,3,,
4523.17,8815.1972024,10.079,6.068,-3.632,0.936,-0.307,0.726,35.81,35.3475221,-117.8195008,3469.964,3,,
4524.26,8798.4977268,2.79,-1.273,-1.306,-3.861,2.327,-0.445,35.79,35.3475201,-117.819506,3460.49,3,,
4525.26,8749.941294799999,9.437,3.982,-0.708,-0.836,1.13,3.626,35.76,35.3475061,-117.8195533,3450.194,3,,
4526.255,8715.8533672,21.425,3.991,1.196,-1.84,-3.379,-1.94,35.72,35.3474923,-117.8195989,3439.104,3,,
4527.25,8703.3533668,9.107,-4.283,-1.708,-4.765,1.108,2.144,35.66,35.3475421,-117.8196317,3428.44,3,,
4528.24,8678.386174399999,8.461,4.996,3.68,-2.301,1.224,-1.349,35.46,35.3476248,-117.8196412,3417.481,3,,
4529.231,8635.3087452,11.074,5.384,-1.512,-0.495,-1.153,-1.184,35.42,35.3476919,-117.8196256,3405.831,3,,
4530.227,8581.3389272,10.031,4.044,-3.757,-0.699,1.494,1.107,35.41,35.3477413,-117.819583,3395.31,3,,
4531.217,8557.2247532,10.782,4.355,0.067,0.567,1.378,0.979,35.38,35.3477857,-117.8195366,3385.237,3,,
4532.208,8519.9544108,8.384,4.408,-1.474,-0.766,-0.253,-0.15,35.39,35.3478446,-117.8195085,3375.434,3,,
4533.202,8476.3192388,6.556,1.311,-4.613,2.088,-0.175,0.137,35.35,35.3479122,-117.8195034,3365.123,3,,
4534.193,8468.051522,7.686,4.422,-2.675,-2.126,1.186,0.387,35.24,35.3479764,-117.819504,3354.794,3,,
4535.182,8417.3953524,8.265,4.671,-1.842,3.097,0.481,0.323,35.2,35.348038,-117.8194962,3344.554,3,,
4536.173,8375.4006004,9.686,-1.35,-5.121,-1.693,-0.312,0.051,35.23,35.3481007,-117.8194937,3334.427,3,,
4537.268,8357.815298,6.805,2.402,0.33,0.318,0.847,-1.178,35.18,35.3481646,-117.8194995,3324.459,3,,
4538.257,8347.31661,11.725,1.517,4.336,-1.33,0.92,0.062,35.12,35.3482236,-117.8195158,3314.656,3,,
4539.253,8310.2759264,10.418,1.718,1.962,-0.175,0.421,1.236,35.09,35.3482851,-117.8195328,3305.029,3,,
4540.253,8292.7234324,9.232,0.584,3.723,0.626,-0.557,-1.012,35.09,35.3483446,-117.819564,3295.374,3,,
4541.242,8254.2719876,8.164,5.212,-0.617,-0.776,0.07,-0.717,35.05,35.3484028,-117.8196023,3285.3,3,,
4542.234,8197.9727732,8.796,2.23,-5.02,0.131,-0.336,0.151,35.01,35.3484633,-117.8196384,3275.732,3,,
4543.226,8174.8756596,8.064,5.293,-0.651,0.981,0.187,1.565,34.98,35.348517,-117.8196879,3266.358,3,,
4544.229,8146.2339264,9.031,4.36,-3.967,-1.162,1.048,-0.616,34.93,35.3485626,-117.8197453,3256.947,3,,
4545.218,8129.5016424000005,7.93,4.293,-1.177,-1.092,0.375,-0.949,34.85,35.3486083,-117.8198032,3247.973,3,,
4546.212,8099.777232,9.428,4.01,-1.972,-0.353,0.892,1.122,34.82,35.3486606,-117.8198653,3239.286,3,,
4547.207,8066.771981599999,8.131,4.757,-1.024,0.531,-0.033,1.359,34.8,35.3487019,-117.8199431,3230.252,3,,
4548.202,8035.243109200001,10.519,4.025,-0.498,0.996,0.819,-0.432,34.76,35.3487317,-117.8200254,3220.861,3,,
4549.193,8009.6853656,8.011,5.058,-0.316,-1.932,-0.688,-0.561,34.75,35.3487454,-117.8201031,3212.253,3,,
4550.189,7983.7667296,8.03,3.474,-2.795,0.28,0.518,0.037,34.7,35.3487494,-117.8201764,3203.438,3,,
4551.18,7947.9071484000015,7.336,4.015,-3.13,-0.044,-0.272,0.882,34.65,35.348759,-117.8202478,3194.981,3,,
4552.274,7925.0068852,8.806,5.068,-2.359,-0.479,0.656,-1.264,34.66,35.3487765,-117.8203173,3185.963,3,,
4553.265,7885.866463999999,9.791,0.976,-5.858,-1.018,-1.809,1.676,34.66,35.3488009,-117.8203801,3176.498,3,,
4554.262,7874.088248400001,7.939,4.599,1.383,-0.055,0.768,-0.949,34.51,35.3488372,-117.8204387,3166.939,3,,
4555.254,7838.327092400001,6.427,4.25,-2.426,0.687,0.723,0.918,34.52,35.3488659,-117.8205026,3157.309,3,,
4556.243,7812.1787976,7.896,-1.455,-5.599,0.272,-1.084,-0.529,34.51,35.3488887,-117.8205619,3147.437,3,,
4557.241,7776.516066800001,9.734,-2.78,-4.039,-0.39,1.499,-1.728,34.44,35.3489219,-117.8206128,3138.049,3,,
4558.239,7753.386144799999,8.174,3.527,-4.001,-2.399,-0.021,2.028,34.37,35.3489795,-117.8206443,3128.762,3,,
4559.228,7721.4307632,7.547,5.288,2.101,2.683,0.105,0.717,34.28,35.3490453,-117.820656,3119.3,3,,
4560.222,7696.1354868,7.691,4.522,-1.775,1.228,-0.133,-0.845,34.32,35.3491128,-117.8206601,3109.638,3,,
4561.214,7656.9294488,7.236,2.565,-4.14,1.07,1.505,0.781,34.32,35.3491809,-117.8206738,3100.145,3,,
4562.204,7618.8388964000005,10.954,-1.038,-3.857,0.865,0.119,1.995,34.32,35.3492465,-117.8206835,3090.289,3,,
4563.195,7600.564617599999,9.399,-4.355,-2.053,0.464,0.398,0.348,34.28,35.3493092,-117.820686,3080.711,3,,
4564.183,7579.7312836,8.696,-5.269,-0.426,-0.374,-0.057,0.695,34.19,35.3493732,-117.8206798,3071.082,3,,
4565.179,7556.010810399999,7.351,-4.963,-3.953,-0.138,-0.892,0.972,34.17,35.3494363,-117.8206796,3061.245,3,,
4566.176,7495.8073964,8.27,1.249,-5.451,-0.621,-0.595,1.178,34.11,35.3494979,-117.8206835,3051.285,3,,
4567.167,7473.957002000001,9.911,5.566,-2.469,1.448,0.789,0.255,33.98,35.3495578,-117.820684,3041.06,3,,
4568.254,7427.0409899999995,13.074,1.699,-5.197,3.554,1.51,1.687,34.0,35.3496034,-117.8207057,3030.62,3,,
4569.243,7407.3887584,11.438,-1.656,2.302,1.238,-2.722,1.703,33.98,35.3496509,-117.8207452,3020.916,3,,
4570.237,7369.2653976,10.007,-2.656,-4.106,-5.091,1.451,0.33,33.89,35.3496862,-117.8208013,3011.308,3,,
4571.235,7346.0370504,10.318,1.105,1.364,1.644,-0.671,0.684,33.83,35.3496855,-117.8208787,3001.215,3,,
4572.232,7318.1499103999995,12.103,-1.943,-0.928,0.313,-0.88,2.137,33.83,35.3496561,-117.8209492,2990.523,3,,
4573.228,7281.207652000001,9.638,-0.292,1.192,0.69,-1.761,2.051,33.85,35.3496078,-117.8209915,2980.439,3,,
4574.222,7245.413687599999,7.887,2.646,-3.967,-1.147,0.184,1.756,33.85,35.3495667,-117.8210192,2970.859,3,,
4575.217,7223.366442799999,9.236,5.432,0.794,1.583,-0.506,1.417,33.84,35.3495591,-117.8210571,2960.933,3,,
4576.208,7177.5002996,8.739,1.704,-5.106,-0.764,-0.09,0.469,33.81,35.3495824,-117.8210944,2950.73,3,,
4577.201,7143.6092224,7.284,-0.182,-5.853,-0.727,-1.175,1.04,33.77,35.3496284,-117.8211113,2940.26,3,,
4578.2,7123.432056400001,9.619,4.36,-2.632,0.144,-0.412,1.256,33.77,35.3496757,-117.8211002,2929.678,3,,
4579.195,7101.122344399999,8.715,5.149,-2.374,1.246,0.131,-0.463,33.76,35.349721,-117.8210579,2919.784,3,,
4580.19,7057.5855976,8.346,4.862,-2.623,-0.109,-0.04,0.379,33.71,35.3497533,-117.8209991,2909.692,3,,
4581.184,7034.226016799999,12.022,4.743,-0.311,-0.441,2.385,-1.211,33.7,35.3497581,-117.820945,2899.663,3,,
4582.177,6998.3336272,9.686,5.202,-0.287,0.247,0.633,0.489,33.67,35.3497382,-117.8208878,2890.688,3,,
4583.27,6985.800818400001,8.753,5.422,-0.89,-0.936,-0.293,-1.037,33.64,35.3497039,-117.8208286,2881.905,3,,
4584.273,6943.871683199999,7.351,3.728,-3.034,-0.452,0.666,0.378,33.55,35.3496599,-117.8207793,2872.861,3,,
4585.261,6910.9320496,8.987,3.608,-1.402,0.734,-0.313,0.268,33.53,35.3496161,-117.8207394,2863.423,3,,
4586.253,6877.3034396,8.164,2.632,-3.738,1.381,-0.301,-1.157,33.52,35.3495797,-117.8206893,2854.264,3,,
4587.24,6869.1013396,7.202,4.767,-1.407,-0.56,0.827,-0.021,33.37,35.3495635,-117.8206143,2844.53,3,,
4588.235,6824.8099996,6.843,3.374,-3.364,-1.376,0.391,-0.285,33.39,35.3495599,-117.8205328,2834.274,3,,
4589.23,6808.405799599999,7.647,4.293,-0.373,-0.946,-0.583,2.004,33.38,35.3495635,-117.8204562,2824.881,3,,
4590.228,6763.851992400001,8.169,4.015,-3.58,-0.308,-0.874,0.42,33.35,35.3495825,-117.8203844,2815.05,3,,
4591.223,6732.880862800001,8.193,3.934,-2.436,0.005,0.183,-0.362,33.33,35.3496036,-117.8203227,2804.804,3,,
4592.217,6716.5422796,11.064,-2.244,0.991,-0.325,1.07,1.2,33.32,35.3496191,-117.8202723,2794.234,3,,
4593.21,6711.916295200001,9.102,-2.23,3.211,0.024,-0.551,0.191,33.3,35.3496426,-117.8202269,2784.923,3,,
4594.201,6682.4215435999995,10.466,-3.714,3.848,-2.026,0.735,-2.162,33.31,35.3496946,-117.8201795,2775.689,3,,
4595.196,6644.068524,6.169,-4.91,1.996,2.654,-1.585,1.322,33.23,35.3497578,-117.8201311,2766.089,3,,
4596.188,6574.6131411999995,8.849,-3.288,-5.523,4.557,-0.805,-2.293,33.24,35.3498064,-117.8200858,2755.536,3,,
4597.18,6544.166945999999,9.552,0.024,2.737,1.571,-0.086,0.042,33.25,35.3498429,-117.8200477,2745.447,3,,
4598.28,6571.758810400001,9.203,-0.321,4.341,0.104,-1.818,-1.901,33.19,35.3498742,-117.8200186,2735.254,3,,
4599.169,6489.376918,9.098,3.996,0.517,2.111,-0.225,-0.872,33.21,35.349906,-117.819966,2726.669,3,,
4600.26,6467.8546076,12.73,6.183,0.005,-1.119,0.757,-1.75,33.2,35.3499237,-117.8198797,2717.508,3,,
4601.253,6440.000276000001,8.887,4.058,-4.235,-0.255,-0.588,-0.997,33.18,35.349924,-117.8197906,2708.035,3,,
4602.246,6400.8926632,8.279,4.006,-3.283,0.649,2.512,0.602,33.11,35.3498986,-117.8197162,2698.652,3,,
4603.237,6375.53177,7.346,5.259,-2.445,0.502,-0.804,-0.117,33.1,35.3498655,-117.8196505,2689.514,3,,
4604.229,6350.5645776,7.882,5.432,0.335,-0.194,0.55,0.392,33.08,35.3498432,-117.8195886,2679.883,3,,
4605.225,6313.687936,6.805,3.632,-3.312,-0.922,-0.18,0.112,33.05,35.3498248,-117.8195346,2670.257,3,,
4606.216,6296.824418400001,7.801,5.054,-0.287,-1.437,-0.45,0.233,33.01,35.3498006,-117.8194988,2660.16,3,,
4607.208,6253.6813724,9.49,6.178,0.081,1.859,-0.228,0.932,32.99,35.3497695,-117.8194762,2649.605,3,,
4608.204,6221.102631199999,9.155,3.575,-4.589,-1.839,0.566,0.874,32.94,35.3497376,-117.819482,2638.848,3,,
4609.197,6195.905779999999,9.15,4.905,-2.402,-1.15,-0.386,0.009,32.93,35.349716,-117.8195282,2628.542,3,,
4610.187,6161.9818944,8.016,5.106,-1.541,0.575,0.558,-0.183,32.9,35.3497181,-117.8195921,2618.288,3,,
4611.179,6122.152496799999,6.973,2.938,-3.221,-1.225,-0.922,0.367,32.86,35.349739,-117.8196681,2608.761,3,,
4612.277,6094.232548400001,5.685,4.164,-2.613,0.85,0.507,-0.011,32.82,35.3497807,-117.819745,2598.744,3,,
4613.269,6057.9792664,10.303,0.517,2.321,0.027,0.297,-0.962,32.81,35.3498241,-117.8197997,2587.818,3,,
4614.269,6019.6590552,9.174,4.293,1.263,2.589,0.049,-0.071,32.81,35.3498442,-117.8198455,2577.693,3,,
4615.264,5990.4595792,7.035,2.043,-5.417,0.593,0.439,-0.347,32.8,35.3498375,-117.8199082,2567.697,3,,
4616.254,5951.187924399999,9.227,2.426,-4.317,0.437,-0.727,-0.85,32.79,35.3498091,-117.819977,2558.022,3,,
4617.245,5953.9766384,11.399,5.312,-0.057,0.133,2.04,0.104,32.72,35.3497498,-117.8200326,2548.272,3,,
4618.238,5887.342777999999,6.882,0.818,-6.159,-0.622,0.331,1.029,32.72,35.3496772,-117.8200407,2537.38,3,,
4619.245,5918.904458800001,8.614,3.474,3.24,2.057,-0.219,0.018,32.66,35.3496299,-117.8200148,2526.718,3,,
4620.236,5826.7456632,8.504,0.943,-5.652,1.864,1.884,-1.263,32.67,35.3496143,-117.819953,2516.596,3,,
4621.229,5801.5160036,8.791,-1.139,-5.953,0.202,0.976,0.182,32.6,35.3496263,-117.8198861,2506.015,3,,
4622.224,5763.162984,6.906,1.153,-4.69,-0.277,0.235,-0.558,32.54,35.3496483,-117.8198219,2496.463,3,,
4623.215,5750.0724324,9.16,4.958,-2.532,-1.382,0.36,-1.465,32.43,35.349684,-117.8197482,2486.716,3,,
4624.209,5716.935948400001,8.097,3.249,-2.661,-0.48,0.109,0.013,32.46,35.3497254,-117.8196745,2476.87,3,,
4625.204,5682.159044399999,10.495,4.604,-2.919,1.3,0.814,2.076,32.49,35.3497764,-117.8196031,2467.222,3,,
4626.198,5653.9110120000005,9.141,2.067,-2.034,0.297,2.121,-1.068,32.45,35.3498312,-117.8195309,2457.548,3,,
4627.19,5611.9490684,10.758,0.857,-4.259,-0.82,-2.231,1.056,32.39,35.3498876,-117.8194676,2447.153,3,,
4628.185,5603.0251836,12.773,5.121,-1.158,1.64,2.456,0.795,32.35,35.3499303,-117.8194096,2437.456,3,,
4629.283,5559.094736,8.078,4.68,-2.254,-0.285,-0.991,1.517,32.37,35.3499753,-117.8193495,2427.728,3,,
4630.176,5532.683974,10.361,2.493,-2.594,-0.77,1.929,0.882,32.34,35.3500074,-117.8192804,2418.252,3,,
4631.267,5499.777148800001,7.643,5.346,0.44,-3.04,-1.344,-0.294,32.33,35.3500065,-117.8192068,2407.971,3,,
4632.26,5472.7430272,9.169,4.173,4.231,2.186,0.55,-1.264,32.32,35.3499904,-117.819147,2397.251,3,,
4633.251,5468.3138932,13.381,-0.852,4.149,-0.061,2.56,2.381,32.3,35.3499662,-117.8191052,2386.71,3,,
4634.242,5405.059297999999,8.983,5.432,-4.838,1.317,0.034,-1.521,32.29,35.3499533,-117.8190412,2375.987,3,,
4635.233,5374.350635600001,8.136,-4.848,-3.733,-0.049,-0.617,0.536,32.27,35.3499416,-117.8189806,2365.663,3,,
4636.227,5323.235148400001,6.767,1.373,-5.24,-0.437,0.452,0.883,32.23,35.3499248,-117.8189317,2355.794,3,,
4637.218,5298.0382972,8.131,3.57,-4.331,1.183,0.549,-0.143,32.15,35.3499093,-117.8188883,2345.35,3,,
4638.208,5281.699713999999,7.686,4.412,-2.876,-0.562,0.426,-0.106,32.17,35.3499013,-117.8188465,2334.969,3,,
4639.201,5231.732520799999,9.667,0.359,-4.173,1.163,-0.117,1.117,32.19,35.3498998,-117.8188011,2324.255,3,,
4640.195,5197.4477428,10.969,0.096,-6.087,-2.434,-0.219,-1.046,32.16,35.3498969,-117.8187616,2314.217,3,,
4641.188,5201.844068400001,9.964,3.986,-0.742,0.406,-0.137,-0.905,32.05,35.3498834,-117.8187055,2305.87,3,,
4642.18,5176.0894744,9.94,4.001,-1.795,0.727,0.16,-0.451,32.02,35.3498797,-117.8186133,2297.785,3,,
4643.17,5135.407058400001,9.653,4.475,-3.331,-1.019,2.993,1.167,31.98,35.349903,-117.8185024,2288.499,3,,
4644.26,5131.3716252,9.442,-2.23,4.164,-2.409,-1.696,-2.668,31.97,35.3499503,-117.8184314,2276.592,3,,
4645.25,5101.909682,15.348,0.933,4.527,-0.698,1.695,2.104,31.98,35.3500048,-117.8183903,2264.411,3,,
4646.243,5036.3584988,9.035,6.173,1.957,1.864,2.596,0.088,31.94,35.3500526,-117.818314,2253.83,3,,
4647.23,4978.681331599999,7.729,-1.713,-2.642,-0.145,-0.191,-0.294,31.94,35.3500974,-117.8182338,2242.511,3,,
4648.227,4958.7994412,9.653,5.503,-0.593,1.257,-0.346,0.733,31.95,35.3501481,-117.8181836,2231.363,3,,
4649.223,4922.447733999999,8.82,3.422,-3.446,-0.659,-0.638,-0.5,31.94,35.3502148,-117.8181431,2221.052,3,,
4650.216,4904.2718804,9.308,4.25,1.417,0.566,1.649,-0.257,31.93,35.3502897,-117.8180834,2210.476,3,,
4651.208,4864.9674171999995,8.523,-4.604,-1.527,1.504,1.167,0.731,31.91,35.3503839,-117.8180308,2199.97,3,,
4652.198,4813.622271199999,7.341,1.795,-3.939,-0.604,0.318,1.585,31.86,35.3504929,-117.817987,2190.11,3,,
4653.19,4800.892612000001,9.423,3.982,1.115,1.95,0.288,2.291,31.77,35.3506043,-117.8179597,2180.902,3,,
4654.175,4767.7233196,8.839,2.675,-3.896,0.413,2.496,0.536,31.8,35.3507112,-117.8179561,2171.283,3,,
4655.167,4726.90967,8.935,4.805,-2.857,-1.795,-1.164,0.58,31.83,35.3507944,-117.817984,2160.066,3,,
4656.265,4711.1944464,11.873,2.733,2.962,0.057,-1.604,-0.578,31.83,35.3508678,-117.8180255,2150.056,3,,
4657.256,4685.1445768,7.968,3.781,-1.771,0.722,-0.099,0.456,31.79,35.3509747,-117.8180276,2140.112,3,,
4658.246,4632.0605856,6.26,3.838,-2.776,0.542,0.591,0.023,31.78,35.3510733,-117.8179759,2128.482,3,,
4659.237,4594.396542400001,8.605,2.273,-4.006,-3.003,0.519,1.831,31.7,35.3511407,-117.8179019,2116.409,3,,
4660.23,4558.799428400001,11.935,5.154,-1.316,1.704,-1.702,0.115,31.64,35.3511615,-117.8178415,2102.852,3,,
4661.221,4500.6301352,6.997,1.005,-5.709,-0.727,0.96,-0.528,31.62,35.3511618,-117.8178262,2089.499,3,,
4662.213,4471.1025752,9.409,4.187,-3.269,-0.501,1.128,-0.844,31.62,35.3511593,-117.8178376,2076.993,3,,
4663.205,4440.5907632,10.806,5.996,-3.484,1.173,1.373,-0.815,31.63,35.3511662,-117.8178217,2064.104,3,,
4664.197,4426.319109200001,7.03,1.656,2.843,-0.189,-2.028,0.624,31.61,35.3512266,-117.8178254,2052.152,3,,
4665.185,4370.0527032,7.274,-4.408,2.091,-1.594,-0.348,-0.874,31.61,35.3513069,-117.8178677,2040.039,3,,
4666.181,4323.1038828,11.888,-1.589,-0.971,-2.663,1.164,2.132,31.57,35.3513681,-117.8178833,2026.726,3,,
4667.173,4288.1301284,12.246,1.263,2.187,-0.018,0.379,-4.087,31.53,35.3514317,-117.8178538,2013.911,3,,
4668.163,4238.9831452,8.078,4.633,-0.665,2.673,0.417,-0.143,31.52,35.3514841,-117.8178051,2002.131,3,,
4669.255,4192.2311752,8.002,1.938,-4.671,-4.721,0.437,3.285,31.52,35.3515162,-117.8177621,1990.671,3,,
4670.249,4179.7639832,9.265,5.551,3.202,3.385,1.192,1.823,31.47,35.3515313,-117.8177487,1978.063,3,,
4671.24,4181.7324872,24.038,-6.035,3.762,0.413,1.588,0.853,31.47,35.3515369,-117.8177666,1966.327,3,,
4672.229,4135.374218,6.121,-4.609,-1.278,-2.822,1.245,0.407,31.45,35.3515997,-117.8178448,1956.023,3,,
4673.219,4064.2127984,7.289,3.403,-3.929,-2.354,0.593,2.099,31.37,35.3517095,-117.8179181,1945.599,3,,
4674.212,4030.7810388,10.308,3.312,1.445,1.608,0.042,1.897,31.34,35.3518296,-117.8179378,1934.73,3,,
4675.203,3996.430644,9.945,2.144,-1.574,-0.659,0.161,0.391,31.35,35.351937,-117.8179256,1923.634,3,,
4676.199,3967.3624016000003,9.05,3.905,-1.44,-2.084,0.451,-0.065,31.36,35.3520112,-117.8178878,1912.643,3,,
4677.192,3923.92408,7.518,0.301,-1.996,-1.014,-0.122,0.522,31.38,35.3520662,-117.8178401,1900.91,3,,
4678.284,3898.8256539999993,9.471,3.029,2.627,-0.457,0.103,-1.253,31.4,35.3521101,-117.81781,1888.542,3,,
4679.18,3877.9595116,10.93,0.345,4.355,-0.215,1.658,1.057,31.37,35.352141,-117.8177939,1876.327,3,,
4680.283,3809.2587219999996,8.533,2.369,-4.302,0.599,0.389,-1.561,31.36,35.3521553,-117.817786,1864.076,3,,
4681.279,3779.3702696,11.332,-2.57,-5.384,-1.181,0.055,1.203,31.36,35.3521579,-117.8177771,1852.277,3,,
4682.267,3744.2980900000002,10.26,4.001,-0.287,-1.83,0.362,0.468,31.29,35.3521445,-117.8177694,1842.385,3,,
4683.258,3724.5146248,6.106,3.446,0.732,1.282,-0.454,-0.691,31.3,35.3521132,-117.8177771,1833.859,3,,
4684.25,3684.6524187999994,8.944,0.804,-4.628,-0.297,0.538,1.062,31.28,35.3520784,-117.817806,1824.188,3,,
4685.238,3665.229846,7.48,5.604,-2.359,0.357,1.384,0.909,31.16,35.3520599,-117.8178753,1812.883,3,,
4686.227,3630.6169839999993,12.888,-3.427,-6.446,0.623,-1.762,2.164,31.21,35.352065,-117.8179625,1801.227,3,,
4687.23,3601.1878492000005,10.744,-6.599,-0.335,-0.292,0.7,2.25,31.21,35.3520927,-117.8180515,1789.578,3,,
4688.226,3554.3702624,6.968,-1.962,-4.446,-1.531,0.093,1.3,31.21,35.352127,-117.8181427,1778.954,3,,
4689.219,3520.8400776,7.982,2.766,0.809,-1.621,0.825,0.363,31.18,35.3521647,-117.8182291,1768.221,3,,
4690.209,3498.9240664,7.255,4.987,-1.005,-1.883,0.046,0.97,31.18,35.35221,-117.8182993,1756.674,3,,
4691.203,3458.6681596,9.557,5.48,-0.301,1.104,1.619,1.075,31.17,35.3522653,-117.8183664,1745.697,3,,
4692.199,3409.1930924,9.38,3.766,-2.474,1.02,-0.239,0.272,31.17,35.3523332,-117.8184256,1734.375,3,,
4693.189,3389.2783935999996,9.768,5.178,-0.737,-0.982,1.403,-1.388,31.13,35.3524123,-117.8184649,1723.941,3,,
4694.181,3358.4713060000004,7.614,4.513,-2.201,-0.451,-0.043,0.897,31.14,35.3524977,-117.8184928,1714.09,3,,
4695.171,3318.0841655999993,10.418,5.518,-2.747,-0.024,-0.299,-0.395,31.15,35.3525811,-117.8185052,1704.532,3,,
4696.269,3307.8479448,10.165,3.685,2.728,-1.526,1.146,0.563,31.15,35.3526543,-117.8184949,1695.366,3,,
4697.263,3267.8216967999997,11.639,3.115,-4.025,1.492,-0.09,0.509,31.15,35.3527311,-117.8184648,1687.104,3,,
4698.259,3241.9358692000005,8.734,-2.972,-4.647,-0.594,0.959,1.908,31.08,35.3528016,-117.8184125,1678.359,3,,
4699.253,3197.874188,10.265,3.23,-5.317,-1.12,0.547,1.493,30.99,35.3528335,-117.8183543,1667.714,3,,
4700.246,3192.0999096000005,9.954,5.633,1.125,3.024,0.781,0.762,30.98,35.3528317,-117.8183119,1657.818,3,,
4701.239,3144.5933464,8.93,3.235,-3.637,0.276,0.246,-0.081,31.03,35.3528366,-117.8182679,1648.654,3,,
4702.23,3122.3164428,9.169,4.412,-2.862,-0.276,0.161,0.191,31.05,35.3528704,-117.8182159,1639.587,3,,
4703.223,3087.30988,3.651,3.23,-3.101,1.302,-0.935,0.288,31.06,35.3529283,-117.8181628,1630.507,3,,
4704.217,3050.4332384,9.882,-0.493,-4.896,-1.133,1.167,0.549,30.97,35.35298,-117.818108,1621.266,3,,
4705.209,3041.8374376,9.629,4.728,-0.742,0.005,2.239,-0.771,30.82,35.3529922,-117.818053,1610.826,3,,
4706.206,2994.8558088,13.481,1.594,-1.704,-3.141,1.24,0.423,30.89,35.3530051,-117.8180159,1599.692,3,,
4707.198,2965.6891412000004,10.897,-3.594,1.168,-1.77,1.141,-1.306,30.87,35.3530297,-117.8179708,1590.107,3,,
4708.19,2946.3649936,8.341,-5.503,2.431,1.565,-1.018,0.638,30.88,35.3530475,-117.8179224,1581.034,3,,
4709.284,2919.4621055999996,8.404,-5.982,0.139,-1.58,-0.271,0.038,30.89,35.3530502,-117.8178875,1571.347,3,,
4710.282,2886.5552804,9.691,-3.125,-5.111,-0.643,0.17,-0.05,30.85,35.3530377,-117.8178636,1562.197,3,,
4711.181,2848.3334944,9.399,0.866,-4.24,-0.095,-0.209,-0.254,30.79,35.3530212,-117.8178223,1554.692,3,,
4712.176,2837.2770635999996,7.614,2.45,-3.919,1.278,0.462,-1.036,30.75,35.3530176,-117.8177622,1546.598,3,,
4713.165,2809.8164328000003,9.188,-4.709,-4.872,-0.534,0.869,-1.252,30.76,35.3530427,-117.8176915,1537.12,3,,
4714.257,2758.766562399999,9.528,-1.962,-7.308,-0.342,-0.82,0.528,30.75,35.3531013,-117.8176316,1526.932,3,,
4715.252,2742.0670867999997,10.184,-3.417,-6.532,-0.497,0.376,1.245,30.75,35.3531778,-117.8176056,1516.57,3,,
4716.242,2698.9896576,6.93,2.134,-4.824,0.484,0.14,0.688,30.73,35.3532678,-117.8175879,1507.335,3,,
4717.23,2672.5788955999997,5.843,1.407,-5.188,-2.026,-0.137,0.574,30.66,35.3533543,-117.8175572,1498.143,3,,
4718.292,2652.1720707999993,8.308,-1.177,-5.925,1.506,0.042,0.247,30.65,35.3534195,-117.8175127,1488.568,3,,
4719.183,2622.9725948000005,8.231,2.623,-4.551,0.149,0.253,-0.615,30.67,35.3534755,-117.8174653,1479.376,3,,
4720.175,2594.4620951999996,9.141,-3.092,-5.307,-0.171,1.537,2.403,30.69,35.3535395,-117.817425,1469.659,3,,
4721.165,2563.7534328,7.805,-3.034,-5.125,-0.332,0.139,1.081,30.68,35.3536019,-117.8173888,1459.383,3,,
4722.265,2528.0907019999995,7.557,0.943,-2.881,-1.616,0.987,0.133,30.68,35.3536514,-117.8173456,1449.037,3,,
4723.263,2508.3728536,10.653,2.067,1.665,2.661,-0.993,2.505,30.68,35.3536991,-117.8173105,1438.089,3,,
4724.255,2462.4739019999997,7.241,-0.617,-2.9,1.214,-0.445,-0.406,30.71,35.353744,-117.8172941,1426.806,3,,
4725.249,2464.6720648,8.538,-0.053,4.427,3.356,0.885,0.378,30.68,35.3537845,-117.8172902,1416.063,3,,
4726.235,2398.8584144000006,9.576,-1.01,-5.575,2.035,-0.516,-2.073,30.71,35.353808,-117.8172958,1406.055,3,,
4727.231,2409.7508031999996,18.363,-2.493,-2.68,-1.563,0.738,-1.936,30.71,35.353817,-117.817343,1396.702,3,,
4728.228,2349.9738983999996,10.562,2.761,-4.867,-3.83,0.566,2.305,30.62,35.3538614,-117.8174521,1387.535,3,,
4729.223,2335.0460764,9.399,6.437,-0.823,2.425,0.049,-0.793,30.58,35.35394,-117.8175282,1377.044,3,,
4730.215,2287.8347888,14.175,5.7,-0.364,-0.31,2.303,0.869,30.63,35.3540272,-117.817555,1366.467,3,,
4731.207,2271.3649719999994,6.882,5.231,-0.287,3.258,-1.004,1.583,30.65,35.3540907,-117.8176181,1358.222,3,,
4732.201,2239.1143148,5.896,-3.058,-4.321,0.551,0.305,-0.538,30.58,35.354111,-117.8177257,1350.516,3,,
4733.191,2215.8859676,9.791,-2.589,-5.886,0.905,0.445,1.37,30.56,35.3541103,-117.8178158,1342.193,3,,
4734.18,2174.0552576,6.422,3.666,-4.633,1.996,1.026,-0.886,30.54,35.3540928,-117.8178779,1333.815,3,,
4735.276,2153.3531572,8.81,-2.737,-5.614,-0.742,-0.756,1.68,30.51,35.3540668,-117.8179032,1324.344,3,,
4736.169,2120.5775655999996,10.749,-2.986,-5.331,-1.632,0.292,3.803,30.53,35.3540359,-117.8179162,1314.887,3,,
4737.267,2119.0355707999997,10.485,-1.192,6.475,-1.34,1.922,0.145,30.53,35.3540165,-117.8179377,1305.097,3,,
4738.156,2060.4069600000003,9.744,5.015,2.197,1.365,0.365,0.684,30.57,35.3540023,-117.8179697,1295.982,3,,
4739.251,2045.9056471999993,8.456,5.106,-2.211,-0.485,0.27,-0.345,30.59,35.353974,-117.8179934,1287.879,3,,
4740.241,2025.2691636,6.891,3.666,-3.613,1.371,0.661,-0.468,30.58,35.3539427,-117.8179955,1279.631,3,,
4741.238,1980.3216555999998,7.485,-0.455,-5.298,-1.14,-0.232,2.715,30.6,35.3539302,-117.8179724,1270.492,3,,
4742.243,1962.4738860000007,8.073,3.632,1.627,-1.542,0.199,0.431,30.57,35.3539161,-117.8179395,1261.979,3,,
4743.231,1953.8780852,7.145,4.829,1.488,2.68,1.274,0.734,30.58,35.3538813,-117.8179131,1253.089,3,,
4744.221,1897.0539364,10.854,0.857,-6.298,0.775,0.032,0.551,30.62,35.3538525,-117.8178758,1243.944,3,,
4745.211,1887.5395003999997,7.652,4.546,-1.718,-0.753,0.498,-0.856,30.6,35.3538418,-117.8178218,1235.531,3,,
4746.202,1855.0263760000003,6.925,4.058,-1.819,0.238,0.077,0.38,30.62,35.3538438,-117.817764,1227.2,3,,
4747.191,1827.4673200000002,9.504,3.967,-2.599,-0.648,0.088,0.997,30.64,35.3538463,-117.8177017,1219.212,3,,
4748.182,1799.3177128000002,9.064,4.795,-3.24,0.062,-0.648,-0.575,30.65,35.3538381,-117.81764,1211.063,3,,
4749.277,1772.6772919999999,8.959,2.125,-0.885,0.115,-0.446,-0.866,30.65,35.3538327,-117.8175863,1202.339,3,,
4750.271,1735.1116739999998,13.103,-0.206,-5.795,-1.18,0.303,0.59,30.65,35.3538333,-117.8175469,1193.035,3,,
4751.265,1726.8767655999995,11.916,4.355,-2.828,-1.459,-1.798,2.669,30.57,35.3538136,-117.817558,1183.554,3,,
4752.259,1680.4856880000002,3.369,5.762,1.015,0.936,0.553,1.18,30.6,35.3538091,-117.817617,1171.732,3,,
4753.251,1645.4463167999997,18.123,6.566,1.22,-0.14,3.056,0.634,30.63,35.3538241,-117.8176741,1159.466,3,,
4754.243,1602.5329296,5.13,1.986,-4.47,1.973,0.044,-1.35,30.63,35.3538672,-117.8177429,1149.413,3,,
4755.235,1587.0145564,11.562,-2.082,2.005,2.374,-0.089,0.432,30.63,35.3539259,-117.8178062,1139.491,3,,
4756.228,1553.6156051999997,8.078,5.125,1.986,1.817,-1.199,0.017,30.64,35.3539807,-117.8178468,1129.855,3,,
4757.216,1526.8767592000004,6.327,4.388,-0.684,0.827,0.376,-1.078,30.65,35.3540317,-117.8178826,1120.34,3,,
4758.207,1496.5617976000003,8.341,4.187,-1.79,-0.591,1.833,-0.205,30.66,35.3540937,-117.8179214,1111.25,3,,
4759.195,1470.4791196,8.308,3.226,-3.785,-0.538,-0.503,-1.279,30.67,35.3541626,-117.8179596,1101.713,3,,
4760.188,1425.9909292000002,9.289,0.904,-5.475,-0.169,0.038,-0.925,30.68,35.3542394,-117.8179796,1091.795,3,,
4761.187,1407.5198,9.251,3.178,-4.006,-0.517,0.553,0.128,30.69,35.3543201,-117.8180021,1083.364,3,,
4762.185,1382.4541823999998,8.753,4.149,-3.259,-0.176,-0.363,0.004,30.7,35.3543977,-117.8180348,1074.37,3,,
4763.176,1361.9161239999999,9.294,5.312,-1.474,1.434,0.156,0.138,30.72,35.3544756,-117.8180644,1065.334,3,,
4764.166,1330.8137607999997,7.035,2.489,-4.231,-2.165,0.524,0.506,30.74,35.3545595,-117.8180813,1056.981,3,,
4765.155,1302.1720276,8.48,4.211,-1.996,2.162,-0.6,-0.097,30.74,35.3546511,-117.818093,1048.905,3,,
4766.248,1278.9764888,8.959,2.876,-4.446,-1.221,0.885,-0.373,30.75,35.3547484,-117.8181009,1040.635,3,,
4767.237,1253.6812123999998,9.935,4.283,-3.235,0.465,-0.998,0.301,30.76,35.3548468,-117.8181151,1032.647,3,,
4768.229,1238.9174323999996,8.365,3.733,-1.852,-1.316,0.26,-0.119,30.77,35.3549527,-117.818131,1025.171,3,,
4769.219,1213.0644132000002,9.978,4.7,-2.422,-0.307,-0.429,1.405,30.79,35.3550675,-117.8181275,1017.768,3,,
4770.212,1190.5250423999996,9.16,4.944,-4.288,-0.613,0.655,0.044,30.79,35.355183,-117.8180931,1009.97,3,,
4771.204,1160.5053564,9.098,5.853,-1.216,2.134,1.387,-0.237,30.79,35.3552833,-117.8180393,1001.865,3,,
4772.199,1135.8990564,10.509,-0.526,-4.939,2.059,0.473,2.953,30.8,35.3553762,-117.8179914,994.082,3,,
4773.193,1122.0867199999998,12.893,0.158,-0.378,0.885,0.85,0.095,30.81,35.3554711,-117.8179687,986.2,3,,
4774.18,1102.3032548,10.131,0.895,-0.043,-0.426,1.444,-0.584,30.83,35.3555748,-117.817938,979.514,3,,
4775.279,1073.5630964000002,11.816,3.029,-0.354,1.857,-1.763,0.53,30.82,35.3556604,-117.8178797,972.437,3,,
4776.271,1028.9764808,7.36,0.01,-3.202,0.726,0.318,0.064,30.81,35.3556985,-117.8178196,963.817,3,,
4777.259,1001.187766,11.261,1.694,-4.02,-0.208,-1.421,-0.378,30.79,35.3556927,-117.8177757,953.733,3,,
4778.25,987.7363219999997,10.112,1.373,-3.57,-2.228,2.886,-0.127,30.74,35.355669,-117.8177535,943.764,3,,
4779.241,970.1510196000004,8.002,-1.479,0.531,3.317,-1.603,0.822,30.75,35.3556586,-117.8177385,933.878,3,,
4780.23,929.8623044000001,11.548,-3.005,-0.632,1.502,1.076,-1.824,30.82,35.3556564,-117.8177171,926.455,3,,
4781.219,919.4292332,7.379,3.101,2.512,2.402,-1.321,1.699,30.82,35.3556477,-117.8176864,919.493,3,,
4782.205,879.2389432,8.791,-2.709,-5.518,-0.96,1.081,0.206,30.85,35.3556371,-117.817652,911.292,3,,
4783.193,867.6247696,9.657,4.455,-0.665,1.511,-0.88,2.078,30.86,35.3556217,-117.8176268,904.68,3,,
4784.283,827.795372,8.6,1.139,-4.393,0.893,1.377,-0.067,30.85,35.3555952,-117.8176187,897.672,3,,
4785.166,827.4672880000003,9.002,4.589,-4.365,-4.931,0.578,-0.761,30.76,35.3555722,-117.8176484,889.711,3,,
4786.257,788.8846096000002,7.423,-0.23,-0.278,-0.013,0.888,-1.086,30.8,35.3555863,-117.8177177,880.661,3,,
4787.25,790.0657119999996,8.485,5.762,0.048,2.745,-0.007,-0.695,30.83,35.355618,-117.8177802,871.869,3,,
4788.236,740.2297524,11.433,5.743,0.282,-0.974,-1.348,-0.594,30.86,35.3556387,-117.8178064,861.564,3,,
4789.228,704.0748956000002,5.609,3.379,0.01,-0.001,0.065,1.056,30.87,35.3556552,-117.8178367,852.728,3,,
4790.213,681.2730575999999,10.476,4.738,-0.871,-0.712,1.545,0.627,30.89,35.3556809,-117.8178793,843.163,3,,
4791.203,658.5040280000003,13.658,3.479,3.202,1.321,2.116,0.423,30.89,35.3557134,-117.8179215,834.714,3,,
4792.188,628.6483840000001,5.413,2.919,-2.144,1.213,1.101,-0.522,30.91,35.3557132,-117.8179689,826.881,3,,
4793.175,602.9594068000001,10.524,3.541,-2.043,0.865,0.816,-0.453,30.92,35.355695,-117.8179988,817.345,3,,
4794.27,564.015836,8.734,3.388,1.326,1.582,1.566,-0.153,30.94,35.355691,-117.818002,806.281,3,,
4795.255,527.4672783999999,13.161,0.072,-4.015,-3.603,-1.61,2.172,30.97,35.3557042,-117.8180068,794.947,3,,
4796.246,507.4541543999999,10.82,-2.795,2.331,-3.99,-0.078,1.052,30.95,35.3556935,-117.8180279,785.963,3,,
4797.234,479.20612200000005,8.432,3.881,-1.598,-4.528,2.246,1.462,30.95,35.3556832,-117.818071,777.997,3,,
4798.225,485.0788256000001,8.624,-6.336,0.172,-2.27,1.179,-0.054,30.94,35.355693,-117.8181364,768.742,3,,
4799.215,431.30585800000017,7.078,-3.139,-4.972,-1.836,-0.132,0.99,30.98,35.3557283,-117.8182007,759.203,3,,
4800.205,400.76123759999973,8.882,4.996,0.139,-1.02,0.491,-1.478,30.98,35.3557825,-117.8182497,748.979,3,,
4801.191,368.80585599999995,10.227,4.776,-3.446,-0.348,-0.169,0.677,31.0,35.3558302,-117.8182887,738.676,3,,
4802.185,323.98958159999984,9.758,2.757,-3.005,1.928,-0.121,1.432,31.03,35.3558884,-117.8183116,729.373,3,,
4803.17,300.2691083999998,6.796,4.872,-1.823,0.798,0.325,0.302,31.02,35.3559672,-117.8182925,718.918,3,,
4804.255,254.6654324000001,11.064,0.924,-6.958,-0.784,0.077,-1.873,31.03,35.3560391,-117.8182473,707.976,3,,
4805.246,228.3859040000002,8.667,-0.402,-5.594,0.569,2.144,0.688,31.05,35.3560811,-117.8181855,696.205,3,,
4806.232,182.88065319999987,9.332,0.258,-4.274,-3.754,0.414,0.244,31.06,35.3560844,-117.8181145,685.451,3,,
4807.215,165.3937759999999,9.389,4.704,0.148,-0.171,0.681,0.142,31.06,35.356045,-117.8180777,676.159,3,,
4808.201,128.97645199999988,9.389,2.407,-3.699,0.715,-1.003,1.062,31.08,35.3559937,-117.8180653,666.438,3,,
4809.186,101.35177919999978,10.399,3.628,1.005,-2.028,1.791,-0.994,31.09,35.3559749,-117.8180682,656.585,3,,
4810.177,99.61293400000022,14.108,-5.436,1.216,-1.141,-1.288,1.561,31.1,35.3559795,-117.8180825,647.194,3,,
4811.167,40.885898,7.561,-1.527,-5.838,-2.891,-0.16,-0.126,31.12,35.3559866,-117.8181052,638.185,3,,
4812.158,31.60112079999999,6.379,-3.905,-3.757,0.613,0.474,0.996,31.12,35.3559903,-117.8181229,629.619,3,,
4813.25,-4.356885600000169,8.054,1.862,-5.561,1.355,0.762,-1.113,31.15,35.3560021,-117.8181296,620.676,3,,
4814.238,-41.725653200000124,6.724,0.847,-5.523,0.459,0.492,-0.839,31.16,35.3559973,-117.8181165,610.682,3,,
4815.226,-19.711216799999875,1.172,-2.556,1.402,-2.644,-0.013,-1.795,31.16,35.3559897,-117.8180795,600.593,3,,
4816.217,-48.09048279999979,0.029,-7.346,6.231,0.932,0.007,-0.04,31.19,35.3560001,-117.8180628,596.2,3,,
4817.203,-47.82801560000007,-0.211,-6.738,7.365,-0.013,-0.012,0.002,31.22,35.3560056,-117.8180617,595.59,3,,
4818.199,-44.61279240000022,-0.211,-6.733,7.394,0.0,-0.011,0.004,31.25,35.3560091,-117.818063,595.602,3,,
4819.189,-44.055049600000075,-0.191,-6.714,7.427,0.004,-0.013,0.004,31.28,35.3560117,-117.8180633,595.765,3,,
4820.175,-42.61148000000003,-0.206,-6.729,7.413,0.006,-0.012,0.004,31.32,35.356012,-117.8180646,596.225,3,,
4821.263,-43.169222799999716,-0.206,-6.743,7.423,0.005,-0.013,0.004,31.36,35.3560124,-117.818065,596.565,3,,
4822.248,-44.055049600000075,-0.206,-6.748,7.408,0.005,-0.011,0.004,31.4,35.3560128,-117.8180642,597.101,3,,
4823.234,-44.35032520000004,-0.206,-6.733,7.418,0.004,-0.011,0.004,31.43,35.3560132,-117.8180638,597.495,3,,
4824.222,-42.9067556,-0.206,-6.743,7.413,0.005,-0.011,0.004,31.47,35.356013,-117.8180632,597.933,3,,
4825.209,-44.055049600000075,-0.201,-6.743,7.413,0.004,-0.013,0.004,31.51,35.3560133,-117.8180628,598.265,3,,
4826.197,-42.61148000000003,-0.206,-6.733,7.418,0.004,-0.012,0.005,31.54,35.3560141,-117.8180625,598.285,3,,
4827.185,-44.055049600000075,-0.206,-6.743,7.413,0.004,-0.011,0.004,31.58,35.3560149,-117.8180623,598.312,3,,
4828.17,-43.46449840000014,-0.206,-6.733,7.418,0.004,-0.013,0.004,31.62,35.3560159,-117.8180625,598.359,3,,
4829.271,-44.61279240000022,-0.211,-6.748,7.418,0.005,-0.012,0.005,31.66,35.3560167,-117.818063,598.396,3,,
4830.256,-43.75977400000011,-0.211,-6.743,7.418,0.005,-0.012,0.005,31.69,35.3560175,-117.8180634,598.455,3,,
4831.242,-43.46449840000014,-0.206,-6.753,7.418,0.005,-0.012,0.004,31.72,35.3560183,-117.8180641,598.511,3,,
4832.225,-42.9067556,-0.215,-6.738,7.408,0.006,-0.012,0.004,31.75,35.3560191,-117.8180647,598.508,3,,
4833.21,-43.169222799999716,-0.201,-6.738,7.432,0.005,-0.012,0.005,31.77,35.3560196,-117.8180653,598.512,3,,
4834.196,-42.31620440000006,-0.206,-6.743,7.418,0.004,-0.013,0.004,31.79,35.3560201,-117.8180659,598.555,3,,
4835.181,-43.46449840000014,-0.206,-6.733,7.413,0.004,-0.012,0.004,31.83,35.35602,-117.8180664,598.65,3,,
4836.168,-43.75977400000011,-0.201,-6.748,7.413,0.005,-0.012,0.005,31.87,35.3560199,-117.8180668,598.741,3,,
4837.154,-43.169222799999716,-0.211,-6.748,7.418,0.004,-0.013,0.004,31.91,35.3560201,-117.8180677,598.804,3,,
4838.243,-42.31620440000006,-0.201,-6.748,7.413,0.005,-0.012,0.004,31.95,35.3560203,-117.8180687,598.937,3,,
4839.227,-41.725653200000124,-0.201,-6.743,7.423,0.005,-0.012,0.004,31.99,35.3560204,-117.8180694,599.028,3,,
4840.213,-43.75977400000011,-0.211,-6.738,7.423,0.005,-0.012,0.002,32.02,35.3560205,-117.8180698,599.042,3,,
4841.196,-42.9067556,-0.206,-6.743,7.418,0.004,-0.012,0.004,32.05,35.3560211,-117.8180704,599.018,3,,
4842.183,-42.9067556,-0.206,-6.748,7.418,0.005,-0.011,0.004,32.09,35.3560219,-117.8180713,598.987,3,,
4843.271,-42.9067556,-0.201,-6.738,7.418,0.004,-0.012,0.004,32.12,35.3560226,-117.818072,598.986,3,,
4844.256,-42.31620440000006,-0.196,-6.748,7.427,0.004,-0.012,0.004,32.15,35.3560236,-117.818073,598.901,3,,
4845.242,-42.9067556,-0.206,-6.748,7.427,0.006,-0.013,0.004,32.18,35.3560243,-117.8180737,598.79,3,,
4846.235,-42.02092880000009,-0.211,-6.748,7.418,0.006,-0.013,0.004,32.22,35.3560242,-117.8180742,598.813,3,,
4847.223,-42.31620440000006,-0.206,-6.743,7.423,0.005,-0.012,0.005,32.25,35.3560244,-117.8180747,598.781,3,,
4848.208,-42.61148000000003,-0.206,-6.743,7.427,0.006,-0.012,0.005,32.28,35.3560244,-117.8180751,598.79,3,,
4849.193,-44.055049600000075,-0.211,-6.743,7.423,0.006,-0.012,0.004,32.31,35.3560241,-117.8180755,598.756,3,,
4850.178,-42.02092880000009,-0.211,-6.748,7.423,0.005,-0.012,0.005,32.34,35.3560239,-117.8180756,598.712,3,,
4851.264,-42.02092880000009,-0.196,-6.738,7.432,0.005,-0.012,0.004,32.37,35.3560226,-117.8180748,598.582,3,,
4852.248,-41.430377600000156,-0.215,-6.748,7.432,0.006,-0.012,0.004,32.4,35.3560216,-117.8180744,598.436,3,,
4853.232,-42.02092880000009,-0.211,-6.748,7.432,0.005,-0.012,0.004,32.43,35.3560206,-117.8180738,598.368,3,,
4854.218,-41.13510199999973,-0.211,-6.753,7.418,0.005,-0.013,0.004,32.46,35.3560195,-117.818073,598.335,3,,
4855.217,-42.02092880000009,-0.206,-6.743,7.423,0.005,-0.012,0.005,32.49,35.3560186,-117.8180727,598.34,3,,
4856.202,-42.02092880000009,-0.206,-6.738,7.427,0.005,-0.012,0.004,32.52,35.3560184,-117.8180726,598.247,3,,
4857.188,-41.13510199999973,-0.211,-6.733,7.432,0.006,-0.012,0.005,32.55,35.3560183,-117.8180723,598.131,3,,
4858.175,-41.13510199999973,-0.215,-6.753,7.427,0.006,-0.013,0.004,32.59,35.3560182,-117.8180718,598.048,3,,
4859.261,-41.725653200000124,-0.206,-6.748,7.432,0.005,-0.012,0.004,32.61,35.3560187,-117.8180719,597.932,3,,
4860.246,-42.31620440000006,-0.211,-6.748,7.427,0.005,-0.012,0.005,32.64,35.3560187,-117.8180718,597.968,3,,
4861.233,-40.872634800000014,-0.215,-6.738,7.432,0.005,-0.013,0.005,32.67,35.3560188,-117.818072,597.961,3,,
4862.237,-41.725653200000124,-0.206,-6.748,7.432,0.005,-0.011,0.005,32.7,35.3560193,-117.8180723,597.931,3,,
4863.223,-40.577359200000046,-0.211,-6.738,7.423,0.004,-0.013,0.004,32.73,35.3560194,-117.8180723,597.867,3,,
4864.211,-41.430377600000156,-0.22,-6.738,7.427,0.005,-0.012,0.005,32.76,35.3560196,-117.8180723,597.813,3,,
4865.196,-40.872634800000014,-0.211,-6.738,7.432,0.004,-0.012,0.004,32.79,35.3560198,-117.8180722,597.805,3,,
4866.185,-42.02092880000009,-0.211,-6.743,7.432,0.005,-0.013,0.004,32.82,35.35602,-117.8180719,597.75,3,,
4867.271,-42.02092880000009,-0.206,-6.743,7.423,0.004,-0.012,0.005,32.85,35.35602,-117.8180716,597.765,3,,
4868.259,-41.725653200000124,-0.201,-6.733,7.432,0.006,-0.013,0.005,32.88,35.3560201,-117.8180715,597.685,3,,
4869.245,-41.725653200000124,-0.215,-6.748,7.432,0.004,-0.011,0.004,32.91,35.3560198,-117.8180712,597.609,3,,
4870.232,-41.725653200000124,-0.206,-6.743,7.427,0.005,-0.011,0.005,32.94,35.35602,-117.8180712,597.543,3,,
4871.219,-41.725653200000124,-0.206,-6.743,7.432,0.005,-0.012,0.004,32.97,35.3560202,-117.8180711,597.464,3,,
4872.206,-41.430377600000156,-0.215,-6.743,7.437,0.005,-0.012,0.005,33.0,35.3560202,-117.8180708,597.376,3,,
4873.192,-41.430377600000156,-0.206,-6.743,7.437,0.005,-0.012,0.005,33.04,35.3560202,-117.8180705,597.278,3,,
4874.276,-40.577359200000046,-0.215,-6.743,7.437,0.005,-0.015,0.005,33.06,35.3560201,-117.8180702,597.228,3,,
4875.264,-42.61148000000003,-0.206,-6.748,7.437,0.005,-0.013,0.005,33.09,35.3560201,-117.8180701,597.168,3,,
4876.25,-41.725653200000124,-0.206,-6.738,7.437,0.004,-0.012,0.004,33.12,35.3560201,-117.8180697,597.138,3,,
4877.236,-40.28208360000008,-0.211,-6.748,7.437,0.002,-0.012,0.005,33.15,35.3560201,-117.8180694,597.164,3,,
4878.225,-40.28208360000008,-0.206,-6.748,7.437,0.005,-0.012,0.004,33.18,35.35602,-117.8180691,597.17,3,,
4879.211,-42.02092880000009,-0.211,-6.748,7.427,0.006,-0.012,0.004,33.21,35.3560196,-117.8180688,597.174,3,,
4880.195,-41.13510199999973,-0.211,-6.743,7.432,0.006,-0.012,0.004,33.23,35.3560196,-117.8180687,597.184,3,,
4881.181,-41.430377600000156,-0.215,-6.743,7.437,0.005,-0.011,0.005,33.27,35.3560197,-117.8180686,597.238,3,,
4882.268,-40.872634800000014,-0.201,-6.748,7.427,0.005,-0.012,0.005,33.29,35.3560195,-117.8180684,597.252,3,,
4883.256,-41.13510199999973,-0.206,-6.748,7.432,0.004,-0.012,0.004,33.32,35.3560195,-117.8180681,597.287,3,,
4884.245,-40.577359200000046,-0.206,-6.748,7.437,0.005,-0.012,0.005,33.35,35.3560197,-117.818068,597.286,3,,
4885.232,-42.02092880000009,-0.206,-6.748,7.432,0.006,-0.012,0.004,33.38,35.35602,-117.818068,597.322,3,,
4886.216,-41.13510199999973,-0.211,-6.743,7.432,0.005,-0.012,0.004,33.41,35.3560202,-117.8180681,597.419,3,,
4887.201,-40.872634800000014,-0.201,-6.743,7.437,0.004,-0.013,0.004,33.44,35.3560204,-117.8180682,597.454,3,,
4888.187,-41.725653200000124,-0.211,-6.753,7.427,0.004,-0.013,0.005,33.47,35.3560205,-117.8180683,597.496,3,,
4889.175,-39.98680800000011,-0.211,-6.743,7.442,0.005,-0.013,0.005,33.5,35.3560204,-117.8180683,597.584,3,,
4890.263,-42.02092880000009,-0.211,-6.738,7.437,0.006,-0.013,0.006,33.53,35.3560205,-117.8180684,597.644,3,,
4891.254,-40.872634800000014,-0.196,-6.743,7.432,0.005,-0.012,0.005,33.56,35.3560205,-117.8180684,597.691,3,,
4892.241,-40.872634800000014,-0.206,-6.753,7.442,0.004,-0.012,0.004,33.59,35.3560204,-117.8180685,597.794,3,,
4893.228,-41.430377600000156,-0.211,-6.753,7.437,0.005,-0.012,0.005,33.62,35.3560201,-117.8180688,597.883,3,,
4894.216,-40.577359200000046,-0.206,-6.738,7.437,0.005,-0.012,0.004,33.65,35.3560201,-117.8180692,597.937,3,,
4895.203,-42.02092880000009,-0.22,-6.743,7.437,0.005,-0.013,0.005,33.68,35.35602,-117.8180694,597.987,3,,
4896.189,-40.872634800000014,-0.211,-6.743,7.432,0.005,-0.012,0.004,33.71,35.3560201,-117.8180697,598.048,3,,
4897.175,-41.13510199999973,-0.211,-6.753,7.432,0.006,-0.013,0.005,33.74,35.3560206,-117.8180702,598.085,3,,
4898.264,-41.725653200000124,-0.211,-6.743,7.442,0.005,-0.013,0.005,33.77,35.3560214,-117.8180711,598.047,3,,
4899.258,-39.69153240000014,-0.211,-6.753,7.432,0.005,-0.012,0.005,33.8,35.3560219,-117.8180716,598.048,3,,
4900.243,-42.31620440000006,-0.201,-6.738,7.437,0.005,-0.012,0.005,33.83,35.3560227,-117.8180722,597.966,3,,
4901.23,-41.430377600000156,-0.206,-6.748,7.432,0.004,-0.013,0.005,33.86,35.356023,-117.8180727,597.991,3,,
4902.217,-39.98680800000011,-0.215,-6.748,7.427,0.006,-0.012,0.004,33.89,35.356023,-117.8180728,598.061,3,,
4903.209,-40.577359200000046,-0.206,-6.748,7.427,0.007,-0.013,0.004,33.92,35.3560228,-117.8180727,598.16,3,,
4904.197,-40.28208360000008,-0.206,-6.748,7.437,0.005,-0.012,0.004,33.94,35.3560226,-117.8180725,598.219,3,,
4905.183,-41.725653200000124,-0.206,-6.748,7.432,0.006,-0.012,0.004,33.97,35.3560226,-117.8180724,598.314,3,,
4906.171,-41.430377600000156,-0.22,-6.748,7.437,0.006,-0.012,0.005,34.01,35.3560227,-117.8180723,598.381,3,,
4907.256,-39.98680800000011,-0.211,-6.743,7.437,0.005,-0.013,0.004,34.04,35.3560229,-117.8180722,598.399,3,,
4908.24,-40.28208360000008,-0.206,-6.748,7.442,0.005,-0.012,0.004,34.07,35.3560227,-117.8180715,598.613,3,,
4909.225,-40.872634800000014,-0.215,-6.757,7.446,0.006,-0.013,0.005,34.1,35.3560226,-117.8180706,598.76,3,,
4910.224,-40.872634800000014,-0.211,-6.748,7.437,0.005,-0.012,0.005,34.13,35.3560229,-117.8180709,598.65,3,,
4911.21,-40.872634800000014,-0.206,-6.748,7.437,0.005,-0.013,0.005,34.16,35.3560235,-117.8180713,598.503,3,,
4912.196,-40.577359200000046,-0.211,-6.738,7.432,0.005,-0.012,0.005,34.19,35.3560239,-117.8180716,598.375,3,,
4913.183,-40.872634800000014,-0.215,-6.753,7.442,0.005,-0.012,0.005,34.22,35.3560237,-117.818071,598.47,3,,
4914.171,-40.577359200000046,-0.206,-6.743,7.427,0.004,-0.012,0.004,34.25,35.3560234,-117.8180704,598.591,3,,
4915.256,-40.577359200000046,-0.211,-6.748,7.432,0.005,-0.013,0.004,34.28,35.3560228,-117.8180697,598.787,3,,
4916.24,-40.872634800000014,-0.206,-6.757,7.432,0.006,-0.013,0.005,34.31,35.3560222,-117.8180691,598.979,3,,
4917.228,-40.28208360000008,-0.215,-6.748,7.437,0.004,-0.012,0.005,34.34,35.3560217,-117.8180686,599.11,3,,
4918.213,-40.28208360000008,-0.211,-6.757,7.451,0.005,-0.012,0.004,34.37,35.3560212,-117.8180682,599.222,3,,
4919.197,-40.872634800000014,-0.211,-6.753,7.451,0.004,-0.013,0.004,34.4,35.3560208,-117.8180679,599.315,3,,
4920.184,-40.872634800000014,-0.211,-6.757,7.437,0.006,-0.013,0.004,34.43,35.3560203,-117.8180674,599.431,3,,
4921.27,-39.42906519999997,-0.206,-6.738,7.442,0.007,-0.012,0.004,34.46,35.3560196,-117.8180669,599.568,3,,
4922.26,-41.13510199999973,-0.215,-6.753,7.446,0.005,-0.012,0.005,34.49,35.3560187,-117.8180662,599.734,3,,
4923.245,-38.83851400000003,-0.211,-6.753,7.437,0.006,-0.012,0.005,34.52,35.3560181,-117.8180656,599.936,3,,
4924.234,-38.83851400000003,-0.215,-6.748,7.466,0.006,-0.012,0.005,34.55,35.3560177,-117.8180654,600.034,3,,
4925.216,-38.83851400000003,-0.206,-6.767,7.423,0.005,-0.012,0.005,34.58,35.3560172,-117.818065,600.168,3,,
4926.203,-40.577359200000046,-0.211,-6.748,7.456,0.005,-0.013,0.005,34.62,35.3560168,-117.8180648,600.277,3,,
4927.206,-39.42906519999997,-0.211,-6.762,7.427,0.006,-0.012,0.005,34.66,35.356017,-117.818065,600.488,3,,
4928.293,-41.13510199999973,-0.225,-6.738,7.442,0.005,-0.013,0.006,34.68,35.3560169,-117.8180647,600.69,3,,
4929.278,-40.577359200000046,-0.206,-6.743,7.442,0.005,-0.013,0.005,34.71,35.3560165,-117.8180645,600.758,3,,
4930.266,-39.42906519999997,-0.206,-6.743,7.442,0.005,-0.013,0.005,34.73,35.3560161,-117.8180643,600.774,3,,
4931.254,-40.872634800000014,-0.206,-6.748,7.442,0.006,-0.012,0.004,34.76,35.3560162,-117.8180642,600.853,3,,
4932.239,-39.69153240000014,-0.201,-6.753,7.437,0.005,-0.012,0.004,34.79,35.3560159,-117.8180645,600.848,3,,
4933.226,-39.42906519999997,-0.22,-6.748,7.446,0.005,-0.013,0.005,34.82,35.3560154,-117.8180643,600.781,3,,
4934.216,-37.690219999999954,-0.206,-6.748,7.47,0.005,-0.011,0.004,34.85,35.3560153,-117.8180646,600.755,3,,
4935.203,-39.1337896,-0.211,-6.743,7.451,0.005,-0.013,0.005,34.88,35.3560154,-117.8180648,600.801,3,,
4936.189,-39.98680800000011,-0.206,-6.757,7.427,0.007,-0.012,0.005,34.91,35.3560162,-117.8180656,600.696,3,,
4937.176,-39.42906519999997,-0.201,-6.729,7.461,0.001,-0.013,0.005,34.96,35.3560167,-117.8180662,600.513,3,,
4938.266,-38.83851400000003,-0.206,-6.753,7.413,0.005,-0.013,0.005,34.99,35.3560168,-117.8180661,600.411,3,,
4939.252,-39.42906519999997,-0.196,-6.753,7.432,0.005,-0.012,0.004,35.02,35.3560168,-117.8180661,600.406,3,,
4940.243,-37.394944399999986,-0.206,-6.753,7.432,0.006,-0.011,0.004,35.04,35.3560176,-117.8180668,600.321,3,,
4941.303,-37.95268720000013,-0.215,-6.738,7.461,0.006,-0.012,0.005,35.07,35.3560181,-117.8180675,600.184,3,,
4942.187,-38.543238400000064,-0.211,-6.748,7.432,0.007,-0.012,0.005,35.1,35.3560183,-117.8180679,600.027,3,,
4943.273,-38.247962800000096,-0.211,-6.748,7.442,0.006,-0.012,0.004,35.13,35.3560178,-117.8180674,600.101,3,,
4944.258,-38.543238400000064,-0.206,-6.757,7.47,0.004,-0.013,0.004,35.16,35.3560173,-117.818067,600.069,3,,
4945.248,-38.83851400000003,-0.211,-6.757,7.442,0.005,-0.012,0.004,35.19,35.3560164,-117.8180664,600.234,3,,
4946.234,-37.690219999999954,-0.201,-6.753,7.466,0.006,-0.015,0.004,35.22,35.3560163,-117.8180656,600.276,3,,
4947.228,-37.09966880000002,-0.211,-6.743,7.446,0.004,-0.012,0.005,35.25,35.3560166,-117.8180655,600.222,3,,
4948.219,-39.98680800000011,-0.201,-6.748,7.451,0.004,-0.012,0.004,35.28,35.3560166,-117.8180656,600.184,3,,
4949.205,-38.83851400000003,-0.206,-6.743,7.446,0.006,-0.012,0.005,35.31,35.3560166,-117.8180653,600.238,3,,
4950.192,-37.690219999999954,-0.201,-6.748,7.47,0.006,-0.012,0.004,35.34,35.3560168,-117.8180646,600.238,3,,
4951.177,-39.69153240000014,-0.206,-6.762,7.408,0.006,-0.013,0.004,35.37,35.356017,-117.8180644,600.2,3,,
4952.165,-38.543238400000064,-0.211,-6.753,7.442,0.007,-0.012,0.005,35.4,35.356017,-117.8180642,600.127,3,,
4953.252,-38.83851400000003,-0.201,-6.738,7.499,0.004,-0.012,0.006,35.43,35.356017,-117.8180641,600.036,3,,
4954.238,-38.83851400000003,-0.201,-6.753,7.427,0.006,-0.012,0.004,35.46,35.356017,-117.818064,600.035,3,,
4955.225,-37.95268720000013,-0.211,-6.757,7.427,0.005,-0.013,0.005,35.49,35.356017,-117.8180637,600.036,3,,
4956.212,-39.98680800000011,-0.201,-6.748,7.437,0.004,-0.013,0.004,35.52,35.3560169,-117.8180637,600.05,3,,
4957.2,-39.98680800000011,-0.201,-6.757,7.451,0.006,-0.012,0.005,35.55,35.3560169,-117.8180638,599.936,3,,
4958.187,-39.69153240000014,-0.201,-6.757,7.461,0.007,-0.012,0.004,35.58,35.3560166,-117.8180635,599.875,3,,
4959.177,-39.1337896,-0.196,-6.738,7.466,0.004,-0.012,0.005,35.61,35.3560169,-117.8180636,599.877,3,,
4960.161,-38.83851400000003,-0.206,-6.748,7.432,0.004,-0.012,0.005,35.65,35.3560172,-117.8180635,599.867,3,,
4961.249,-40.577359200000046,-0.211,-6.757,7.446,0.006,-0.012,0.004,35.68,35.3560177,-117.8180637,599.823,3,,
4962.237,-39.1337896,-0.196,-6.743,7.456,0.005,-0.012,0.004,35.71,35.3560183,-117.818064,599.746,3,,
4963.222,-40.28208360000008,-0.201,-6.753,7.451,0.005,-0.012,0.004,35.74,35.3560188,-117.8180643,599.684,3,,
4964.21,-39.69153240000014,-0.201,-6.743,7.47,0.005,-0.012,0.005,35.77,35.356019,-117.8180641,599.508,3,,
4965.195,-38.543238400000064,-0.201,-6.753,7.451,0.005,-0.013,0.004,35.8,35.3560188,-117.8180637,599.379,3,,
4966.181,-37.394944399999986,-0.201,-6.753,7.446,0.005,-0.012,0.004,35.83,35.3560187,-117.8180633,599.307,3,,
4967.269,-39.98680800000011,-0.211,-6.757,7.427,0.004,-0.012,0.005,35.86,35.3560186,-117.8180631,599.275,3,,
4968.259,-40.28208360000008,-0.206,-6.757,7.451,0.006,-0.012,0.005,35.89,35.3560182,-117.818063,599.247,3,,
4969.245,-39.42906519999997,-0.211,-6.748,7.451,0.005,-0.012,0.005,35.92,35.3560182,-117.8180632,599.333,3,,
4970.23,-39.69153240000014,-0.201,-6.757,7.466,0.007,-0.012,0.004,35.95,35.3560185,-117.8180638,599.339,3,,
4971.216,-40.28208360000008,-0.191,-6.757,7.442,0.006,-0.013,0.004,35.98,35.3560189,-117.8180638,599.409,3,,
4972.202,-40.28208360000008,-0.215,-6.762,7.437,0.006,-0.012,0.004,36.01,35.3560194,-117.8180643,599.352,3,,
4973.199,-39.1337896,-0.201,-6.738,7.466,0.007,-0.011,0.005,36.04,35.3560198,-117.8180649,599.332,3,,
4974.186,-39.69153240000014,-0.206,-6.748,7.466,0.005,-0.013,0.005,36.08,35.3560205,-117.8180653,599.313,3,,
4975.272,-38.83851400000003,-0.211,-6.748,7.461,0.009,-0.012,0.005,36.11,35.3560208,-117.8180663,599.318,3,,
4976.257,-39.1337896,-0.211,-6.753,7.466,0.004,-0.012,0.005,36.14,35.3560208,-117.8180666,599.354,3,,
4977.242,-39.69153240000014,-0.211,-6.757,7.451,0.006,-0.012,0.005,36.17,35.3560208,-117.8180665,599.4,3,,
4978.228,-39.69153240000014,-0.211,-6.748,7.446,0.004,-0.012,0.005,36.21,35.3560212,-117.8180662,599.469,3,,
4979.318,-41.430377600000156,-0.206,-6.753,7.456,0.005,-0.012,0.004,36.24,35.3560217,-117.8180659,599.591,3,,
4980.205,-40.28208360000008,-0.196,-6.748,7.461,0.005,-0.013,0.005,36.26,35.3560221,-117.8180651,599.647,3,,
4981.191,-41.13510199999973,-0.211,-6.743,7.456,0.005,-0.013,0.004,36.29,35.356022,-117.8180641,599.715,3,,
4982.177,-39.42906519999997,-0.206,-6.762,7.446,0.004,-0.013,0.004,36.32,35.356022,-117.8180636,599.801,3,,
4983.264,-39.98680800000011,-0.201,-6.757,7.456,0.005,-0.012,0.005,36.35,35.3560221,-117.8180633,599.942,3,,
4984.257,-40.577359200000046,-0.206,-6.753,7.461,0.004,-0.013,0.004,36.38,35.3560224,-117.8180634,600.01,3,,
4985.256,-40.28208360000008,-0.201,-6.748,7.442,0.005,-0.012,0.004,36.41,35.3560227,-117.8180632,600.061,3,,
4986.242,-40.577359200000046,-0.196,-6.753,7.451,0.005,-0.012,0.005,36.44,35.3560234,-117.8180634,600.154,3,,
4987.233,-40.28208360000008,-0.196,-6.748,7.461,0.004,-0.013,0.004,36.47,35.3560238,-117.8180631,600.19,3,,
4988.217,-40.28208360000008,-0.206,-6.753,7.451,0.005,-0.013,0.005,36.5,35.3560241,-117.8180628,600.239,3,,
4989.207,-39.98680800000011,-0.201,-6.748,7.466,0.006,-0.013,0.005,36.53,35.3560244,-117.8180628,600.233,3,,
4990.201,-39.69153240000014,-0.206,-6.743,7.451,0.005,-0.012,0.005,36.56,35.3560243,-117.8180627,600.179,3,,
4991.191,-39.69153240000014,-0.206,-6.757,7.451,0.005,-0.012,0.004,36.59,35.3560235,-117.8180619,600.108,3,,
4992.177,-39.69153240000014,-0.201,-6.753,7.446,0.005,-0.013,0.005,36.62,35.3560229,-117.8180615,600.032,3,,
4993.267,-39.1337896,-0.206,-6.753,7.456,0.005,-0.012,0.005,36.65,35.3560225,-117.8180613,599.931,3,,
4994.257,-39.1337896,-0.201,-6.748,7.456,0.005,-0.013,0.005,36.68,35.3560223,-117.8180611,599.809,3,,
4995.242,-41.13510199999973,-0.206,-6.753,7.456,0.005,-0.012,0.004,36.7,35.3560218,-117.8180609,599.764,3,,
4996.23,-38.83851400000003,-0.191,-6.753,7.466,0.005,-0.013,0.005,36.73,35.3560215,-117.8180605,599.764,3,,
4997.216,-39.98680800000011,-0.196,-6.757,7.446,0.004,-0.015,0.004,36.76,35.3560214,-117.8180602,599.71,3,,
4998.209,-38.83851400000003,-0.196,-6.757,7.446,0.005,-0.012,0.004,36.79,35.3560212,-117.8180601,599.678,3,,
4999.211,-40.28208360000008,-0.191,-6.753,7.446,0.004,-0.012,0.004,36.82,35.3560213,-117.8180601,599.682,3,,
5000.195,-39.69153240000014,-0.191,-6.748,7.451,0.005,-0.012,0.004,36.85,35.3560217,-117.8180603,599.644,3,,
5001.283,-39.1337896,-0.191,-6.757,7.442,0.006,-0.012,0.005,36.88,35.3560217,-117.8180606,599.647,3,,
5002.271,-39.42906519999997,-0.196,-6.762,7.451,0.004,-0.013,0.006,36.91,35.356022,-117.8180607,599.704,3,,
5003.259,-39.1337896,-0.196,-6.762,7.461,0.006,-0.012,0.004,36.94,35.3560226,-117.8180611,599.776,3,,
5004.246,-39.69153240000014,-0.196,-6.748,7.456,0.006,-0.013,0.005,36.96,35.356023,-117.818061,599.904,3,,
5005.234,-37.95268720000013,-0.191,-6.753,7.446,0.004,-0.012,0.005,36.99,35.3560234,-117.8180613,599.92,3,,
5006.22,-39.98680800000011,-0.206,-6.757,7.456,0.006,-0.013,0.004,37.02,35.3560236,-117.818061,600.047,3,,
5007.213,-39.1337896,-0.201,-6.748,7.446,0.005,-0.011,0.004,37.05,35.3560239,-117.8180606,600.094,3,,
5008.199,-39.42906519999997,-0.201,-6.757,7.451,0.005,-0.012,0.004,37.08,35.356024,-117.8180602,600.05,3,,
5009.185,-38.83851400000003,-0.196,-6.757,7.461,0.005,-0.012,0.004,37.11,35.3560245,-117.8180601,600.031,3,,
5010.172,-39.98680800000011,-0.196,-6.762,7.437,0.006,-0.012,0.004,37.14,35.3560255,-117.8180608,599.94,3,,
5011.256,-39.1337896,-0.201,-6.753,7.456,0.005,-0.012,0.005,37.17,35.3560262,-117.8180614,599.889,3,,
5012.245,-39.1337896,-0.196,-6.753,7.451,0.005,-0.013,0.005,37.19,35.3560265,-117.8180619,599.835,3,,
5013.232,-38.83851400000003,-0.196,-6.757,7.456,0.005,-0.013,0.004,37.22,35.3560271,-117.8180624,599.931,3,,
5014.225,-39.42906519999997,-0.196,-6.762,7.446,0.005,-0.012,0.004,37.25,35.3560274,-117.8180626,600.045,3,,
5015.216,-39.1337896,-0.196,-6.757,7.456,0.005,-0.013,0.005,37.28,35.3560277,-117.8180629,600.227,3,,
5016.203,-39.1337896,-0.206,-6.757,7.461,0.006,-0.013,0.004,37.3,35.3560281,-117.8180632,600.355,3,,
5017.192,-39.69153240000014,-0.201,-6.767,7.446,0.005,-0.012,0.005,37.33,35.3560281,-117.8180635,600.518,3,,
5018.281,-39.42906519999997,-0.22,-6.753,7.451,0.005,-0.016,0.01,37.37,35.3560284,-117.8180637,600.652,3,,
5019.278,-39.98680800000011,-0.206,-6.757,7.446,0.006,-0.012,0.005,37.39,35.3560286,-117.8180637,600.771,3,,
5020.264,-39.1337896,-0.196,-6.762,7.461,0.004,-0.012,0.004,37.42,35.3560287,-117.8180638,600.806,3,,
5021.252,-39.98680800000011,-0.196,-6.762,7.446,0.006,-0.012,0.004,37.45,35.3560292,-117.818064,600.817,3,,
5022.238,-39.98680800000011,-0.196,-6.753,7.442,0.006,-0.012,0.005,37.48,35.3560294,-117.8180643,600.903,3,,
5023.229,-39.42906519999997,-0.196,-6.757,7.442,0.006,-0.013,0.004,37.51,35.3560296,-117.8180645,600.965,3,,
5024.219,-37.690219999999954,-0.196,-6.753,7.451,0.005,-0.013,0.004,37.53,35.3560294,-117.818065,601.012,3,,
5025.204,-40.28208360000008,-0.206,-6.762,7.451,0.005,-0.011,0.004,37.56,35.3560289,-117.8180654,601.035,3,,
5026.192,-39.42906519999997,-0.191,-6.757,7.456,0.006,-0.012,0.005,37.59,35.3560288,-117.8180652,600.974,3,,
5027.285,-40.28208360000008,-0.196,-6.757,7.451,0.006,-0.011,0.004,37.62,35.3560283,-117.8180649,600.998,3,,
5028.272,-38.83851400000003,-0.196,-6.748,7.446,0.004,-0.013,0.005,37.65,35.3560277,-117.8180651,600.997,3,,
5029.261,-39.69153240000014,-0.196,-6.757,7.446,0.006,-0.013,0.005,37.68,35.3560273,-117.8180652,601.011,3,,
5030.251,-39.69153240000014,-0.191,-6.757,7.446,0.005,-0.013,0.004,37.7,35.3560273,-117.8180655,601.113,3,,
5031.237,-37.690219999999954,-0.191,-6.767,7.446,0.005,-0.012,0.004,37.73,35.3560272,-117.8180658,601.106,3,,
5032.223,-37.394944399999986,-0.191,-6.753,7.456,0.006,-0.013,0.004,37.76,35.3560266,-117.8180658,601.126,3,,
5033.213,-38.247962800000096,-0.196,-6.757,7.442,0.005,-0.012,0.005,37.79,35.3560261,-117.8180658,601.115,3,,
5034.196,-38.543238400000064,-0.196,-6.748,7.446,0.005,-0.013,0.005,37.82,35.3560252,-117.8180656,601.107,3,,
5035.283,-38.247962800000096,-0.187,-6.748,7.446,0.005,-0.011,0.005,37.85,35.3560246,-117.8180654,601.018,3,,
5036.273,-39.42906519999997,-0.191,-6.748,7.442,0.006,-0.013,0.004,37.87,35.3560242,-117.8180654,601.012,3,,
5037.261,-37.09966880000002,-0.206,-6.753,7.456,0.006,-0.013,0.004,37.9,35.3560241,-117.8180657,601.009,3,,
5038.246,-39.1337896,-0.191,-6.748,7.442,0.006,-0.011,0.005,37.93,35.3560238,-117.818066,601.02,3,,
5039.232,-37.95268720000013,-0.201,-6.757,7.442,0.004,-0.012,0.005,37.96,35.3560238,-117.8180665,601.033,3,,
5040.227,-39.42906519999997,-0.191,-6.762,7.456,0.006,-0.013,0.004,37.99,35.3560236,-117.8180665,601.001,3,,
5041.213,-38.543238400000064,-0.196,-6.757,7.451,0.005,-0.012,0.005,38.02,35.3560233,-117.8180662,600.94,3,,
5042.197,-38.543238400000064,-0.196,-6.753,7.442,0.005,-0.012,0.004,38.04,35.3560227,-117.8180657,600.918,3,,
5043.185,-37.394944399999986,-0.196,-6.757,7.446,0.005,-0.013,0.005,38.07,35.3560225,-117.8180655,600.904,3,,
5044.175,-37.394944399999986,-0.182,-6.757,7.451,0.005,-0.012,0.005,38.1,35.3560224,-117.8180656,600.877,3,,
5045.26,-38.543238400000064,-0.187,-6.753,7.437,0.005,-0.011,0.004,38.13,35.3560223,-117.8180655,600.846,3,,
5046.246,-38.83851400000003,-0.201,-6.757,7.456,0.005,-0.012,0.004,38.16,35.3560223,-117.8180654,600.797,3,,
5047.237,-37.95268720000013,-0.196,-6.753,7.446,0.005,-0.013,0.004,38.19,35.3560219,-117.8180651,600.788,3,,
5048.222,-36.80439320000005,-0.191,-6.757,7.442,0.005,-0.011,0.004,38.21,35.3560216,-117.8180651,600.646,3,,
5049.207,-37.95268720000013,-0.187,-6.762,7.446,0.005,-0.012,0.006,38.24,35.3560214,-117.8180651,600.537,3,,
5050.195,-37.95268720000013,-0.191,-6.762,7.446,0.005,-0.012,0.005,38.27,35.3560212,-117.8180651,600.475,3,,
5051.283,-37.394944399999986,-0.191,-6.757,7.446,0.005,-0.012,0.002,38.3,35.356021,-117.8180648,600.47,3,,
5052.269,-37.394944399999986,-0.196,-6.762,7.446,0.006,-0.012,0.005,38.33,35.356021,-117.8180648,600.429,3,,
5053.256,-39.42906519999997,-0.196,-6.767,7.451,0.006,-0.012,0.005,38.36,35.3560209,-117.8180646,600.378,3,,
5054.246,-38.543238400000064,-0.196,-6.772,7.446,0.005,-0.011,0.005,38.39,35.3560207,-117.8180642,600.388,3,,
5055.237,-37.394944399999986,-0.196,-6.767,7.451,0.006,-0.012,0.005,38.42,35.3560208,-117.8180643,600.359,3,,
5056.225,-37.95268720000013,-0.187,-6.762,7.451,0.006,-0.012,0.005,38.45,35.356021,-117.8180641,600.372,3,,
5057.213,-37.09966880000002,-0.196,-6.757,7.446,0.005,-0.013,0.005,38.48,35.356021,-117.8180635,600.371,3,,
5058.196,-37.95268720000013,-0.196,-6.757,7.437,0.005,-0.012,0.005,38.5,35.3560213,-117.8180634,600.224,3,,
5059.181,-37.95268720000013,-0.191,-6.753,7.451,0.006,-0.013,0.005,38.53,35.356022,-117.8180638,600.168,3,,
5060.171,-37.95268720000013,-0.206,-6.753,7.442,0.005,-0.013,0.004,38.56,35.3560224,-117.818064,600.059,3,,
5061.262,-37.95268720000013,-0.191,-6.748,7.446,0.005,-0.012,0.005,38.59,35.3560226,-117.8180642,599.949,3,,
5062.247,-37.95268720000013,-0.201,-6.757,7.442,0.006,-0.012,0.005,38.62,35.3560231,-117.8180648,599.835,3,,
5063.235,-37.95268720000013,-0.191,-6.757,7.446,0.006,-0.012,0.005,38.65,35.356023,-117.818065,599.75,3,,
5064.227,-37.690219999999954,-0.201,-6.757,7.456,0.005,-0.013,0.004,38.67,35.356023,-117.8180654,599.733,3,,
5065.214,-38.543238400000064,-0.191,-6.757,7.437,0.006,-0.012,0.005,38.7,35.3560231,-117.8180655,599.761,3,,
5066.199,-37.95268720000013,-0.196,-6.762,7.442,0.005,-0.013,0.005,38.73,35.3560233,-117.8180658,599.966,3,,
5067.185,-37.09966880000002,-0.191,-6.767,7.451,0.006,-0.011,0.005,38.76,35.3560237,-117.8180662,600.134,3,,
5068.274,-37.09966880000002,-0.201,-6.762,7.456,0.006,-0.012,0.004,38.79,35.3560241,-117.8180663,600.178,3,,
5069.256,-37.09966880000002,-0.201,-6.757,7.442,0.005,-0.011,0.004,38.81,35.3560241,-117.8180663,600.22,3,,
5070.243,-37.394944399999986,-0.191,-6.757,7.442,0.004,-0.013,0.005,38.84,35.3560247,-117.8180667,600.492,3,,
5071.232,-37.690219999999954,-0.196,-6.767,7.446,0.005,-0.013,0.006,38.87,35.3560248,-117.8180668,600.526,3,,
5072.221,-38.543238400000064,-0.206,-6.762,7.451,0.005,-0.012,0.005,38.9,35.3560247,-117.8180669,600.553,3,,
5073.207,-37.394944399999986,-0.191,-6.753,7.442,0.004,-0.012,0.005,38.93,35.3560244,-117.8180671,600.576,3,,
5074.192,-37.09966880000002,-0.191,-6.767,7.446,0.005,-0.012,0.004,38.96,35.3560238,-117.818067,600.593,3,,
5075.182,-37.690219999999954,-0.191,-6.762,7.451,0.006,-0.013,0.005,38.99,35.3560235,-117.8180669,600.659,3,,
5076.267,-37.690219999999954,-0.201,-6.753,7.446,0.006,-0.012,0.005,39.02,35.3560236,-117.8180671,600.721,3,,
5077.251,-37.394944399999986,-0.196,-6.762,7.451,0.005,-0.013,0.005,39.04,35.3560231,-117.8180671,600.761,3,,
5078.238,-38.543238400000064,-0.187,-6.753,7.456,0.004,-0.012,0.004,39.07,35.3560226,-117.8180669,600.78,3,,
5079.223,-37.690219999999954,-0.201,-6.762,7.437,0.005,-0.013,0.004,39.1,35.3560225,-117.8180671,600.737,3,,
5080.216,-37.394944399999986,-0.196,-6.767,7.442,0.006,-0.012,0.005,39.13,35.3560227,-117.8180673,600.654,3,,
5081.201,-35.95137479999994,-0.196,-6.762,7.442,0.006,-0.012,0.005,39.15,35.3560225,-117.8180677,600.581,3,,
5082.189,-36.80439320000005,-0.196,-6.757,7.446,0.006,-0.013,0.005,39.18,35.3560227,-117.8180681,600.583,3,,
5083.177,-35.95137479999994,-0.196,-6.757,7.451,0.005,-0.013,0.005,39.21,35.3560229,-117.8180683,600.552,3,,
5084.163,-36.50911760000008,-0.191,-6.762,7.446,0.005,-0.013,0.005,39.24,35.3560227,-117.8180684,600.56,3,,
5085.252,-35.65609919999997,-0.191,-6.767,7.451,0.005,-0.012,0.005,39.27,35.3560223,-117.8180685,600.586,3,,
5086.237,-35.95137479999994,-0.191,-6.762,7.437,0.006,-0.012,0.005,39.3,35.3560219,-117.8180686,600.614,3,,
5087.222,-36.21384199999966,-0.196,-6.772,7.432,0.006,-0.013,0.005,39.32,35.356022,-117.8180689,600.512,3,,
5088.209,-37.95268720000013,-0.201,-6.762,7.442,0.006,-0.013,0.005,39.35,35.3560222,-117.8180692,600.437,3,,
5089.197,-36.21384199999966,-0.201,-6.762,7.437,0.005,-0.012,0.002,39.38,35.3560228,-117.8180696,600.316,3,,
5090.283,-37.09966880000002,-0.191,-6.762,7.442,0.005,-0.012,0.005,39.41,35.356023,-117.8180699,600.235,3,,
5091.273,-36.50911760000008,-0.201,-6.762,7.446,0.005,-0.012,0.005,39.44,35.3560226,-117.8180697,600.056,3,,
5092.262,-35.3608236,-0.196,-6.767,7.451,0.005,-0.012,0.004,39.47,35.3560225,-117.8180696,600.042,3,,
5093.247,-35.95137479999994,-0.201,-6.757,7.446,0.005,-0.012,0.005,39.49,35.3560225,-117.8180697,600.066,3,,
5094.233,-37.09966880000002,-0.191,-6.772,7.442,0.005,-0.012,0.005,39.52,35.3560227,-117.8180698,600.068,3,,
5095.22,-36.50911760000008,-0.196,-6.762,7.442,0.006,-0.013,0.005,39.55,35.3560229,-117.8180699,600.147,3,,
5096.213,-36.50911760000008,-0.196,-6.757,7.442,0.006,-0.013,0.004,39.58,35.356023,-117.8180696,600.051,3,,
5097.2,-36.50911760000008,-0.196,-6.762,7.442,0.006,-0.012,0.004,39.61,35.3560229,-117.8180694,599.88,3,,
5098.185,-35.3608236,-0.196,-6.767,7.442,0.006,-0.012,0.005,39.64,35.3560226,-117.8180696,599.755,3,,
5099.273,-37.394944399999986,-0.196,-6.762,7.451,0.005,-0.013,0.005,39.66,35.3560231,-117.8180695,599.681,3,,
5100.262,-35.95137479999994,-0.191,-6.767,7.446,0.005,-0.012,0.005,39.69,35.3560236,-117.8180695,599.59,3,,
5101.244,-35.065548000000035,-0.206,-6.762,7.442,0.006,-0.012,0.004,39.72,35.3560239,-117.8180698,599.518,3,,
5102.226,-36.21384199999966,-0.201,-6.772,7.442,0.005,-0.013,0.005,39.75,35.356024,-117.8180698,599.46,3,,
5103.213,-35.95137479999994,-0.191,-6.767,7.446,0.006,-0.012,0.005,39.77,35.3560244,-117.8180696,599.368,3,,
5104.198,-35.95137479999994,-0.191,-6.762,7.437,0.006,-0.012,0.005,39.8,35.3560247,-117.8180691,599.262,3,,
5105.182,-37.690219999999954,-0.187,-6.767,7.442,0.006,-0.012,0.004,39.83,35.3560244,-117.8180688,599.289,3,,
5106.17,-35.65609919999997,-0.201,-6.762,7.432,0.005,-0.012,0.004,39.86,35.3560243,-117.8180686,599.292,3,,
5107.156,-36.50911760000008,-0.196,-6.767,7.451,0.006,-0.012,0.005,39.89,35.3560245,-117.8180684,599.239,3,,
5108.244,-36.50911760000008,-0.196,-6.757,7.437,0.005,-0.013,0.005,39.92,35.3560247,-117.8180681,599.239,3,,
5109.228,-36.21384199999966,-0.201,-6.767,7.446,0.007,-0.012,0.004,39.94,35.356025,-117.8180678,599.233,3,,
5110.215,-35.95137479999994,-0.201,-6.762,7.442,0.006,-0.012,0.004,39.97,35.3560257,-117.8180672,599.181,3,,
5111.201,-35.065548000000035,-0.196,-6.757,7.451,0.005,-0.012,0.005,40.0,35.3560264,-117.8180669,599.105,3,,
5112.188,-35.95137479999994,-0.196,-6.772,7.451,0.006,-0.013,0.004,40.03,35.356027,-117.8180668,599.042,3,,
5113.276,-34.80308079999986,-0.196,-6.762,7.432,0.005,-0.012,0.005,40.06,35.3560273,-117.8180667,599.015,3,,
5114.261,-37.09966880000002,-0.191,-6.753,7.446,0.006,-0.012,0.005,40.08,35.3560279,-117.8180668,598.953,3,,
5115.249,-37.09966880000002,-0.201,-6.767,7.446,0.006,-0.012,0.004,40.11,35.356028,-117.8180667,598.929,3,,
5116.237,-36.21384199999966,-0.191,-6.776,7.442,0.005,-0.012,0.004,40.14,35.3560281,-117.8180665,598.91,3,,
5117.225,-33.91725399999996,-0.196,-6.767,7.446,0.006,-0.013,0.004,40.16,35.3560284,-117.8180662,598.949,3,,
5118.209,-35.3608236,-0.196,-6.762,7.442,0.006,-0.013,0.005,40.19,35.3560287,-117.8180659,598.981,3,,
5119.196,-36.21384199999966,-0.201,-6.757,7.437,0.006,-0.013,0.005,40.22,35.3560289,-117.8180658,598.957,3,,
5120.284,-35.3608236,-0.201,-6.762,7.451,0.006,-0.012,0.004,40.25,35.3560287,-117.8180655,598.954,3,,
5121.268,-35.065548000000035,-0.191,-6.767,7.437,0.006,-0.011,0.004,40.27,35.3560281,-117.8180656,598.907,3,,
5122.254,-35.3608236,-0.196,-6.767,7.446,0.005,-0.012,0.005,40.3,35.3560279,-117.8180656,598.909,3,,
5123.242,-35.3608236,-0.191,-6.762,7.446,0.006,-0.01,0.004,40.33,35.3560277,-117.8180656,598.953,3,,
5124.234,-35.3608236,-0.196,-6.762,7.442,0.005,-0.013,0.005,40.35,35.3560273,-117.8180655,599.024,3,,
5125.217,-33.91725399999996,-0.191,-6.762,7.442,0.006,-0.012,0.002,40.38,35.3560273,-117.8180656,599.042,3,,
5126.2,-35.065548000000035,-0.191,-6.762,7.446,0.005,-0.013,0.004,40.41,35.3560267,-117.8180656,599.09,3,,
5127.185,-35.065548000000035,-0.201,-6.762,7.446,0.006,-0.012,0.004,40.44,35.3560262,-117.8180655,599.08,3,,
5128.282,-36.21384199999966,-0.196,-6.762,7.442,0.007,-0.013,0.005,40.47,35.3560256,-117.8180654,599.07,3,,
5129.164,-33.91725399999996,-0.201,-6.772,7.432,0.006,-0.012,0.005,40.49,35.3560255,-117.8180649,599.049,3,,
5130.25,-35.95137479999994,-0.191,-6.762,7.446,0.005,-0.012,0.005,40.52,35.3560252,-117.8180645,599.006,3,,
5131.239,-35.065548000000035,-0.201,-6.757,7.446,0.007,-0.013,0.006,40.54,35.3560258,-117.8180641,598.848,3,,
5132.223,-34.80308079999986,-0.196,-6.757,7.446,0.006,-0.013,0.006,40.58,35.3560262,-117.8180637,598.732,3,,
5133.208,-34.80308079999986,-0.196,-6.772,7.437,0.005,-0.013,0.004,40.62,35.3560266,-117.8180636,598.693,3,,
5134.195,-34.80308079999986,-0.196,-6.767,7.442,0.006,-0.012,0.005,40.64,35.3560272,-117.8180636,598.63,3,,
5135.189,-34.80308079999986,-0.201,-6.767,7.442,0.007,-0.011,0.004,40.66,35.3560281,-117.8180642,598.52,3,,
5136.174,-35.95137479999994,-0.191,-6.767,7.442,0.007,-0.012,0.004,40.69,35.356029,-117.8180646,598.462,3,,
5137.265,-34.80308079999986,-0.206,-6.757,7.442,0.007,-0.013,0.005,40.72,35.3560297,-117.8180648,598.398,3,,
5138.251,-34.21252960000038,-0.191,-6.762,7.446,0.007,-0.012,0.004,40.74,35.3560302,-117.818065,598.372,3,,
5139.236,-33.62197839999999,-0.196,-6.762,7.442,0.005,-0.012,0.006,40.77,35.3560299,-117.8180652,598.384,3,,
5140.222,-34.50780519999989,-0.196,-6.767,7.446,0.006,-0.012,0.004,40.79,35.3560287,-117.818065,598.555,3,,
5141.208,-33.91725399999996,-0.191,-6.767,7.437,0.005,-0.012,0.005,40.82,35.3560279,-117.8180646,598.772,3,,
5142.188,-33.91725399999996,-0.196,-6.767,7.442,0.005,-0.013,0.005,40.85,35.356027,-117.8180639,598.939,3,,
5143.168,-33.32670280000002,-0.206,-6.767,7.437,0.004,-0.012,0.004,40.88,35.356026,-117.8180634,599.119,3,,
5144.25,-34.21252960000038,-0.187,-6.757,7.442,0.004,-0.012,0.006,40.9,35.356025,-117.8180625,599.264,3,,
5145.232,-33.32670280000002,-0.191,-6.762,7.442,0.006,-0.012,0.004,40.93,35.3560248,-117.8180626,599.275,3,,
5146.217,-34.50780519999989,-0.191,-6.767,7.437,0.006,-0.013,0.005,40.96,35.3560239,-117.8180617,599.481,3,,
5147.198,-33.91725399999996,-0.191,-6.772,7.446,0.005,-0.011,0.005,40.99,35.3560243,-117.8180623,599.548,3,,
5148.181,-33.62197839999999,-0.196,-6.767,7.446,0.005,-0.013,0.005,41.01,35.3560244,-117.8180627,599.578,3,,
5149.263,-34.21252960000038,-0.182,-6.762,7.446,0.006,-0.012,0.004,41.03,35.3560242,-117.8180629,599.783,3,,
5150.243,-34.21252960000038,-0.201,-6.772,7.437,0.006,-0.012,0.005,41.06,35.3560242,-117.8180629,599.71,3,,
5151.223,-34.50780519999989,-0.196,-6.767,7.451,0.006,-0.012,0.005,41.08,35.3560246,-117.8180632,599.579,3,,
5152.205,-33.62197839999999,-0.201,-6.772,7.432,0.005,-0.013,0.005,41.11,35.356025,-117.8180634,599.504,3,,
5153.185,-33.91725399999996,-0.206,-6.767,7.451,0.005,-0.012,0.005,41.13,35.3560249,-117.8180632,599.407,3,,
5154.167,-34.21252960000038,-0.191,-6.757,7.446,0.005,-0.013,0.005,41.16,35.3560251,-117.818063,599.252,3,,
5155.251,-34.50780519999989,-0.196,-6.767,7.442,0.005,-0.013,0.004,41.19,35.3560253,-117.818063,599.101,3,,
5156.233,-35.65609919999997,-0.206,-6.767,7.451,0.006,-0.012,0.006,41.22,35.3560255,-117.8180631,598.985,3,,
5157.213,-35.65609919999997,-0.196,-6.767,7.446,0.007,-0.012,0.005,41.24,35.3560255,-117.818063,598.876,3,,
5158.193,-32.1784088000004,-0.191,-6.762,7.446,0.006,-0.012,0.004,41.26,35.3560256,-117.818063,598.779,3,,
5159.174,-33.32670280000002,-0.191,-6.767,7.446,0.006,-0.012,0.005,41.29,35.356026,-117.818063,598.666,3,,
5160.256,-34.21252960000038,-0.196,-6.753,7.446,0.006,-0.012,0.005,41.32,35.3560265,-117.8180631,598.59,3,,
5161.238,-33.32670280000002,-0.196,-6.767,7.446,0.006,-0.013,0.005,41.34,35.3560268,-117.8180633,598.567,3,,
5162.221,-33.62197839999999,-0.201,-6.762,7.437,0.007,-0.012,0.004,41.37,35.3560271,-117.8180638,598.511,3,,
5163.203,-33.91725399999996,-0.187,-6.762,7.432,0.005,-0.012,0.004,41.4,35.3560276,-117.8180641,598.42,3,,
5164.184,-35.065548000000035,-0.201,-6.753,7.451,0.007,-0.012,0.005,41.42,35.356028,-117.8180645,598.319,3,,
5165.165,-35.065548000000035,-0.191,-6.767,7.432,0.005,-0.013,0.006,41.45,35.3560285,-117.8180647,598.197,3,,
5166.319,-33.91725399999996,-0.196,-6.757,7.442,0.007,-0.012,0.005,41.47,35.356029,-117.8180651,598.083,3,,
5167.201,-33.91725399999996,-0.196,-6.762,7.437,0.005,-0.012,0.004,41.49,35.3560291,-117.818065,597.934,3,,
5168.185,-35.065548000000035,-0.196,-6.772,7.432,0.006,-0.012,0.004,41.52,35.3560291,-117.818065,597.85,3,,
5169.169,-33.62197839999999,-0.201,-6.762,7.446,0.006,-0.012,0.005,41.55,35.3560293,-117.8180649,597.772,3,,
5170.253,-34.50780519999989,-0.196,-6.753,7.437,0.005,-0.013,0.005,41.57,35.3560296,-117.818065,597.704,3,,
5171.239,-34.21252960000038,-0.196,-6.762,7.437,0.006,-0.013,0.005,41.59,35.3560299,-117.8180652,597.565,3,,
5172.221,-34.21252960000038,-0.196,-6.767,7.451,0.006,-0.015,0.005,41.62,35.3560305,-117.8180653,597.481,3,,
5173.206,-33.91725399999996,-0.196,-6.757,7.451,0.006,-0.013,0.005,41.64,35.3560307,-117.8180655,597.398,3,,
5174.187,-34.21252960000038,-0.196,-6.762,7.437,0.006,-0.012,0.004,41.67,35.3560306,-117.8180657,597.303,3,,
5175.278,-33.32670280000002,-0.187,-6.762,7.437,0.007,-0.012,0.005,41.69,35.3560301,-117.8180657,597.258,3,,
5176.262,-33.91725399999996,-0.191,-6.767,7.446,0.004,-0.015,0.005,41.72,35.3560302,-117.8180661,597.134,3,,
5177.246,-34.80308079999986,-0.201,-6.772,7.432,0.006,-0.013,0.005,41.74,35.3560301,-117.8180664,597.1,3,,
5178.229,-34.80308079999986,-0.191,-6.762,7.446,0.007,-0.013,0.005,41.76,35.3560306,-117.8180665,597.003,3,,
5179.213,-34.21252960000038,-0.191,-6.762,7.451,0.006,-0.013,0.006,41.79,35.3560308,-117.818067,597.009,3,,
5180.198,-34.80308079999986,-0.201,-6.753,7.442,0.006,-0.011,0.004,41.82,35.3560313,-117.818067,596.922,3,,
5181.181,-34.50780519999989,-0.196,-6.767,7.437,0.006,-0.013,0.005,41.84,35.3560314,-117.8180676,596.852,3,,
5182.166,-33.32670280000002,-0.191,-6.762,7.442,0.005,-0.013,0.005,41.86,35.3560314,-117.8180684,596.901,3,,
5183.252,-33.62197839999999,-0.196,-6.767,7.442,0.004,-0.012,0.004,41.89,35.3560314,-117.8180685,596.9,3,,
5184.242,-33.62197839999999,-0.191,-6.772,7.427,0.005,-0.013,0.006,41.91,35.3560318,-117.8180692,596.877,3,,
5185.23,-33.32670280000002,-0.196,-6.767,7.442,0.005,-0.013,0.005,41.94,35.3560319,-117.8180693,596.756,3,,
5186.225,-32.76895999999988,-0.191,-6.762,7.437,0.006,-0.013,0.004,41.96,35.3560322,-117.8180702,596.821,3,,
5187.214,-33.62197839999999,-0.196,-6.757,7.442,0.006,-0.013,0.005,41.99,35.3560325,-117.8180711,596.865,3,,
5188.2,-34.80308079999986,-0.206,-6.767,7.427,0.005,-0.013,0.005,42.01,35.3560332,-117.8180725,597.076,3,,
5189.188,-34.50780519999989,-0.191,-6.767,7.442,0.006,-0.012,0.004,42.04,35.3560342,-117.818074,597.24,3,,
5190.286,-34.50780519999989,-0.187,-6.767,7.442,0.006,-0.012,0.005,42.07,35.3560341,-117.8180745,597.475,3,,
5191.27,-33.62197839999999,-0.196,-6.767,7.432,0.006,-0.013,0.005,42.09,35.3560339,-117.8180747,597.691,3,,
5192.255,-34.80308079999986,-0.196,-6.762,7.437,0.005,-0.012,0.005,42.11,35.3560341,-117.818075,597.85,3,,
5193.245,-33.91725399999996,-0.191,-6.762,7.437,0.006,-0.013,0.005,42.14,35.3560343,-117.8180753,598.03,3,,
5194.242,-34.21252960000038,-0.201,-6.753,7.437,0.005,-0.013,0.005,42.16,35.3560345,-117.8180757,598.202,3,,
5195.229,-34.50780519999989,-0.196,-6.753,7.442,0.006,-0.012,0.005,42.19,35.3560345,-117.8180757,598.349,3,,
5196.214,-34.21252960000038,-0.196,-6.762,7.432,0.007,-0.012,0.005,42.21,35.3560344,-117.8180756,598.494,3,,
5197.2,-34.21252960000038,-0.187,-6.767,7.432,0.006,-0.013,0.006,42.24,35.3560348,-117.8180754,598.566,3,,
5198.185,-33.91725399999996,-0.187,-6.757,7.442,0.006,-0.013,0.004,42.26,35.356035,-117.8180751,598.639,3,,
5199.179,-34.50780519999989,-0.187,-6.762,7.437,0.005,-0.012,0.004,42.28,35.356035,-117.8180746,598.682,3,,
5200.165,-33.03142720000005,-0.196,-6.767,7.437,0.006,-0.012,0.006,42.31,35.3560349,-117.8180741,598.695,3,,
5201.256,-32.47368439999991,-0.196,-6.772,7.437,0.006,-0.012,0.005,42.33,35.3560349,-117.818074,598.658,3,,
5202.245,-33.32670280000002,-0.201,-6.762,7.432,0.007,-0.013,0.005,42.36,35.3560352,-117.8180743,598.629,3,,
5203.229,-33.62197839999999,-0.187,-6.762,7.442,0.005,-0.012,0.005,42.38,35.3560354,-117.8180744,598.606,3,,
5204.216,-34.21252960000038,-0.191,-6.762,7.437,0.005,-0.011,0.005,42.41,35.3560354,-117.8180747,598.552,3,,
5205.202,-33.03142720000005,-0.187,-6.757,7.451,0.005,-0.012,0.005,42.43,35.3560358,-117.8180751,598.529,3,,
5206.189,-32.76895999999988,-0.191,-6.757,7.432,0.006,-0.012,0.005,42.45,35.3560357,-117.8180752,598.585,3,,
5207.18,-32.47368439999991,-0.187,-6.767,7.432,0.006,-0.012,0.005,42.48,35.3560357,-117.8180754,598.586,3,,
5208.169,-33.91725399999996,-0.191,-6.757,7.432,0.005,-0.012,0.005,42.5,35.3560355,-117.8180751,598.645,3,,
5209.255,-33.32670280000002,-0.187,-6.762,7.442,0.006,-0.012,0.005,42.53,35.3560354,-117.8180754,598.775,3,,
5210.241,-32.76895999999988,-0.201,-6.776,7.442,0.006,-0.011,0.005,42.55,35.3560347,-117.8180746,598.787,3,,
5211.231,-33.62197839999999,-0.191,-6.767,7.432,0.006,-0.012,0.005,42.58,35.3560346,-117.8180748,598.9,3,,
5212.219,-33.62197839999999,-0.187,-6.762,7.427,0.006,-0.012,0.005,42.6,35.3560356,-117.8180756,598.902,3,,
5213.205,-33.91725399999996,-0.196,-6.767,7.442,0.006,-0.013,0.005,42.63,35.356036,-117.8180758,598.914,3,,
5214.192,-32.47368439999991,-0.191,-6.772,7.442,0.005,-0.013,0.006,42.65,35.3560363,-117.8180757,598.915,3,,
5215.183,-33.62197839999999,-0.201,-6.767,7.432,0.006,-0.012,0.005,42.67,35.3560367,-117.8180759,598.857,3,,
5216.268,-32.76895999999988,-0.187,-6.762,7.446,0.005,-0.013,0.005,42.7,35.3560371,-117.8180758,598.751,3,,
5217.254,-31.883133199999975,-0.201,-6.762,7.437,0.006,-0.013,0.004,42.72,35.3560375,-117.8180754,598.697,3,,
5218.246,-33.32670280000002,-0.196,-6.762,7.442,0.006,-0.013,0.005,42.75,35.3560372,-117.8180746,598.681,3,,
5219.24,-33.32670280000002,-0.196,-6.762,7.432,0.006,-0.013,0.005,42.77,35.3560371,-117.8180741,598.684,3,,
5220.226,-33.03142720000005,-0.191,-6.767,7.437,0.006,-0.013,0.005,42.79,35.3560373,-117.818074,598.726,3,,
5221.21,-33.32670280000002,-0.196,-6.757,7.437,0.005,-0.013,0.005,42.81,35.3560375,-117.818074,598.697,3,,
5222.196,-33.03142720000005,-0.196,-6.762,7.442,0.006,-0.013,0.005,42.84,35.3560376,-117.8180738,598.707,3,,
5223.186,-33.03142720000005,-0.191,-6.757,7.442,0.007,-0.012,0.004,42.87,35.3560377,-117.8180739,598.637,3,,
5224.177,-33.03142720000005,-0.196,-6.757,7.442,0.005,-0.013,0.005,42.89,35.3560384,-117.8180744,598.589,3,,
5225.267,-32.47368439999991,-0.187,-6.762,7.437,0.006,-0.012,0.005,42.91,35.3560389,-117.8180746,598.593,3,,
5226.251,-31.883133199999975,-0.196,-6.757,7.446,0.006,-0.013,0.005,42.94,35.3560389,-117.818074,598.506,3,,
5227.24,-32.76895999999988,-0.196,-6.767,7.442,0.006,-0.011,0.005,42.96,35.356039,-117.8180736,598.49,3,,
5228.227,-33.62197839999999,-0.191,-6.767,7.427,0.007,-0.013,0.006,42.98,35.3560391,-117.8180732,598.449,3,,
5229.215,-34.21252960000038,-0.201,-6.753,7.442,0.006,-0.013,0.005,43.01,35.356039,-117.8180726,598.42,3,,
5230.201,-33.03142720000005,-0.191,-6.772,7.432,0.005,-0.012,0.005,43.03,35.3560392,-117.8180722,598.398,3,,
5231.187,-32.76895999999988,-0.201,-6.762,7.442,0.009,-0.012,0.005,43.05,35.3560394,-117.818072,598.405,3,,
5232.181,-32.47368439999991,-0.191,-6.762,7.442,0.006,-0.012,0.006,43.08,35.3560396,-117.8180716,598.424,3,,
5233.166,-32.47368439999991,-0.187,-6.767,7.432,0.009,-0.012,0.004,43.1,35.3560397,-117.818071,598.352,3,,
5234.253,-33.03142720000005,-0.196,-6.772,7.446,0.006,-0.012,0.006,43.12,35.3560388,-117.8180699,598.144,3,,
5235.238,-33.32670280000002,-0.191,-6.772,7.437,0.006,-0.012,0.004,43.15,35.3560388,-117.8180697,597.992,3,,
5236.225,-33.03142720000005,-0.196,-6.762,7.427,0.006,-0.012,0.005,43.17,35.356039,-117.8180692,597.888,3,,
5237.208,-31.883133199999975,-0.196,-6.757,7.437,0.005,-0.012,0.005,43.2,35.3560394,-117.8180691,597.823,3,,
5238.195,-33.03142720000005,-0.206,-6.762,7.432,0.007,-0.012,0.005,43.22,35.3560391,-117.818069,597.84,3,,
5239.184,-33.03142720000005,-0.191,-6.762,7.432,0.005,-0.012,0.005,43.25,35.3560384,-117.8180691,597.859,3,,
5240.172,-32.76895999999988,-0.196,-6.762,7.442,0.005,-0.012,0.005,43.27,35.356038,-117.8180687,597.819,3,,
5241.259,-32.76895999999988,-0.201,-6.762,7.427,0.005,-0.013,0.004,43.29,35.356038,-117.8180686,597.753,3,,
5242.244,-33.91725399999996,-0.191,-6.762,7.442,0.005,-0.012,0.006,43.32,35.3560377,-117.8180685,597.73,3,,
5243.235,-34.50780519999989,-0.191,-6.767,7.432,0.005,-0.013,0.005,43.34,35.3560378,-117.8180689,597.727,3,,
5244.22,-32.47368439999991,-0.191,-6.757,7.442,0.006,-0.013,0.005,43.36,35.3560378,-117.8180688,597.724,3,,
5245.204,-32.47368439999991,-0.196,-6.772,7.446,0.005,-0.012,0.005,43.39,35.3560382,-117.818069,597.702,3,,
5246.188,-33.32670280000002,-0.201,-6.762,7.437,0.007,-0.012,0.006,43.41,35.3560389,-117.8180691,597.618,3,,
5247.177,-32.76895999999988,-0.191,-6.772,7.437,0.006,-0.012,0.005,43.43,35.3560392,-117.8180694,597.591,3,,
5248.262,-33.03142720000005,-0.191,-6.772,7.437,0.005,-0.013,0.005,43.46,35.3560392,-117.8180697,597.529,3,,
5249.247,-33.03142720000005,-0.201,-6.767,7.451,0.005,-0.015,0.006,43.48,35.3560391,-117.8180697,597.529,3,,
5250.235,-33.03142720000005,-0.201,-6.767,7.437,0.005,-0.013,0.004,43.5,35.356039,-117.81807,597.597,3,,
5251.226,-32.76895999999988,-0.191,-6.762,7.446,0.006,-0.012,0.005,43.52,35.3560386,-117.8180701,597.651,3,,
5252.211,-32.47368439999991,-0.187,-6.767,7.437,0.005,-0.012,0.006,43.54,35.3560381,-117.8180705,597.748,3,,
5253.196,-32.47368439999991,-0.196,-6.762,7.437,0.006,-0.012,0.004,43.57,35.3560381,-117.8180709,597.792,3,,
5254.182,-33.03142720000005,-0.201,-6.776,7.437,0.006,-0.013,0.005,43.59,35.3560382,-117.8180714,597.868,3,,
5255.171,-32.1784088000004,-0.201,-6.767,7.427,0.007,-0.013,0.005,43.62,35.356039,-117.8180723,597.818,3,,
5256.256,-32.76895999999988,-0.196,-6.781,7.442,0.006,-0.012,0.005,43.65,35.3560395,-117.8180726,597.839,3,,
5257.244,-33.03142720000005,-0.196,-6.772,7.442,0.007,-0.012,0.006,43.67,35.3560399,-117.8180729,597.837,3,,
5258.229,-31.587857600000007,-0.196,-6.772,7.442,0.005,-0.013,0.004,43.69,35.3560402,-117.8180732,597.772,3,,
5259.215,-33.91725399999996,-0.201,-6.776,7.451,0.006,-0.013,0.005,43.71,35.3560395,-117.8180726,597.676,3,,
5260.2,-33.62197839999999,-0.191,-6.772,7.432,0.006,-0.012,0.005,43.73,35.3560392,-117.8180726,597.713,3,,
5261.188,-32.1784088000004,-0.196,-6.767,7.437,0.006,-0.013,0.004,43.75,35.356039,-117.8180725,597.735,3,,
5262.174,-32.47368439999991,-0.191,-6.772,7.437,0.004,-0.012,0.005,43.77,35.3560385,-117.8180734,597.942,3,,
5263.261,-32.47368439999991,-0.196,-6.776,7.442,0.005,-0.012,0.005,43.8,35.3560379,-117.8180737,598.073,3,,
5264.25,-32.76895999999988,-0.201,-6.767,7.442,0.006,-0.013,0.004,43.82,35.3560374,-117.8180748,598.398,3,,
5265.236,-32.47368439999991,-0.201,-6.767,7.432,0.005,-0.013,0.005,43.84,35.3560371,-117.818076,598.696,3,,
5266.225,-33.32670280000002,-0.201,-6.767,7.442,0.006,-0.013,0.005,43.86,35.3560367,-117.8180767,598.908,3,,
5267.219,-32.76895999999988,-0.196,-6.772,7.442,0.006,-0.013,0.005,43.89,35.3560364,-117.8180777,599.21,3,,
5268.205,-32.1784088000004,-0.196,-6.776,7.437,0.005,-0.013,0.005,43.91,35.356036,-117.8180786,599.468,3,,
5269.19,-31.29258200000004,-0.191,-6.781,7.432,0.006,-0.013,0.005,43.93,35.3560359,-117.8180794,599.681,3,,
5270.174,-33.03142720000005,-0.201,-6.776,7.432,0.006,-0.013,0.004,43.95,35.3560359,-117.8180804,599.858,3,,
5271.261,-33.03142720000005,-0.201,-6.772,7.437,0.007,-0.012,0.006,43.97,35.3560358,-117.8180805,599.975,3,,
5272.246,-33.03142720000005,-0.196,-6.772,7.437,0.006,-0.013,0.005,44.0,35.3560351,-117.8180805,600.113,3,,
5273.231,-32.47368439999991,-0.196,-6.772,7.442,0.005,-0.013,0.005,44.02,35.3560346,-117.8180808,600.262,3,,
5274.215,-32.1784088000004,-0.187,-6.767,7.437,0.006,-0.012,0.005,44.04,35.356034,-117.8180808,600.331,3,,
5275.201,-32.1784088000004,-0.201,-6.772,7.446,0.006,-0.015,0.005,44.06,35.3560342,-117.818081,600.336,3,,
5276.185,-32.1784088000004,-0.191,-6.776,7.437,0.007,-0.011,0.005,44.08,35.3560342,-117.8180811,600.396,3,,
5277.168,-32.47368439999991,-0.201,-6.767,7.432,0.005,-0.013,0.004,44.11,35.3560342,-117.8180814,600.493,3,,
5278.256,-32.76895999999988,-0.201,-6.767,7.437,0.005,-0.013,0.006,44.13,35.3560344,-117.8180817,600.505,3,,
5279.242,-32.76895999999988,-0.201,-6.772,7.432,0.006,-0.013,0.005,44.15,35.3560345,-117.8180817,600.46,3,,
5280.228,-32.1784088000004,-0.196,-6.767,7.437,0.006,-0.013,0.005,44.17,35.3560345,-117.8180815,600.374,3,,
5281.213,-33.03142720000005,-0.206,-6.772,7.427,0.005,-0.013,0.004,44.19,35.3560349,-117.8180815,600.293,3,,
5282.203,-33.03142720000005,-0.196,-6.776,7.442,0.005,-0.012,0.005,44.22,35.3560352,-117.8180816,600.193,3,,
5283.189,-31.883133199999975,-0.201,-6.772,7.437,0.006,-0.013,0.005,44.24,35.3560356,-117.8180822,600.293,3,,
5284.275,-31.883133199999975,-0.191,-6.767,7.437,0.007,-0.013,0.005,44.27,35.3560361,-117.8180822,600.223,3,,
5285.263,-31.29258200000004,-0.196,-6.776,7.442,0.005,-0.013,0.006,44.29,35.3560361,-117.8180818,600.13,3,,
5286.248,-32.1784088000004,-0.201,-6.767,7.427,0.005,-0.013,0.006,44.31,35.3560361,-117.8180814,600.063,3,,
5287.234,-32.47368439999991,-0.196,-6.767,7.442,0.006,-0.013,0.005,44.33,35.356036,-117.8180811,599.926,3,,
5288.22,-31.587857600000007,-0.191,-6.767,7.437,0.006,-0.012,0.005,44.36,35.3560358,-117.8180809,599.804,3,,
5289.208,-31.29258200000004,-0.191,-6.767,7.432,0.006,-0.013,0.005,44.38,35.3560349,-117.8180804,599.783,3,,
5290.192,-31.29258200000004,-0.191,-6.762,7.437,0.006,-0.013,0.006,44.4,35.3560343,-117.8180805,599.8,3,,
5291.278,-33.03142720000005,-0.196,-6.772,7.437,0.006,-0.013,0.005,44.42,35.3560339,-117.8180806,599.786,3,,
5292.265,-31.03011480000032,-0.191,-6.772,7.442,0.006,-0.012,0.005,44.44,35.3560335,-117.8180805,599.76,3,,
5293.256,-31.587857600000007,-0.201,-6.767,7.446,0.006,-0.013,0.005,44.47,35.3560331,-117.8180806,599.753,3,,
5294.242,-30.734839199999897,-0.196,-6.772,7.437,0.006,-0.012,0.006,44.49,35.3560327,-117.8180802,599.624,3,,
5295.228,-33.03142720000005,-0.191,-6.767,7.442,0.005,-0.013,0.004,44.51,35.3560327,-117.8180801,599.591,3,,
5296.215,-31.883133199999975,-0.191,-6.767,7.442,0.007,-0.012,0.005,44.54,35.3560323,-117.8180799,599.536,3,,
5297.2,-31.587857600000007,-0.206,-6.776,7.432,0.006,-0.012,0.005,44.56,35.3560324,-117.8180795,599.53,3,,
5298.183,-31.03011480000032,-0.191,-6.772,7.442,0.006,-0.013,0.004,44.58,35.3560325,-117.818079,599.499,3,,
5299.272,-32.1784088000004,-0.191,-6.767,7.446,0.006,-0.012,0.004,44.61,35.3560328,-117.8180786,599.357,3,,
5300.26,-32.1784088000004,-0.191,-6.762,7.437,0.006,-0.013,0.004,44.63,35.3560329,-117.8180783,599.255,3,,
5301.245,-31.29258200000004,-0.191,-6.776,7.427,0.006,-0.011,0.005,44.65,35.3560326,-117.8180778,599.222,3,,
5302.23,-31.587857600000007,-0.191,-6.772,7.442,0.006,-0.015,0.005,44.67,35.3560326,-117.8180775,599.182,3,,
5303.216,-31.29258200000004,-0.187,-6.776,7.437,0.006,-0.012,0.005,44.7,35.3560324,-117.8180771,599.112,3,,
5304.202,-31.587857600000007,-0.191,-6.776,7.423,0.007,-0.012,0.006,44.72,35.3560319,-117.8180766,599.059,3,,
5305.191,-32.1784088000004,-0.191,-6.767,7.437,0.006,-0.012,0.005,44.74,35.3560319,-117.8180765,598.979,3,,
5306.179,-32.1784088000004,-0.196,-6.772,7.437,0.006,-0.012,0.004,44.77,35.3560321,-117.8180762,598.931,3,,
5307.265,-32.47368439999991,-0.206,-6.781,7.442,0.006,-0.013,0.005,44.79,35.3560319,-117.8180761,598.935,3,,
5308.252,-33.03142720000005,-0.196,-6.776,7.427,0.007,-0.012,0.005,44.81,35.3560312,-117.8180752,598.769,3,,
5309.241,-32.76895999999988,-0.196,-6.762,7.437,0.006,-0.013,0.004,44.83,35.3560313,-117.8180752,598.796,3,,
5310.242,-32.1784088000004,-0.196,-6.776,7.432,0.006,-0.012,0.005,44.85,35.3560312,-117.8180753,598.922,3,,
5311.23,-32.47368439999991,-0.191,-6.776,7.437,0.006,-0.012,0.006,44.88,35.3560314,-117.8180758,598.908,3,,
5312.215,-31.883133199999975,-0.191,-6.762,7.427,0.006,-0.012,0.005,44.9,35.3560317,-117.818076,598.995,3,,
5313.201,-32.1784088000004,-0.191,-6.767,7.427,0.006,-0.013,0.004,44.92,35.3560317,-117.8180761,598.929,3,,
5314.192,-31.587857600000007,-0.201,-6.772,7.442,0.007,-0.012,0.005,44.94,35.3560317,-117.8180763,598.984,3,,
5315.277,-31.587857600000007,-0.196,-6.772,7.451,0.007,-0.015,0.005,44.97,35.3560314,-117.8180758,598.996,3,,
5316.261,-32.1784088000004,-0.196,-6.772,7.432,0.007,-0.012,0.005,44.99,35.3560314,-117.8180759,598.954,3,,
5317.25,-31.03011480000032,-0.191,-6.776,7.427,0.007,-0.012,0.006,45.01,35.3560313,-117.8180763,598.945,3,,
5318.234,-31.587857600000007,-0.196,-6.767,7.442,0.005,-0.012,0.006,45.04,35.3560309,-117.8180765,598.877,3,,
5319.217,-31.883133199999975,-0.196,-6.776,7.432,0.007,-0.013,0.005,45.05,35.3560309,-117.8180769,598.804,3,,
5320.204,-29.553736800000024,-0.187,-6.772,7.437,0.006,-0.013,0.006,45.08,35.3560312,-117.8180773,598.7,3,,
5321.189,-31.587857600000007,-0.191,-6.781,7.432,0.006,-0.012,0.005,45.1,35.3560314,-117.8180774,598.581,3,,
5322.275,-30.43956359999993,-0.201,-6.762,7.427,0.005,-0.013,0.005,45.12,35.3560314,-117.8180773,598.528,3,,
5323.26,-29.291269600000305,-0.196,-6.776,7.432,0.006,-0.013,0.005,45.15,35.356032,-117.8180777,598.36,3,,
5324.248,-30.734839199999897,-0.201,-6.776,7.451,0.006,-0.012,0.005,45.17,35.3560326,-117.8180784,598.246,3,,
5325.24,-30.734839199999897,-0.196,-6.776,7.446,0.005,-0.013,0.005,45.19,35.3560326,-117.8180788,598.218,3,,
5326.231,-30.734839199999897,-0.196,-6.767,7.442,0.006,-0.012,0.005,45.21,35.3560329,-117.8180794,598.14,3,,
5327.217,-31.03011480000032,-0.191,-6.767,7.442,0.006,-0.013,0.005,45.24,35.3560333,-117.8180798,598.086,3,,
5328.201,-30.734839199999897,-0.191,-6.772,7.423,0.004,-0.013,0.006,45.26,35.3560335,-117.8180797,598.014,3,,
5329.186,-31.03011480000032,-0.191,-6.776,7.442,0.006,-0.012,0.006,45.28,35.356034,-117.8180795,597.924,3,,
5330.177,-30.734839199999897,-0.201,-6.776,7.432,0.006,-0.013,0.006,45.31,35.3560348,-117.8180795,597.796,3,,
5331.264,-30.14428799999996,-0.196,-6.772,7.437,0.007,-0.012,0.005,45.33,35.3560351,-117.8180797,597.761,3,,
5332.25,-30.43956359999993,-0.196,-6.776,7.446,0.005,-0.015,0.005,45.35,35.3560348,-117.8180797,597.768,3,,
5333.235,-30.14428799999996,-0.196,-6.772,7.437,0.005,-0.012,0.005,45.37,35.3560347,-117.8180798,597.777,3,,
5334.223,-31.03011480000032,-0.187,-6.772,7.437,0.005,-0.012,0.004,45.39,35.3560345,-117.8180795,597.813,3,,
5335.21,-30.734839199999897,-0.191,-6.767,7.432,0.007,-0.012,0.005,45.42,35.3560341,-117.8180792,597.897,3,,
5336.196,-29.849012399999992,-0.196,-6.767,7.461,0.006,-0.013,0.005,45.44,35.3560338,-117.818079,597.966,3,,
5337.181,-30.734839199999897,-0.196,-6.772,7.432,0.007,-0.013,0.005,45.48,35.3560335,-117.8180787,597.974,3,,
5338.17,-31.03011480000032,-0.196,-6.772,7.423,0.007,-0.013,0.006,45.5,35.3560336,-117.8180786,597.964,3,,
5339.255,-31.03011480000032,-0.196,-6.767,7.442,0.006,-0.013,0.005,45.52,35.3560338,-117.8180785,597.865,3,,
5340.241,-30.43956359999993,-0.196,-6.776,7.432,0.007,-0.012,0.005,45.54,35.3560335,-117.8180782,597.868,3,,
5341.233,-31.29258200000004,-0.187,-6.781,7.437,0.005,-0.012,0.004,45.57,35.3560335,-117.8180778,597.796,3,,
5342.229,-30.43956359999993,-0.191,-6.767,7.432,0.009,-0.013,0.005,45.59,35.3560331,-117.8180772,597.717,3,,
5343.214,-30.14428799999996,-0.196,-6.762,7.442,0.005,-0.012,0.005,45.61,35.3560332,-117.8180768,597.64,3,,
5344.197,-31.03011480000032,-0.206,-6.772,7.432,0.007,-0.012,0.005,45.63,35.3560336,-117.8180768,597.599,3,,
5345.185,-29.291269600000305,-0.206,-6.781,7.437,0.006,-0.013,0.005,45.64,35.3560339,-117.8180768,597.59,3,,
5346.173,-30.734839199999897,-0.191,-6.767,7.442,0.006,-0.012,0.007,45.67,35.3560344,-117.8180769,597.558,3,,
5347.259,-30.734839199999897,-0.201,-6.772,7.432,0.006,-0.012,0.005,45.69,35.3560342,-117.8180769,597.556,3,,
5348.247,-30.14428799999996,-0.191,-6.767,7.442,0.007,-0.013,0.005,45.71,35.3560332,-117.8180765,597.568,3,,
5349.234,-30.43956359999993,-0.191,-6.772,7.442,0.007,-0.012,0.007,45.73,35.3560324,-117.8180764,597.603,3,,
5350.217,-31.03011480000032,-0.191,-6.767,7.437,0.006,-0.012,0.006,45.75,35.3560323,-117.8180766,597.574,3,,
5351.212,-30.14428799999996,-0.182,-6.767,7.437,0.007,-0.013,0.005,45.77,35.3560316,-117.8180762,597.619,3,,
5352.2,-29.291269600000305,-0.196,-6.772,7.437,0.006,-0.013,0.005,45.8,35.3560313,-117.8180763,597.598,3,,
5353.185,-30.14428799999996,-0.196,-6.772,7.432,0.006,-0.012,0.005,45.82,35.3560316,-117.8180769,597.553,3,,
5354.17,-29.553736800000024,-0.196,-6.772,7.432,0.007,-0.013,0.005,45.84,35.3560311,-117.8180774,597.591,3,,
5355.261,-30.734839199999897,-0.177,-6.767,7.437,0.007,-0.012,0.005,45.86,35.3560306,-117.8180779,597.613,3,,
5356.246,-30.734839199999897,-0.196,-6.772,7.437,0.007,-0.013,0.006,45.88,35.3560302,-117.8180781,597.646,3,,
5357.232,-29.291269600000305,-0.201,-6.767,7.427,0.007,-0.013,0.005,45.9,35.3560298,-117.8180782,597.633,3,,
5358.221,-31.03011480000032,-0.196,-6.776,7.442,0.006,-0.013,0.005,45.92,35.3560292,-117.8180781,597.622,3,,
5359.208,-29.849012399999992,-0.191,-6.772,7.432,0.006,-0.012,0.005,45.94,35.3560286,-117.8180779,597.636,3,,
5360.192,-29.849012399999992,-0.191,-6.781,7.432,0.005,-0.013,0.005,45.96,35.3560279,-117.8180774,597.642,3,,
5361.18,-31.03011480000032,-0.191,-6.776,7.451,0.006,-0.013,0.005,45.99,35.3560274,-117.8180771,597.684,3,,
5362.168,-30.734839199999897,-0.191,-6.767,7.442,0.006,-0.012,0.006,46.01,35.3560271,-117.8180768,597.669,3,,
5363.26,-31.29258200000004,-0.196,-6.776,7.432,0.007,-0.013,0.005,46.03,35.3560268,-117.8180763,597.636,3,,
5364.254,-30.14428799999996,-0.201,-6.767,7.442,0.006,-0.012,0.005,46.05,35.3560266,-117.8180759,597.628,3,,
5365.238,-31.29258200000004,-0.201,-6.776,7.437,0.007,-0.013,0.006,46.07,35.3560255,-117.8180742,597.781,3,,
5366.224,-29.553736800000024,-0.196,-6.767,7.442,0.006,-0.013,0.006,46.09,35.3560256,-117.8180741,597.761,3,,
5367.209,-30.14428799999996,-0.191,-6.776,7.442,0.006,-0.013,0.005,46.11,35.3560259,-117.818074,597.7,3,,
5368.193,-30.43956359999993,-0.196,-6.776,7.437,0.005,-0.012,0.005,46.13,35.3560264,-117.8180742,597.678,3,,
5369.18,-30.14428799999996,-0.191,-6.772,7.446,0.007,-0.013,0.005,46.15,35.3560265,-117.818074,597.678,3,,
5370.269,-30.43956359999993,-0.196,-6.772,7.442,0.006,-0.013,0.005,46.18,35.3560264,-117.8180736,597.661,3,,
5371.262,-31.29258200000004,-0.191,-6.772,7.446,0.006,-0.013,0.005,46.19,35.3560265,-117.8180734,597.613,3,,
5372.249,-30.734839199999897,-0.196,-6.757,7.451,0.006,-0.013,0.005,46.22,35.3560264,-117.8180731,597.614,3,,
5373.237,-31.03011480000032,-0.201,-6.772,7.437,0.009,-0.013,0.005,46.25,35.3560262,-117.8180732,597.71,3,,
5374.222,-29.849012399999992,-0.201,-6.762,7.456,0.006,-0.013,0.005,46.27,35.3560263,-117.8180731,597.622,3,,
5375.211,-31.587857600000007,-0.196,-6.776,7.442,0.001,-0.013,0.005,46.31,35.3560262,-117.8180727,597.577,3,,
5376.198,-31.587857600000007,-0.191,-6.757,7.437,0.005,-0.013,0.006,46.32,35.3560264,-117.8180726,597.537,3,,
5377.182,-30.14428799999996,-0.191,-6.762,7.442,0.007,-0.013,0.006,46.34,35.3560267,-117.8180733,597.677,3,,
5378.17,-30.734839199999897,-0.187,-6.776,7.437,0.005,-0.012,0.005,46.35,35.3560269,-117.8180739,597.787,3,,
5379.256,-31.587857600000007,-0.187,-6.772,7.442,0.006,-0.013,0.005,46.37,35.3560271,-117.8180746,597.904,3,,
5380.244,-31.03011480000032,-0.191,-6.762,7.442,0.006,-0.012,0.006,46.39,35.3560274,-117.8180751,598.018,3,,
5381.231,-31.883133199999975,-0.191,-6.767,7.446,0.006,-0.013,0.005,46.41,35.3560275,-117.8180752,598.102,3,,
5382.215,-30.734839199999897,-0.191,-6.772,7.437,0.006,-0.012,0.005,46.43,35.3560274,-117.8180754,598.194,3,,
5383.204,-31.587857600000007,-0.196,-6.776,7.442,0.006,-0.013,0.006,46.45,35.3560273,-117.8180756,598.27,3,,
5384.19,-31.29258200000004,-0.191,-6.767,7.437,0.006,-0.012,0.006,46.47,35.3560273,-117.8180757,598.344,3,,
5385.281,-31.587857600000007,-0.191,-6.767,7.437,0.006,-0.012,0.005,46.49,35.3560277,-117.818076,598.42,3,,
5386.167,-30.43956359999993,-0.191,-6.767,7.437,0.006,-0.012,0.005,46.51,35.3560277,-117.818076,598.483,3,,
5387.257,-31.03011480000032,-0.196,-6.762,7.375,0.006,-0.013,0.006,46.53,35.3560277,-117.8180762,598.531,3,,
5388.245,-30.734839199999897,-0.196,-6.772,7.394,0.007,-0.013,0.005,46.55,35.3560275,-117.8180762,598.586,3,,
5389.238,-30.734839199999897,-0.187,-6.772,7.432,0.005,-0.013,0.006,46.57,35.3560273,-117.8180762,598.606,3,,
5390.293,-29.849012399999992,-0.201,-6.767,7.432,0.007,-0.013,0.005,46.6,35.3560269,-117.8180762,598.683,3,,
5391.28,-32.1784088000004,-0.201,-6.762,7.432,0.005,-0.012,0.005,46.62,35.3560265,-117.8180755,598.841,3,,
5392.263,-31.29258200000004,-0.196,-6.772,7.432,0.007,-0.012,0.007,46.64,35.3560265,-117.8180753,598.846,3,,
5393.248,-31.03011480000032,-0.196,-6.767,7.427,0.006,-0.013,0.006,46.66,35.3560265,-117.8180751,598.823,3,,
5394.237,-30.734839199999897,-0.206,-6.762,7.451,0.006,-0.012,0.006,46.68,35.3560264,-117.8180747,598.795,3,,
5395.221,-30.734839199999897,-0.201,-6.776,7.437,0.007,-0.013,0.005,46.7,35.356026,-117.8180744,598.787,3,,
5396.206,-31.03011480000032,-0.201,-6.776,7.432,0.006,-0.013,0.006,46.73,35.3560261,-117.8180742,598.724,3,,
5397.191,-32.47368439999991,-0.201,-6.772,7.437,0.006,-0.013,0.005,46.75,35.3560261,-117.8180738,598.653,3,,
5398.174,-31.29258200000004,-0.196,-6.767,7.437,0.006,-0.013,0.006,46.77,35.3560261,-117.8180734,598.577,3,,
5399.26,-31.03011480000032,-0.201,-6.767,7.432,0.007,-0.013,0.005,46.79,35.3560262,-117.8180732,598.462,3,,
5400.246,-31.883133199999975,-0.206,-6.767,7.432,0.007,-0.012,0.006,46.82,35.356026,-117.8180726,598.451,3,,
5401.235,-31.03011480000032,-0.201,-6.776,7.446,0.006,-0.013,0.006,46.84,35.356026,-117.8180723,598.363,3,,
5402.221,-31.29258200000004,-0.201,-6.772,7.437,0.006,-0.013,0.006,46.86,35.3560263,-117.8180722,598.272,3,,
5403.206,-30.14428799999996,-0.201,-6.772,7.442,0.007,-0.013,0.006,46.88,35.356027,-117.818072,598.168,3,,
5404.203,-30.14428799999996,-0.201,-6.757,7.446,0.006,-0.011,0.006,46.9,35.3560263,-117.8180709,598.24,3,,
5405.191,-31.03011480000032,-0.201,-6.781,7.442,0.007,-0.013,0.005,46.93,35.3560266,-117.8180708,598.233,3,,
5406.176,-31.29258200000004,-0.201,-6.767,7.456,0.006,-0.012,0.006,46.95,35.3560269,-117.8180708,598.215,3,,
5407.267,-30.734839199999897,-0.201,-6.772,7.442,0.006,-0.012,0.006,46.97,35.3560264,-117.8180696,598.395,3,,
5408.256,-31.587857600000007,-0.206,-6.776,7.432,0.006,-0.012,0.005,47.0,35.3560265,-117.8180694,598.354,3,,
5409.242,-31.29258200000004,-0.206,-6.776,7.432,0.006,-0.013,0.005,47.02,35.3560263,-117.8180695,598.325,3,,
5410.232,-30.734839199999897,-0.206,-6.781,7.437,0.005,-0.013,0.005,47.04,35.3560262,-117.8180694,598.263,3,,
5411.22,-31.587857600000007,-0.191,-6.772,7.446,0.006,-0.013,0.006,47.06,35.3560259,-117.8180694,598.208,3,,
5412.207,-31.587857600000007,-0.196,-6.767,7.446,0.006,-0.013,0.005,47.08,35.3560255,-117.8180694,598.189,3,,
5413.192,-31.03011480000032,-0.201,-6.767,7.437,0.005,-0.013,0.006,47.1,35.3560258,-117.8180695,598.096,3,,
5414.18,-31.29258200000004,-0.196,-6.767,7.442,0.007,-0.013,0.005,47.13,35.3560263,-117.8180695,598.019,3,,
5415.27,-30.734839199999897,-0.196,-6.772,7.432,0.006,-0.012,0.005,47.15,35.3560268,-117.8180694,597.945,3,,
5416.256,-30.734839199999897,-0.201,-6.776,7.442,0.006,-0.013,0.006,47.17,35.3560272,-117.8180694,597.868,3,,
5417.245,-30.734839199999897,-0.201,-6.767,7.442,0.006,-0.013,0.006,47.19,35.3560274,-117.8180689,597.827,3,,
5418.236,-31.29258200000004,-0.201,-6.772,7.442,0.006,-0.015,0.005,47.22,35.3560275,-117.8180685,597.777,3,,
5419.22,-31.29258200000004,-0.206,-6.767,7.442,0.006,-0.012,0.005,47.24,35.3560275,-117.8180686,597.764,3,,
5420.204,-31.587857600000007,-0.215,-6.772,7.446,0.007,-0.013,0.006,47.26,35.3560273,-117.8180681,597.879,3,,
5421.193,-31.03011480000032,-0.196,-6.772,7.442,0.006,-0.012,0.006,47.28,35.3560271,-117.8180677,597.911,3,,
5422.186,-30.734839199999897,-0.206,-6.767,7.437,0.007,-0.012,0.005,47.3,35.3560272,-117.8180677,597.82,3,,
5423.171,-30.734839199999897,-0.201,-6.762,7.432,0.007,-0.013,0.006,47.32,35.3560273,-117.8180671,597.78,3,,
5424.157,-30.43956359999993,-0.201,-6.772,7.446,0.007,-0.013,0.006,47.35,35.3560267,-117.8180661,597.837,3,,
5425.246,-31.883133199999975,-0.201,-6.767,7.442,0.006,-0.013,0.006,47.37,35.3560259,-117.8180653,597.881,3,,
5426.232,-31.03011480000032,-0.206,-6.776,7.437,0.006,-0.012,0.006,47.39,35.356026,-117.8180652,597.804,3,,
5427.22,-30.734839199999897,-0.201,-6.772,7.446,0.006,-0.013,0.006,47.41,35.3560257,-117.8180646,597.788,3,,
5428.204,-30.734839199999897,-0.201,-6.772,7.442,0.006,-0.012,0.006,47.44,35.3560252,-117.8180642,597.917,3,,
5429.196,-30.43956359999993,-0.191,-6.776,7.442,0.009,-0.013,0.006,47.46,35.3560254,-117.8180639,597.958,3,,
5430.191,-28.700718399999914,-0.196,-6.772,7.446,0.006,-0.012,0.006,47.48,35.3560259,-117.8180632,597.952,3,,
5431.278,-31.883133199999975,-0.201,-6.781,7.446,0.007,-0.012,0.006,47.5,35.3560254,-117.8180631,598.057,3,,
5432.269,-31.587857600000007,-0.211,-6.772,7.442,0.006,-0.013,0.007,47.53,35.3560267,-117.8180623,597.889,3,,
5433.252,-31.03011480000032,-0.201,-6.772,7.446,0.006,-0.012,0.005,47.55,35.3560264,-117.818062,597.953,3,,
5434.24,-31.03011480000032,-0.201,-6.772,7.442,0.006,-0.015,0.006,47.57,35.3560258,-117.818062,598.068,3,,
5435.225,-30.734839199999897,-0.201,-6.767,7.451,0.007,-0.013,0.006,47.59,35.3560261,-117.818061,597.987,3,,
5436.212,-30.734839199999897,-0.201,-6.772,7.442,0.006,-0.013,0.006,47.61,35.3560264,-117.8180602,597.933,3,,
5437.198,-31.587857600000007,-0.196,-6.776,7.446,0.007,-0.013,0.006,47.63,35.3560263,-117.81806,597.967,3,,
5438.189,-30.734839199999897,-0.206,-6.776,7.446,0.006,-0.013,0.006,47.65,35.3560262,-117.8180598,597.975,3,,
5439.175,-30.734839199999897,-0.206,-6.767,7.442,0.007,-0.013,0.005,47.68,35.3560262,-117.8180595,598.015,3,,
5440.263,-29.849012399999992,-0.196,-6.772,7.432,0.006,-0.013,0.006,47.7,35.356026,-117.8180594,598.083,3,,
5441.249,-30.43956359999993,-0.201,-6.772,7.437,0.006,-0.012,0.006,47.72,35.3560257,-117.8180594,598.186,3,,
5442.235,-31.03011480000032,-0.211,-6.776,7.437,0.006,-0.013,0.005,47.74,35.3560256,-117.8180596,598.263,3,,
5443.223,-30.14428799999996,-0.201,-6.772,7.446,0.005,-0.013,0.006,47.76,35.3560256,-117.8180598,598.327,3,,
5444.209,-30.14428799999996,-0.196,-6.767,7.446,0.007,-0.013,0.005,47.79,35.356026,-117.8180596,598.294,3,,
5445.195,-31.587857600000007,-0.215,-6.772,7.451,0.006,-0.015,0.006,47.8,35.3560259,-117.8180593,598.291,3,,
5446.183,-29.553736800000024,-0.201,-6.772,7.446,0.006,-0.013,0.007,47.83,35.3560252,-117.8180591,598.356,3,,
5447.169,-30.734839199999897,-0.196,-6.781,7.442,0.006,-0.015,0.007,47.85,35.3560247,-117.8180586,598.36,3,,
5448.259,-30.14428799999996,-0.201,-6.781,7.446,0.005,-0.013,0.005,47.87,35.3560242,-117.8180584,598.351,3,,
5449.252,-30.734839199999897,-0.201,-6.772,7.451,0.007,-0.012,0.006,47.89,35.3560238,-117.8180584,598.336,3,,
5450.242,-30.734839199999897,-0.206,-6.776,7.442,0.006,-0.013,0.006,47.91,35.3560239,-117.8180585,598.249,3,,
5451.228,-31.587857600000007,-0.201,-6.776,7.442,0.009,-0.015,0.006,47.93,35.3560232,-117.8180586,598.311,3,,
5452.216,-31.03011480000032,-0.191,-6.767,7.446,0.006,-0.013,0.006,47.96,35.3560229,-117.8180586,598.304,3,,
5453.21,-30.14428799999996,-0.187,-6.776,7.451,0.007,-0.012,0.006,47.98,35.3560227,-117.8180588,598.263,3,,
5454.196,-30.43956359999993,-0.211,-6.767,7.442,0.006,-0.013,0.006,48.0,35.3560225,-117.8180591,598.279,3,,
5455.186,-30.14428799999996,-0.201,-6.767,7.442,0.006,-0.013,0.006,48.02,35.3560227,-117.8180595,598.268,3,,
5456.18,-30.43956359999993,-0.206,-6.762,7.442,0.006,-0.015,0.006,48.04,35.3560226,-117.8180601,598.3,3,,
5457.276,-29.849012399999992,-0.201,-6.767,7.451,0.009,-0.013,0.006,48.06,35.3560223,-117.8180606,598.35,3,,
5458.262,-29.291269600000305,-0.206,-6.767,7.437,0.007,-0.013,0.005,48.08,35.3560221,-117.8180608,598.419,3,,
5459.248,-30.14428799999996,-0.201,-6.776,7.442,0.006,-0.013,0.006,48.1,35.356022,-117.818061,598.519,3,,
5460.235,-30.43956359999993,-0.201,-6.762,7.451,0.007,-0.013,0.006,48.13,35.3560221,-117.8180609,598.568,3,,
5461.222,-29.553736800000024,-0.206,-6.776,7.446,0.007,-0.013,0.006,48.15,35.3560223,-117.8180608,598.6,3,,
5462.207,-29.849012399999992,-0.201,-6.776,7.451,0.006,-0.012,0.005,48.17,35.3560223,-117.8180612,598.693,3,,
5463.294,-30.14428799999996,-0.201,-6.781,7.456,0.007,-0.015,0.006,48.19,35.3560223,-117.8180615,598.793,3,,
5464.285,-28.110167199999978,-0.201,-6.776,7.456,0.007,-0.013,0.006,48.21,35.3560225,-117.8180619,598.849,3,,
5465.268,-29.553736800000024,-0.201,-6.776,7.442,0.007,-0.013,0.006,48.23,35.3560225,-117.818062,598.918,3,,
5466.252,-29.553736800000024,-0.196,-6.772,7.456,0.007,-0.012,0.006,48.25,35.3560226,-117.8180619,598.959,3,,
5467.245,-29.553736800000024,-0.196,-6.772,7.451,0.005,-0.013,0.006,48.27,35.3560225,-117.8180621,599.056,3,,
5468.233,-28.110167199999978,-0.201,-6.757,7.446,0.01,-0.012,0.005,48.29,35.3560223,-117.8180621,599.19,3,,
5469.219,-28.700718399999914,-0.206,-6.781,7.442,0.006,-0.013,0.006,48.31,35.3560221,-117.818062,599.256,3,,
5470.203,-29.291269600000305,-0.201,-6.772,7.446,0.007,-0.013,0.006,48.33,35.3560218,-117.818062,599.316,3,,
5471.192,-29.849012399999992,-0.201,-6.762,7.437,0.007,-0.013,0.007,48.35,35.3560216,-117.8180621,599.409,3,,
5472.179,-30.734839199999897,-0.191,-6.776,7.437,0.007,-0.012,0.006,48.37,35.3560216,-117.8180622,599.446,3,,
5473.268,-30.14428799999996,-0.201,-6.772,7.437,0.006,-0.012,0.006,48.39,35.3560214,-117.8180621,599.55,3,,
5474.258,-28.995993999999882,-0.201,-6.772,7.456,0.006,-0.013,0.006,48.41,35.3560213,-117.8180622,599.634,3,,
5475.244,-30.43956359999993,-0.196,-6.762,7.446,0.01,-0.015,0.005,48.43,35.3560213,-117.8180622,599.736,3,,
5476.228,-29.849012399999992,-0.196,-6.781,7.437,0.006,-0.013,0.005,48.45,35.3560214,-117.8180625,599.842,3,,
5477.216,-29.553736800000024,-0.191,-6.767,7.451,0.009,-0.013,0.006,48.47,35.3560214,-117.8180628,599.898,3,,
5478.205,-30.43956359999993,-0.201,-6.767,7.437,0.006,-0.013,0.006,48.49,35.3560213,-117.8180631,599.966,3,,
5479.19,-29.849012399999992,-0.206,-6.753,7.446,0.007,-0.012,0.006,48.51,35.3560212,-117.8180632,599.971,3,,
5480.175,-29.553736800000024,-0.191,-6.772,7.442,0.006,-0.013,0.006,48.53,35.3560214,-117.8180635,600.0,3,,
5481.264,-28.995993999999882,-0.201,-6.781,7.442,0.009,-0.013,0.005,48.54,35.3560216,-117.8180637,600.037,3,,
5482.25,-29.553736800000024,-0.191,-6.767,7.442,0.007,-0.013,0.006,48.56,35.3560218,-117.8180643,600.079,3,,
5483.235,-29.553736800000024,-0.196,-6.772,7.442,0.006,-0.012,0.006,48.58,35.3560215,-117.8180648,600.187,3,,
5484.221,-28.700718399999914,-0.196,-6.776,7.446,0.006,-0.012,0.006,48.59,35.3560218,-117.8180652,600.203,3,,
5485.209,-28.700718399999914,-0.201,-6.772,7.446,0.007,-0.013,0.007,48.61,35.356022,-117.8180651,600.186,3,,
5486.192,-28.995993999999882,-0.206,-6.772,7.446,0.007,-0.012,0.005,48.63,35.3560221,-117.8180652,600.187,3,,
5487.183,-28.110167199999978,-0.191,-6.772,7.442,0.006,-0.013,0.007,48.65,35.3560224,-117.8180655,600.214,3,,
5488.268,-29.849012399999992,-0.191,-6.772,7.446,0.006,-0.013,0.006,48.67,35.3560226,-117.8180658,600.248,3,,
5489.252,-29.849012399999992,-0.201,-6.776,7.437,0.007,-0.015,0.007,48.69,35.3560226,-117.8180661,600.267,3,,
5490.242,-28.700718399999914,-0.191,-6.776,7.451,0.006,-0.013,0.006,48.71,35.3560232,-117.8180665,600.236,3,,
5491.227,-30.734839199999897,-0.206,-6.767,7.451,0.006,-0.013,0.006,48.73,35.3560238,-117.8180667,600.185,3,,
5492.214,-28.995993999999882,-0.201,-6.772,7.442,0.006,-0.013,0.006,48.74,35.3560241,-117.818067,600.162,3,,
5493.199,-29.553736800000024,-0.196,-6.772,7.442,0.007,-0.013,0.006,48.76,35.3560247,-117.8180667,600.005,3,,
5494.187,-29.291269600000305,-0.196,-6.772,7.442,0.006,-0.015,0.006,48.78,35.3560253,-117.8180666,599.885,3,,
5495.272,-27.81489160000001,-0.201,-6.776,7.442,0.007,-0.015,0.006,48.8,35.3560259,-117.8180663,599.76,3,,
5496.259,-28.700718399999914,-0.196,-6.776,7.437,0.006,-0.013,0.006,48.82,35.3560259,-117.8180665,599.758,3,,
5497.245,-28.700718399999914,-0.211,-6.772,7.451,0.006,-0.013,0.006,48.83,35.3560262,-117.8180664,599.693,3,,
5498.23,-30.734839199999897,-0.201,-6.776,7.446,0.006,-0.012,0.006,48.85,35.3560268,-117.8180663,599.594,3,,
5499.216,-29.291269600000305,-0.187,-6.767,7.442,0.007,-0.013,0.007,48.87,35.3560273,-117.8180664,599.515,3,,
5500.204,-29.291269600000305,-0.206,-6.776,7.446,0.006,-0.013,0.005,48.89,35.3560281,-117.8180663,599.427,3,,
5501.192,-28.995993999999882,-0.196,-6.772,7.451,0.007,-0.013,0.006,48.91,35.3560283,-117.8180665,599.411,3,,
5502.177,-27.552424399999836,-0.196,-6.772,7.451,0.006,-0.013,0.006,48.93,35.3560286,-117.8180665,599.392,3,,
5503.266,-28.405442799999946,-0.201,-6.767,7.437,0.007,-0.012,0.006,48.95,35.3560288,-117.8180662,599.397,3,,
5504.252,-28.405442799999946,-0.201,-6.776,7.437,0.009,-0.013,0.006,48.96,35.3560287,-117.8180661,599.405,3,,
5505.241,-28.405442799999946,-0.196,-6.776,7.442,0.006,-0.013,0.007,48.98,35.3560288,-117.818066,599.407,3,,
5506.229,-29.553736800000024,-0.201,-6.776,7.432,0.007,-0.013,0.007,49.0,35.3560289,-117.8180659,599.399,3,,
5507.213,-30.43956359999993,-0.196,-6.762,7.442,0.007,-0.012,0.005,49.02,35.356029,-117.8180661,599.349,3,,
5508.3,-29.291269600000305,-0.191,-6.776,7.456,0.007,-0.013,0.005,49.04,35.3560289,-117.8180659,599.353,3,,
5509.284,-28.995993999999882,-0.196,-6.776,7.442,0.006,-0.013,0.006,49.05,35.3560291,-117.818066,599.331,3,,
5510.276,-28.110167199999978,-0.201,-6.772,7.442,0.006,-0.013,0.005,49.07,35.3560294,-117.8180664,599.312,3,,
5511.264,-27.257148800000323,-0.206,-6.786,7.442,0.006,-0.013,0.005,49.09,35.3560296,-117.8180668,599.321,3,,
5512.248,-29.291269600000305,-0.201,-6.776,7.446,0.007,-0.015,0.006,49.11,35.3560298,-117.8180672,599.351,3,,
5513.236,-28.405442799999946,-0.206,-6.776,7.451,0.006,-0.012,0.006,49.12,35.35603,-117.8180675,599.348,3,,
5514.223,-30.43956359999993,-0.201,-6.786,7.442,0.007,-0.012,0.006,49.14,35.3560296,-117.8180672,599.329,3,,
5515.213,-29.849012399999992,-0.206,-6.772,7.442,0.006,-0.013,0.006,49.16,35.3560291,-117.8180668,599.357,3,,
5516.201,-27.257148800000323,-0.201,-6.776,7.446,0.009,-0.012,0.005,49.18,35.356029,-117.8180669,599.269,3,,
5517.191,-28.405442799999946,-0.201,-6.776,7.442,0.01,-0.013,0.006,49.2,35.3560288,-117.8180668,599.206,3,,
5518.175,-28.405442799999946,-0.196,-6.772,7.446,0.005,-0.013,0.007,49.21,35.3560287,-117.8180668,599.206,3,,
5519.262,-27.81489160000001,-0.196,-6.786,7.446,0.006,-0.013,0.006,49.23,35.3560289,-117.8180672,599.137,3,,
5520.249,-27.81489160000001,-0.206,-6.772,7.451,0.007,-0.013,0.006,49.25,35.3560288,-117.8180676,599.112,3,,
5521.233,-29.553736800000024,-0.211,-6.781,7.437,0.007,-0.012,0.005,49.27,35.3560288,-117.8180679,599.024,3,,
5522.232,-29.553736800000024,-0.196,-6.772,7.442,0.007,-0.012,0.007,49.28,35.3560284,-117.8180677,599.006,3,,
5523.223,-28.995993999999882,-0.211,-6.776,7.446,0.006,-0.013,0.005,49.3,35.3560279,-117.8180676,599.064,3,,
5524.209,-28.995993999999882,-0.196,-6.776,7.442,0.009,-0.015,0.006,49.32,35.3560274,-117.8180671,599.09,3,,
5525.295,-28.700718399999914,-0.206,-6.776,7.442,0.007,-0.013,0.006,49.34,35.3560268,-117.8180667,599.15,3,,
5526.3,-30.14428799999996,-0.201,-6.776,7.437,0.006,-0.012,0.006,49.36,35.3560265,-117.8180664,599.173,3,,
5527.291,-28.110167199999978,-0.201,-6.776,7.446,0.007,-0.015,0.006,49.37,35.3560262,-117.8180662,599.204,3,,
5528.175,-28.700718399999914,-0.206,-6.772,7.446,0.006,-0.013,0.006,49.39,35.356026,-117.8180659,599.21,3,,
5529.261,-28.995993999999882,-0.206,-6.767,7.446,0.006,-0.015,0.006,49.41,35.3560257,-117.8180657,599.172,3,,
5530.25,-29.849012399999992,-0.201,-6.772,7.451,0.007,-0.013,0.006,49.43,35.3560256,-117.8180657,599.089,3,,
5531.238,-29.553736800000024,-0.206,-6.776,7.451,0.007,-0.015,0.006,49.45,35.3560254,-117.8180655,599.043,3,,
5532.225,-29.849012399999992,-0.201,-6.772,7.451,0.006,-0.013,0.006,49.46,35.356025,-117.8180652,599.087,3,,
5533.211,-29.291269600000305,-0.201,-6.776,7.446,0.007,-0.015,0.006,49.48,35.3560244,-117.8180648,599.092,3,,
5534.202,-29.553736800000024,-0.201,-6.772,7.437,0.006,-0.013,0.007,49.5,35.3560237,-117.8180642,599.102,3,,
5535.191,-28.405442799999946,-0.206,-6.776,7.442,0.007,-0.013,0.006,49.52,35.3560231,-117.8180639,599.152,3,,
5536.177,-29.291269600000305,-0.201,-6.776,7.446,0.006,-0.013,0.006,49.54,35.3560227,-117.8180638,599.193,3,,
5537.265,-30.14428799999996,-0.196,-6.772,7.446,0.007,-0.012,0.006,49.56,35.3560223,-117.818064,599.247,3,,
5538.254,-29.291269600000305,-0.201,-6.772,7.451,0.007,-0.013,0.007,49.58,35.3560221,-117.8180644,599.342,3,,
5539.24,-29.849012399999992,-0.201,-6.781,7.446,0.006,-0.013,0.006,49.59,35.3560219,-117.8180646,599.428,3,,
5540.225,-28.405442799999946,-0.206,-6.776,7.437,0.006,-0.013,0.007,49.61,35.3560221,-117.8180652,599.436,3,,
5541.212,-28.405442799999946,-0.196,-6.776,7.451,0.007,-0.013,0.006,49.63,35.3560218,-117.8180653,599.48,3,,
5542.198,-29.291269600000305,-0.206,-6.791,7.437,0.009,-0.015,0.006,49.65,35.3560216,-117.8180658,599.563,3,,
5543.184,-28.995993999999882,-0.201,-6.772,7.442,0.006,-0.012,0.006,49.67,35.356021,-117.8180654,599.656,3,,
5544.167,-29.291269600000305,-0.206,-6.786,7.442,0.007,-0.013,0.006,49.68,35.356021,-117.8180653,599.597,3,,
5545.26,-28.700718399999914,-0.201,-6.772,7.442,0.006,-0.012,0.006,49.7,35.3560204,-117.8180652,599.689,3,,
5546.256,-29.849012399999992,-0.215,-6.781,7.446,0.006,-0.013,0.006,49.72,35.3560198,-117.8180649,599.765,3,,
5547.242,-29.291269600000305,-0.206,-6.776,7.446,0.007,-0.013,0.006,49.74,35.3560192,-117.8180648,599.858,3,,
5548.235,-28.405442799999946,-0.206,-6.776,7.437,0.009,-0.013,0.006,49.75,35.356019,-117.8180648,599.853,3,,
5549.227,-29.291269600000305,-0.206,-6.776,7.437,0.007,-0.013,0.006,49.77,35.3560187,-117.8180647,599.868,3,,
5550.212,-28.995993999999882,-0.206,-6.781,7.442,0.006,-0.012,0.006,49.79,35.3560184,-117.8180648,599.868,3,,
5551.198,-28.700718399999914,-0.206,-6.781,7.442,0.007,-0.013,0.006,49.81,35.3560184,-117.8180652,599.897,3,,
5552.186,-29.849012399999992,-0.206,-6.772,7.442,0.007,-0.013,0.006,49.83,35.3560182,-117.8180654,599.93,3,,
5553.271,-27.81489160000001,-0.191,-6.772,7.442,0.007,-0.012,0.006,49.84,35.3560179,-117.8180655,599.986,3,,
5554.256,-27.81489160000001,-0.196,-6.776,7.437,0.005,-0.013,0.005,49.86,35.3560176,-117.8180658,600.061,3,,
5555.249,-28.700718399999914,-0.196,-6.772,7.442,0.005,-0.012,0.006,49.88,35.3560173,-117.8180657,600.108,3,,
5556.232,-29.553736800000024,-0.191,-6.776,7.437,0.006,-0.013,0.006,49.89,35.3560174,-117.8180658,600.144,3,,
5557.221,-28.700718399999914,-0.201,-6.781,7.446,0.006,-0.013,0.007,49.91,35.3560175,-117.8180658,600.175,3,,
5558.219,-28.700718399999914,-0.211,-6.772,7.442,0.007,-0.013,0.006,49.93,35.3560174,-117.818066,600.176,3,,
5559.207,-29.553736800000024,-0.211,-6.781,7.437,0.007,-0.012,0.006,49.95,35.3560173,-117.8180663,600.242,3,,
5560.192,-27.81489160000001,-0.206,-6.767,7.446,0.007,-0.013,0.006,49.97,35.3560173,-117.8180666,600.224,3,,
5561.184,-27.257148800000323,-0.211,-6.772,7.446,0.006,-0.012,0.007,49.98,35.3560177,-117.8180668,600.156,3,,
5562.27,-28.405442799999946,-0.201,-6.786,7.451,0.007,-0.012,0.006,50.0,35.3560178,-117.8180669,600.112,3,,
5563.259,-27.81489160000001,-0.211,-6.786,7.442,0.009,-0.013,0.006,50.02,35.3560179,-117.8180669,600.063,3,,
5564.251,-28.995993999999882,-0.201,-6.776,7.437,0.006,-0.015,0.006,50.04,35.3560181,-117.8180669,600.017,3,,
5565.236,-28.110167199999978,-0.211,-6.772,7.446,0.006,-0.012,0.005,50.06,35.3560181,-117.8180666,599.966,3,,
5566.223,-28.110167199999978,-0.196,-6.776,7.437,0.009,-0.015,0.006,50.07,35.3560182,-117.8180663,599.901,3,,
5567.207,-28.405442799999946,-0.201,-6.772,7.442,0.007,-0.012,0.007,50.09,35.3560183,-117.818066,599.865,3,,
5568.191,-29.849012399999992,-0.211,-6.767,7.446,0.009,-0.013,0.007,50.11,35.3560185,-117.818066,599.895,3,,
5569.28,-28.405442799999946,-0.196,-6.786,7.442,0.007,-0.012,0.006,50.13,35.3560183,-117.8180657,599.878,3,,
5570.264,-28.700718399999914,-0.201,-6.776,7.437,0.007,-0.013,0.006,50.14,35.3560181,-117.8180655,599.899,3,,
5571.25,-29.291269600000305,-0.196,-6.767,7.442,0.005,-0.012,0.007,50.16,35.3560179,-117.8180653,599.996,3,,
5572.235,-27.81489160000001,-0.206,-6.767,7.451,0.006,-0.013,0.006,50.18,35.3560177,-117.8180648,600.093,3,,
5573.224,-28.405442799999946,-0.211,-6.772,7.451,0.006,-0.012,0.006,50.19,35.3560177,-117.8180647,600.13,3,,
5574.207,-28.700718399999914,-0.206,-6.786,7.446,0.006,-0.015,0.007,50.21,35.3560178,-117.8180645,600.132,3,,
5575.191,-28.110167199999978,-0.201,-6.776,7.446,0.006,-0.013,0.007,50.23,35.356018,-117.8180645,600.12,3,,
5576.177,-28.110167199999978,-0.201,-6.767,7.437,0.007,-0.013,0.006,50.25,35.3560183,-117.8180648,600.072,3,,
5577.263,-27.552424399999836,-0.206,-6.772,7.442,0.006,-0.012,0.006,50.26,35.3560184,-117.8180651,599.965,3,,
5578.249,-28.995993999999882,-0.201,-6.776,7.451,0.006,-0.013,0.006,50.28,35.3560178,-117.8180647,599.968,3,,
5579.232,-28.995993999999882,-0.211,-6.781,7.432,0.007,-0.013,0.006,50.3,35.3560172,-117.8180645,600.009,3,,
5580.221,-28.110167199999978,-0.201,-6.781,7.446,0.007,-0.012,0.005,50.32,35.3560169,-117.8180643,599.977,3,,
5581.207,-28.995993999999882,-0.206,-6.776,7.437,0.007,-0.013,0.006,50.34,35.3560172,-117.8180642,599.919,3,,
5582.192,-28.995993999999882,-0.206,-6.772,7.442,0.007,-0.013,0.007,50.35,35.3560173,-117.8180643,599.873,3,,
5583.283,-28.110167199999978,-0.206,-6.776,7.442,0.006,-0.015,0.006,50.37,35.3560176,-117.8180645,599.809,3,,
5584.268,-28.405442799999946,-0.211,-6.776,7.456,0.006,-0.013,0.006,50.39,35.3560181,-117.8180649,599.78,3,,
5585.252,-29.291269600000305,-0.206,-6.776,7.446,0.006,-0.012,0.006,50.4,35.3560185,-117.8180651,599.772,3,,
5586.24,-28.700718399999914,-0.211,-6.776,7.427,0.006,-0.012,0.007,50.42,35.3560193,-117.8180653,599.731,3,,
5587.233,-29.553736800000024,-0.206,-6.776,7.451,0.007,-0.015,0.006,50.44,35.3560195,-117.8180659,599.825,3,,
5588.22,-28.110167199999978,-0.206,-6.776,7.446,0.006,-0.012,0.005,50.46,35.3560195,-117.8180665,599.853,3,,
5589.204,-28.405442799999946,-0.206,-6.772,7.451,0.006,-0.013,0.007,50.48,35.3560195,-117.818067,599.88,3,,
5590.191,-28.995993999999882,-0.201,-6.781,7.437,0.007,-0.013,0.006,50.49,35.3560194,-117.8180673,599.893,3,,
5591.193,-28.995993999999882,-0.191,-6.781,7.442,0.007,-0.013,0.006,50.51,35.3560191,-117.8180675,599.976,3,,
5592.179,-27.552424399999836,-0.196,-6.781,7.437,0.006,-0.012,0.006,50.53,35.3560189,-117.8180677,600.017,3,,
5593.164,-28.700718399999914,-0.196,-6.772,7.437,0.006,-0.013,0.006,50.55,35.3560182,-117.8180674,600.085,3,,
5594.253,-28.405442799999946,-0.211,-6.772,7.446,0.006,-0.015,0.006,50.56,35.3560177,-117.8180672,600.168,3,,
5595.248,-28.995993999999882,-0.201,-6.776,7.451,0.007,-0.015,0.006,50.58,35.3560174,-117.818067,600.195,3,,
5596.232,-28.110167199999978,-0.196,-6.776,7.437,0.006,-0.012,0.007,50.6,35.3560172,-117.8180668,600.293,3,,
5597.218,-26.666597599999932,-0.201,-6.772,7.446,0.007,-0.013,0.006,50.61,35.3560175,-117.8180669,600.34,3,,
5598.207,-27.81489160000001,-0.201,-6.781,7.446,0.007,-0.013,0.006,50.63,35.3560177,-117.8180669,600.373,3,,
5599.213,-27.552424399999836,-0.206,-6.776,7.446,0.007,-0.013,0.006,50.65,35.3560179,-117.8180671,600.372,3,,
5600.198,-28.405442799999946,-0.201,-6.776,7.442,0.007,-0.013,0.007,50.67,35.3560184,-117.8180675,600.297,3,,
5601.297,-27.552424399999836,-0.206,-6.776,7.442,0.006,-0.013,0.007,50.68,35.3560187,-117.8180677,600.232,3,,
5602.184,-27.81489160000001,-0.201,-6.776,7.442,0.007,-0.012,0.006,50.7,35.3560188,-117.8180675,600.176,3,,
5603.279,-28.700718399999914,-0.196,-6.767,7.446,0.007,-0.013,0.006,50.72,35.356019,-117.8180677,600.136,3,,
5604.268,-27.81489160000001,-0.196,-6.776,7.442,0.006,-0.013,0.006,50.74,35.3560194,-117.8180679,600.102,3,,
5605.252,-26.9618731999999,-0.201,-6.772,7.446,0.007,-0.013,0.006,50.76,35.356019,-117.8180674,600.161,3,,
5606.237,-28.995993999999882,-0.201,-6.786,7.442,0.007,-0.012,0.006,50.77,35.3560188,-117.818067,600.16,3,,
5607.224,-28.110167199999978,-0.206,-6.776,7.446,0.007,-0.013,0.006,50.79,35.3560186,-117.8180671,600.23,3,,
5608.221,-27.257148800000323,-0.201,-6.762,7.456,0.006,-0.013,0.007,50.81,35.3560183,-117.8180672,600.28,3,,
5609.208,-27.257148800000323,-0.201,-6.776,7.451,0.007,-0.013,0.005,50.82,35.3560179,-117.8180672,600.313,3,,
5610.195,-27.81489160000001,-0.187,-6.776,7.442,0.007,-0.013,0.006,50.84,35.3560176,-117.8180674,600.374,3,,
5611.297,-27.257148800000323,-0.206,-6.786,7.442,0.007,-0.013,0.006,50.86,35.3560172,-117.8180672,600.435,3,,
5612.282,-26.371321999999964,-0.201,-6.767,7.451,0.007,-0.012,0.006,50.88,35.3560167,-117.8180667,600.514,3,,
5613.267,-27.257148800000323,-0.201,-6.786,7.442,0.006,-0.013,0.006,50.89,35.3560158,-117.8180661,600.583,3,,
5614.253,-27.81489160000001,-0.201,-6.767,7.437,0.007,-0.013,0.006,50.91,35.3560148,-117.8180655,600.653,3,,
5615.313,-26.108854800000245,-0.187,-6.767,7.432,0.007,-0.015,0.007,50.93,35.3560143,-117.8180652,600.699,3,,
5616.197,-26.108854800000245,-0.201,-6.781,7.442,0.007,-0.013,0.007,50.95,35.3560141,-117.8180652,600.753,3,,
5617.291,-27.552424399999836,-0.196,-6.776,7.442,0.009,-0.015,0.006,50.96,35.3560138,-117.8180653,600.845,3,,
5618.279,-26.666597599999932,-0.206,-6.772,7.437,0.007,-0.015,0.006,50.98,35.3560136,-117.8180651,600.877,3,,
5619.269,-25.813579199999822,-0.196,-6.776,7.442,0.006,-0.013,0.006,51.0,35.3560137,-117.8180653,600.915,3,,
5620.254,-26.9618731999999,-0.201,-6.776,7.442,0.007,-0.015,0.006,51.02,35.3560136,-117.8180654,600.949,3,,
5621.243,-26.666597599999932,-0.201,-6.776,7.451,0.006,-0.015,0.006,51.03,35.3560135,-117.8180654,600.956,3,,
5622.229,-26.9618731999999,-0.187,-6.781,7.451,0.007,-0.013,0.006,51.05,35.3560132,-117.8180654,600.973,3,,
5623.215,-25.518303599999854,-0.206,-6.781,7.442,0.009,-0.016,0.006,51.06,35.3560132,-117.8180653,600.963,3,,
5624.202,-27.552424399999836,-0.201,-6.776,7.442,0.007,-0.013,0.006,51.08,35.3560134,-117.8180655,600.9,3,,
5625.194,-26.371321999999964,-0.196,-6.776,7.442,0.006,-0.013,0.005,51.1,35.3560135,-117.8180657,600.834,3,,
5626.18,-26.108854800000245,-0.191,-6.767,7.456,0.009,-0.015,0.007,51.12,35.3560132,-117.8180655,600.788,3,,
5627.267,-27.257148800000323,-0.201,-6.772,7.446,0.009,-0.012,0.006,51.13,35.356013,-117.8180654,600.767,3,,
5628.252,-25.813579199999822,-0.211,-6.772,7.442,0.009,-0.013,0.006,51.15,35.3560127,-117.8180652,600.739,3,,
5629.242,-27.257148800000323,-0.191,-6.772,7.442,0.007,-0.013,0.007,51.17,35.3560126,-117.8180654,600.718,3,,
5630.227,-28.110167199999978,-0.196,-6.776,7.446,0.007,-0.015,0.007,51.18,35.3560125,-117.8180655,600.695,3,,
5631.212,-26.108854800000245,-0.201,-6.781,7.446,0.006,-0.015,0.006,51.2,35.3560124,-117.8180656,600.692,3,,
5632.205,-26.666597599999932,-0.191,-6.781,7.442,0.007,-0.012,0.006,51.22,35.3560123,-117.8180654,600.662,3,,
5633.195,-26.108854800000245,-0.206,-6.776,7.446,0.007,-0.013,0.006,51.24,35.3560125,-117.8180653,600.581,3,,
5634.282,-26.371321999999964,-0.196,-6.776,7.446,0.007,-0.013,0.006,51.25,35.3560124,-117.8180648,600.54,3,,
5635.269,-28.110167199999978,-0.201,-6.776,7.451,0.007,-0.013,0.006,51.27,35.3560125,-117.8180646,600.468,3,,
5636.255,-27.257148800000323,-0.196,-6.772,7.442,0.007,-0.013,0.006,51.29,35.3560128,-117.8180645,600.411,3,,
5637.242,-27.257148800000323,-0.206,-6.781,7.446,0.007,-0.013,0.006,51.3,35.3560128,-117.8180645,600.401,3,,
5638.227,-24.63247679999995,-0.201,-6.772,7.446,0.007,-0.013,0.006,51.32,35.3560127,-117.8180643,600.357,3,,
5639.213,-24.927752399999918,-0.201,-6.776,7.442,0.009,-0.013,0.006,51.34,35.3560124,-117.8180641,600.37,3,,
5640.201,-26.371321999999964,-0.196,-6.786,7.446,0.007,-0.013,0.006,51.35,35.3560121,-117.8180637,600.389,3,,
5641.186,-26.108854800000245,-0.201,-6.776,7.451,0.006,-0.013,0.009,51.37,35.3560119,-117.8180634,600.452,3,,
5642.169,-26.371321999999964,-0.196,-6.772,7.446,0.005,-0.013,0.009,51.39,35.3560117,-117.8180632,600.512,3,,
5643.264,-26.9618731999999,-0.196,-6.772,7.442,0.007,-0.012,0.006,51.41,35.3560118,-117.8180632,600.567,3,,
5644.248,-25.22302800000034,-0.196,-6.786,7.446,0.007,-0.013,0.007,51.42,35.3560119,-117.8180633,600.605,3,,
5645.232,-27.552424399999836,-0.206,-6.772,7.437,0.007,-0.013,0.007,51.44,35.3560118,-117.8180634,600.632,3,,
5646.217,-25.518303599999854,-0.201,-6.767,7.442,0.009,-0.013,0.006,51.46,35.3560118,-117.8180633,600.636,3,,
5647.204,-26.108854800000245,-0.196,-6.772,7.437,0.006,-0.013,0.006,51.47,35.3560118,-117.8180631,600.615,3,,
5648.188,-26.108854800000245,-0.206,-6.781,7.442,0.009,-0.013,0.007,51.49,35.3560118,-117.8180632,600.578,3,,
5649.171,-28.110167199999978,-0.201,-6.781,7.437,0.007,-0.013,0.006,51.51,35.3560115,-117.8180633,600.522,3,,
5650.259,-26.666597599999932,-0.201,-6.786,7.437,0.009,-0.013,0.007,51.52,35.3560115,-117.8180632,600.472,3,,
5651.245,-26.371321999999964,-0.211,-6.772,7.432,0.007,-0.013,0.007,51.54,35.3560113,-117.8180633,600.456,3,,
5652.231,-26.666597599999932,-0.201,-6.772,7.427,0.007,-0.013,0.006,51.56,35.3560106,-117.8180632,600.488,3,,
5653.224,-26.666597599999932,-0.196,-6.781,7.432,0.006,-0.015,0.005,51.58,35.3560105,-117.8180632,600.479,3,,
5654.212,-26.9618731999999,-0.196,-6.772,7.432,0.007,-0.012,0.006,51.59,35.3560102,-117.8180631,600.476,3,,
5655.196,-26.666597599999932,-0.196,-6.776,7.437,0.007,-0.013,0.006,51.61,35.35601,-117.8180629,600.51,3,,
5656.181,-26.108854800000245,-0.187,-6.776,7.437,0.007,-0.013,0.006,51.62,35.3560103,-117.8180628,600.476,3,,
5657.276,-26.108854800000245,-0.191,-6.772,7.437,0.006,-0.013,0.007,51.64,35.3560104,-117.8180626,600.479,3,,
5658.263,-26.371321999999964,-0.201,-6.776,7.437,0.007,-0.013,0.006,51.66,35.356011,-117.8180624,600.477,3,,
5659.248,-27.552424399999836,-0.196,-6.772,7.437,0.007,-0.013,0.007,51.68,35.3560117,-117.8180623,600.429,3,,
5660.234,-26.9618731999999,-0.201,-6.781,7.437,0.006,-0.013,0.006,51.69,35.3560123,-117.8180626,600.396,3,,
5661.221,-26.9618731999999,-0.201,-6.776,7.437,0.007,-0.013,0.006,51.71,35.3560123,-117.8180631,600.428,3,,
5662.207,-26.9618731999999,-0.201,-6.781,7.437,0.007,-0.013,0.007,51.72,35.356013,-117.8180631,600.312,3,,
5663.193,-27.552424399999836,-0.206,-6.776,7.437,0.007,-0.013,0.005,51.74,35.3560138,-117.8180627,600.116,3,,
5664.285,-26.9618731999999,-0.206,-6.781,7.437,0.007,-0.013,0.006,51.76,35.3560147,-117.8180623,599.899,3,,
5665.173,-26.108854800000245,-0.191,-6.781,7.437,0.006,-0.015,0.007,51.78,35.3560155,-117.8180618,599.752,3,,
5666.26,-26.371321999999964,-0.211,-6.776,7.432,0.009,-0.013,0.007,51.79,35.356016,-117.8180614,599.634,3,,
5667.248,-26.108854800000245,-0.196,-6.781,7.437,0.005,-0.012,0.006,51.81,35.3560168,-117.8180611,599.475,3,,
5668.232,-26.108854800000245,-0.206,-6.772,7.427,0.007,-0.013,0.007,51.82,35.3560178,-117.818061,599.316,3,,
5669.216,-26.108854800000245,-0.201,-6.772,7.442,0.007,-0.015,0.006,51.84,35.3560186,-117.8180606,599.148,3,,
5670.203,-26.371321999999964,-0.196,-6.776,7.446,0.007,-0.015,0.006,51.86,35.3560197,-117.8180604,598.97,3,,
5671.294,-26.108854800000245,-0.206,-6.776,7.442,0.009,-0.013,0.007,51.87,35.3560205,-117.81806,598.808,3,,
5672.182,-25.518303599999854,-0.211,-6.776,7.432,0.007,-0.015,0.007,51.89,35.3560211,-117.8180598,598.671,3,,
5673.27,-26.108854800000245,-0.201,-6.776,7.432,0.007,-0.015,0.007,51.91,35.3560214,-117.8180598,598.634,3,,
5674.259,-26.108854800000245,-0.196,-6.776,7.437,0.006,-0.013,0.006,51.92,35.3560217,-117.8180597,598.536,3,,
5675.248,-25.813579199999822,-0.206,-6.776,7.432,0.007,-0.015,0.006,51.94,35.3560222,-117.8180596,598.457,3,,
5676.232,-26.9618731999999,-0.201,-6.772,7.437,0.006,-0.013,0.007,51.96,35.3560223,-117.8180592,598.335,3,,
5677.217,-26.108854800000245,-0.201,-6.776,7.437,0.007,-0.013,0.006,51.97,35.3560224,-117.8180589,598.268,3,,
5678.205,-24.63247679999995,-0.206,-6.772,7.432,0.005,-0.015,0.006,51.99,35.3560226,-117.8180589,598.23,3,,
5679.192,-26.666597599999932,-0.191,-6.776,7.437,0.007,-0.013,0.006,52.01,35.3560229,-117.8180588,598.174,3,,
5680.179,-25.518303599999854,-0.201,-6.776,7.446,0.006,-0.013,0.006,52.02,35.356023,-117.818059,598.144,3,,
5681.268,-25.22302800000034,-0.211,-6.781,7.442,0.006,-0.013,0.006,52.04,35.3560229,-117.8180592,598.185,3,,
5682.254,-24.074734000000262,-0.201,-6.776,7.442,0.006,-0.015,0.006,52.06,35.356023,-117.8180594,598.194,3,,
5683.244,-26.666597599999932,-0.206,-6.776,7.446,0.009,-0.013,0.007,52.07,35.3560233,-117.8180595,598.189,3,,
5684.228,-25.22302800000034,-0.206,-6.776,7.432,0.009,-0.013,0.006,52.09,35.3560236,-117.8180595,598.173,3,,
5685.214,-24.074734000000262,-0.201,-6.781,7.437,0.009,-0.013,0.006,52.11,35.3560238,-117.8180593,598.154,3,,
5686.2,-22.335888800000248,-0.201,-6.776,7.432,0.01,-0.012,0.007,52.12,35.3560235,-117.8180596,598.193,3,,
5687.187,-23.77945839999984,-0.201,-6.776,7.446,0.01,-0.015,0.007,52.14,35.3560225,-117.8180601,598.357,3,,
5688.276,-23.77945839999984,-0.201,-6.772,7.456,0.01,-0.013,0.006,52.15,35.3560225,-117.8180602,598.369,3,,
5689.262,-25.518303599999854,-0.201,-6.781,7.446,0.006,-0.015,0.007,52.16,35.3560226,-117.8180605,598.385,3,,
5690.251,-25.22302800000034,-0.206,-6.791,7.446,0.009,-0.013,0.007,52.18,35.3560222,-117.818061,598.481,3,,
5691.235,-25.22302800000034,-0.206,-6.776,7.437,0.009,-0.012,0.006,52.2,35.3560219,-117.8180615,598.603,3,,
5692.224,-26.371321999999964,-0.196,-6.772,7.423,0.005,-0.015,0.006,52.22,35.3560217,-117.8180621,598.75,3,,
5693.209,-26.108854800000245,-0.196,-6.776,7.446,0.009,-0.013,0.007,52.23,35.3560211,-117.8180628,598.914,3,,
5694.195,-25.22302800000034,-0.201,-6.776,7.451,0.007,-0.013,0.006,52.25,35.3560207,-117.8180631,599.056,3,,
5695.182,-24.63247679999995,-0.191,-6.786,7.442,0.007,-0.013,0.007,52.26,35.35602,-117.8180637,599.223,3,,
5696.168,-24.927752399999918,-0.211,-6.776,7.432,0.007,-0.015,0.006,52.28,35.3560193,-117.8180642,599.468,3,,
5697.261,-25.22302800000034,-0.201,-6.772,7.442,0.007,-0.013,0.006,52.3,35.3560185,-117.8180648,599.655,3,,
5698.246,-25.22302800000034,-0.201,-6.786,7.432,0.01,-0.013,0.006,52.32,35.3560178,-117.8180654,599.821,3,,
5699.234,-24.33720119999998,-0.211,-6.781,7.432,0.007,-0.013,0.006,52.34,35.3560168,-117.8180661,600.05,3,,
5700.221,-25.518303599999854,-0.196,-6.786,7.437,0.009,-0.013,0.007,52.35,35.3560161,-117.8180669,600.22,3,,
5701.21,-25.22302800000034,-0.201,-6.776,7.456,0.005,-0.013,0.006,52.37,35.3560155,-117.8180675,600.391,3,,
5702.198,-24.927752399999918,-0.206,-6.776,7.451,0.007,-0.015,0.006,52.39,35.3560151,-117.818068,600.524,3,,
5703.287,-24.927752399999918,-0.196,-6.791,7.442,0.011,-0.015,0.006,52.4,35.3560149,-117.8180684,600.602,3,,
5704.173,-24.074734000000262,-0.201,-6.772,7.456,0.007,-0.013,0.006,52.42,35.3560146,-117.8180686,600.699,3,,
5705.26,-24.33720119999998,-0.206,-6.796,7.418,0.005,-0.013,0.006,52.44,35.3560144,-117.8180686,600.774,3,,
5706.249,-24.63247679999995,-0.206,-6.781,7.442,0.009,-0.013,0.007,52.45,35.3560142,-117.8180686,600.839,3,,
5707.235,-25.518303599999854,-0.201,-6.781,7.442,0.009,-0.012,0.007,52.47,35.356014,-117.8180688,600.883,3,,
5708.223,-24.63247679999995,-0.201,-6.776,7.442,0.007,-0.013,0.007,52.49,35.356014,-117.8180686,600.876,3,,
5709.213,-24.33720119999998,-0.201,-6.772,7.442,0.005,-0.012,0.006,52.51,35.3560139,-117.8180685,600.89,3,,
5710.199,-24.33720119999998,-0.206,-6.786,7.437,0.007,-0.013,0.007,52.52,35.3560138,-117.8180685,600.881,3,,
5711.185,-26.108854800000245,-0.206,-6.786,7.432,0.007,-0.013,0.006,52.54,35.3560136,-117.8180685,600.854,3,,
5712.282,-25.22302800000034,-0.201,-6.786,7.432,0.01,-0.013,0.006,52.56,35.3560132,-117.8180681,600.825,3,,
5713.268,-26.108854800000245,-0.196,-6.786,7.446,0.006,-0.013,0.006,52.57,35.356013,-117.8180678,600.79,3,,
5714.252,-24.927752399999918,-0.201,-6.786,7.437,0.007,-0.013,0.007,52.59,35.3560129,-117.8180673,600.751,3,,
5715.237,-24.074734000000262,-0.211,-6.786,7.442,0.007,-0.013,0.006,52.61,35.3560127,-117.8180667,600.714,3,,
5716.224,-24.33720119999998,-0.201,-6.772,7.442,0.009,-0.013,0.007,52.62,35.3560126,-117.8180664,600.641,3,,
5717.207,-24.33720119999998,-0.206,-6.786,7.432,0.006,-0.015,0.007,52.64,35.3560125,-117.8180661,600.566,3,,
5718.19,-23.48418279999987,-0.201,-6.762,7.446,0.009,-0.015,0.007,52.66,35.3560123,-117.8180658,600.54,3,,
5719.178,-26.371321999999964,-0.201,-6.776,7.442,0.007,-0.013,0.007,52.67,35.3560122,-117.8180657,600.532,3,,
5720.265,-24.33720119999998,-0.196,-6.776,7.432,0.005,-0.015,0.007,52.69,35.3560124,-117.8180655,600.487,3,,
5721.248,-25.518303599999854,-0.196,-6.786,7.432,0.006,-0.013,0.007,52.71,35.3560124,-117.8180653,600.525,3,,
5722.231,-24.074734000000262,-0.201,-6.772,7.446,0.013,-0.015,0.007,52.73,35.3560126,-117.8180651,600.499,3,,
5723.218,-24.63247679999995,-0.206,-6.8,7.432,0.004,-0.013,0.006,52.75,35.3560134,-117.8180657,600.309,3,,
5724.211,-24.927752399999918,-0.201,-6.781,7.437,0.011,-0.013,0.006,52.76,35.356014,-117.8180659,600.185,3,,
5725.195,-25.518303599999854,-0.211,-6.786,7.451,0.006,-0.012,0.006,52.78,35.3560143,-117.8180662,600.055,3,,
5726.186,-24.33720119999998,-0.211,-6.776,7.437,0.007,-0.015,0.006,52.8,35.3560144,-117.818066,600.04,3,,
5727.273,-24.63247679999995,-0.196,-6.781,7.442,0.007,-0.013,0.007,52.82,35.3560146,-117.8180658,600.051,3,,
5728.266,-25.518303599999854,-0.206,-6.776,7.437,0.009,-0.013,0.007,52.83,35.3560147,-117.8180652,600.049,3,,
5729.251,-25.22302800000034,-0.206,-6.776,7.451,0.007,-0.013,0.006,52.85,35.3560145,-117.8180651,600.033,3,,
5730.242,-24.074734000000262,-0.206,-6.786,7.437,0.006,-0.013,0.006,52.86,35.3560145,-117.818065,599.996,3,,
5731.225,-26.108854800000245,-0.201,-6.781,7.451,0.007,-0.013,0.006,52.88,35.3560147,-117.8180651,599.964,3,,
5732.208,-26.108854800000245,-0.196,-6.786,7.442,0.01,-0.015,0.007,52.9,35.3560147,-117.8180652,599.93,3,,
5733.19,-25.813579199999822,-0.206,-6.786,7.451,0.009,-0.013,0.007,52.91,35.3560146,-117.8180652,599.929,3,,
5734.278,-24.33720119999998,-0.201,-6.786,7.442,0.007,-0.015,0.007,52.93,35.3560147,-117.8180655,599.94,3,,
5735.261,-25.22302800000034,-0.206,-6.781,7.451,0.007,-0.013,0.006,52.95,35.3560147,-117.8180658,599.93,3,,
5736.246,-26.108854800000245,-0.201,-6.786,7.437,0.009,-0.012,0.007,52.97,35.3560145,-117.8180659,599.948,3,,
5737.236,-25.22302800000034,-0.211,-6.791,7.442,0.006,-0.012,0.006,52.98,35.3560144,-117.8180661,599.967,3,,
5738.219,-25.518303599999854,-0.201,-6.776,7.437,0.009,-0.015,0.009,53.0,35.3560143,-117.8180662,600.016,3,,
5739.204,-27.257148800000323,-0.201,-6.781,7.442,0.007,-0.013,0.007,53.02,35.3560145,-117.8180662,600.007,3,,
5740.187,-25.813579199999822,-0.201,-6.772,7.442,0.007,-0.013,0.007,53.03,35.3560146,-117.8180664,600.032,3,,
5741.273,-25.22302800000034,-0.196,-6.781,7.432,0.007,-0.012,0.007,53.05,35.3560144,-117.8180666,600.02,3,,
5742.255,-25.518303599999854,-0.215,-6.781,7.446,0.006,-0.013,0.006,53.07,35.3560144,-117.8180669,600.027,3,,
5743.239,-23.77945839999984,-0.211,-6.786,7.446,0.009,-0.015,0.006,53.08,35.3560145,-117.8180672,599.996,3,,
5744.223,-24.074734000000262,-0.206,-6.776,7.442,0.006,-0.013,0.006,53.1,35.3560147,-117.8180673,599.945,3,,
5745.205,-25.22302800000034,-0.201,-6.781,7.437,0.009,-0.013,0.007,53.11,35.3560148,-117.8180676,599.89,3,,
5746.19,-24.074734000000262,-0.201,-6.786,7.442,0.006,-0.013,0.006,53.13,35.3560149,-117.8180678,599.823,3,,
5747.174,-25.518303599999854,-0.201,-6.791,7.432,0.007,-0.015,0.006,53.15,35.3560149,-117.8180679,599.799,3,,
5748.274,-26.108854800000245,-0.206,-6.786,7.432,0.007,-0.013,0.007,53.16,35.3560148,-117.8180679,599.805,3,,
5749.257,-25.22302800000034,-0.211,-6.786,7.442,0.007,-0.012,0.006,53.18,35.3560148,-117.818068,599.785,3,,
5750.241,-24.074734000000262,-0.206,-6.772,7.442,0.007,-0.015,0.007,53.2,35.356015,-117.8180682,599.798,3,,
5751.228,-24.927752399999918,-0.211,-6.772,7.446,0.007,-0.013,0.007,53.21,35.3560152,-117.8180681,599.802,3,,
5752.214,-24.927752399999918,-0.206,-6.786,7.437,0.007,-0.012,0.007,53.23,35.3560153,-117.8180683,599.836,3,,
5753.198,-24.33720119999998,-0.201,-6.781,7.442,0.009,-0.013,0.006,53.24,35.3560153,-117.8180684,599.848,3,,
5754.181,-24.927752399999918,-0.201,-6.781,7.451,0.007,-0.012,0.007,53.26,35.3560153,-117.8180685,599.803,3,,
5755.278,-25.518303599999854,-0.206,-6.776,7.442,0.009,-0.013,0.006,53.28,35.3560153,-117.8180686,599.768,3,,
5756.266,-24.33720119999998,-0.201,-6.781,7.442,0.006,-0.012,0.006,53.29,35.3560151,-117.8180687,599.74,3,,
5757.25,-24.33720119999998,-0.191,-6.776,7.446,0.007,-0.013,0.007,53.31,35.3560148,-117.8180689,599.737,3,,
5758.239,-24.63247679999995,-0.206,-6.786,7.437,0.006,-0.013,0.007,53.32,35.3560145,-117.8180691,599.76,3,,
5759.235,-24.33720119999998,-0.206,-6.781,7.442,0.007,-0.013,0.006,53.34,35.3560143,-117.818069,599.763,3,,
5760.218,-25.22302800000034,-0.201,-6.772,7.446,0.006,-0.013,0.007,53.36,35.3560141,-117.8180687,599.789,3,,
5761.206,-24.927752399999918,-0.201,-6.786,7.437,0.009,-0.013,0.007,53.37,35.3560137,-117.8180685,599.806,3,,
5762.192,-24.074734000000262,-0.206,-6.776,7.442,0.006,-0.013,0.007,53.39,35.3560136,-117.8180684,599.821,3,,
5763.278,-24.927752399999918,-0.201,-6.776,7.442,0.007,-0.013,0.006,53.41,35.3560135,-117.8180685,599.802,3,,
5764.262,-25.518303599999854,-0.206,-6.772,7.442,0.009,-0.013,0.006,53.42,35.3560136,-117.8180687,599.753,3,,
5765.247,-24.63247679999995,-0.196,-6.781,7.437,0.009,-0.013,0.007,53.44,35.3560136,-117.8180689,599.737,3,,
5766.234,-24.074734000000262,-0.196,-6.781,7.442,0.009,-0.013,0.006,53.45,35.3560138,-117.8180688,599.673,3,,
5767.217,-24.33720119999998,-0.206,-6.781,7.456,0.007,-0.013,0.007,53.47,35.3560139,-117.8180688,599.637,3,,
5768.202,-25.518303599999854,-0.201,-6.786,7.451,0.006,-0.013,0.006,53.49,35.3560142,-117.8180688,599.591,3,,
5769.187,-24.63247679999995,-0.191,-6.781,7.437,0.007,-0.013,0.006,53.5,35.3560143,-117.8180686,599.531,3,,
5770.272,-23.48418279999987,-0.201,-6.781,7.446,0.007,-0.013,0.007,53.52,35.3560143,-117.8180682,599.467,3,,
5771.257,-24.63247679999995,-0.201,-6.781,7.446,0.006,-0.015,0.007,53.54,35.356014,-117.818068,599.487,3,,
5772.244,-24.927752399999918,-0.201,-6.786,7.437,0.006,-0.013,0.007,53.55,35.3560137,-117.8180681,599.485,3,,
5773.233,-24.63247679999995,-0.206,-6.781,7.446,0.009,-0.013,0.007,53.57,35.3560139,-117.8180687,599.433,3,,
5774.22,-24.927752399999918,-0.201,-6.786,7.446,0.007,-0.015,0.007,53.58,35.356014,-117.818069,599.448,3,,
5775.207,-24.63247679999995,-0.196,-6.776,7.446,0.007,-0.013,0.007,53.6,35.3560141,-117.8180692,599.497,3,,
5776.198,-24.33720119999998,-0.206,-6.767,7.442,0.006,-0.013,0.006,53.62,35.3560141,-117.8180694,599.552,3,,
5777.284,-23.188907200000358,-0.196,-6.786,7.456,0.007,-0.013,0.007,53.63,35.356014,-117.8180695,599.587,3,,
5778.274,-25.518303599999854,-0.201,-6.781,7.446,0.007,-0.013,0.006,53.65,35.3560142,-117.8180704,599.575,3,,
5779.257,-24.33720119999998,-0.196,-6.781,7.446,0.007,-0.013,0.006,53.66,35.3560143,-117.8180706,599.563,3,,
5780.243,-24.33720119999998,-0.201,-6.796,7.427,0.009,-0.013,0.007,53.68,35.356014,-117.8180699,599.621,3,,
5781.231,-24.074734000000262,-0.196,-6.786,7.451,0.007,-0.011,0.006,53.7,35.356014,-117.8180692,599.713,3,,
5782.22,-22.893631599999935,-0.201,-6.776,7.442,0.007,-0.013,0.006,53.71,35.3560138,-117.8180691,599.758,3,,
5783.204,-24.33720119999998,-0.201,-6.781,7.446,0.006,-0.013,0.006,53.73,35.3560137,-117.8180684,599.778,3,,
5784.186,-24.074734000000262,-0.201,-6.776,7.446,0.009,-0.015,0.007,53.74,35.3560136,-117.8180678,599.85,3,,
5785.271,-24.074734000000262,-0.201,-6.781,7.446,0.007,-0.013,0.007,53.76,35.3560138,-117.8180673,599.917,3,,
5786.255,-24.074734000000262,-0.211,-6.781,7.446,0.006,-0.013,0.007,53.78,35.3560135,-117.8180668,600.022,3,,
5787.241,-24.074734000000262,-0.201,-6.786,7.442,0.007,-0.015,0.007,53.79,35.3560127,-117.8180658,600.148,3,,
5788.229,-24.074734000000262,-0.206,-6.781,7.437,0.007,-0.013,0.006,53.81,35.3560121,-117.8180648,600.266,3,,
5789.212,-25.518303599999854,-0.191,-6.791,7.432,0.006,-0.015,0.006,53.82,35.3560113,-117.818064,600.421,3,,
5790.198,-23.77945839999984,-0.211,-6.786,7.456,0.009,-0.015,0.007,53.84,35.3560109,-117.8180631,600.565,3,,
5791.182,-24.074734000000262,-0.201,-6.786,7.451,0.009,-0.015,0.007,53.85,35.3560105,-117.8180624,600.731,3,,
5792.168,-24.074734000000262,-0.201,-6.796,7.451,0.007,-0.013,0.007,53.87,35.3560099,-117.8180619,600.859,3,,
5793.151,-24.074734000000262,-0.196,-6.781,7.437,0.009,-0.012,0.006,53.89,35.3560093,-117.818061,600.981,3,,
5794.24,-24.074734000000262,-0.191,-6.786,7.451,0.007,-0.013,0.006,53.9,35.3560089,-117.8180602,601.074,3,,
5795.23,-22.893631599999935,-0.206,-6.791,7.442,0.007,-0.013,0.007,53.92,35.3560092,-117.81806,601.084,3,,
5796.214,-23.77945839999984,-0.201,-6.786,7.442,0.007,-0.013,0.007,53.94,35.3560095,-117.8180603,601.012,3,,
5797.209,-24.074734000000262,-0.201,-6.772,7.437,0.009,-0.013,0.007,53.95,35.3560097,-117.8180609,600.979,3,,
5798.191,-24.33720119999998,-0.206,-6.781,7.456,0.007,-0.016,0.007,53.97,35.3560093,-117.8180611,600.991,3,,
5799.276,-24.33720119999998,-0.201,-6.776,7.446,0.007,-0.012,0.006,53.98,35.3560092,-117.8180612,600.993,3,,
5800.26,-24.63247679999995,-0.191,-6.791,7.442,0.007,-0.015,0.007,54.0,35.3560094,-117.8180613,601.008,3,,
5801.257,-23.188907200000358,-0.196,-6.781,7.442,0.007,-0.013,0.007,54.01,35.3560095,-117.8180614,601.051,3,,
5802.25,-25.22302800000034,-0.201,-6.786,7.451,0.007,-0.013,0.007,54.03,35.3560098,-117.8180614,601.065,3,,
5803.234,-23.48418279999987,-0.196,-6.786,7.437,0.006,-0.012,0.006,54.05,35.35601,-117.8180616,601.109,3,,
5804.219,-24.33720119999998,-0.201,-6.781,7.437,0.006,-0.015,0.007,54.06,35.3560101,-117.8180615,601.126,3,,
5805.201,-24.074734000000262,-0.187,-6.791,7.442,0.007,-0.013,0.006,54.08,35.35601,-117.8180615,601.123,3,,
5806.188,-24.074734000000262,-0.201,-6.781,7.446,0.01,-0.015,0.006,54.09,35.3560102,-117.8180616,601.092,3,,
5807.273,-24.63247679999995,-0.211,-6.776,7.446,0.006,-0.015,0.006,54.11,35.3560103,-117.8180616,601.084,3,,
5808.259,-23.188907200000358,-0.201,-6.791,7.446,0.007,-0.015,0.007,54.12,35.3560102,-117.8180616,601.124,3,,
5809.243,-23.48418279999987,-0.201,-6.772,7.446,0.009,-0.015,0.007,54.14,35.3560102,-117.8180614,601.112,3,,
5810.226,-24.927752399999918,-0.201,-6.781,7.442,0.007,-0.013,0.007,54.16,35.3560107,-117.8180619,601.096,3,,
5811.213,-23.48418279999987,-0.201,-6.772,7.451,0.007,-0.013,0.007,54.17,35.3560114,-117.8180622,601.147,3,,
5812.201,-22.63116439999976,-0.206,-6.786,7.437,0.007,-0.013,0.007,54.19,35.3560121,-117.8180629,601.048,3,,
5813.192,-23.48418279999987,-0.201,-6.786,7.446,0.007,-0.013,0.007,54.2,35.3560119,-117.8180624,601.011,3,,
5814.176,-22.893631599999935,-0.206,-6.776,7.446,0.006,-0.015,0.007,54.22,35.356012,-117.8180621,600.928,3,,
5815.265,-24.074734000000262,-0.201,-6.791,7.446,0.007,-0.015,0.007,54.24,35.3560121,-117.8180619,600.865,3,,
5816.248,-23.48418279999987,-0.201,-6.786,7.437,0.006,-0.015,0.007,54.25,35.3560127,-117.8180627,600.664,3,,
5817.232,-24.63247679999995,-0.201,-6.786,7.442,0.007,-0.013,0.007,54.27,35.3560133,-117.8180636,600.48,3,,
5818.22,-24.33720119999998,-0.196,-6.781,7.442,0.006,-0.013,0.007,54.28,35.3560134,-117.8180642,600.279,3,,
5819.209,-23.48418279999987,-0.201,-6.786,7.446,0.007,-0.013,0.006,54.3,35.3560141,-117.8180655,600.142,3,,
5820.192,-24.927752399999918,-0.206,-6.781,7.437,0.009,-0.015,0.007,54.32,35.3560151,-117.8180668,600.038,3,,
5821.175,-23.77945839999984,-0.201,-6.786,7.451,0.009,-0.013,0.007,54.33,35.3560152,-117.8180668,600.041,3,,
5822.262,-23.77945839999984,-0.201,-6.781,7.446,0.007,-0.015,0.007,54.35,35.3560155,-117.8180671,599.914,3,,
5823.246,-23.188907200000358,-0.206,-6.781,7.442,0.007,-0.015,0.007,54.36,35.3560158,-117.818067,599.894,3,,
5824.231,-24.33720119999998,-0.201,-6.781,7.446,0.009,-0.013,0.007,54.38,35.3560162,-117.8180677,599.741,3,,
5825.218,-23.48418279999987,-0.201,-6.791,7.427,0.007,-0.013,0.007,54.39,35.3560165,-117.8180684,599.546,3,,
5826.203,-23.77945839999984,-0.201,-6.776,7.446,0.006,-0.013,0.007,54.41,35.3560166,-117.8180686,599.471,3,,
5827.187,-23.77945839999984,-0.206,-6.776,7.437,0.009,-0.013,0.007,54.42,35.356017,-117.818069,599.36,3,,
5828.279,-23.77945839999984,-0.201,-6.786,7.451,0.009,-0.012,0.007,54.44,35.3560172,-117.8180692,599.282,3,,
5829.266,-23.77945839999984,-0.191,-6.781,7.442,0.009,-0.013,0.007,54.45,35.3560168,-117.818069,599.341,3,,
5830.251,-24.63247679999995,-0.196,-6.781,7.451,0.009,-0.015,0.007,54.47,35.3560165,-117.8180688,599.37,3,,
5831.243,-24.33720119999998,-0.206,-6.786,7.427,0.007,-0.013,0.007,54.49,35.3560162,-117.8180685,599.428,3,,
5832.238,-24.33720119999998,-0.201,-6.781,7.446,0.009,-0.013,0.006,54.5,35.3560158,-117.8180679,599.49,3,,
5833.222,-23.188907200000358,-0.196,-6.781,7.442,0.009,-0.013,0.007,54.52,35.3560151,-117.8180669,599.491,3,,
5834.206,-24.074734000000262,-0.206,-6.786,7.446,0.006,-0.013,0.007,54.53,35.3560143,-117.8180666,599.562,3,,
5835.191,-23.48418279999987,-0.196,-6.781,7.446,0.009,-0.013,0.007,54.55,35.3560139,-117.8180661,599.589,3,,
5836.176,-22.893631599999935,-0.201,-6.786,7.456,0.007,-0.015,0.007,54.56,35.356014,-117.8180655,599.559,3,,
5837.261,-24.074734000000262,-0.201,-6.781,7.442,0.009,-0.012,0.007,54.58,35.3560142,-117.8180651,599.578,3,,
5838.245,-24.927752399999918,-0.191,-6.781,7.446,0.007,-0.013,0.006,54.59,35.3560144,-117.8180649,599.603,3,,
5839.298,-24.63247679999995,-0.196,-6.772,7.451,0.007,-0.013,0.007,54.61,35.3560144,-117.8180649,599.557,3,,
5840.183,-24.33720119999998,-0.196,-6.791,7.446,0.007,-0.015,0.007,54.62,35.3560146,-117.8180647,599.549,3,,
5841.167,-24.927752399999918,-0.196,-6.786,7.446,0.007,-0.015,0.007,54.64,35.3560149,-117.8180647,599.472,3,,
5842.155,-23.188907200000358,-0.201,-6.786,7.442,0.009,-0.012,0.007,54.65,35.356015,-117.8180645,599.359,3,,
5843.243,-24.074734000000262,-0.191,-6.781,7.442,0.009,-0.013,0.007,54.67,35.3560151,-117.8180645,599.269,3,,
5844.226,-24.63247679999995,-0.196,-6.776,7.442,0.007,-0.013,0.007,54.69,35.3560154,-117.8180643,599.247,3,,
5845.21,-22.63116439999976,-0.206,-6.781,7.456,0.007,-0.013,0.007,54.7,35.3560155,-117.8180639,599.096,3,,
5846.196,-22.893631599999935,-0.187,-6.791,7.446,0.009,-0.013,0.006,54.71,35.3560159,-117.8180642,599.003,3,,
5847.18,-23.77945839999984,-0.201,-6.781,7.442,0.007,-0.013,0.006,54.73,35.3560165,-117.8180645,598.873,3,,
5848.265,-22.893631599999935,-0.196,-6.776,7.446,0.01,-0.012,0.007,54.75,35.3560171,-117.8180649,598.775,3,,
5849.248,-24.33720119999998,-0.206,-6.772,7.442,0.006,-0.013,0.006,54.76,35.356017,-117.8180644,598.659,3,,
5850.235,-24.927752399999918,-0.196,-6.781,7.446,0.009,-0.013,0.006,54.78,35.3560171,-117.818064,598.581,3,,
5851.226,-25.22302800000034,-0.196,-6.786,7.451,0.009,-0.013,0.006,54.79,35.356017,-117.8180637,598.543,3,,
5852.209,-23.77945839999984,-0.201,-6.781,7.442,0.007,-0.015,0.007,54.81,35.356017,-117.8180633,598.541,3,,
5853.195,-24.927752399999918,-0.201,-6.786,7.437,0.009,-0.013,0.007,54.82,35.3560167,-117.8180625,598.495,3,,
5854.178,-25.22302800000034,-0.196,-6.786,7.437,0.007,-0.015,0.007,54.84,35.3560168,-117.8180627,598.372,3,,
5855.263,-24.63247679999995,-0.201,-6.796,7.432,0.011,-0.016,0.006,54.86,35.3560169,-117.8180628,598.274,3,,
5856.247,-24.074734000000262,-0.201,-6.781,7.442,0.007,-0.012,0.007,54.87,35.356017,-117.8180631,598.18,3,,
5857.235,-22.893631599999935,-0.201,-6.786,7.437,0.007,-0.012,0.009,54.89,35.3560175,-117.8180634,598.133,3,,
5858.226,-26.108854800000245,-0.201,-6.786,7.442,0.009,-0.013,0.006,54.9,35.3560179,-117.8180636,598.048,3,,
5859.209,-25.22302800000034,-0.187,-6.781,7.437,0.007,-0.013,0.007,54.92,35.3560181,-117.8180636,597.955,3,,
5860.195,-24.33720119999998,-0.191,-6.786,7.446,0.009,-0.015,0.007,54.93,35.3560182,-117.8180635,597.882,3,,
5861.285,-23.77945839999984,-0.211,-6.786,7.446,0.009,-0.013,0.006,54.95,35.3560184,-117.8180636,597.886,3,,
5862.269,-24.33720119999998,-0.206,-6.786,7.446,0.009,-0.015,0.007,54.96,35.3560183,-117.8180636,597.849,3,,
5863.253,-24.074734000000262,-0.196,-6.791,7.437,0.009,-0.013,0.006,54.98,35.356018,-117.8180635,597.85,3,,
5864.239,-23.77945839999984,-0.201,-6.781,7.446,0.005,-0.013,0.007,54.99,35.3560176,-117.8180635,597.839,3,,
5865.223,-23.77945839999984,-0.196,-6.781,7.437,0.009,-0.013,0.007,55.01,35.3560171,-117.8180635,597.768,3,,
5866.208,-24.074734000000262,-0.206,-6.786,7.442,0.007,-0.015,0.006,55.02,35.3560168,-117.8180635,597.744,3,,
5867.194,-22.893631599999935,-0.196,-6.781,7.442,0.007,-0.013,0.006,55.03,35.3560163,-117.8180635,597.665,3,,
5868.182,-24.074734000000262,-0.201,-6.786,7.442,0.01,-0.015,0.007,55.05,35.3560159,-117.8180637,597.653,3,,
5869.267,-24.074734000000262,-0.196,-6.781,7.446,0.01,-0.015,0.006,55.07,35.3560155,-117.8180637,597.62,3,,
5870.256,-23.77945839999984,-0.206,-6.786,7.432,0.005,-0.013,0.007,55.08,35.3560156,-117.8180638,597.629,3,,
5871.242,-24.33720119999998,-0.201,-6.781,7.451,0.009,-0.013,0.007,55.09,35.3560155,-117.8180639,597.61,3,,
5872.226,-24.927752399999918,-0.206,-6.791,7.456,0.009,-0.016,0.007,55.11,35.3560156,-117.8180643,597.598,3,,
5873.21,-23.48418279999987,-0.191,-6.781,7.446,0.009,-0.015,0.006,55.12,35.3560152,-117.8180649,597.529,3,,
5874.198,-24.927752399999918,-0.201,-6.781,7.446,0.006,-0.015,0.007,55.14,35.3560148,-117.8180654,597.482,3,,
5875.183,-24.63247679999995,-0.201,-6.786,7.432,0.01,-0.013,0.007,55.15,35.3560146,-117.8180658,597.419,3,,
5876.268,-22.04061320000028,-0.201,-6.776,7.456,0.007,-0.015,0.007,55.16,35.3560143,-117.8180658,597.348,3,,
5877.256,-23.77945839999984,-0.201,-6.772,7.456,0.006,-0.015,0.006,55.18,35.356014,-117.8180656,597.341,3,,
5878.245,-25.22302800000034,-0.201,-6.786,7.437,0.01,-0.013,0.007,55.19,35.3560138,-117.8180653,597.34,3,,
5879.228,-24.074734000000262,-0.196,-6.791,7.442,0.006,-0.013,0.006,55.2,35.3560139,-117.8180652,597.314,3,,
5880.212,-24.33720119999998,-0.201,-6.786,7.451,0.007,-0.013,0.007,55.21,35.3560139,-117.8180649,597.27,3,,
5881.198,-23.48418279999987,-0.206,-6.786,7.442,0.01,-0.012,0.007,55.23,35.3560138,-117.8180644,597.221,3,,
5882.181,-26.371321999999964,-0.201,-6.776,7.442,0.009,-0.013,0.006,55.25,35.356014,-117.8180641,597.156,3,,
5883.268,-23.188907200000358,-0.211,-6.781,7.432,0.007,-0.015,0.007,55.26,35.356014,-117.8180639,597.142,3,,
5884.253,-24.927752399999918,-0.206,-6.786,7.437,0.007,-0.015,0.007,55.27,35.3560139,-117.8180638,597.09,3,,
5885.24,-23.188907200000358,-0.196,-6.781,7.451,0.007,-0.013,0.009,55.28,35.3560139,-117.8180638,597.035,3,,
5886.223,-23.48418279999987,-0.201,-6.786,7.442,0.009,-0.013,0.006,55.3,35.3560141,-117.8180639,596.988,3,,
5887.21,-24.33720119999998,-0.201,-6.781,7.442,0.007,-0.015,0.006,55.31,35.3560141,-117.8180638,596.958,3,,
5888.201,-24.074734000000262,-0.206,-6.781,7.446,0.007,-0.015,0.006,55.33,35.3560142,-117.8180639,596.919,3,,
5889.185,-22.893631599999935,-0.201,-6.796,7.437,0.009,-0.013,0.007,55.34,35.3560143,-117.8180644,596.796,3,,
5890.271,-23.188907200000358,-0.201,-6.796,7.442,0.007,-0.013,0.007,55.35,35.3560143,-117.8180646,596.729,3,,
5891.254,-24.33720119999998,-0.187,-6.796,7.437,0.01,-0.013,0.007,55.37,35.3560142,-117.8180645,596.734,3,,
5892.24,-22.893631599999935,-0.196,-6.791,7.442,0.006,-0.013,0.007,55.38,35.3560141,-117.8180642,596.742,3,,
5893.225,-22.893631599999935,-0.206,-6.8,7.423,0.01,-0.013,0.007,55.39,35.3560143,-117.8180642,596.676,3,,
5894.222,-24.33720119999998,-0.196,-6.796,7.446,0.007,-0.015,0.007,55.41,35.3560143,-117.8180642,596.661,3,,
5895.209,-23.48418279999987,-0.196,-6.776,7.451,0.007,-0.013,0.006,55.42,35.3560144,-117.8180639,596.694,3,,
5896.192,-24.927752399999918,-0.196,-6.781,7.451,0.009,-0.013,0.007,55.43,35.3560145,-117.8180636,596.765,3,,
5897.277,-24.927752399999918,-0.196,-6.786,7.446,0.009,-0.015,0.007,55.45,35.3560143,-117.8180633,596.818,3,,
5898.261,-23.77945839999984,-0.201,-6.781,7.442,0.006,-0.013,0.006,55.46,35.3560139,-117.8180625,596.866,3,,
5899.248,-24.33720119999998,-0.201,-6.786,7.451,0.01,-0.015,0.006,55.47,35.3560138,-117.8180621,596.985,3,,
5900.231,-24.63247679999995,-0.196,-6.776,7.437,0.009,-0.013,0.007,55.49,35.3560137,-117.8180617,597.034,3,,
5901.22,-25.22302800000034,-0.211,-6.791,7.446,0.007,-0.015,0.007,55.5,35.3560138,-117.8180616,597.077,3,,
5902.218,-24.074734000000262,-0.201,-6.786,7.456,0.009,-0.013,0.009,55.51,35.3560138,-117.8180615,597.077,3,,
5903.201,-25.22302800000034,-0.196,-6.796,7.437,0.009,-0.015,0.009,55.53,35.3560137,-117.8180613,597.076,3,,
5904.185,-24.074734000000262,-0.211,-6.791,7.446,0.01,-0.015,0.009,55.54,35.3560134,-117.8180612,597.042,3,,
5905.269,-23.188907200000358,-0.196,-6.786,7.446,0.006,-0.015,0.007,55.55,35.3560135,-117.8180611,597.051,3,,
5906.265,-23.48418279999987,-0.201,-6.786,7.446,0.01,-0.013,0.009,55.57,35.3560136,-117.818061,597.064,3,,
5907.249,-24.33720119999998,-0.196,-6.786,7.437,0.006,-0.015,0.006,55.58,35.3560135,-117.8180607,597.005,3,,
5908.244,-23.48418279999987,-0.191,-6.791,7.446,0.01,-0.013,0.007,55.59,35.3560133,-117.8180605,596.983,3,,
5909.23,-23.188907200000358,-0.201,-6.791,7.446,0.007,-0.015,0.006,55.61,35.3560134,-117.8180606,597.07,3,,
5910.223,-24.33720119999998,-0.196,-6.791,7.442,0.009,-0.015,0.007,55.62,35.3560134,-117.8180608,597.291,3,,
5911.208,-24.927752399999918,-0.201,-6.786,7.437,0.009,-0.013,0.007,55.64,35.3560136,-117.8180609,597.399,3,,
5912.193,-23.48418279999987,-0.196,-6.791,7.446,0.009,-0.013,0.006,55.65,35.3560135,-117.8180609,597.43,3,,
5913.178,-23.48418279999987,-0.196,-6.781,7.437,0.009,-0.013,0.007,55.66,35.3560136,-117.818061,597.483,3,,
5914.162,-23.188907200000358,-0.201,-6.786,7.442,0.01,-0.015,0.007,55.68,35.3560133,-117.8180611,597.585,3,,
5915.258,-22.893631599999935,-0.191,-6.781,7.442,0.009,-0.015,0.007,55.69,35.3560129,-117.8180609,597.621,3,,
5916.246,-23.77945839999984,-0.201,-6.791,7.437,0.009,-0.015,0.007,55.7,35.3560127,-117.8180608,597.712,3,,
5917.231,-22.63116439999976,-0.196,-6.786,7.442,0.007,-0.013,0.006,55.72,35.3560125,-117.8180609,597.764,3,,
5918.214,-23.48418279999987,-0.201,-6.796,7.446,0.007,-0.013,0.009,55.73,35.3560124,-117.8180608,597.757,3,,
5919.198,-23.188907200000358,-0.206,-6.776,7.442,0.007,-0.013,0.007,55.74,35.3560124,-117.8180608,597.803,3,,
5920.184,-23.188907200000358,-0.201,-6.786,7.446,0.009,-0.015,0.007,55.76,35.356012,-117.8180603,597.82,3,,
5921.269,-23.188907200000358,-0.196,-6.786,7.446,0.007,-0.013,0.006,55.77,35.3560115,-117.8180599,597.845,3,,
5922.253,-22.63116439999976,-0.191,-6.791,7.451,0.006,-0.013,0.007,55.78,35.3560113,-117.8180599,597.834,3,,
5923.241,-23.48418279999987,-0.196,-6.781,7.446,0.007,-0.013,0.006,55.8,35.356011,-117.81806,597.822,3,,
5924.227,-22.04061320000028,-0.182,-6.791,7.437,0.006,-0.012,0.007,55.81,35.3560109,-117.8180601,597.805,3,,
5925.216,-24.33720119999998,-0.196,-6.786,7.427,0.007,-0.013,0.006,55.82,35.356011,-117.8180603,597.754,3,,
5926.2,-23.188907200000358,-0.201,-6.791,7.432,0.009,-0.013,0.007,55.84,35.3560109,-117.8180603,597.687,3,,
5927.188,-23.48418279999987,-0.196,-6.781,7.446,0.01,-0.013,0.007,55.85,35.356011,-117.8180604,597.676,3,,
5928.173,-22.04061320000028,-0.191,-6.791,7.446,0.007,-0.012,0.006,55.86,35.3560109,-117.8180605,597.659,3,,
5929.258,-21.45006199999989,-0.196,-6.781,7.437,0.007,-0.015,0.009,55.88,35.3560108,-117.8180605,597.68,3,,
5930.245,-22.04061320000028,-0.196,-6.791,7.446,0.006,-0.015,0.007,55.89,35.3560109,-117.8180609,597.658,3,,
5931.231,-22.63116439999976,-0.196,-6.796,7.437,0.006,-0.013,0.007,55.9,35.356011,-117.8180612,597.674,3,,
5932.219,-23.188907200000358,-0.196,-6.796,7.442,0.006,-0.013,0.007,55.92,35.3560108,-117.8180611,597.718,3,,
5933.204,-21.15478639999992,-0.196,-6.781,7.446,0.009,-0.015,0.007,55.93,35.3560111,-117.8180615,597.678,3,,
5934.19,-22.893631599999935,-0.206,-6.791,7.451,0.009,-0.013,0.007,55.94,35.3560108,-117.8180609,597.751,3,,
5935.174,-23.48418279999987,-0.191,-6.791,7.446,0.007,-0.016,0.007,55.95,35.3560108,-117.8180605,597.808,3,,
5936.26,-22.04061320000028,-0.191,-6.786,7.437,0.009,-0.013,0.007,55.97,35.3560105,-117.8180602,597.889,3,,
5937.245,-21.45006199999989,-0.201,-6.786,7.446,0.007,-0.015,0.007,55.98,35.3560104,-117.8180602,597.909,3,,
5938.229,-22.893631599999935,-0.201,-6.786,7.442,0.007,-0.013,0.006,55.99,35.3560102,-117.8180604,597.974,3,,
5939.212,-22.335888800000248,-0.191,-6.796,7.442,0.007,-0.013,0.006,56.01,35.3560102,-117.8180609,598.093,3,,
5940.197,-21.745337599999857,-0.196,-6.791,7.446,0.009,-0.015,0.007,56.02,35.3560108,-117.8180615,598.157,3,,
5941.183,-22.63116439999976,-0.187,-6.786,7.442,0.007,-0.015,0.006,56.03,35.3560112,-117.8180619,598.174,3,,
5942.166,-22.04061320000028,-0.196,-6.791,7.432,0.009,-0.015,0.007,56.04,35.3560117,-117.8180623,598.226,3,,
5943.252,-24.63247679999995,-0.196,-6.786,7.442,0.007,-0.015,0.009,56.06,35.3560122,-117.8180626,598.297,3,,
5944.238,-24.074734000000262,-0.196,-6.791,7.437,0.007,-0.015,0.006,56.07,35.3560125,-117.8180629,598.327,3,,
5945.222,-22.63116439999976,-0.201,-6.786,7.442,0.007,-0.013,0.007,56.08,35.3560128,-117.8180628,598.442,3,,
5946.208,-21.15478639999992,-0.196,-6.786,7.437,0.009,-0.012,0.006,56.1,35.3560131,-117.8180627,598.499,3,,
5947.193,-22.335888800000248,-0.196,-6.781,7.437,0.007,-0.013,0.007,56.11,35.3560135,-117.8180628,598.518,3,,
5948.178,-24.074734000000262,-0.191,-6.786,7.446,0.009,-0.013,0.007,56.13,35.3560136,-117.8180628,598.545,3,,
5949.267,-22.893631599999935,-0.191,-6.781,7.437,0.009,-0.013,0.007,56.14,35.3560134,-117.8180628,598.629,3,,
5950.253,-22.335888800000248,-0.196,-6.786,7.446,0.007,-0.013,0.007,56.15,35.3560129,-117.8180625,598.654,3,,
5951.241,-23.188907200000358,-0.196,-6.786,7.437,0.007,-0.013,0.007,56.17,35.3560122,-117.8180624,598.75,3,,
5952.23,-23.188907200000358,-0.206,-6.791,7.432,0.007,-0.015,0.007,56.18,35.3560114,-117.8180625,598.835,3,,
5953.219,-22.335888800000248,-0.182,-6.786,7.446,0.009,-0.013,0.006,56.2,35.3560112,-117.8180629,598.932,3,,
5954.204,-21.45006199999989,-0.196,-6.786,7.446,0.009,-0.015,0.007,56.21,35.3560109,-117.8180631,598.97,3,,
5955.193,-23.48418279999987,-0.196,-6.8,7.432,0.007,-0.015,0.007,56.22,35.3560106,-117.8180632,599.063,3,,
5956.178,-22.335888800000248,-0.191,-6.791,7.451,0.007,-0.013,0.009,56.24,35.3560104,-117.8180632,599.146,3,,
5957.262,-22.335888800000248,-0.196,-6.781,7.437,0.01,-0.013,0.007,56.25,35.3560099,-117.8180631,599.248,3,,
5958.257,-22.893631599999935,-0.191,-6.796,7.446,0.006,-0.013,0.006,56.27,35.3560097,-117.818063,599.284,3,,
5959.24,-22.335888800000248,-0.201,-6.791,7.442,0.009,-0.015,0.009,56.28,35.3560096,-117.8180629,599.338,3,,
5960.223,-21.745337599999857,-0.191,-6.796,7.432,0.007,-0.013,0.007,56.29,35.3560095,-117.8180629,599.378,3,,
5961.207,-22.893631599999935,-0.191,-6.781,7.432,0.005,-0.013,0.009,56.31,35.3560096,-117.818063,599.375,3,,
5962.192,-23.188907200000358,-0.201,-6.796,7.451,0.009,-0.015,0.007,56.32,35.3560097,-117.8180631,599.398,3,,
5963.175,-23.48418279999987,-0.201,-6.781,7.451,0.007,-0.013,0.007,56.33,35.3560101,-117.8180639,599.3,3,,
5964.159,-23.48418279999987,-0.196,-6.796,7.451,0.01,-0.015,0.007,56.34,35.3560104,-117.8180649,599.216,3,,
5965.247,-23.48418279999987,-0.211,-6.791,7.446,0.007,-0.015,0.007,56.36,35.3560109,-117.8180651,599.2,3,,
5966.234,-22.63116439999976,-0.182,-6.786,7.451,0.006,-0.013,0.007,56.37,35.3560109,-117.8180654,599.206,3,,
5967.216,-22.335888800000248,-0.201,-6.791,7.442,0.006,-0.013,0.009,56.39,35.3560109,-117.8180656,599.198,3,,
5968.2,-23.188907200000358,-0.201,-6.791,7.446,0.01,-0.015,0.007,56.4,35.3560113,-117.8180662,599.123,3,,
5969.287,-21.745337599999857,-0.201,-6.781,7.442,0.009,-0.013,0.007,56.41,35.3560114,-117.8180661,599.111,3,,
5970.27,-22.893631599999935,-0.211,-6.781,7.437,0.006,-0.013,0.007,56.42,35.3560112,-117.8180659,599.114,3,,
5971.256,-21.15478639999992,-0.201,-6.786,7.446,0.007,-0.013,0.007,56.42,35.3560111,-117.818066,599.123,3,,
5972.245,-22.335888800000248,-0.191,-6.8,7.427,0.01,-0.013,0.007,56.43,35.3560112,-117.8180663,599.172,3,,
5973.228,-23.48418279999987,-0.196,-6.796,7.451,0.007,-0.013,0.007,56.45,35.3560114,-117.8180662,599.269,3,,
5974.211,-22.63116439999976,-0.191,-6.796,7.442,0.006,-0.013,0.007,56.47,35.3560114,-117.8180662,599.344,3,,
5975.197,-23.48418279999987,-0.206,-6.786,7.446,0.009,-0.013,0.007,56.48,35.3560113,-117.8180664,599.427,3,,
5976.184,-23.188907200000358,-0.191,-6.781,7.456,0.006,-0.015,0.007,56.49,35.3560117,-117.8180669,599.423,3,,
5977.272,-21.45006199999989,-0.196,-6.776,7.451,0.009,-0.015,0.007,56.51,35.3560118,-117.8180675,599.374,3,,
5978.256,-22.335888800000248,-0.206,-6.786,7.461,0.011,-0.013,0.007,56.52,35.3560119,-117.8180676,599.328,3,,
5979.244,-23.188907200000358,-0.201,-6.791,7.451,0.007,-0.013,0.006,56.53,35.3560119,-117.8180675,599.345,3,,
5980.232,-21.15478639999992,-0.187,-6.791,7.451,0.01,-0.013,0.007,56.54,35.3560119,-117.8180677,599.319,3,,
5981.216,-23.77945839999984,-0.191,-6.786,7.442,0.007,-0.012,0.007,56.56,35.3560119,-117.818068,599.266,3,,
5982.2,-23.48418279999987,-0.191,-6.776,7.461,0.007,-0.013,0.007,56.57,35.3560117,-117.8180683,599.248,3,,
5983.187,-23.77945839999984,-0.196,-6.796,7.432,0.007,-0.013,0.007,56.58,35.3560119,-117.8180687,599.196,3,,
5984.173,-21.45006199999989,-0.191,-6.796,7.442,0.007,-0.013,0.007,56.6,35.3560119,-117.8180688,599.173,3,,
5985.258,-24.927752399999918,-0.201,-6.791,7.442,0.009,-0.013,0.007,56.61,35.3560119,-117.8180689,599.139,3,,
5986.245,-23.77945839999984,-0.201,-6.791,7.437,0.011,-0.013,0.007,56.62,35.3560117,-117.818069,599.117,3,,
5987.232,-23.48418279999987,-0.191,-6.776,7.456,0.009,-0.012,0.007,56.63,35.3560116,-117.818069,599.121,3,,
5988.216,-22.63116439999976,-0.191,-6.786,7.446,0.007,-0.013,0.009,56.64,35.3560115,-117.8180691,599.165,3,,
5989.201,-22.893631599999935,-0.196,-6.796,7.432,0.009,-0.013,0.007,56.65,35.3560116,-117.8180692,599.156,3,,
5990.187,-23.77945839999984,-0.196,-6.791,7.437,0.009,-0.013,0.007,56.66,35.3560115,-117.8180694,599.159,3,,
5991.172,-24.33720119999998,-0.196,-6.786,7.451,0.007,-0.013,0.009,56.67,35.3560116,-117.8180697,599.155,3,,
5992.263,-23.77945839999984,-0.196,-6.791,7.451,0.01,-0.013,0.006,56.69,35.3560114,-117.8180697,599.178,3,,
5993.25,-22.63116439999976,-0.201,-6.786,7.446,0.007,-0.012,0.009,56.7,35.3560111,-117.8180695,599.214,3,,
5994.235,-23.188907200000358,-0.187,-6.781,7.451,0.007,-0.013,0.007,56.71,35.3560106,-117.8180691,599.255,3,,
5995.227,-23.48418279999987,-0.191,-6.796,7.446,0.007,-0.013,0.007,56.72,35.3560102,-117.8180687,599.28,3,,
5996.213,-24.074734000000262,-0.201,-6.786,7.446,0.011,-0.013,0.007,56.73,35.3560099,-117.8180685,599.349,3,,
5997.2,-22.893631599999935,-0.191,-6.786,7.451,0.006,-0.015,0.007,56.74,35.3560095,-117.8180684,599.376,3,,
5998.183,-22.335888800000248,-0.196,-6.791,7.461,0.009,-0.015,0.007,56.76,35.3560092,-117.8180687,599.376,3,,
5999.284,-23.77945839999984,-0.187,-6.786,7.451,0.01,-0.013,0.007,56.77,35.356009,-117.8180689,599.395,3,,
6000.188,-22.893631599999935,-0.196,-6.8,7.442,0.009,-0.015,0.007,56.78,35.3560091,-117.8180691,599.417,3,,
6001.272,-23.188907200000358,-0.196,-6.791,7.442,0.009,-0.015,0.007,56.79,35.356009,-117.8180696,599.395,3,,
6002.257,-22.335888800000248,-0.191,-6.805,7.446,0.007,-0.013,0.007,56.8,35.3560088,-117.8180696,599.355,3,,
6003.243,-23.48418279999987,-0.191,-6.786,7.446,0.007,-0.013,0.007,56.81,35.3560088,-117.8180699,599.325,3,,
6004.23,-24.074734000000262,-0.191,-6.786,7.451,0.007,-0.013,0.009,56.82,35.3560087,-117.8180697,599.213,3,,
6005.215,-22.335888800000248,-0.191,-6.796,7.446,0.006,-0.013,0.007,56.84,35.3560087,-117.8180695,599.164,3,,
6006.199,-22.04061320000028,-0.196,-6.786,7.442,0.009,-0.013,0.009,56.85,35.3560088,-117.8180691,599.065,3,,
6007.193,-22.63116439999976,-0.187,-6.791,7.451,0.009,-0.013,0.006,56.86,35.3560086,-117.8180687,599.005,3,,
6008.182,-22.893631599999935,-0.187,-6.8,7.446,0.007,-0.015,0.006,56.87,35.3560086,-117.8180685,598.96,3,,
6009.267,-22.893631599999935,-0.191,-6.786,7.442,0.007,-0.015,0.007,56.88,35.3560083,-117.8180681,598.901,3,,
6010.254,-22.335888800000248,-0.201,-6.791,7.446,0.009,-0.013,0.007,56.9,35.356008,-117.8180684,598.836,3,,
6011.251,-22.04061320000028,-0.196,-6.791,7.446,0.007,-0.015,0.006,56.91,35.3560082,-117.8180689,598.79,3,,
6012.235,-22.63116439999976,-0.191,-6.786,7.456,0.009,-0.015,0.009,56.92,35.3560084,-117.8180694,598.73,3,,
6013.218,-20.859510799999953,-0.191,-6.791,7.437,0.009,-0.013,0.007,56.93,35.3560087,-117.8180693,598.68,3,,
6014.213,-22.63116439999976,-0.201,-6.791,7.442,0.007,-0.013,0.007,56.94,35.3560091,-117.8180693,598.596,3,,
6015.199,-22.04061320000028,-0.191,-6.791,7.437,0.007,-0.013,0.007,56.95,35.3560094,-117.818069,598.506,3,,
6016.182,-21.45006199999989,-0.187,-6.786,7.451,0.007,-0.013,0.007,56.97,35.3560097,-117.8180689,598.446,3,,
6017.268,-20.859510799999953,-0.196,-6.796,7.442,0.007,-0.015,0.007,56.98,35.3560099,-117.8180689,598.37,3,,
6018.257,-22.04061320000028,-0.196,-6.791,7.446,0.009,-0.013,0.007,56.99,35.35601,-117.8180688,598.407,3,,
6019.24,-21.45006199999989,-0.187,-6.8,7.437,0.009,-0.013,0.007,57.0,35.35601,-117.8180687,598.383,3,,
6020.224,-22.893631599999935,-0.187,-6.796,7.437,0.01,-0.013,0.007,57.01,35.35601,-117.8180689,598.325,3,,
6021.231,-20.859510799999953,-0.196,-6.786,7.446,0.007,-0.015,0.007,57.02,35.3560101,-117.8180689,598.277,3,,
6022.219,-20.859510799999953,-0.196,-6.8,7.442,0.009,-0.013,0.009,57.04,35.35601,-117.8180687,598.307,3,,
6023.202,-20.59704359999978,-0.196,-6.791,7.437,0.007,-0.015,0.007,57.05,35.3560101,-117.8180687,598.339,3,,
6024.185,-20.859510799999953,-0.191,-6.796,7.446,0.007,-0.015,0.007,57.06,35.3560099,-117.8180687,598.336,3,,
6025.272,-20.859510799999953,-0.187,-6.786,7.446,0.009,-0.015,0.007,57.07,35.3560099,-117.8180691,598.316,3,,
6026.258,-21.45006199999989,-0.196,-6.796,7.456,0.007,-0.013,0.007,57.08,35.3560098,-117.8180692,598.239,3,,
6027.243,-21.45006199999989,-0.191,-6.796,7.456,0.009,-0.013,0.007,57.1,35.3560098,-117.8180693,598.21,3,,
6028.251,-22.335888800000248,-0.187,-6.786,7.437,0.009,-0.015,0.007,57.1,35.3560097,-117.8180692,598.237,3,,
6029.241,-21.745337599999857,-0.187,-6.791,7.446,0.007,-0.013,0.009,57.12,35.3560097,-117.8180693,598.198,3,,
6030.223,-21.15478639999992,-0.191,-6.786,7.442,0.007,-0.013,0.007,57.13,35.3560094,-117.818069,598.153,3,,
6031.208,-21.15478639999992,-0.182,-6.796,7.442,0.009,-0.016,0.007,57.14,35.3560091,-117.8180687,598.112,3,,
6032.196,-22.63116439999976,-0.191,-6.796,7.446,0.007,-0.015,0.009,57.15,35.356009,-117.8180682,598.074,3,,
6033.182,-20.859510799999953,-0.196,-6.8,7.446,0.007,-0.015,0.007,57.17,35.356009,-117.8180678,597.983,3,,
6034.27,-21.45006199999989,-0.187,-6.791,7.442,0.007,-0.015,0.007,57.18,35.356009,-117.8180678,597.908,3,,
6035.274,-22.335888800000248,-0.182,-6.791,7.451,0.007,-0.013,0.009,57.19,35.3560087,-117.8180677,597.936,3,,
6036.264,-21.45006199999989,-0.191,-6.791,7.446,0.007,-0.015,0.007,57.2,35.3560089,-117.818068,597.881,3,,
6037.25,-22.04061320000028,-0.196,-6.796,7.442,0.009,-0.013,0.007,57.21,35.3560088,-117.8180682,597.875,3,,
6038.235,-22.335888800000248,-0.187,-6.786,7.446,0.009,-0.012,0.007,57.22,35.3560086,-117.8180682,597.881,3,,
6039.223,-21.45006199999989,-0.191,-6.8,7.442,0.007,-0.013,0.007,57.24,35.3560085,-117.8180682,597.93,3,,
6040.207,-22.63116439999976,-0.187,-6.8,7.437,0.007,-0.015,0.009,57.25,35.3560085,-117.8180682,597.958,3,,
6041.193,-21.45006199999989,-0.206,-6.8,7.446,0.007,-0.015,0.007,57.26,35.3560086,-117.8180685,597.939,3,,
6042.177,-19.415941199999907,-0.191,-6.786,7.442,0.011,-0.013,0.009,57.27,35.3560087,-117.8180686,597.967,3,,
6043.266,-20.006492399999843,-0.191,-6.791,7.408,0.009,-0.013,0.009,57.26,35.3560088,-117.8180689,597.994,3,,
6044.253,-20.59704359999978,-0.191,-6.791,7.437,0.009,-0.012,0.007,57.26,35.3560088,-117.8180686,598.088,3,,
6045.238,-20.859510799999953,-0.187,-6.786,7.437,0.012,-0.016,0.007,57.28,35.3560085,-117.8180682,598.227,3,,
6046.226,-22.04061320000028,-0.191,-6.8,7.437,0.007,-0.015,0.007,57.29,35.3560082,-117.8180678,598.33,3,,
6047.212,-21.745337599999857,-0.177,-6.791,7.456,0.007,-0.013,0.007,57.31,35.3560079,-117.8180674,598.435,3,,
6048.197,-22.63116439999976,-0.187,-6.796,7.446,0.009,-0.013,0.007,57.32,35.3560075,-117.818067,598.532,3,,
6049.183,-24.074734000000262,-0.196,-6.791,7.437,0.006,-0.013,0.009,57.34,35.3560073,-117.8180668,598.604,3,,
6050.175,-24.074734000000262,-0.187,-6.791,7.442,0.009,-0.013,0.007,57.35,35.3560072,-117.8180667,598.662,3,,
6051.26,-21.45006199999989,-0.182,-6.791,7.466,0.009,-0.013,0.009,57.36,35.3560071,-117.8180664,598.729,3,,
6052.255,-22.335888800000248,-0.191,-6.796,7.446,0.009,-0.013,0.007,57.37,35.356007,-117.818066,598.785,3,,
6053.246,-21.45006199999989,-0.191,-6.796,7.451,0.006,-0.015,0.007,57.39,35.3560068,-117.8180656,598.875,3,,
6054.229,-21.745337599999857,-0.196,-6.796,7.437,0.009,-0.016,0.007,57.4,35.3560068,-117.8180652,598.924,3,,
6055.214,-22.63116439999976,-0.191,-6.796,7.446,0.009,-0.015,0.007,57.41,35.3560066,-117.8180646,598.962,3,,
6056.199,-22.63116439999976,-0.177,-6.786,7.442,0.006,-0.013,0.007,57.42,35.3560069,-117.8180641,598.963,3,,
6057.186,-22.335888800000248,-0.187,-6.786,7.456,0.006,-0.013,0.007,57.44,35.3560069,-117.8180637,598.984,3,,
6058.271,-21.745337599999857,-0.182,-6.8,7.442,0.011,-0.015,0.006,57.45,35.3560069,-117.8180634,599.044,3,,
6059.261,-22.63116439999976,-0.182,-6.791,7.437,0.007,-0.013,0.007,57.46,35.3560075,-117.8180644,599.005,3,,
6060.257,-21.745337599999857,-0.177,-6.791,7.446,0.005,-0.016,0.009,57.47,35.356008,-117.8180651,598.969,3,,
6061.245,-23.48418279999987,-0.187,-6.786,7.466,0.006,-0.015,0.007,57.48,35.3560083,-117.8180657,598.966,3,,
6062.24,-21.15478639999992,-0.182,-6.796,7.451,0.01,-0.013,0.007,57.5,35.3560086,-117.8180659,598.965,3,,
6063.228,-21.745337599999857,-0.191,-6.805,7.432,0.015,-0.013,0.009,57.51,35.3560089,-117.818066,599.026,3,,
6064.297,-22.335888800000248,-0.196,-6.791,7.446,0.007,-0.013,0.007,57.52,35.356009,-117.818066,599.105,3,,
6065.187,-22.04061320000028,-0.182,-6.8,7.442,0.011,-0.015,0.007,57.53,35.3560093,-117.8180662,599.103,3,,
6066.173,-22.893631599999935,-0.191,-6.8,7.427,0.007,-0.015,0.007,57.54,35.3560097,-117.8180665,599.086,3,,
6067.265,-22.335888800000248,-0.187,-6.805,7.446,0.007,-0.015,0.007,57.56,35.35601,-117.8180667,599.106,3,,
6068.265,-22.893631599999935,-0.177,-6.781,7.456,0.013,-0.015,0.009,57.57,35.3560102,-117.8180668,599.12,3,,
6069.25,-23.188907200000358,-0.191,-6.791,7.446,0.009,-0.015,0.009,57.58,35.3560103,-117.8180667,599.15,3,,
6070.235,-23.48418279999987,-0.191,-6.8,7.437,0.009,-0.015,0.007,57.59,35.35601,-117.8180665,599.198,3,,
6071.223,-21.45006199999989,-0.196,-6.81,7.451,0.009,-0.015,0.007,57.61,35.3560099,-117.8180668,599.22,3,,
6072.207,-22.893631599999935,-0.196,-6.8,7.451,0.007,-0.012,0.009,57.62,35.3560104,-117.8180674,599.237,3,,
6073.193,-23.77945839999984,-0.187,-6.796,7.442,0.007,-0.015,0.007,57.63,35.3560107,-117.8180676,599.268,3,,
6074.183,-22.335888800000248,-0.196,-6.805,7.446,0.011,-0.013,0.009,57.64,35.3560111,-117.8180678,599.354,3,,
6075.27,-22.04061320000028,-0.191,-6.796,7.451,0.007,-0.015,0.007,57.65,35.3560108,-117.8180677,599.387,3,,
6076.253,-22.63116439999976,-0.187,-6.8,7.446,0.009,-0.015,0.007,57.66,35.3560107,-117.8180679,599.361,3,,
6077.244,-22.63116439999976,-0.187,-6.791,7.451,0.01,-0.013,0.007,57.68,35.3560105,-117.8180679,599.417,3,,
6078.233,-21.745337599999857,-0.191,-6.786,7.451,0.011,-0.015,0.007,57.69,35.3560108,-117.8180682,599.415,3,,
6079.22,-22.63116439999976,-0.196,-6.805,7.442,0.009,-0.015,0.009,57.7,35.356011,-117.8180681,599.499,3,,
6080.204,-22.893631599999935,-0.187,-6.805,7.446,0.007,-0.013,0.007,57.71,35.3560111,-117.8180677,599.54,3,,
6081.196,-22.893631599999935,-0.182,-6.805,7.437,0.007,-0.013,0.009,57.72,35.3560111,-117.8180674,599.51,3,,
6082.18,-22.893631599999935,-0.182,-6.791,7.442,0.007,-0.013,0.009,57.73,35.3560108,-117.8180671,599.459,3,,
6083.267,-22.893631599999935,-0.187,-6.786,7.451,0.009,-0.015,0.009,57.74,35.3560111,-117.8180675,599.367,3,,
6084.252,-22.893631599999935,-0.196,-6.805,7.451,0.01,-0.015,0.009,57.75,35.3560109,-117.8180676,599.361,3,,
6085.238,-23.188907200000358,-0.196,-6.786,7.451,0.009,-0.013,0.007,57.76,35.3560107,-117.8180679,599.359,3,,
6086.224,-22.63116439999976,-0.182,-6.796,7.442,0.009,-0.015,0.007,57.78,35.3560104,-117.818068,599.351,3,,
6087.214,-23.188907200000358,-0.187,-6.796,7.442,0.009,-0.015,0.009,57.79,35.3560103,-117.8180682,599.335,3,,
6088.204,-22.335888800000248,-0.182,-6.8,7.446,0.01,-0.013,0.007,57.8,35.3560099,-117.8180679,599.321,3,,
6089.19,-22.63116439999976,-0.187,-6.796,7.446,0.007,-0.013,0.007,57.81,35.3560096,-117.8180675,599.274,3,,
6090.179,-22.04061320000028,-0.177,-6.796,7.456,0.006,-0.015,0.007,57.82,35.3560098,-117.8180673,599.156,3,,
6091.267,-22.335888800000248,-0.182,-6.796,7.442,0.009,-0.015,0.007,57.83,35.3560098,-117.8180671,599.031,3,,
6092.255,-24.074734000000262,-0.187,-6.796,7.432,0.009,-0.013,0.007,57.84,35.35601,-117.8180669,598.9,3,,
6093.241,-22.63116439999976,-0.187,-6.8,7.456,0.009,-0.013,0.009,57.85,35.3560103,-117.8180671,598.794,3,,
6094.226,-22.63116439999976,-0.187,-6.805,7.456,0.007,-0.013,0.009,57.87,35.3560107,-117.8180675,598.643,3,,
6095.215,-22.335888800000248,-0.187,-6.786,7.437,0.007,-0.013,0.009,57.88,35.3560111,-117.818068,598.51,3,,
6096.2,-22.63116439999976,-0.187,-6.791,7.451,0.007,-0.013,0.009,57.89,35.3560111,-117.8180681,598.449,3,,
6097.288,-22.893631599999935,-0.182,-6.791,7.446,0.009,-0.013,0.009,57.9,35.3560112,-117.8180683,598.424,3,,
6098.274,-21.15478639999992,-0.191,-6.796,7.446,0.009,-0.015,0.006,57.91,35.3560117,-117.8180686,598.443,3,,
6099.267,-21.45006199999989,-0.187,-6.805,7.446,0.009,-0.015,0.007,57.92,35.3560121,-117.8180689,598.435,3,,
6100.253,-21.745337599999857,-0.182,-6.796,7.451,0.009,-0.013,0.007,57.93,35.3560124,-117.8180695,598.423,3,,
6101.239,-22.893631599999935,-0.182,-6.781,7.442,0.009,-0.015,0.007,57.94,35.3560126,-117.8180698,598.429,3,,
6102.226,-21.45006199999989,-0.187,-6.796,7.442,0.006,-0.015,0.007,57.94,35.3560126,-117.8180698,598.35,3,,
6103.217,-21.745337599999857,-0.177,-6.8,7.446,0.009,-0.015,0.009,57.95,35.3560126,-117.8180698,598.3,3,,
6104.203,-22.63116439999976,-0.196,-6.791,7.446,0.009,-0.013,0.007,57.96,35.3560128,-117.8180699,598.238,3,,
6105.2,-22.893631599999935,-0.182,-6.805,7.442,0.007,-0.013,0.007,57.98,35.3560129,-117.8180702,598.212,3,,
6106.187,-22.335888800000248,-0.201,-6.81,7.442,0.007,-0.015,0.009,57.99,35.3560132,-117.8180706,598.233,3,,
6107.278,-22.63116439999976,-0.187,-6.791,7.451,0.007,-0.013,0.007,57.99,35.3560134,-117.8180709,598.331,3,,
6108.263,-22.335888800000248,-0.182,-6.805,7.446,0.009,-0.012,0.007,58.0,35.3560138,-117.8180714,598.388,3,,
6109.248,-20.59704359999978,-0.187,-6.8,7.446,0.007,-0.013,0.009,58.01,35.3560139,-117.8180717,598.444,3,,
6110.241,-21.45006199999989,-0.201,-6.796,7.446,0.009,-0.015,0.007,58.02,35.3560136,-117.8180716,598.512,3,,
6111.226,-20.859510799999953,-0.182,-6.8,7.442,0.007,-0.016,0.009,58.03,35.3560135,-117.8180715,598.626,3,,
6112.212,-20.859510799999953,-0.187,-6.796,7.451,0.007,-0.013,0.006,58.05,35.3560134,-117.8180715,598.654,3,,
6113.198,-22.335888800000248,-0.182,-6.8,7.437,0.006,-0.015,0.007,58.06,35.3560136,-117.8180714,598.688,3,,
6114.182,-20.006492399999843,-0.177,-6.786,7.456,0.009,-0.013,0.007,58.07,35.3560138,-117.8180713,598.72,3,,
6115.271,-21.15478639999992,-0.182,-6.8,7.446,0.009,-0.015,0.007,58.08,35.356014,-117.8180713,598.727,3,,
6116.261,-21.45006199999989,-0.187,-6.805,7.423,0.007,-0.012,0.009,58.09,35.3560141,-117.8180712,598.76,3,,
6117.248,-21.15478639999992,-0.182,-6.805,7.432,0.009,-0.013,0.007,58.09,35.3560139,-117.8180708,598.785,3,,
6118.233,-21.745337599999857,-0.182,-6.8,7.451,0.009,-0.013,0.007,58.11,35.3560138,-117.8180709,598.828,3,,
6119.221,-21.45006199999989,-0.191,-6.8,7.451,0.01,-0.015,0.009,58.12,35.3560137,-117.8180708,598.807,3,,
6120.208,-21.15478639999992,-0.187,-6.805,7.437,0.007,-0.015,0.007,58.12,35.3560136,-117.8180707,598.756,3,,
6121.198,-21.15478639999992,-0.177,-6.805,7.437,0.01,-0.013,0.009,58.13,35.3560134,-117.8180704,598.653,3,,
6122.284,-20.859510799999953,-0.182,-6.8,7.451,0.007,-0.015,0.007,58.14,35.3560132,-117.8180704,598.579,3,,
6123.277,-22.04061320000028,-0.182,-6.8,7.442,0.009,-0.015,0.007,58.16,35.3560129,-117.8180704,598.494,3,,
6124.265,-21.45006199999989,-0.182,-6.8,7.461,0.009,-0.013,0.009,58.16,35.3560128,-117.8180706,598.468,3,,
6125.25,-22.63116439999976,-0.177,-6.796,7.442,0.009,-0.015,0.007,58.17,35.3560126,-117.8180708,598.507,3,,
6126.238,-22.335888800000248,-0.187,-6.796,7.451,0.009,-0.013,0.007,58.18,35.3560124,-117.8180709,598.562,3,,
6127.225,-22.335888800000248,-0.172,-6.805,7.437,0.007,-0.015,0.007,58.19,35.3560122,-117.8180709,598.595,3,,
6128.21,-22.04061320000028,-0.177,-6.791,7.451,0.007,-0.015,0.009,58.2,35.3560122,-117.8180715,598.584,3,,
6129.198,-21.745337599999857,-0.187,-6.8,7.446,0.007,-0.016,0.007,58.2,35.3560118,-117.8180719,598.669,3,,
6130.186,-21.45006199999989,-0.182,-6.8,7.446,0.009,-0.013,0.009,58.21,35.3560115,-117.8180723,598.772,3,,
6131.277,-20.59704359999978,-0.182,-6.8,7.446,0.007,-0.015,0.009,58.23,35.3560114,-117.8180725,598.825,3,,
6132.264,-21.45006199999989,-0.191,-6.805,7.446,0.007,-0.013,0.007,58.23,35.3560113,-117.8180724,598.919,3,,
6133.25,-21.745337599999857,-0.182,-6.796,7.451,0.007,-0.013,0.007,58.24,35.3560117,-117.8180731,598.965,3,,
6134.246,-21.745337599999857,-0.172,-6.805,7.451,0.007,-0.015,0.007,58.26,35.3560121,-117.8180737,598.98,3,,
6135.233,-21.15478639999992,-0.182,-6.8,7.451,0.009,-0.013,0.006,58.27,35.3560122,-117.8180739,599.079,3,,
6136.216,-22.335888800000248,-0.172,-6.786,7.446,0.01,-0.015,0.007,58.28,35.3560124,-117.818074,599.108,3,,
6137.203,-21.45006199999989,-0.177,-6.805,7.446,0.009,-0.013,0.009,58.29,35.3560126,-117.8180738,599.205,3,,
6138.191,-21.15478639999992,-0.172,-6.805,7.437,0.009,-0.013,0.007,58.3,35.3560127,-117.8180736,599.265,3,,
6139.173,-21.45006199999989,-0.167,-6.805,7.437,0.007,-0.015,0.007,58.31,35.3560125,-117.8180731,599.375,3,,
6140.265,-21.15478639999992,-0.187,-6.796,7.442,0.007,-0.013,0.007,58.32,35.3560123,-117.8180727,599.432,3,,
6141.253,-20.859510799999953,-0.182,-6.8,7.437,0.01,-0.015,0.007,58.33,35.356012,-117.8180722,599.494,3,,
6142.24,-19.415941199999907,-0.187,-6.796,7.442,0.009,-0.015,0.009,58.34,35.3560118,-117.8180716,599.543,3,,
6143.23,-21.15478639999992,-0.177,-6.805,7.451,0.007,-0.015,0.007,58.35,35.3560111,-117.8180708,599.544,3,,
6144.214,-21.745337599999857,-0.177,-6.796,7.442,0.007,-0.015,0.006,58.36,35.3560107,-117.8180703,599.591,3,,
6145.202,-21.15478639999992,-0.177,-6.8,7.442,0.007,-0.015,0.007,58.37,35.3560105,-117.8180701,599.638,3,,
6146.2,-22.04061320000028,-0.187,-6.791,7.442,0.007,-0.013,0.007,58.38,35.3560103,-117.8180699,599.632,3,,
6147.187,-20.301768000000266,-0.177,-6.796,7.442,0.009,-0.015,0.007,58.39,35.3560101,-117.8180696,599.691,3,,
6148.276,-21.745337599999857,-0.182,-6.8,7.456,0.009,-0.013,0.009,58.41,35.35601,-117.8180692,599.748,3,,
6149.261,-21.45006199999989,-0.177,-6.791,7.451,0.009,-0.015,0.007,58.42,35.3560096,-117.8180685,599.803,3,,
6150.251,-21.45006199999989,-0.177,-6.8,7.442,0.009,-0.013,0.007,58.43,35.3560095,-117.818068,599.881,3,,
6151.242,-20.59704359999978,-0.177,-6.796,7.442,0.009,-0.015,0.009,58.44,35.3560094,-117.8180675,600.002,3,,
6152.226,-22.04061320000028,-0.177,-6.8,7.451,0.009,-0.015,0.006,58.45,35.3560095,-117.8180671,600.08,3,,
6153.21,-22.04061320000028,-0.182,-6.805,7.456,0.009,-0.013,0.009,58.46,35.3560097,-117.8180669,600.131,3,,
6154.194,-20.006492399999843,-0.177,-6.815,7.432,0.009,-0.013,0.007,58.47,35.3560097,-117.8180664,600.112,3,,
6155.182,-21.45006199999989,-0.167,-6.796,7.437,0.007,-0.013,0.007,58.48,35.3560096,-117.8180662,600.088,3,,
6156.27,-20.59704359999978,-0.182,-6.8,7.446,0.006,-0.016,0.007,58.49,35.3560098,-117.8180659,600.026,3,,
6157.257,-20.301768000000266,-0.177,-6.8,7.446,0.007,-0.013,0.009,58.5,35.35601,-117.8180658,599.941,3,,
6158.245,-20.301768000000266,-0.172,-6.8,7.446,0.007,-0.013,0.009,58.51,35.3560103,-117.818066,599.801,3,,
6159.234,-21.45006199999989,-0.182,-6.8,7.437,0.01,-0.016,0.009,58.52,35.3560105,-117.8180661,599.707,3,,
6160.22,-21.45006199999989,-0.172,-6.791,7.451,0.007,-0.015,0.007,58.53,35.3560103,-117.8180659,599.608,3,,
6161.205,-20.859510799999953,-0.177,-6.805,7.442,0.006,-0.015,0.007,58.54,35.3560106,-117.8180661,599.505,3,,
6162.193,-20.301768000000266,-0.167,-6.791,7.437,0.009,-0.015,0.007,58.56,35.3560107,-117.8180666,599.432,3,,
6163.176,-19.415941199999907,-0.182,-6.8,7.432,0.007,-0.015,0.007,58.57,35.3560106,-117.8180666,599.392,3,,
6164.265,-21.15478639999992,-0.187,-6.8,7.446,0.009,-0.013,0.009,58.58,35.3560107,-117.8180668,599.337,3,,
6165.253,-20.59704359999978,-0.182,-6.805,7.442,0.009,-0.015,0.007,58.58,35.3560106,-117.8180669,599.266,3,,
6166.237,-21.45006199999989,-0.167,-6.796,7.446,0.009,-0.012,0.007,58.6,35.3560107,-117.8180672,599.247,3,,
6167.226,-20.59704359999978,-0.172,-6.791,7.451,0.009,-0.013,0.006,58.61,35.3560107,-117.8180672,599.222,3,,
6168.212,-20.006492399999843,-0.172,-6.8,7.437,0.007,-0.015,0.007,58.62,35.3560108,-117.8180674,599.195,3,,
6169.197,-19.711216799999875,-0.177,-6.796,7.461,0.009,-0.013,0.009,58.63,35.3560107,-117.8180674,599.158,3,,
6170.184,-20.006492399999843,-0.167,-6.805,7.442,0.007,-0.015,0.007,58.64,35.3560108,-117.8180675,599.033,3,,
6171.27,-20.59704359999978,-0.172,-6.81,7.446,0.009,-0.016,0.007,58.65,35.3560113,-117.8180678,598.964,3,,
6172.256,-21.15478639999992,-0.182,-6.796,7.451,0.009,-0.012,0.009,58.66,35.3560116,-117.8180678,598.871,3,,
6173.264,-21.15478639999992,-0.163,-6.796,7.451,0.009,-0.013,0.009,58.67,35.3560119,-117.8180676,598.775,3,,
6174.253,-21.15478639999992,-0.177,-6.805,7.432,0.009,-0.015,0.007,58.68,35.356012,-117.8180675,598.757,3,,
6175.237,-21.15478639999992,-0.177,-6.81,7.446,0.009,-0.015,0.007,58.7,35.3560122,-117.8180676,598.769,3,,
6176.224,-21.15478639999992,-0.172,-6.8,7.451,0.01,-0.013,0.007,58.71,35.3560122,-117.8180675,598.818,3,,
6177.211,-20.59704359999978,-0.187,-6.805,7.456,0.009,-0.012,0.007,58.72,35.3560121,-117.8180674,598.845,3,,
6178.196,-20.301768000000266,-0.172,-6.805,7.446,0.01,-0.015,0.007,58.73,35.3560121,-117.8180673,598.855,3,,
6179.183,-20.301768000000266,-0.172,-6.8,7.442,0.009,-0.012,0.006,58.74,35.3560118,-117.8180671,598.847,3,,
6180.27,-20.59704359999978,-0.172,-6.8,7.461,0.01,-0.015,0.007,58.75,35.356012,-117.8180669,598.79,3,,
6181.257,-20.006492399999843,-0.177,-6.796,7.451,0.006,-0.013,0.007,58.76,35.3560123,-117.8180671,598.752,3,,
6182.243,-21.45006199999989,-0.172,-6.8,7.442,0.006,-0.013,0.009,58.78,35.3560124,-117.8180672,598.738,3,,
6183.234,-20.006492399999843,-0.172,-6.8,7.446,0.007,-0.015,0.007,58.79,35.3560126,-117.8180672,598.738,3,,
6184.217,-21.45006199999989,-0.182,-6.8,7.446,0.006,-0.012,0.007,58.8,35.3560129,-117.818067,598.712,3,,
6185.203,-20.59704359999978,-0.167,-6.805,7.446,0.009,-0.013,0.007,58.81,35.356013,-117.8180669,598.628,3,,
6186.195,-20.59704359999978,-0.177,-6.81,7.432,0.007,-0.013,0.007,58.82,35.356013,-117.8180668,598.591,3,,
6187.182,-20.59704359999978,-0.177,-6.805,7.451,0.007,-0.013,0.006,58.83,35.3560131,-117.8180667,598.574,3,,
6188.167,-20.859510799999953,-0.172,-6.8,7.442,0.007,-0.013,0.009,58.84,35.356013,-117.8180667,598.584,3,,
6189.259,-21.15478639999992,-0.167,-6.8,7.442,0.009,-0.013,0.009,58.85,35.3560129,-117.8180668,598.602,3,,
6190.245,-19.711216799999875,-0.177,-6.791,7.446,0.01,-0.015,0.007,58.86,35.3560128,-117.818067,598.631,3,,
6191.233,-22.63116439999976,-0.172,-6.796,7.442,0.007,-0.015,0.007,58.87,35.3560127,-117.8180674,598.614,3,,
6192.218,-21.15478639999992,-0.167,-6.805,7.446,0.007,-0.013,0.007,58.89,35.3560132,-117.8180681,598.578,3,,
6193.204,-20.59704359999978,-0.172,-6.791,7.451,0.007,-0.015,0.007,58.9,35.3560134,-117.8180683,598.547,3,,
6194.19,-20.59704359999978,-0.163,-6.796,7.451,0.009,-0.015,0.007,58.91,35.3560135,-117.8180686,598.491,3,,
6195.176,-20.859510799999953,-0.177,-6.796,7.437,0.009,-0.013,0.007,58.92,35.3560134,-117.8180688,598.394,3,,
6196.263,-21.15478639999992,-0.167,-6.81,7.442,0.011,-0.016,0.007,58.93,35.3560131,-117.8180687,598.326,3,,
6197.252,-21.45006199999989,-0.172,-6.8,7.456,0.005,-0.015,0.007,58.94,35.3560128,-117.8180684,598.229,3,,
6198.241,-19.415941199999907,-0.172,-6.805,7.446,0.007,-0.013,0.006,58.95,35.3560125,-117.8180677,598.138,3,,
6199.225,-20.859510799999953,-0.163,-6.815,7.446,0.009,-0.015,0.009,58.96,35.3560124,-117.8180671,598.047,3,,
6200.212,-21.15478639999992,-0.177,-6.8,7.442,0.009,-0.013,0.009,58.97,35.3560124,-117.8180667,598.024,3,,
6201.198,-20.59704359999978,-0.167,-6.8,7.437,0.009,-0.013,0.007,58.99,35.3560126,-117.8180663,597.972,3,,
6202.184,-21.15478639999992,-0.167,-6.805,7.442,0.009,-0.015,0.007,58.99,35.3560128,-117.8180663,597.925,3,,
6203.17,-20.59704359999978,-0.177,-6.805,7.451,0.009,-0.015,0.007,59.01,35.3560132,-117.8180667,597.89,3,,
6204.257,-20.59704359999978,-0.172,-6.805,7.446,0.01,-0.013,0.007,59.02,35.3560136,-117.8180672,597.89,3,,
6205.243,-20.859510799999953,-0.172,-6.796,7.451,0.007,-0.013,0.007,59.03,35.356014,-117.8180675,597.901,3,,
6206.231,-20.859510799999953,-0.163,-6.805,7.451,0.009,-0.016,0.007,59.04,35.3560145,-117.8180677,597.887,3,,
6207.22,-20.59704359999978,-0.163,-6.805,7.461,0.009,-0.013,0.009,59.05,35.356015,-117.8180681,597.896,3,,
6208.211,-20.59704359999978,-0.167,-6.8,7.446,0.01,-0.013,0.009,59.06,35.3560153,-117.8180681,597.919,3,,
6209.2,-21.45006199999989,-0.167,-6.805,7.446,0.007,-0.015,0.009,59.07,35.3560155,-117.8180681,597.972,3,,
6210.186,-20.59704359999978,-0.172,-6.796,7.456,0.01,-0.013,0.007,59.08,35.3560155,-117.8180681,598.078,3,,
6211.172,-20.301768000000266,-0.163,-6.815,7.456,0.009,-0.013,0.007,59.09,35.3560153,-117.8180679,598.161,3,,
6212.257,-20.859510799999953,-0.167,-6.81,7.456,0.009,-0.013,0.006,59.1,35.3560156,-117.8180679,598.263,3,,
6213.242,-20.59704359999978,-0.163,-6.805,7.446,0.009,-0.015,0.007,59.12,35.3560157,-117.8180681,598.316,3,,
6214.232,-20.301768000000266,-0.167,-6.805,7.451,0.009,-0.016,0.007,59.13,35.3560156,-117.8180679,598.344,3,,
6215.223,-20.59704359999978,-0.163,-6.791,7.456,0.009,-0.015,0.007,59.14,35.3560155,-117.8180677,598.353,3,,
6216.211,-20.59704359999978,-0.172,-6.805,7.437,0.01,-0.013,0.009,59.15,35.3560155,-117.8180678,598.358,3,,
6217.196,-19.415941199999907,-0.153,-6.805,7.437,0.009,-0.013,0.009,59.16,35.3560156,-117.818068,598.351,3,,
6218.185,-19.711216799999875,-0.167,-6.8,7.442,0.009,-0.013,0.009,59.17,35.3560158,-117.8180679,598.37,3,,
6219.272,-20.006492399999843,-0.163,-6.8,7.451,0.009,-0.013,0.007,59.18,35.3560162,-117.818068,598.323,3,,
6220.259,-20.301768000000266,-0.158,-6.8,7.446,0.009,-0.015,0.007,59.19,35.3560166,-117.8180683,598.257,3,,
6221.246,-20.301768000000266,-0.158,-6.8,7.446,0.009,-0.016,0.007,59.2,35.3560171,-117.8180686,598.275,3,,
6222.241,-19.711216799999875,-0.167,-6.8,7.446,0.007,-0.015,0.009,59.21,35.3560175,-117.8180691,598.384,3,,
6223.226,-19.711216799999875,-0.158,-6.81,7.456,0.01,-0.015,0.007,59.22,35.3560178,-117.8180694,598.482,3,,
6224.21,-20.301768000000266,-0.163,-6.805,7.446,0.009,-0.015,0.007,59.23,35.3560179,-117.8180698,598.558,3,,
6225.2,-19.153474000000188,-0.158,-6.8,7.446,0.009,-0.015,0.009,59.24,35.356018,-117.8180702,598.615,3,,
6226.187,-20.006492399999843,-0.172,-6.8,7.456,0.009,-0.015,0.007,59.25,35.3560181,-117.81807,598.636,3,,
6227.274,-19.415941199999907,-0.172,-6.8,7.437,0.009,-0.015,0.009,59.26,35.3560185,-117.8180699,598.639,3,,
6228.262,-20.006492399999843,-0.167,-6.805,7.442,0.01,-0.013,0.009,59.27,35.3560185,-117.8180701,598.696,3,,
6229.245,-19.415941199999907,-0.163,-6.796,7.432,0.009,-0.013,0.007,59.28,35.3560183,-117.8180699,598.773,3,,
6230.229,-19.415941199999907,-0.163,-6.8,7.442,0.007,-0.013,0.009,59.29,35.3560181,-117.8180695,598.84,3,,
6231.216,-20.301768000000266,-0.167,-6.805,7.437,0.009,-0.016,0.007,59.3,35.356018,-117.8180692,598.892,3,,
6232.203,-17.97237159999986,-0.158,-6.805,7.446,0.007,-0.013,0.007,59.31,35.3560181,-117.818069,598.899,3,,
6233.189,-19.153474000000188,-0.163,-6.8,7.442,0.009,-0.015,0.007,59.32,35.3560182,-117.8180686,598.858,3,,
6234.175,-18.858198399999765,-0.158,-6.805,7.442,0.009,-0.013,0.009,59.33,35.3560183,-117.8180686,598.845,3,,
6235.265,-20.301768000000266,-0.163,-6.81,7.442,0.009,-0.012,0.007,59.34,35.3560182,-117.8180683,598.882,3,,
6236.25,-19.153474000000188,-0.163,-6.81,7.451,0.009,-0.015,0.009,59.35,35.3560182,-117.818068,598.884,3,,
6237.236,-18.562922799999797,-0.158,-6.8,7.437,0.009,-0.015,0.009,59.36,35.3560182,-117.8180677,598.892,3,,
6238.224,-19.415941199999907,-0.167,-6.805,7.437,0.009,-0.013,0.007,59.37,35.3560181,-117.8180673,598.945,3,,
6239.213,-18.858198399999765,-0.163,-6.815,7.442,0.009,-0.013,0.007,59.38,35.3560179,-117.8180674,598.977,3,,
6240.198,-20.006492399999843,-0.163,-6.805,7.451,0.009,-0.015,0.007,59.39,35.3560176,-117.8180673,599.102,3,,
6241.184,-18.562922799999797,-0.163,-6.805,7.442,0.009,-0.015,0.009,59.4,35.3560175,-117.8180674,599.195,3,,
6242.272,-18.858198399999765,-0.167,-6.8,7.461,0.007,-0.015,0.009,59.41,35.3560178,-117.8180676,599.266,3,,
6243.259,-18.267647200000283,-0.158,-6.81,7.446,0.01,-0.013,0.007,59.43,35.3560178,-117.8180675,599.35,3,,
6244.243,-19.711216799999875,-0.158,-6.805,7.432,0.009,-0.015,0.009,59.43,35.3560177,-117.8180672,599.434,3,,
6245.228,-18.858198399999765,-0.167,-6.8,7.451,0.009,-0.013,0.007,59.44,35.3560175,-117.8180667,599.511,3,,
6246.217,-19.153474000000188,-0.158,-6.805,7.432,0.009,-0.015,0.009,59.46,35.3560173,-117.8180657,599.547,3,,
6247.221,-19.153474000000188,-0.158,-6.8,7.451,0.009,-0.013,0.007,59.47,35.3560171,-117.8180648,599.537,3,,
6248.209,-18.562922799999797,-0.158,-6.8,7.446,0.009,-0.015,0.007,59.47,35.3560171,-117.8180643,599.488,3,,
6249.197,-18.562922799999797,-0.158,-6.805,7.446,0.01,-0.013,0.009,59.49,35.3560173,-117.8180642,599.468,3,,
6250.183,-19.711216799999875,-0.163,-6.805,7.451,0.009,-0.015,0.006,59.5,35.3560171,-117.8180643,599.504,3,,
6251.269,-17.677095999999892,-0.153,-6.81,7.451,0.009,-0.013,0.009,59.51,35.356017,-117.8180644,599.518,3,,
6252.254,-19.415941199999907,-0.158,-6.81,7.451,0.01,-0.015,0.007,59.52,35.3560168,-117.8180642,599.496,3,,
6253.242,-19.153474000000188,-0.163,-6.796,7.446,0.009,-0.013,0.009,59.53,35.3560165,-117.8180642,599.445,3,,
6254.249,-18.562922799999797,-0.163,-6.805,7.456,0.009,-0.015,0.007,59.54,35.3560161,-117.8180637,599.429,3,,
6255.242,-17.97237159999986,-0.158,-6.81,7.446,0.009,-0.013,0.007,59.55,35.3560158,-117.8180634,599.412,3,,
6256.227,-18.562922799999797,-0.153,-6.805,7.437,0.007,-0.015,0.009,59.56,35.3560155,-117.8180631,599.39,3,,
6257.209,-19.153474000000188,-0.148,-6.805,7.446,0.01,-0.015,0.007,59.57,35.356015,-117.8180624,599.378,3,,
6258.195,-17.119353200000205,-0.158,-6.81,7.451,0.007,-0.013,0.007,59.58,35.3560148,-117.8180622,599.364,3,,
6259.184,-18.562922799999797,-0.167,-6.815,7.437,0.009,-0.013,0.007,59.59,35.3560145,-117.8180619,599.328,3,,
6260.169,-17.97237159999986,-0.153,-6.81,7.446,0.009,-0.015,0.007,59.6,35.3560145,-117.8180616,599.262,3,,
6261.256,-17.677095999999892,-0.158,-6.805,7.456,0.01,-0.013,0.009,59.61,35.3560146,-117.8180614,599.177,3,,
6262.243,-18.562922799999797,-0.158,-6.8,7.446,0.009,-0.015,0.009,59.62,35.3560149,-117.8180614,599.107,3,,
6263.231,-18.267647200000283,-0.158,-6.805,7.442,0.009,-0.015,0.007,59.63,35.3560153,-117.8180615,599.013,3,,
6264.224,-18.267647200000283,-0.158,-6.805,7.446,0.007,-0.015,0.009,59.64,35.3560155,-117.8180619,598.92,3,,
6265.21,-17.97237159999986,-0.158,-6.815,7.446,0.007,-0.013,0.007,59.65,35.3560156,-117.818062,598.819,3,,
6266.197,-18.562922799999797,-0.153,-6.805,7.446,0.009,-0.015,0.007,59.67,35.3560159,-117.818062,598.8,3,,
6267.187,-18.858198399999765,-0.163,-6.815,7.456,0.009,-0.015,0.009,59.67,35.3560158,-117.818062,598.831,3,,
6268.275,-17.677095999999892,-0.158,-6.81,7.446,0.01,-0.013,0.009,59.68,35.3560157,-117.818062,598.835,3,,
6269.263,-17.119353200000205,-0.153,-6.805,7.442,0.009,-0.015,0.007,59.69,35.3560152,-117.8180616,598.781,3,,
6270.252,-17.97237159999986,-0.153,-6.815,7.456,0.011,-0.013,0.009,59.71,35.3560149,-117.8180615,598.794,3,,
6271.239,-18.267647200000283,-0.163,-6.805,7.437,0.01,-0.015,0.007,59.72,35.356015,-117.8180615,598.886,3,,
6272.223,-17.97237159999986,-0.148,-6.81,7.451,0.009,-0.013,0.007,59.73,35.3560154,-117.8180615,598.91,3,,
6273.21,-17.677095999999892,-0.163,-6.815,7.442,0.007,-0.013,0.009,59.74,35.3560156,-117.8180613,598.898,3,,
6274.198,-17.119353200000205,-0.158,-6.805,7.451,0.01,-0.015,0.007,59.75,35.3560155,-117.8180611,598.93,3,,
6275.285,-16.824077599999782,-0.158,-6.815,7.461,0.009,-0.013,0.007,59.76,35.3560156,-117.8180608,598.954,3,,
6276.27,-17.677095999999892,-0.158,-6.81,7.446,0.009,-0.015,0.007,59.77,35.3560157,-117.818061,599.038,3,,
6277.256,-17.381820399999924,-0.153,-6.81,7.461,0.009,-0.012,0.009,59.78,35.3560154,-117.8180614,599.094,3,,
6278.244,-19.153474000000188,-0.148,-6.805,7.456,0.007,-0.013,0.009,59.78,35.3560149,-117.8180617,599.112,3,,
6279.233,-17.97237159999986,-0.153,-6.796,7.456,0.007,-0.015,0.009,59.79,35.3560147,-117.818062,599.166,3,,
6280.218,-17.677095999999892,-0.148,-6.796,7.451,0.01,-0.013,0.009,59.8,35.3560146,-117.8180624,599.146,3,,
6281.205,-17.381820399999924,-0.148,-6.805,7.461,0.009,-0.015,0.009,59.81,35.3560144,-117.8180625,599.158,3,,
6282.19,-17.97237159999986,-0.153,-6.8,7.451,0.009,-0.013,0.009,59.82,35.3560143,-117.8180625,599.175,3,,
6283.174,-17.677095999999892,-0.153,-6.81,7.451,0.007,-0.015,0.007,59.83,35.3560144,-117.8180622,599.194,3,,
6284.16,-18.562922799999797,-0.153,-6.805,7.451,0.007,-0.015,0.007,59.84,35.3560144,-117.8180621,599.2,3,,
6285.249,-17.381820399999924,-0.148,-6.8,7.456,0.01,-0.015,0.009,59.85,35.3560141,-117.8180618,599.27,3,,
6286.233,-17.97237159999986,-0.158,-6.805,7.446,0.009,-0.015,0.01,59.86,35.356014,-117.8180614,599.278,3,,
6287.217,-17.119353200000205,-0.144,-6.796,7.446,0.01,-0.013,0.007,59.87,35.3560136,-117.8180614,599.346,3,,
6288.273,-17.119353200000205,-0.148,-6.82,7.451,0.009,-0.015,0.007,59.87,35.3560132,-117.8180613,599.393,3,,
6289.26,-17.119353200000205,-0.158,-6.81,7.456,0.009,-0.015,0.007,59.89,35.3560129,-117.8180612,599.386,3,,
6290.246,-17.119353200000205,-0.153,-6.81,7.446,0.009,-0.017,0.007,59.89,35.3560128,-117.8180618,599.39,3,,
6291.232,-16.824077599999782,-0.153,-6.81,7.451,0.009,-0.015,0.007,59.9,35.3560129,-117.8180626,599.249,3,,
6292.221,-16.824077599999782,-0.153,-6.81,7.451,0.009,-0.013,0.007,59.91,35.3560132,-117.8180632,599.206,3,,
6293.204,-16.528801999999814,-0.158,-6.8,7.451,0.009,-0.013,0.009,59.92,35.3560129,-117.8180628,599.329,3,,
6294.187,-17.381820399999924,-0.148,-6.81,7.446,0.009,-0.015,0.009,59.93,35.3560126,-117.8180625,599.357,3,,
6295.274,-17.97237159999986,-0.153,-6.805,7.442,0.007,-0.015,0.009,59.94,35.3560122,-117.8180622,599.393,3,,
6296.257,-18.267647200000283,-0.148,-6.815,7.446,0.009,-0.013,0.009,59.95,35.3560115,-117.8180617,599.36,3,,
6297.24,-17.381820399999924,-0.148,-6.81,7.446,0.009,-0.015,0.01,59.96,35.3560108,-117.8180613,599.381,3,,
6298.229,-18.267647200000283,-0.144,-6.81,7.451,0.009,-0.013,0.007,59.96,35.35601,-117.818061,599.494,3,,
6299.212,-16.824077599999782,-0.153,-6.81,7.451,0.009,-0.016,0.01,59.97,35.3560095,-117.8180609,599.607,3,,
6300.193,-17.381820399999924,-0.148,-6.815,7.451,0.009,-0.012,0.009,59.98,35.3560087,-117.8180607,599.785,3,,
6301.281,-15.938250799999878,-0.148,-6.805,7.442,0.009,-0.016,0.009,59.99,35.3560085,-117.8180606,599.789,3,,
6302.265,-17.119353200000205,-0.139,-6.81,7.456,0.009,-0.015,0.007,60.0,35.3560081,-117.8180608,599.894,3,,
6303.248,-16.2335264000003,-0.153,-6.81,7.456,0.009,-0.015,0.009,60.01,35.3560079,-117.8180604,599.957,3,,
6304.23,-16.824077599999782,-0.153,-6.81,7.442,0.007,-0.013,0.007,60.01,35.3560077,-117.8180601,599.996,3,,
6305.211,-16.528801999999814,-0.144,-6.81,7.456,0.007,-0.013,0.007,60.02,35.3560079,-117.8180603,599.998,3,,
6306.195,-17.381820399999924,-0.144,-6.81,7.461,0.007,-0.013,0.009,60.03,35.3560077,-117.8180601,600.076,3,,
6307.177,-16.824077599999782,-0.139,-6.81,7.451,0.009,-0.013,0.007,60.04,35.3560076,-117.8180599,600.137,3,,
6308.16,-17.97237159999986,-0.148,-6.805,7.461,0.009,-0.015,0.007,60.05,35.3560072,-117.8180596,600.133,3,,
6309.247,-17.119353200000205,-0.144,-6.81,7.451,0.009,-0.015,0.007,60.06,35.3560068,-117.8180595,600.124,3,,
6310.234,-16.824077599999782,-0.144,-6.81,7.456,0.01,-0.015,0.007,60.07,35.3560066,-117.8180591,600.116,3,,
6311.225,-16.528801999999814,-0.148,-6.82,7.451,0.009,-0.013,0.009,60.08,35.3560067,-117.8180588,600.045,3,,
6312.208,-15.38050800000019,-0.139,-6.81,7.451,0.01,-0.015,0.007,60.09,35.3560067,-117.8180587,600.031,3,,
6313.191,-16.528801999999814,-0.148,-6.805,7.466,0.007,-0.015,0.009,60.09,35.3560067,-117.8180588,600.022,3,,
6314.274,-16.2335264000003,-0.144,-6.805,7.446,0.009,-0.015,0.007,60.1,35.3560068,-117.8180588,600.015,3,,
6315.255,-16.824077599999782,-0.148,-6.815,7.451,0.007,-0.013,0.01,60.11,35.3560069,-117.8180591,599.954,3,,
6316.238,-16.2335264000003,-0.144,-6.815,7.461,0.007,-0.015,0.009,60.12,35.356007,-117.8180592,599.918,3,,
6317.221,-15.938250799999878,-0.148,-6.815,7.451,0.009,-0.015,0.009,60.13,35.356007,-117.8180593,599.886,3,,
6318.204,-16.528801999999814,-0.144,-6.81,7.451,0.009,-0.015,0.007,60.14,35.3560068,-117.8180595,599.925,3,,
6319.188,-15.938250799999878,-0.134,-6.805,7.461,0.009,-0.015,0.007,60.15,35.3560068,-117.8180599,599.908,3,,
6320.171,-15.085232400000223,-0.134,-6.805,7.451,0.009,-0.015,0.007,60.15,35.3560071,-117.8180604,599.867,3,,
6321.255,-15.085232400000223,-0.148,-6.81,7.451,0.007,-0.013,0.007,60.16,35.3560072,-117.8180606,599.811,3,,
6322.245,-15.938250799999878,-0.144,-6.82,7.466,0.009,-0.015,0.009,60.17,35.3560071,-117.8180609,599.821,3,,
6323.231,-16.528801999999814,-0.139,-6.815,7.456,0.007,-0.013,0.007,60.18,35.3560072,-117.8180614,599.833,3,,
6324.213,-17.119353200000205,-0.148,-6.805,7.461,0.007,-0.015,0.007,60.19,35.3560071,-117.8180616,599.878,3,,
6325.199,-16.2335264000003,-0.144,-6.81,7.456,0.009,-0.013,0.007,60.2,35.3560072,-117.8180617,599.867,3,,
6326.181,-15.938250799999878,-0.144,-6.815,7.451,0.007,-0.015,0.007,60.2,35.3560075,-117.8180619,599.857,3,,
6327.266,-16.2335264000003,-0.144,-6.805,7.451,0.007,-0.013,0.007,60.21,35.3560077,-117.8180619,599.828,3,,
6328.249,-15.085232400000223,-0.148,-6.815,7.446,0.009,-0.015,0.009,60.22,35.3560079,-117.8180622,599.874,3,,
6329.233,-15.64297519999991,-0.144,-6.81,7.461,0.007,-0.016,0.007,60.23,35.3560078,-117.8180623,599.937,3,,
6330.218,-16.2335264000003,-0.134,-6.81,7.451,0.007,-0.015,0.007,60.24,35.356008,-117.8180626,599.92,3,,
6331.2,-15.38050800000019,-0.139,-6.815,7.456,0.009,-0.016,0.009,60.25,35.3560078,-117.8180628,599.843,3,,
6332.188,-16.824077599999782,-0.144,-6.81,7.451,0.009,-0.016,0.007,60.25,35.3560079,-117.818063,599.808,3,,
6333.169,-16.2335264000003,-0.139,-6.82,7.456,0.007,-0.015,0.009,60.26,35.3560078,-117.8180631,599.851,3,,
6334.265,-16.824077599999782,-0.134,-6.815,7.451,0.009,-0.013,0.009,60.27,35.3560076,-117.818063,599.874,3,,
6335.251,-16.824077599999782,-0.148,-6.815,7.451,0.009,-0.013,0.007,60.28,35.3560075,-117.8180628,599.882,3,,
6336.235,-16.528801999999814,-0.134,-6.81,7.456,0.007,-0.015,0.007,60.29,35.3560072,-117.8180624,599.899,3,,
6337.222,-17.119353200000205,-0.139,-6.815,7.466,0.009,-0.015,0.009,60.3,35.3560069,-117.8180619,599.969,3,,
6338.208,-16.824077599999782,-0.139,-6.81,7.456,0.01,-0.015,0.009,60.3,35.3560067,-117.8180614,600.001,3,,
6339.192,-16.528801999999814,-0.148,-6.815,7.451,0.009,-0.015,0.009,60.31,35.3560062,-117.8180609,600.029,3,,
6340.178,-15.64297519999991,-0.144,-6.815,7.446,0.009,-0.016,0.009,60.32,35.356006,-117.8180606,600.036,3,,
6341.267,-15.938250799999878,-0.144,-6.815,7.456,0.009,-0.015,0.009,60.32,35.3560059,-117.8180603,600.05,3,,
6342.252,-16.2335264000003,-0.139,-6.805,7.451,0.009,-0.015,0.009,60.34,35.3560057,-117.8180601,600.107,3,,
6343.238,-15.938250799999878,-0.139,-6.82,7.461,0.007,-0.013,0.009,60.34,35.3560054,-117.8180599,600.12,3,,
6344.225,-16.2335264000003,-0.139,-6.82,7.456,0.009,-0.015,0.007,60.35,35.3560054,-117.8180598,600.156,3,,
6345.212,-17.119353200000205,-0.139,-6.815,7.451,0.01,-0.015,0.009,60.36,35.3560051,-117.8180595,600.2,3,,
6346.198,-16.528801999999814,-0.144,-6.81,7.451,0.01,-0.015,0.009,60.37,35.356005,-117.8180594,600.228,3,,
6347.185,-16.2335264000003,-0.139,-6.815,7.446,0.009,-0.015,0.007,60.37,35.3560049,-117.8180591,600.257,3,,
6348.174,-16.824077599999782,-0.134,-6.805,7.461,0.009,-0.013,0.009,60.38,35.3560051,-117.818059,600.209,3,,
6349.266,-17.119353200000205,-0.153,-6.8,7.451,0.009,-0.013,0.007,60.39,35.3560051,-117.8180588,600.155,3,,
6350.25,-16.2335264000003,-0.144,-6.81,7.451,0.007,-0.015,0.007,60.4,35.3560052,-117.8180588,600.134,3,,
6351.238,-15.938250799999878,-0.139,-6.82,7.466,0.009,-0.015,0.007,60.4,35.3560054,-117.8180588,600.127,3,,
6352.228,-16.528801999999814,-0.134,-6.824,7.451,0.007,-0.015,0.009,60.41,35.356006,-117.8180593,600.037,3,,
6353.215,-16.824077599999782,-0.139,-6.81,7.446,0.009,-0.016,0.007,60.42,35.3560064,-117.8180597,599.964,3,,
6354.2,-15.38050800000019,-0.129,-6.82,7.442,0.01,-0.013,0.009,60.43,35.3560066,-117.8180599,599.904,3,,
6355.189,-17.677095999999892,-0.144,-6.82,7.442,0.009,-0.015,0.007,60.43,35.3560067,-117.8180601,599.893,3,,
6356.175,-16.2335264000003,-0.139,-6.81,7.442,0.009,-0.015,0.009,60.44,35.3560068,-117.8180603,599.918,3,,
6357.169,-16.528801999999814,-0.139,-6.815,7.456,0.009,-0.013,0.007,60.45,35.3560071,-117.8180605,599.92,3,,
6358.16,-17.119353200000205,-0.134,-6.815,7.451,0.007,-0.015,0.009,60.45,35.3560076,-117.818061,599.844,3,,
6359.247,-15.38050800000019,-0.139,-6.815,7.461,0.009,-0.015,0.009,60.46,35.3560079,-117.8180612,599.772,3,,
6360.232,-17.119353200000205,-0.139,-6.815,7.442,0.009,-0.013,0.007,60.47,35.356008,-117.8180614,599.765,3,,
6361.218,-16.528801999999814,-0.139,-6.805,7.456,0.007,-0.013,0.007,60.47,35.3560082,-117.8180615,599.772,3,,
6362.206,-17.119353200000205,-0.139,-6.815,7.446,0.007,-0.015,0.007,60.48,35.3560082,-117.8180613,599.803,3,,
6363.192,-15.64297519999991,-0.134,-6.815,7.446,0.009,-0.015,0.007,60.49,35.3560082,-117.8180612,599.832,3,,
6364.179,-15.64297519999991,-0.134,-6.815,7.442,0.009,-0.013,0.009,60.5,35.3560081,-117.818061,599.865,3,,
6365.168,-16.528801999999814,-0.124,-6.8,7.451,0.009,-0.013,0.009,60.5,35.3560083,-117.8180614,599.805,3,,
6366.254,-15.64297519999991,-0.124,-6.815,7.451,0.009,-0.015,0.007,60.51,35.3560082,-117.8180616,599.767,3,,
6367.239,-15.938250799999878,-0.134,-6.815,7.456,0.01,-0.013,0.009,60.52,35.3560082,-117.8180616,599.714,3,,
6368.224,-15.085232400000223,-0.129,-6.81,7.446,0.009,-0.015,0.007,60.53,35.3560084,-117.8180617,599.685,3,,
6369.219,-18.267647200000283,-0.129,-6.805,7.451,0.009,-0.013,0.007,60.54,35.3560084,-117.8180615,599.698,3,,
6370.203,-16.2335264000003,-0.134,-6.81,7.451,0.009,-0.015,0.007,60.54,35.3560087,-117.8180615,599.698,3,,
6371.201,-16.528801999999814,-0.12,-6.82,7.446,0.007,-0.013,0.007,60.55,35.3560092,-117.8180617,599.676,3,,
6372.189,-16.824077599999782,-0.124,-6.81,7.451,0.009,-0.015,0.007,60.55,35.3560096,-117.8180619,599.646,3,,
6373.173,-15.38050800000019,-0.129,-6.815,7.456,0.009,-0.013,0.009,60.56,35.35601,-117.818062,599.688,3,,
6374.259,-16.2335264000003,-0.129,-6.815,7.461,0.009,-0.015,0.007,60.57,35.3560103,-117.8180619,599.779,3,,
6375.245,-17.119353200000205,-0.12,-6.815,7.442,0.009,-0.015,0.007,60.58,35.3560105,-117.8180619,599.821,3,,
6376.236,-15.085232400000223,-0.12,-6.805,7.446,0.009,-0.015,0.009,60.58,35.3560109,-117.8180622,599.854,3,,
6377.22,-15.64297519999991,-0.129,-6.815,7.446,0.007,-0.015,0.007,60.59,35.3560111,-117.818062,599.88,3,,
6378.203,-15.38050800000019,-0.12,-6.815,7.451,0.009,-0.013,0.007,60.6,35.3560113,-117.8180619,599.886,3,,
6379.194,-15.38050800000019,-0.134,-6.81,7.451,0.009,-0.015,0.009,60.6,35.3560117,-117.818062,599.861,3,,
6380.18,-15.085232400000223,-0.129,-6.815,7.446,0.009,-0.015,0.009,60.61,35.356012,-117.8180622,599.861,3,,
6381.165,-16.528801999999814,-0.124,-6.8,7.442,0.007,-0.015,0.009,60.62,35.3560121,-117.8180623,599.845,3,,
6382.25,-14.494681199999832,-0.129,-6.82,7.456,0.007,-0.015,0.009,60.63,35.3560125,-117.8180625,599.858,3,,
6383.238,-16.824077599999782,-0.12,-6.815,7.451,0.009,-0.013,0.007,60.63,35.3560128,-117.8180624,599.838,3,,
6384.232,-16.2335264000003,-0.124,-6.82,7.451,0.009,-0.013,0.007,60.64,35.3560126,-117.8180624,599.829,3,,
6385.216,-15.085232400000223,-0.124,-6.805,7.456,0.009,-0.015,0.007,60.65,35.3560126,-117.8180623,599.862,3,,
6386.203,-16.2335264000003,-0.12,-6.805,7.442,0.009,-0.015,0.009,60.65,35.3560127,-117.8180623,599.907,3,,
6387.195,-15.085232400000223,-0.12,-6.805,7.446,0.009,-0.013,0.009,60.66,35.3560129,-117.8180626,599.901,3,,
6388.181,-15.938250799999878,-0.124,-6.815,7.446,0.009,-0.013,0.006,60.67,35.3560131,-117.8180629,599.898,3,,
6389.288,-14.199405600000318,-0.115,-6.81,7.451,0.007,-0.015,0.007,60.68,35.356013,-117.8180631,599.879,3,,
6390.178,-15.38050800000019,-0.12,-6.81,7.461,0.009,-0.015,0.009,60.68,35.356013,-117.8180633,599.897,3,,
6391.263,-16.2335264000003,-0.115,-6.815,7.451,0.01,-0.013,0.007,60.69,35.3560137,-117.818064,599.982,3,,
6392.25,-14.494681199999832,-0.115,-6.81,7.456,0.007,-0.015,0.007,60.7,35.356014,-117.8180644,600.048,3,,
6393.239,-15.38050800000019,-0.124,-6.81,7.456,0.01,-0.015,0.009,60.7,35.3560142,-117.8180643,600.141,3,,
6394.226,-14.7899567999998,-0.115,-6.815,7.451,0.009,-0.015,0.009,60.71,35.3560143,-117.8180643,600.18,3,,
6395.213,-13.641662799999722,-0.124,-6.82,7.446,0.009,-0.015,0.009,60.72,35.3560146,-117.8180645,600.166,3,,
6396.299,-13.936938400000145,-0.105,-6.82,7.442,0.009,-0.015,0.009,60.72,35.3560148,-117.8180648,600.197,3,,
6397.185,-15.085232400000223,-0.124,-6.815,7.446,0.01,-0.015,0.007,60.73,35.3560151,-117.8180654,600.074,3,,
6398.272,-13.05111160000024,-0.12,-6.805,7.451,0.009,-0.013,0.009,60.74,35.3560152,-117.8180659,599.942,3,,
6399.257,-15.64297519999991,-0.129,-6.81,7.442,0.009,-0.013,0.009,60.75,35.3560151,-117.8180658,599.941,3,,
6400.242,-14.494681199999832,-0.115,-6.796,7.451,0.007,-0.015,0.007,60.75,35.3560152,-117.8180661,599.872,3,,
6401.228,-14.7899567999998,-0.124,-6.824,7.442,0.009,-0.015,0.009,60.76,35.3560152,-117.8180662,599.845,3,,
6402.213,-15.38050800000019,-0.115,-6.815,7.437,0.009,-0.015,0.007,60.77,35.3560149,-117.8180661,599.871,3,,
6403.199,-14.199405600000318,-0.12,-6.82,7.451,0.007,-0.013,0.007,60.77,35.3560147,-117.8180661,599.907,3,,
6404.187,-14.494681199999832,-0.115,-6.815,7.446,0.009,-0.013,0.007,60.78,35.3560145,-117.8180659,599.938,3,,
6405.176,-15.64297519999991,-0.11,-6.82,7.446,0.009,-0.015,0.009,60.78,35.3560144,-117.8180657,599.916,3,,
6406.161,-14.7899567999998,-0.11,-6.824,7.451,0.009,-0.016,0.009,60.79,35.3560144,-117.8180656,599.803,3,,
6407.255,-14.7899567999998,-0.11,-6.81,7.451,0.009,-0.013,0.009,60.8,35.3560143,-117.8180654,599.715,3,,
6408.239,-14.494681199999832,-0.124,-6.81,7.446,0.01,-0.015,0.007,60.8,35.3560142,-117.8180651,599.681,3,,
6409.226,-14.7899567999998,-0.11,-6.815,7.451,0.01,-0.016,0.007,60.81,35.3560143,-117.8180649,599.622,3,,
6410.21,-14.494681199999832,-0.115,-6.815,7.446,0.009,-0.015,0.007,60.81,35.3560142,-117.8180648,599.606,3,,
6411.196,-14.494681199999832,-0.11,-6.81,7.451,0.01,-0.015,0.006,60.82,35.3560143,-117.8180648,599.588,3,,
6412.181,-14.494681199999832,-0.12,-6.81,7.446,0.007,-0.015,0.007,60.83,35.3560145,-117.8180647,599.513,3,,
6413.272,-13.641662799999722,-0.11,-6.81,7.461,0.009,-0.013,0.009,60.84,35.3560145,-117.8180646,599.514,3,,
6414.259,-14.199405600000318,-0.115,-6.815,7.442,0.009,-0.016,0.009,60.84,35.3560146,-117.8180647,599.441,3,,
6415.245,-15.085232400000223,-0.115,-6.81,7.461,0.009,-0.015,0.009,60.85,35.3560148,-117.8180649,599.387,3,,
6416.24,-14.494681199999832,-0.115,-6.815,7.442,0.007,-0.015,0.01,60.86,35.3560148,-117.818065,599.306,3,,
6417.224,-15.085232400000223,-0.105,-6.805,7.446,0.009,-0.013,0.007,60.87,35.3560147,-117.8180648,599.287,3,,
6418.211,-13.936938400000145,-0.12,-6.81,7.451,0.009,-0.016,0.009,60.87,35.3560148,-117.8180648,599.214,3,,
6419.197,-14.494681199999832,-0.11,-6.81,7.451,0.01,-0.015,0.009,60.88,35.3560144,-117.8180646,599.188,3,,
6420.182,-16.2335264000003,-0.105,-6.805,7.461,0.007,-0.015,0.009,60.89,35.3560141,-117.8180643,599.18,3,,
6421.272,-16.2335264000003,-0.105,-6.815,7.451,0.009,-0.015,0.009,60.89,35.356014,-117.8180644,599.198,3,,
6422.257,-15.38050800000019,-0.11,-6.81,7.442,0.006,-0.015,0.007,60.9,35.3560139,-117.8180646,599.196,3,,
6423.24,-15.38050800000019,-0.105,-6.815,7.456,0.007,-0.016,0.01,60.91,35.3560137,-117.8180647,599.185,3,,
6424.226,-16.2335264000003,-0.11,-6.824,7.456,0.007,-0.015,0.007,60.92,35.3560134,-117.8180647,599.15,3,,
6425.214,-15.938250799999878,-0.11,-6.824,7.461,0.007,-0.015,0.009,60.92,35.3560131,-117.8180648,599.058,3,,
6426.199,-16.2335264000003,-0.11,-6.824,7.446,0.006,-0.015,0.009,60.93,35.3560131,-117.8180653,598.931,3,,
6427.186,-15.085232400000223,-0.115,-6.824,7.461,0.007,-0.016,0.009,60.94,35.356013,-117.8180654,598.904,3,,
6428.183,-15.38050800000019,-0.115,-6.805,7.451,0.009,-0.013,0.007,60.95,35.3560133,-117.8180655,598.935,3,,
6429.168,-15.38050800000019,-0.096,-6.815,7.446,0.009,-0.015,0.007,60.95,35.3560135,-117.8180655,598.952,3,,
6430.26,-16.528801999999814,-0.096,-6.82,7.451,0.009,-0.013,0.006,60.96,35.3560137,-117.8180659,598.954,3,,
6431.248,-16.528801999999814,-0.105,-6.815,7.446,0.009,-0.015,0.009,60.97,35.3560138,-117.818066,598.999,3,,
6432.235,-15.64297519999991,-0.115,-6.82,7.451,0.009,-0.015,0.009,60.97,35.3560138,-117.8180658,599.039,3,,
6433.224,-16.528801999999814,-0.105,-6.824,7.461,0.009,-0.015,0.009,60.98,35.3560139,-117.8180658,599.011,3,,
6434.211,-15.64297519999991,-0.115,-6.815,7.442,0.009,-0.016,0.007,60.99,35.3560141,-117.8180658,598.93,3,,
6435.202,-17.381820399999924,-0.105,-6.82,7.456,0.009,-0.015,0.009,60.99,35.3560143,-117.8180661,598.895,3,,
6436.188,-15.938250799999878,-0.096,-6.82,7.451,0.009,-0.015,0.007,61.0,35.3560146,-117.8180659,598.877,3,,
6437.276,-15.938250799999878,-0.115,-6.824,7.451,0.009,-0.015,0.007,61.01,35.3560148,-117.818066,598.865,3,,
6438.263,-17.119353200000205,-0.096,-6.815,7.446,0.009,-0.015,0.009,61.02,35.3560146,-117.8180661,598.929,3,,
6439.253,-15.38050800000019,-0.096,-6.824,7.446,0.009,-0.013,0.009,61.02,35.3560145,-117.8180655,598.973,3,,
6440.237,-14.7899567999998,-0.091,-6.81,7.442,0.009,-0.015,0.009,61.03,35.3560146,-117.8180654,599.036,3,,
6441.222,-15.64297519999991,-0.096,-6.82,7.451,0.009,-0.015,0.009,61.04,35.3560143,-117.8180656,599.024,3,,
6442.211,-15.085232400000223,-0.105,-6.824,7.446,0.009,-0.015,0.007,61.05,35.3560141,-117.8180657,599.04,3,,
6443.197,-16.528801999999814,-0.096,-6.805,7.456,0.01,-0.015,0.009,61.06,35.3560139,-117.8180656,599.022,3,,
6444.184,-16.528801999999814,-0.105,-6.815,7.451,0.01,-0.013,0.009,61.06,35.3560138,-117.818066,599.001,3,,
6445.273,-15.64297519999991,-0.1,-6.815,7.442,0.009,-0.015,0.009,61.07,35.356014,-117.8180665,598.982,3,,
6446.261,-15.38050800000019,-0.1,-6.81,7.451,0.009,-0.015,0.009,61.08,35.3560137,-117.8180661,599.031,3,,
6447.246,-16.2335264000003,-0.105,-6.81,7.446,0.009,-0.016,0.009,61.08,35.3560135,-117.8180658,599.079,3,,
6448.232,-15.938250799999878,-0.091,-6.815,7.446,0.01,-0.015,0.009,61.09,35.3560135,-117.818066,599.081,3,,
6449.219,-15.938250799999878,-0.091,-6.82,7.456,0.009,-0.015,0.007,61.1,35.3560137,-117.8180665,599.031,3,,
6450.205,-16.824077599999782,-0.105,-6.815,7.446,0.009,-0.015,0.009,61.1,35.3560135,-117.8180662,599.032,3,,
6451.191,-16.824077599999782,-0.105,-6.82,7.451,0.007,-0.015,0.007,61.11,35.3560131,-117.8180658,598.958,3,,
6452.176,-16.528801999999814,-0.091,-6.81,7.456,0.009,-0.013,0.007,61.12,35.3560125,-117.818065,598.898,3,,
6453.165,-16.824077599999782,-0.1,-6.815,7.456,0.01,-0.013,0.007,61.13,35.3560126,-117.8180652,598.798,3,,
6454.252,-15.38050800000019,-0.1,-6.824,7.446,0.007,-0.015,0.01,61.14,35.3560128,-117.8180652,598.833,3,,
6455.237,-16.2335264000003,-0.1,-6.81,7.451,0.009,-0.013,0.009,61.14,35.3560126,-117.8180651,598.78,3,,
6456.23,-15.938250799999878,-0.096,-6.824,7.446,0.007,-0.015,0.009,61.15,35.3560127,-117.8180651,598.706,3,,
6457.216,-16.528801999999814,-0.091,-6.829,7.442,0.009,-0.013,0.009,61.16,35.3560127,-117.8180651,598.635,3,,
6458.204,-16.824077599999782,-0.096,-6.815,7.451,0.01,-0.015,0.009,61.17,35.3560129,-117.8180653,598.544,3,,
6459.195,-15.38050800000019,-0.096,-6.81,7.456,0.007,-0.013,0.009,61.18,35.3560131,-117.8180653,598.451,3,,
6460.183,-15.938250799999878,-0.1,-6.829,7.451,0.006,-0.015,0.007,61.18,35.3560129,-117.8180652,598.403,3,,
6461.282,-16.528801999999814,-0.086,-6.815,7.456,0.01,-0.015,0.007,61.18,35.3560127,-117.8180652,598.402,3,,
6462.274,-16.824077599999782,-0.091,-6.815,7.432,0.006,-0.015,0.009,61.18,35.3560127,-117.8180652,598.442,3,,
6463.262,-16.528801999999814,-0.091,-6.815,7.451,0.009,-0.016,0.01,61.2,35.3560126,-117.8180654,598.401,3,,
6464.248,-15.938250799999878,-0.091,-6.824,7.442,0.007,-0.016,0.009,61.21,35.3560125,-117.8180658,598.421,3,,
6465.243,-15.64297519999991,-0.081,-6.81,7.451,0.009,-0.015,0.009,61.21,35.3560125,-117.818066,598.43,3,,
6466.229,-16.2335264000003,-0.086,-6.824,7.442,0.01,-0.015,0.009,61.22,35.3560127,-117.8180663,598.472,3,,
6467.218,-15.64297519999991,-0.096,-6.815,7.446,0.009,-0.015,0.009,61.23,35.3560129,-117.8180665,598.494,3,,
6468.203,-16.2335264000003,-0.091,-6.824,7.451,0.007,-0.013,0.009,61.23,35.356013,-117.8180669,598.492,3,,
6469.188,-15.38050800000019,-0.096,-6.815,7.432,0.009,-0.013,0.009,61.24,35.3560133,-117.8180673,598.543,3,,
6470.278,-15.64297519999991,-0.086,-6.82,7.446,0.01,-0.013,0.009,61.24,35.3560135,-117.8180674,598.597,3,,
6471.263,-16.824077599999782,-0.096,-6.824,7.451,0.009,-0.015,0.009,61.24,35.3560137,-117.8180676,598.615,3,,
6472.248,-16.2335264000003,-0.091,-6.829,7.446,0.012,-0.015,0.007,61.24,35.356014,-117.818068,598.575,3,,
6473.233,-16.528801999999814,-0.091,-6.82,7.442,0.009,-0.015,0.009,61.25,35.3560144,-117.8180685,598.597,3,,
6474.22,-16.824077599999782,-0.086,-6.815,7.446,0.007,-0.015,0.009,61.26,35.356015,-117.8180691,598.556,3,,
6475.204,-16.2335264000003,-0.091,-6.815,7.437,0.009,-0.012,0.01,61.27,35.3560156,-117.8180696,598.505,3,,
6476.189,-15.64297519999991,-0.091,-6.81,7.461,0.009,-0.013,0.007,61.28,35.356016,-117.8180699,598.526,3,,
6477.176,-15.938250799999878,-0.086,-6.815,7.451,0.009,-0.016,0.007,61.28,35.356016,-117.8180701,598.557,3,,
6478.264,-16.2335264000003,-0.086,-6.815,7.442,0.01,-0.015,0.009,61.29,35.356016,-117.8180702,598.659,3,,
6479.25,-16.2335264000003,-0.081,-6.815,7.451,0.01,-0.015,0.009,61.29,35.3560161,-117.8180705,598.711,3,,
6480.237,-15.38050800000019,-0.086,-6.815,7.446,0.01,-0.015,0.007,61.3,35.3560158,-117.8180705,598.772,3,,
6481.224,-17.119353200000205,-0.091,-6.82,7.451,0.007,-0.013,0.009,61.31,35.3560155,-117.8180704,598.8,3,,
6482.207,-16.2335264000003,-0.081,-6.81,7.461,0.009,-0.016,0.007,61.32,35.3560154,-117.8180703,598.828,3,,
6483.192,-16.2335264000003,-0.081,-6.815,7.442,0.007,-0.015,0.007,61.32,35.3560153,-117.8180703,598.79,3,,
6484.285,-15.085232400000223,-0.077,-6.824,7.437,0.009,-0.013,0.007,61.33,35.3560155,-117.8180706,598.755,3,,
6485.271,-15.085232400000223,-0.086,-6.824,7.442,0.009,-0.015,0.009,61.34,35.3560158,-117.818071,598.743,3,,
6486.257,-13.936938400000145,-0.086,-6.824,7.451,0.011,-0.015,0.009,61.35,35.3560157,-117.8180711,598.725,3,,
6487.247,-15.085232400000223,-0.081,-6.815,7.451,0.01,-0.015,0.009,61.35,35.3560155,-117.8180713,598.72,3,,
6488.234,-14.494681199999832,-0.077,-6.834,7.423,0.006,-0.013,0.009,61.36,35.3560152,-117.818071,598.651,3,,
6489.218,-15.64297519999991,-0.072,-6.815,7.461,0.007,-0.015,0.007,61.37,35.3560149,-117.8180708,598.614,3,,
6490.208,-15.64297519999991,-0.077,-6.82,7.451,0.009,-0.013,0.009,61.37,35.3560146,-117.8180707,598.634,3,,
6491.195,-14.7899567999998,-0.081,-6.82,7.446,0.011,-0.013,0.009,61.38,35.3560148,-117.8180703,598.615,3,,
6492.178,-15.38050800000019,-0.086,-6.815,7.451,0.009,-0.015,0.009,61.39,35.3560147,-117.8180699,598.616,3,,
6493.268,-16.528801999999814,-0.077,-6.82,7.456,0.01,-0.013,0.009,61.39,35.3560147,-117.8180707,598.51,3,,
6494.253,-16.824077599999782,-0.077,-6.81,7.456,0.006,-0.015,0.01,61.4,35.3560141,-117.8180708,598.563,3,,
6495.245,-15.64297519999991,-0.081,-6.824,7.437,0.007,-0.015,0.009,61.41,35.356014,-117.818071,598.729,3,,
6496.229,-15.38050800000019,-0.072,-6.81,7.442,0.009,-0.013,0.009,61.41,35.356014,-117.8180711,598.905,3,,
6497.215,-16.2335264000003,-0.067,-6.824,7.437,0.009,-0.015,0.007,61.42,35.356014,-117.818071,598.909,3,,
6498.207,-15.64297519999991,-0.072,-6.824,7.451,0.01,-0.013,0.009,61.42,35.3560138,-117.8180711,598.904,3,,
6499.207,-15.64297519999991,-0.086,-6.82,7.451,0.007,-0.015,0.009,61.43,35.3560132,-117.8180713,598.965,3,,
6500.191,-15.38050800000019,-0.081,-6.82,7.451,0.009,-0.015,0.007,61.44,35.3560128,-117.8180711,599.038,3,,
6501.177,-15.64297519999991,-0.077,-6.824,7.427,0.007,-0.013,0.009,61.45,35.3560126,-117.8180717,599.008,3,,
6502.266,-15.085232400000223,-0.072,-6.81,7.451,0.009,-0.013,0.009,61.46,35.3560125,-117.8180717,599.023,3,,
6503.251,-16.2335264000003,-0.077,-6.82,7.451,0.009,-0.013,0.009,61.46,35.3560124,-117.8180717,599.078,3,,
6504.238,-16.2335264000003,-0.077,-6.824,7.451,0.01,-0.015,0.009,61.47,35.3560121,-117.8180718,599.041,3,,
6505.226,-16.528801999999814,-0.077,-6.815,7.461,0.009,-0.015,0.01,61.48,35.3560121,-117.8180714,599.09,3,,
6506.212,-15.38050800000019,-0.086,-6.81,7.442,0.009,-0.016,0.009,61.49,35.3560118,-117.8180709,599.116,3,,
6507.2,-15.938250799999878,-0.067,-6.82,7.456,0.009,-0.015,0.007,61.49,35.3560121,-117.8180707,599.055,3,,
6508.184,-16.824077599999782,-0.072,-6.829,7.446,0.007,-0.013,0.009,61.5,35.3560121,-117.8180703,599.01,3,,
6509.273,-15.64297519999991,-0.077,-6.82,7.456,0.007,-0.013,0.007,61.51,35.3560124,-117.8180707,598.953,3,,
6510.279,-14.7899567999998,-0.077,-6.824,7.446,0.009,-0.015,0.009,61.51,35.3560126,-117.8180716,598.873,3,,
6511.263,-16.2335264000003,-0.072,-6.815,7.456,0.009,-0.013,0.009,61.52,35.3560125,-117.8180719,598.892,3,,
6512.248,-15.38050800000019,-0.067,-6.82,7.446,0.007,-0.013,0.009,61.53,35.3560121,-117.8180719,598.907,3,,
6513.303,-16.528801999999814,-0.072,-6.824,7.456,0.009,-0.015,0.007,61.53,35.356012,-117.818072,598.887,3,,
6514.188,-15.938250799999878,-0.072,-6.82,7.451,0.009,-0.015,0.007,61.54,35.356012,-117.8180722,598.853,3,,
6515.276,-14.7899567999998,-0.067,-6.815,7.437,0.007,-0.015,0.009,61.55,35.3560121,-117.8180723,598.882,3,,
6516.264,-15.938250799999878,-0.067,-6.824,7.461,0.01,-0.013,0.009,61.56,35.3560117,-117.818072,598.879,3,,
6517.249,-14.7899567999998,-0.067,-6.82,7.451,0.01,-0.015,0.009,61.56,35.3560117,-117.8180718,598.913,3,,
6518.236,-16.2335264000003,-0.067,-6.82,7.456,0.009,-0.013,0.007,61.57,35.3560115,-117.8180715,598.983,3,,
6519.221,-14.199405600000318,-0.062,-6.82,7.451,0.009,-0.015,0.007,61.57,35.3560112,-117.8180713,599.031,3,,
6520.211,-14.199405600000318,-0.067,-6.82,7.451,0.009,-0.015,0.009,61.58,35.3560108,-117.8180711,599.083,3,,
6521.199,-14.199405600000318,-0.077,-6.815,7.456,0.009,-0.013,0.009,61.59,35.3560104,-117.8180709,599.151,3,,
6522.196,-14.494681199999832,-0.062,-6.81,7.442,0.007,-0.015,0.009,61.59,35.35601,-117.8180708,599.218,3,,
6523.186,-15.38050800000019,-0.057,-6.815,7.446,0.007,-0.015,0.009,61.6,35.35601,-117.8180706,599.264,3,,
6524.273,-15.38050800000019,-0.067,-6.81,7.446,0.01,-0.013,0.009,61.61,35.3560102,-117.8180706,599.24,3,,
6525.259,-16.528801999999814,-0.062,-6.824,7.451,0.007,-0.015,0.009,61.62,35.3560105,-117.818071,599.247,3,,
6526.243,-15.38050800000019,-0.072,-6.815,7.466,0.009,-0.013,0.009,61.62,35.3560108,-117.8180717,599.195,3,,
6527.23,-15.085232400000223,-0.067,-6.829,7.451,0.009,-0.013,0.007,61.63,35.356011,-117.8180723,599.115,3,,
6528.214,-15.38050800000019,-0.072,-6.82,7.456,0.01,-0.015,0.009,61.64,35.3560109,-117.8180724,599.139,3,,
6529.199,-14.494681199999832,-0.077,-6.829,7.451,0.009,-0.016,0.009,61.64,35.3560107,-117.8180724,599.138,3,,
6530.187,-15.38050800000019,-0.067,-6.815,7.456,0.009,-0.016,0.009,61.65,35.3560104,-117.8180725,599.108,3,,
6531.272,-15.085232400000223,-0.072,-6.824,7.456,0.009,-0.016,0.009,61.66,35.3560103,-117.8180725,599.034,3,,
6532.262,-14.7899567999998,-0.067,-6.824,7.451,0.009,-0.015,0.01,61.67,35.3560104,-117.8180728,599.016,3,,
6533.247,-15.38050800000019,-0.057,-6.829,7.451,0.007,-0.015,0.009,61.67,35.3560105,-117.8180731,599.033,3,,
6534.235,-15.64297519999991,-0.057,-6.815,7.442,0.007,-0.013,0.009,61.68,35.3560103,-117.8180729,599.097,3,,
6535.225,-15.64297519999991,-0.057,-6.824,7.456,0.009,-0.013,0.009,61.69,35.3560102,-117.8180725,599.173,3,,
6536.212,-15.938250799999878,-0.062,-6.829,7.442,0.009,-0.017,0.009,61.7,35.3560102,-117.818072,599.28,3,,
6537.2,-15.38050800000019,-0.057,-6.81,7.451,0.009,-0.015,0.007,61.7,35.3560104,-117.8180721,599.269,3,,
6538.184,-15.64297519999991,-0.062,-6.81,7.442,0.009,-0.015,0.009,61.71,35.3560109,-117.8180723,599.28,3,,
6539.269,-14.7899567999998,-0.053,-6.824,7.446,0.009,-0.015,0.009,61.72,35.356011,-117.8180718,599.285,3,,
6540.258,-15.64297519999991,-0.048,-6.815,7.442,0.01,-0.015,0.009,61.72,35.356011,-117.8180713,599.254,3,,
6541.25,-15.085232400000223,-0.053,-6.82,7.451,0.007,-0.015,0.007,61.73,35.3560108,-117.8180708,599.272,3,,
6542.236,-15.085232400000223,-0.048,-6.829,7.437,0.009,-0.016,0.007,61.73,35.3560105,-117.8180704,599.282,3,,
6543.226,-14.7899567999998,-0.053,-6.829,7.446,0.009,-0.013,0.009,61.74,35.3560104,-117.8180704,599.29,3,,
6544.214,-15.38050800000019,-0.057,-6.82,7.442,0.007,-0.013,0.01,61.75,35.3560102,-117.8180705,599.23,3,,
6545.2,-15.38050800000019,-0.048,-6.82,7.432,0.01,-0.016,0.009,61.75,35.3560101,-117.8180704,599.192,3,,
6546.191,-13.346387200000208,-0.053,-6.82,7.437,0.009,-0.015,0.009,61.75,35.3560102,-117.8180705,599.13,3,,
6547.276,-15.38050800000019,-0.057,-6.834,7.437,0.007,-0.015,0.009,61.76,35.3560101,-117.8180702,599.097,3,,
6548.268,-15.938250799999878,-0.057,-6.82,7.442,0.009,-0.015,0.009,61.77,35.3560097,-117.8180701,599.054,3,,
6549.254,-15.64297519999991,-0.048,-6.82,7.446,0.01,-0.015,0.009,61.78,35.3560097,-117.8180697,599.008,3,,
6550.238,-14.7899567999998,-0.053,-6.82,7.446,0.009,-0.015,0.007,61.79,35.3560097,-117.8180697,598.957,3,,
6551.238,-16.528801999999814,-0.057,-6.81,7.461,0.01,-0.013,0.009,61.79,35.3560097,-117.8180695,599.031,3,,
6552.223,-14.7899567999998,-0.043,-6.824,7.437,0.009,-0.015,0.007,61.8,35.3560098,-117.8180695,599.072,3,,
6553.209,-15.938250799999878,-0.057,-6.815,7.446,0.009,-0.015,0.007,61.81,35.35601,-117.8180699,599.074,3,,
6554.208,-15.938250799999878,-0.043,-6.815,7.446,0.002,-0.016,0.006,61.81,35.3560103,-117.8180699,599.206,3,,
6555.196,-15.64297519999991,-0.053,-6.772,7.49,0.01,-0.016,0.01,61.82,35.3560106,-117.81807,599.311,3,,
6556.185,-15.085232400000223,-0.053,-6.834,7.413,0.011,-0.013,0.009,61.82,35.3560103,-117.8180696,599.399,3,,
6557.271,-71.54848880000009,-0.053,-6.81,7.437,0.021,-0.015,0.007,61.86,35.35601,-117.8180689,599.515,3,,
6558.261,-70.40019480000001,-0.043,-6.796,7.437,0.005,-0.013,0.009,61.85,35.3560097,-117.8180685,599.515,3,,
6559.246,-70.66266199999973,-0.038,-6.82,7.437,0.011,-0.015,0.009,61.84,35.3560098,-117.8180682,599.614,3,,
6560.237,-70.95793760000015,-0.033,-6.82,7.466,0.0,-0.015,0.009,61.84,35.3560099,-117.8180679,599.75,3,,
6561.236,-72.13904000000002,-0.057,-6.738,7.494,0.002,-0.012,0.01,61.84,35.3560093,-117.8180677,599.908,3,,
6562.225,-70.66266199999973,-0.057,-6.882,7.37,0.009,-0.015,0.009,61.84,35.3560089,-117.8180683,600.158,3,,
6563.322,-70.66266199999973,0.029,-6.475,7.561,-0.055,-0.017,-0.006,61.84,35.3560096,-117.8180687,600.302,3,,
6564.213,-70.66266199999973,-0.043,-6.662,7.178,-0.02,-0.056,0.078,61.8,35.3560101,-117.8180691,600.39,3,,
6565.206,-71.54848880000009,-0.048,-7.145,7.131,-0.083,0.012,-0.029,61.79,35.3560103,-117.8180691,600.342,3,,
6566.202,-69.80964360000007,0.038,-6.528,7.523,0.015,-0.012,0.009,61.8,35.3560108,-117.8180688,600.302,3,,
6567.19,-69.25190079999993,-0.062,-8.183,6.274,0.086,-0.02,0.016,61.8,35.3560109,-117.8180687,600.298,3,,
6568.281,-69.25190079999993,0.043,-7.561,6.791,0.037,-0.01,-0.02,61.8,35.3560107,-117.8180687,600.386,3,,
6569.268,-70.40019480000001,-0.081,-7.183,7.025,-0.055,-0.01,0.017,61.81,35.3560106,-117.8180687,600.435,3,,
6570.257,-72.13904000000002,-0.053,-7.432,6.805,-0.026,-0.016,0.009,61.78,35.3560106,-117.818069,600.439,3,,
6571.252,-71.84376440000005,-0.053,-7.336,6.843,0.012,-0.013,0.01,61.76,35.3560109,-117.8180692,600.436,3,,
6572.239,-74.14035240000021,-0.048,-7.7,6.336,-0.004,-0.01,0.021,61.76,35.3560113,-117.8180691,600.397,3,,
6573.229,-73.2873340000001,0.148,-7.762,6.499,-0.022,0.017,-0.013,61.73,35.3560115,-117.8180692,600.353,3,,
6574.234,-74.14035240000021,-0.043,-7.533,6.69,-0.006,-0.007,-0.001,61.73,35.356012,-117.8180692,600.322,3,,
6575.226,-75.32145480000008,0.029,-7.667,6.666,-0.145,-0.021,0.01,61.76,35.3560121,-117.8180682,600.333,3,,
6576.212,-71.84376440000005,-1.728,-15.295,3.503,0.393,-0.123,0.057,61.76,35.3560117,-117.8180679,600.33,3,,
6577.206,-72.13904000000002,0.053,-7.36,6.485,0.037,-0.007,0.007,61.71,35.3560114,-117.8180673,600.368,3,,
6578.189,-73.87788520000004,0.043,-7.624,6.657,0.006,-0.015,0.006,61.66,35.3560114,-117.818067,600.396,3,,
6579.178,-73.58260960000007,-0.005,-7.767,6.465,0.042,-0.017,0.004,61.69,35.3560114,-117.8180668,600.343,3,,
6580.174,-73.87788520000004,-0.081,-7.791,6.748,-0.122,-0.046,-0.002,61.73,35.3560113,-117.8180662,600.318,3,,
6581.266,-71.84376440000005,-0.024,-7.619,6.724,0.004,-0.012,0.005,61.74,35.3560111,-117.8180657,600.333,3,,
6582.257,-72.69678279999971,-0.043,-7.604,6.609,0.005,-0.015,0.009,61.75,35.3560107,-117.8180649,600.18,3,,
6583.246,-70.95793760000015,-0.005,-7.6,6.619,0.01,-0.013,0.009,61.73,35.3560104,-117.8180647,600.239,3,,
6584.237,-70.66266199999973,-0.019,-7.6,6.614,0.009,-0.013,0.009,61.73,35.3560103,-117.8180646,600.298,3,,
6585.224,-71.25321320000012,-0.005,-7.628,6.623,0.006,-0.015,0.006,61.74,35.3560102,-117.8180652,600.23,3,,
6586.214,-70.40019480000001,-0.005,-7.6,6.609,0.017,-0.012,0.01,61.75,35.3560105,-117.8180659,600.233,3,,
6587.199,-72.13904000000002,0.0,-7.624,6.595,0.009,-0.016,0.007,61.76,35.3560105,-117.8180664,600.204,3,,
6588.183,-73.58260960000007,-0.024,-7.657,6.504,-0.035,-0.015,0.012,61.76,35.3560105,-117.8180665,600.315,3,,
6589.175,-72.69678279999971,0.024,-7.643,6.58,-0.002,-0.012,0.006,61.74,35.3560105,-117.8180665,600.295,3,,
6590.262,-72.13904000000002,0.005,-7.681,6.523,0.035,-0.015,0.009,61.75,35.3560107,-117.8180665,600.161,3,,
6591.249,-70.10491920000004,0.0,-7.595,6.628,0.009,-0.015,0.009,61.75,35.3560113,-117.818067,600.067,3,,
6592.24,-72.99205840000013,-0.019,-7.59,6.58,0.038,-0.01,0.009,61.76,35.3560114,-117.8180674,599.929,3,,
6593.229,-74.14035240000021,0.0,-7.614,6.552,0.006,-0.01,0.007,61.76,35.3560114,-117.8180679,599.818,3,,
6594.215,-74.14035240000021,0.019,-7.552,6.7,-0.033,-0.016,0.009,61.75,35.356012,-117.818068,599.626,3,,
6595.302,-73.2873340000001,0.029,-7.624,6.671,0.022,-0.023,0.016,61.75,35.3560123,-117.8180679,599.558,3,,
6596.184,-72.43431559999999,0.01,-7.533,6.657,0.001,-0.016,0.011,61.74,35.3560125,-117.8180678,599.429,3,,
6597.271,-73.2873340000001,-0.043,-7.604,6.599,0.012,-0.013,0.007,61.73,35.3560124,-117.8180675,599.423,3,,
6598.255,-72.13904000000002,0.038,-7.585,6.619,0.042,-0.013,0.004,61.74,35.3560131,-117.8180664,599.118,3,,
6599.238,-72.69678279999971,-0.029,-7.518,6.657,0.033,-0.009,0.004,61.74,35.3560131,-117.818066,599.024,3,,
6600.225,-71.84376440000005,-0.01,-7.571,6.633,-0.005,-0.013,0.009,61.72,35.3560127,-117.8180658,599.052,3,,
6601.216,-72.69678279999971,0.01,-7.504,6.748,0.018,-0.017,0.009,61.72,35.3560128,-117.8180656,599.055,3,,
6602.202,-72.69678279999971,0.014,-7.494,6.714,0.013,-0.012,0.004,61.72,35.356013,-117.8180649,598.965,3,,
6603.287,-72.99205840000013,0.029,-7.423,6.815,-0.032,-0.012,0.018,61.7,35.3560131,-117.8180649,598.979,3,,
6604.173,-23.48418279999987,0.0,-7.528,6.724,-0.01,-0.016,0.007,61.68,35.3560135,-117.8180649,598.85,3,,
6605.258,-30.734839199999897,0.014,-7.557,6.705,-0.021,-0.016,0.012,61.68,35.3560139,-117.8180657,599.045,3,,
6606.244,-40.577359200000046,0.01,-7.513,6.7,0.009,-0.013,0.009,61.69,35.3560137,-117.8180657,599.186,3,,
6607.23,-42.61148000000003,0.014,-7.518,6.709,0.007,-0.013,0.007,61.71,35.3560138,-117.8180656,599.175,3,,
6608.215,-68.36607400000003,0.005,-7.528,6.681,0.01,-0.013,0.007,61.71,35.3560141,-117.8180649,598.996,3,,
6609.201,-62.591795600000296,0.0,-7.518,6.705,0.009,-0.015,0.009,61.71,35.3560143,-117.8180645,598.865,3,,
6610.188,-69.5143680000001,0.014,-7.518,6.705,0.007,-0.015,0.009,61.72,35.3560143,-117.8180644,598.803,3,,
6611.275,-64.03536519999989,0.005,-7.518,6.695,0.007,-0.015,0.009,61.72,35.3560144,-117.8180646,598.813,3,,
6612.261,-64.29783240000006,0.014,-7.518,6.695,0.009,-0.016,0.009,61.73,35.3560143,-117.8180648,598.841,3,,
6613.246,-69.80964360000007,0.014,-7.518,6.695,0.009,-0.013,0.007,61.73,35.3560149,-117.8180652,598.843,3,,
6614.233,-64.29783240000006,0.01,-7.518,6.709,0.009,-0.015,0.007,61.73,35.356015,-117.8180657,598.862,3,,
6615.218,-64.03536519999989,0.0,-7.523,6.7,0.007,-0.015,0.009,61.73,35.3560153,-117.8180662,598.872,3,,
6616.207,-68.6613496,0.01,-7.523,6.666,0.009,-0.013,0.009,61.73,35.3560152,-117.8180666,598.905,3,,
6617.193,-60.26239919999989,0.01,-7.518,6.709,0.007,-0.015,0.009,61.7,35.3560151,-117.818067,598.981,3,,
6618.18,-52.45400000000018,0.01,-7.523,6.7,0.007,-0.015,0.007,61.71,35.3560153,-117.8180673,599.015,3,,
6619.266,-55.341139199999816,0.005,-7.523,6.676,0.01,-0.016,0.009,61.72,35.356015,-117.8180676,599.038,3,,
6620.251,-70.10491920000004,-0.005,-7.509,6.662,0.006,-0.016,0.009,61.73,35.3560151,-117.8180681,599.101,3,,
6621.24,-72.99205840000013,0.019,-7.427,6.666,0.188,-0.023,0.016,61.73,35.3560148,-117.818068,599.018,3,,
6622.224,-72.43431559999999,-0.134,-8.719,6.221,-0.062,-0.012,0.004,61.71,35.3560148,-117.8180677,598.979,3,,
6623.214,-72.13904000000002,-0.096,-7.973,6.121,0.081,-0.017,0.121,61.72,35.3560151,-117.8180677,598.953,3,,
6624.199,-73.2873340000001,-0.005,-7.604,6.681,0.044,0.004,-0.011,61.71,35.3560153,-117.8180677,598.952,3,,
6625.194,-72.43431559999999,0.182,-7.652,6.532,-0.004,0.002,-0.011,61.71,35.3560154,-117.8180679,598.934,3,,
6626.177,-72.69678279999971,0.033,-7.892,6.418,0.002,-0.012,-0.021,61.7,35.3560156,-117.8180679,598.887,3,,
6627.264,-73.87788520000004,-0.426,-9.083,6.054,-0.077,0.136,-0.106,61.7,35.3560156,-117.8180679,598.873,3,,
6628.156,-74.14035240000021,0.215,-6.236,6.872,-0.009,-0.006,-0.012,61.7,35.3560154,-117.818068,598.822,3,,
6629.246,-73.87788520000004,-0.033,-7.844,6.212,-0.083,0.012,-0.042,61.7,35.3560156,-117.8180679,598.823,3,,
6630.237,-73.58260960000007,0.134,-7.442,6.245,0.033,-0.016,0.028,61.69,35.3560159,-117.8180682,598.837,3,,
6631.221,-74.14035240000021,0.072,-7.614,6.566,0.033,-0.021,0.017,61.69,35.3560162,-117.8180682,598.785,3,,
6632.208,-73.87788520000004,0.105,-7.681,6.599,0.012,-0.016,0.011,61.69,35.3560162,-117.8180682,598.759,3,,
6633.194,-73.2873340000001,0.081,-7.643,6.537,-0.015,-0.012,0.009,61.68,35.3560162,-117.8180682,598.752,3,,
6634.178,-74.43562800000018,0.086,-7.729,6.485,-0.026,-0.018,0.01,61.68,35.3560161,-117.8180679,598.707,3,,
6635.267,-74.14035240000021,0.067,-7.633,6.552,0.012,-0.016,0.007,61.68,35.3560166,-117.8180678,598.694,3,,
6636.255,-73.87788520000004,0.172,-7.49,6.858,0.026,-0.009,-0.002,61.68,35.3560167,-117.8180675,598.624,3,,
6637.238,-73.2873340000001,0.11,-7.604,6.595,0.053,-0.011,0.006,61.67,35.3560166,-117.8180673,598.558,3,,
6638.225,-72.43431559999999,0.091,-7.647,6.523,0.015,-0.016,0.009,61.67,35.3560163,-117.8180669,598.53,3,,
6639.313,-73.58260960000007,0.091,-7.705,6.475,-0.018,-0.011,0.01,61.66,35.356016,-117.8180665,598.509,3,,
6640.199,-73.87788520000004,0.067,-7.557,6.58,-0.043,-0.02,0.022,61.66,35.3560157,-117.8180661,598.466,3,,
6641.184,-72.69678279999971,-0.153,-8.672,6.829,-0.061,0.072,-0.1,61.66,35.3560155,-117.8180658,598.392,3,,
6642.181,-72.99205840000013,0.081,-7.686,6.499,0.018,-0.013,0.004,61.65,35.3560155,-117.8180656,598.267,3,,
6643.169,-72.69678279999971,0.144,-7.638,6.575,-0.009,-0.006,-0.005,61.65,35.3560157,-117.8180655,598.172,3,,
6644.159,-74.14035240000021,0.096,-7.557,6.676,0.016,-0.018,0.012,61.64,35.3560154,-117.8180654,598.081,3,,
6645.244,-73.58260960000007,0.091,-7.6,6.58,0.012,-0.007,0.004,61.64,35.3560154,-117.8180653,597.959,3,,
6646.229,-73.58260960000007,0.1,-7.71,6.475,0.013,-0.013,0.007,61.62,35.3560162,-117.8180653,597.766,3,,
6647.214,-72.99205840000013,0.081,-7.686,6.47,-0.011,-0.016,0.012,61.62,35.3560169,-117.8180655,597.615,3,,
6648.199,-72.99205840000013,0.086,-7.647,6.485,0.007,-0.013,0.009,61.62,35.3560175,-117.8180655,597.513,3,,
6649.184,-72.99205840000013,0.081,-7.743,6.47,0.005,-0.015,0.009,61.62,35.3560178,-117.8180656,597.447,3,,
6650.168,-71.54848880000009,0.1,-7.604,6.566,0.033,-0.02,0.01,61.62,35.3560174,-117.8180654,597.416,3,,
6651.155,-71.84376440000005,0.12,-7.896,6.178,-0.191,-0.018,0.009,61.61,35.356017,-117.8180653,597.37,3,,
6652.241,-71.54848880000009,0.043,-7.719,6.446,0.012,-0.012,0.005,61.6,35.356017,-117.8180654,597.343,3,,
6653.231,-34.80308079999986,0.053,-7.662,6.547,0.034,-0.013,0.01,61.59,35.3560167,-117.8180656,597.383,3,,
6654.218,-36.80439320000005,0.048,-7.724,6.446,0.007,-0.015,0.007,61.6,35.3560161,-117.8180654,597.345,3,,
6655.203,-34.50780519999989,0.053,-7.724,6.418,0.007,-0.015,0.01,61.59,35.3560168,-117.8180652,597.171,3,,
6656.191,-31.587857600000007,0.057,-7.729,6.413,0.009,-0.015,0.007,61.6,35.3560176,-117.8180655,597.135,3,,
6657.277,-30.734839199999897,0.062,-7.729,6.422,0.007,-0.015,0.009,61.59,35.3560176,-117.8180654,597.111,3,,
6658.263,-27.552424399999836,0.048,-7.724,6.432,0.006,-0.015,0.009,61.58,35.3560185,-117.8180657,597.139,3,,
6659.249,-28.995993999999882,0.062,-7.729,6.422,0.006,-0.013,0.007,61.59,35.3560186,-117.8180655,597.121,3,,
6660.236,-39.1337896,0.053,-7.719,6.422,0.007,-0.015,0.01,61.59,35.3560187,-117.8180657,597.167,3,,
6661.223,-30.14428799999996,0.053,-7.729,6.432,0.009,-0.015,0.007,61.59,35.3560182,-117.8180658,597.186,3,,
6662.207,-29.553736800000024,0.062,-7.724,6.441,0.009,-0.013,0.007,61.59,35.3560176,-117.8180658,597.254,3,,
6663.192,-28.995993999999882,0.057,-7.719,6.437,0.009,-0.013,0.009,61.59,35.3560181,-117.8180655,597.142,3,,
6664.181,-29.553736800000024,0.057,-7.714,6.432,0.009,-0.013,0.007,61.59,35.3560183,-117.8180654,597.111,3,,
6665.267,-28.700718399999914,0.057,-7.724,6.437,0.009,-0.015,0.009,61.59,35.3560179,-117.8180655,597.19,3,,
6666.252,-33.91725399999996,0.062,-7.724,6.422,0.009,-0.013,0.009,61.59,35.3560187,-117.8180654,597.094,3,,
6667.242,-70.10491920000004,0.072,-7.71,6.432,0.009,-0.013,0.009,61.61,35.3560189,-117.8180655,597.031,3,,
6668.227,-25.22302800000034,0.057,-7.724,6.456,0.007,-0.013,0.009,61.58,35.3560187,-117.8180659,597.051,3,,
6669.212,-68.07079840000006,0.057,-7.738,6.398,0.01,-0.015,0.009,61.61,35.3560192,-117.8180664,597.081,3,,
6670.2,-68.6613496,0.062,-7.719,6.427,0.007,-0.015,0.009,61.6,35.3560198,-117.8180661,597.051,3,,
6671.288,-64.03536519999989,0.062,-7.719,6.446,0.01,-0.016,0.009,61.6,35.3560195,-117.818066,597.066,3,,
6672.171,-66.33195320000004,0.053,-7.724,6.437,0.009,-0.015,0.009,61.6,35.3560193,-117.8180659,597.044,3,,
6673.259,-65.47893479999993,0.057,-7.719,6.437,0.009,-0.016,0.009,61.59,35.3560193,-117.8180655,597.035,3,,
6674.246,-55.04586359999985,0.057,-7.724,6.441,0.01,-0.013,0.009,61.58,35.3560191,-117.8180651,597.049,3,,
6675.236,-56.489433199999894,0.062,-7.714,6.446,0.007,-0.015,0.009,61.59,35.3560184,-117.8180647,597.109,3,,
6676.223,-29.849012399999992,0.057,-7.729,6.437,0.006,-0.015,0.009,61.58,35.356018,-117.8180649,597.159,3,,
6677.208,-33.03142720000005,0.057,-7.724,6.432,0.01,-0.013,0.009,61.58,35.3560162,-117.8180639,597.327,3,,
6678.203,-63.740089600000374,0.067,-7.714,6.422,0.007,-0.015,0.007,61.6,35.3560157,-117.8180636,597.456,3,,
6679.189,-45.49861920000012,0.072,-7.724,6.437,0.009,-0.015,0.007,61.59,35.3560153,-117.8180634,597.485,3,,
6680.275,-20.301768000000266,0.053,-7.729,6.446,0.007,-0.013,0.009,61.58,35.3560148,-117.8180636,597.465,3,,
6681.262,-19.415941199999907,0.057,-7.734,6.446,0.009,-0.011,0.009,61.58,35.3560149,-117.8180629,597.419,3,,
6682.246,-19.711216799999875,0.057,-7.657,6.461,0.006,-0.016,0.007,61.59,35.3560147,-117.818063,597.452,3,,
6683.23,-18.562922799999797,0.062,-7.7,6.47,0.009,-0.013,0.007,61.59,35.3560142,-117.8180632,597.486,3,,
6684.214,-19.153474000000188,0.072,-7.7,6.461,0.009,-0.015,0.009,61.6,35.3560135,-117.8180638,597.602,3,,
6685.2,-19.153474000000188,0.057,-7.705,6.461,0.007,-0.015,0.009,61.6,35.3560129,-117.8180641,597.616,3,,
6686.184,-18.562922799999797,0.062,-7.705,6.47,0.009,-0.015,0.007,61.6,35.3560125,-117.8180642,597.531,3,,
6687.272,-19.415941199999907,0.072,-7.695,6.48,0.006,-0.015,0.009,61.61,35.3560121,-117.8180644,597.412,3,,
6688.259,-18.267647200000283,0.067,-7.7,6.475,0.009,-0.016,0.009,61.61,35.3560118,-117.8180646,597.307,3,,
6689.244,-19.153474000000188,0.067,-7.7,6.465,0.009,-0.015,0.009,61.61,35.3560117,-117.8180645,597.206,3,,
6690.232,-18.562922799999797,0.072,-7.691,6.465,0.005,-0.015,0.009,61.62,35.3560119,-117.8180644,597.201,3,,
6691.217,-67.48024720000012,0.072,-7.7,6.456,0.01,-0.015,0.009,61.65,35.356012,-117.8180646,597.283,3,,
6692.204,-70.95793760000015,0.072,-7.691,6.432,0.009,-0.015,0.007,61.64,35.3560125,-117.8180649,597.276,3,,
6693.188,-69.80964360000007,0.081,-7.686,6.508,0.013,-0.015,0.011,61.63,35.3560123,-117.8180648,597.322,3,,
6694.274,-72.13904000000002,0.12,-9.394,4.532,-0.715,-0.021,-0.067,61.62,35.3560123,-117.818065,597.408,3,,
6695.266,-68.6613496,-0.163,-9.117,4.216,-0.495,-0.022,0.281,61.61,35.3560126,-117.8180654,597.413,3,,
6696.256,-68.6613496,-0.033,-9.547,0.933,-0.172,-0.013,-0.005,61.61,35.3560121,-117.818065,597.445,3,,
6697.245,-66.03667760000008,-0.033,-9.614,-1.015,0.277,0.015,0.06,61.6,35.3560118,-117.8180652,597.451,3,,
6698.256,-51.568173200000274,0.019,-9.806,-0.1,-0.002,-0.011,0.009,61.6,35.3560118,-117.8180651,597.43,3,,
6699.249,-52.45400000000018,-0.091,-10.509,-0.708,0.011,-0.02,0.035,61.6,35.3560121,-117.8180653,597.436,3,,
6700.238,-61.41069319999997,0.12,-9.844,0.057,-0.11,-0.032,-0.034,61.61,35.3560123,-117.8180655,597.473,3,,
6701.229,-62.001244399999905,0.177,-9.959,0.258,0.015,-0.027,0.072,61.6,35.3560129,-117.8180657,597.425,3,,
6702.216,-63.14953839999998,-0.144,-10.734,-0.455,-0.011,-0.032,0.126,61.6,35.3560129,-117.8180658,597.409,3,,
6703.207,-62.001244399999905,0.172,-9.825,0.048,0.015,0.04,-0.07,61.59,35.3560134,-117.8180655,597.29,3,,
6704.192,-62.591795600000296,0.144,-10.667,-0.325,-0.159,0.01,0.046,61.59,35.3560137,-117.8180653,597.17,3,,
6705.185,-63.14953839999998,0.273,-9.858,-0.096,0.009,-0.027,0.028,61.59,35.3560143,-117.8180654,597.098,3,,
6706.186,-63.44481399999995,0.44,-10.031,-0.34,0.004,-0.035,0.068,61.59,35.3560147,-117.8180654,597.046,3,,
6707.177,-61.41069319999997,0.211,-10.165,-0.502,0.027,0.015,0.006,61.59,35.3560151,-117.8180653,597.071,3,,
6708.273,-62.001244399999905,0.163,-10.107,-0.335,0.018,-0.001,0.018,61.58,35.3560157,-117.8180656,597.099,3,,
6709.273,-62.854262800000015,0.287,-9.892,-0.067,0.034,-0.015,0.021,61.58,35.3560162,-117.8180657,597.115,3,,
6710.262,-63.44481399999995,0.632,-9.523,-0.211,-0.108,0.015,-0.088,61.58,35.3560161,-117.8180659,597.117,3,,
6711.252,-63.740089600000374,0.0,-10.586,-0.225,0.013,0.064,-0.067,61.57,35.3560166,-117.8180662,597.121,3,,
6712.244,-63.740089600000374,0.407,-9.897,-0.024,-0.018,-0.016,0.004,61.57,35.3560167,-117.8180663,597.024,3,,
6713.233,-65.47893479999993,0.574,-9.031,-0.479,0.02,-0.083,0.126,61.57,35.3560172,-117.8180665,597.038,3,,
