type,ms,gps_valid,lat,lon,gps_alt_mm,heading,fix_type,sats,imu_valid,ax,ay,az,gx,gy,gz,imu_temp_c,alt1_valid,alt1_pressure_mbar,alt1_temp_c,alt1_alt_m,alt2_valid,alt2_pressure_mbar,alt2_temp_c,alt2_alt_m
T,3580,1,353478849,-1178094812,622612,7271663,3,27,1,-0.230,-4.183,-8.672,0.006,-0.013,0.006,70.06,1,941.71,49.04,661.39,1,939.55,49.69,632.49
T,4156,1,353478844,-1178094814,622807,7271663,3,27,1,-0.230,-4.164,-8.696,0.007,-0.013,0.007,69.85,1,941.67,49.04,661.74,1,939.54,49.69,632.58
T,5234,1,353478841,-1178094816,622779,7271663,3,27,1,-0.215,-4.168,-8.715,0.010,-0.012,0.006,69.75,1,941.72,49.05,661.30,1,939.60,49.69,632.05
T,6275,1,353478838,-1178094818,622807,7271663,3,26,1,-0.230,-4.168,-8.686,0.006,-0.013,0.006,69.77,1,941.77,49.05,660.86,1,939.59,49.70,632.14
T,7258,1,353478827,-1178094827,622882,7271663,3,27,1,-0.206,-4.111,-8.767,0.004,-0.013,0.007,69.80,1,941.76,49.06,660.95,1,939.60,49.70,632.05
T,8235,1,353478818,-1178094832,622945,7271663,3,26,1,-0.220,-4.015,-8.839,0.017,-0.013,0.006,69.80,1,941.83,49.06,660.33,1,939.65,49.70,631.61
T,9277,1,353478814,-1178094834,623076,7271663,3,28,1,-0.225,-4.250,-8.700,0.009,-0.012,0.006,69.84,1,941.81,49.06,660.51,1,939.63,49.70,631.78
T,10155,1,353478814,-1178094833,623047,7271663,3,28,1,-0.225,-4.173,-8.758,0.004,-0.013,0.007,69.88,1,941.85,49.07,660.15,1,939.72,49.70,630.99
T,11237,1,353478814,-1178094832,622873,7271663,3,27,1,-0.211,-4.159,-8.696,0.010,-0.015,0.007,69.88,1,941.88,49.07,659.89,1,939.67,49.70,631.43
T,12222,1,353478814,-1178094831,622585,7271663,3,27,1,-0.220,-4.197,-8.748,0.010,-0.012,0.006,69.89,1,941.89,49.07,659.80,1,939.68,49.70,631.34
T,13264,1,353478814,-1178094830,622517,7271663,3,25,1,-0.225,-4.192,-8.753,0.010,-0.015,0.007,69.84,1,941.88,49.08,659.89,1,939.62,49.70,631.87
T,14141,1,353478813,-1178094828,622405,7271663,3,25,1,-0.211,-4.187,-8.681,0.009,-0.013,0.007,69.87,1,941.88,49.07,659.89,1,939.66,49.71,631.52
T,15219,1,353478812,-1178094828,622284,7271663,3,26,1,-0.220,-4.149,-8.763,0.006,-0.013,0.006,69.71,1,941.81,49.05,660.51,1,939.61,49.67,631.96
T,16263,1,353478804,-1178094832,622121,7271663,3,25,1,-0.206,-4.202,-8.672,0.010,-0.013,0.009,69.83,1,941.85,49.03,660.15,1,939.63,49.65,631.78
T,17247,1,353478794,-1178094835,621595,7271663,3,25,1,-0.215,-4.216,-8.705,0.006,-0.013,0.009,69.84,1,941.87,49.05,659.98,1,939.62,49.68,631.87
T,18232,1,353478779,-1178094841,621089,7271663,3,26,1,-0.215,-4.216,-8.686,0.009,-0.015,0.009,69.85,1,941.73,49.06,661.22,1,939.57,49.69,632.31
T,19211,1,353478783,-1178094841,620836,7271663,3,27,1,-0.220,-4.231,-8.667,0.009,-0.012,0.006,69.76,1,941.75,49.07,661.04,1,939.55,49.70,632.49
T,20250,1,353478788,-1178094841,621029,7271663,3,27,1,-0.220,-4.207,-8.715,0.004,-0.012,0.006,69.75,1,941.73,49.07,661.22,1,939.56,49.70,632.40
T,21228,1,353478791,-1178094840,621005,7271663,3,26,1,-0.220,-4.140,-8.715,0.009,-0.013,0.006,69.75,1,941.71,49.08,661.39,1,939.58,49.71,632.22
T,22212,1,353478792,-1178094843,620958,7271663,3,26,1,-0.234,-4.216,-8.700,0.005,-0.013,0.006,69.70,1,941.72,49.08,661.30,1,939.59,49.71,632.14
T,23254,1,353478790,-1178094847,621015,7271663,3,26,1,-0.225,-4.168,-8.696,0.005,-0.015,0.007,69.75,1,941.81,49.09,660.51,1,939.65,49.72,631.61
T,24233,1,353478788,-1178094849,621056,7271663,3,26,1,-0.220,-4.130,-8.700,0.001,-0.012,0.007,69.82,1,941.85,49.09,660.15,1,939.65,49.72,631.61
T,25211,1,353478788,-1178094850,621027,7271663,3,25,1,-0.225,-4.264,-8.681,0.005,-0.013,0.006,69.82,1,941.80,49.09,660.60,1,939.58,49.72,632.22
T,26189,1,353478790,-1178094848,620965,7271663,3,25,1,-0.220,-4.149,-8.719,0.006,-0.015,0.006,69.80,1,941.70,49.09,661.48,1,939.51,49.72,632.85
T,27331,1,353478792,-1178094846,620897,7271663,3,26,1,-0.234,-4.240,-8.700,0.006,-0.013,0.007,69.75,1,941.69,49.09,661.57,1,939.57,49.73,632.31
T,28210,1,353478790,-1178094846,620811,7271663,3,26,1,-0.230,-4.202,-8.719,0.007,-0.012,0.007,69.71,1,941.71,49.10,661.39,1,939.60,49.73,632.05
T,29187,1,353478791,-1178094844,620940,7271663,3,27,1,-0.230,-4.173,-8.719,0.009,-0.013,0.006,69.77,1,941.67,49.10,661.74,1,939.57,49.73,632.31
T,30229,1,353478790,-1178094843,620945,7271663,3,27,1,-0.220,-4.173,-8.710,0.007,-0.012,0.006,69.74,1,941.71,49.11,661.39,1,939.59,49.73,632.14
T,31208,1,353478785,-1178094847,621035,7271663,3,26,1,-0.230,-4.216,-8.696,0.009,-0.015,0.006,69.78,1,941.66,49.11,661.83,1,939.56,49.74,632.40
T,32187,1,353478783,-1178094849,621067,7271663,3,26,1,-0.244,-4.154,-8.772,0.009,-0.012,0.007,69.80,1,941.71,49.12,661.39,1,939.54,49.74,632.58
T,33170,1,353478783,-1178094849,621180,7271663,3,27,1,-0.220,-4.235,-8.691,0.013,-0.015,0.006,69.79,1,941.67,49.12,661.74,1,939.55,49.75,632.49
T,34213,1,353478784,-1178094849,621303,7271663,3,27,1,-0.225,-4.269,-8.633,-0.005,-0.013,0.007,69.76,1,941.72,49.12,661.30,1,939.57,49.75,632.31
T,35191,1,353478782,-1178094852,621333,7271663,3,26,1,-0.225,-4.235,-8.719,0.000,-0.012,0.007,69.80,1,941.71,49.13,661.39,1,939.57,49.75,632.31
T,36171,1,353478782,-1178094854,621433,7271663,3,26,1,-0.225,-4.207,-8.691,0.009,-0.013,0.007,69.81,1,941.74,49.14,661.13,1,939.57,49.76,632.31
T,37216,1,353478782,-1178094853,621540,7271663,3,26,1,-0.220,-4.140,-8.815,0.007,-0.012,0.006,69.83,1,941.79,49.14,660.69,1,939.60,49.76,632.05
T,38195,1,353478782,-1178094854,621576,7271663,3,26,1,-0.234,-4.154,-8.786,0.012,-0.013,0.007,69.82,1,941.72,49.14,661.30,1,939.55,49.76,632.49
T,39179,1,353478780,-1178094855,621812,7271663,3,26,1,-0.239,-4.197,-8.820,-0.029,-0.010,0.007,69.84,1,941.71,49.14,661.39,1,939.59,49.77,632.14
T,40157,1,353478781,-1178094852,621984,7271663,3,25,1,-0.215,-4.164,-8.595,-0.016,-0.012,0.010,69.83,1,941.73,49.15,661.22,1,939.58,49.77,632.22
T,41297,1,353478782,-1178094850,622102,7271663,3,25,1,-0.211,-4.149,-8.662,0.006,-0.015,0.007,69.83,1,941.72,49.15,661.30,1,939.55,49.77,632.49
T,42175,1,353478780,-1178094847,622414,7271663,3,25,1,-0.215,-4.159,-8.743,0.002,-0.013,0.007,69.82,1,941.75,49.15,661.04,1,939.51,49.77,632.85
T,43260,1,353478776,-1178094844,622621,7271663,3,25,1,-0.220,-4.053,-8.853,-0.004,-0.012,0.005,69.86,1,941.73,49.15,661.22,1,939.53,49.78,632.67
T,44311,1,353478774,-1178094838,622892,7271663,3,25,1,-0.230,-4.207,-8.672,0.001,-0.012,0.006,69.84,1,941.71,49.16,661.39,1,939.58,49.78,632.22
T,45189,1,353478771,-1178094835,623056,7271663,3,25,1,-0.225,-4.250,-8.691,0.006,-0.013,0.007,69.83,1,941.73,49.16,661.22,1,939.58,49.79,632.22
T,46172,1,353478768,-1178094829,623201,7271663,3,25,1,-0.220,-4.178,-8.743,0.004,-0.013,0.006,69.82,1,941.70,49.16,661.48,1,939.54,49.79,632.58
T,47252,1,353478768,-1178094820,623353,7271663,3,26,1,-0.220,-4.144,-8.729,0.006,-0.012,0.006,69.82,1,941.73,49.16,661.22,1,939.56,49.79,632.40
T,48297,1,353478769,-1178094812,623483,7271663,3,25,1,-0.244,-4.235,-8.705,0.017,-0.012,0.009,69.82,1,941.71,49.17,661.39,1,939.53,49.79,632.67
T,49173,1,353478766,-1178094806,623636,7271663,3,27,1,-0.220,-4.216,-8.648,0.005,-0.012,0.006,69.82,1,941.71,49.17,661.39,1,939.58,49.80,632.22
T,50153,1,353478768,-1178094805,623441,7271663,3,27,1,-0.230,-4.168,-8.581,-0.001,-0.012,0.007,69.80,1,941.67,49.17,661.74,1,939.54,49.80,632.58
T,51235,1,353478775,-1178094807,623026,7271663,3,27,1,-0.234,-4.278,-8.595,0.006,-0.013,0.006,69.82,1,941.70,49.17,661.48,1,939.56,49.80,632.40
T,52276,1,353478780,-1178094803,622920,7271663,3,28,1,-0.230,-4.278,-8.672,-0.001,-0.012,0.007,69.87,1,941.70,49.18,661.48,1,939.54,49.80,632.58
T,53254,1,353478782,-1178094802,622956,7271663,3,27,1,-0.225,-4.245,-8.681,0.016,-0.013,0.006,69.84,1,941.70,49.18,661.48,1,939.57,49.81,632.31
T,54233,1,353478783,-1178094802,623226,7271663,3,28,1,-0.220,-4.216,-8.686,0.009,-0.012,0.006,69.86,1,941.67,49.18,661.74,1,939.58,49.81,632.22
T,55283,1,353478783,-1178094803,623421,7271663,3,27,1,-0.215,-4.202,-8.729,0.002,-0.012,0.006,69.86,1,941.71,49.19,661.39,1,939.57,49.82,632.31
T,56160,1,353478783,-1178094804,623600,7271663,3,25,1,-0.215,-4.192,-8.710,0.006,-0.013,0.006,69.88,1,941.71,49.19,661.39,1,939.55,49.82,632.49
T,57240,1,353478784,-1178094803,623737,7271663,3,27,1,-0.220,-4.183,-8.676,0.006,-0.012,0.007,69.87,1,941.70,49.20,661.48,1,939.59,49.82,632.14
T,58219,1,353478784,-1178094802,623833,7271663,3,27,1,-0.220,-4.197,-8.700,0.007,-0.013,0.009,69.88,1,941.71,49.20,661.39,1,939.54,49.83,632.58
T,59259,1,353478784,-1178094801,623952,7271663,3,27,1,-0.230,-4.183,-8.715,0.006,-0.013,0.006,69.85,1,941.74,49.21,661.13,1,939.57,49.83,632.31
T,60238,1,353478782,-1178094802,623995,7271663,3,26,1,-0.215,-4.192,-8.691,0.007,-0.013,0.006,69.86,1,941.66,49.21,661.83,1,939.56,49.83,632.40
T,61217,1,353478782,-1178094803,624146,7271663,3,27,1,-0.230,-4.211,-8.729,0.007,-0.015,0.006,69.88,1,941.74,49.21,661.13,1,939.55,49.84,632.49
T,62263,1,353478779,-1178094806,624300,7271663,3,26,1,-0.230,-4.183,-8.715,0.005,-0.013,0.006,69.89,1,941.71,49.22,661.39,1,939.57,49.84,632.31
T,63141,1,353478777,-1178094810,624469,7271663,3,26,1,-0.225,-4.173,-8.710,0.007,-0.015,0.006,69.91,1,941.71,49.22,661.39,1,939.55,49.84,632.49
T,64219,1,353478776,-1178094814,624490,7271663,3,26,1,-0.225,-4.197,-8.729,0.007,-0.013,0.006,69.89,1,941.72,49.22,661.30,1,939.59,49.85,632.14
T,65199,1,353478772,-1178094821,624418,7271663,3,27,1,-0.225,-4.187,-8.705,0.007,-0.013,0.007,69.89,1,941.69,49.22,661.57,1,939.56,49.85,632.40
T,66241,1,353478772,-1178094826,624386,7271663,3,26,1,-0.225,-4.192,-8.758,0.009,-0.013,0.006,69.88,1,941.69,49.22,661.57,1,939.58,49.85,632.22
T,67225,1,353478770,-1178094835,624387,7271663,3,26,1,-0.230,-4.168,-8.777,0.011,-0.015,0.006,69.88,1,941.71,49.23,661.39,1,939.60,49.85,632.05
T,68203,1,353478770,-1178094842,624307,7271663,3,26,1,-0.225,-4.259,-8.648,0.004,-0.013,0.006,69.91,1,941.69,49.23,661.57,1,939.54,49.86,632.58
T,69248,1,353478770,-1178094848,624314,7271663,3,27,1,-0.225,-4.154,-8.743,0.007,-0.013,0.007,69.88,1,941.69,49.23,661.57,1,939.53,49.86,632.67
T,70227,1,353478774,-1178094849,624205,7271663,3,27,1,-0.230,-4.144,-8.763,0.002,-0.012,0.006,69.88,1,941.69,49.23,661.57,1,939.54,49.86,632.58
T,71207,1,353478773,-1178094854,624064,7271663,3,27,1,-0.225,-4.197,-8.715,0.011,-0.013,0.006,69.86,1,941.70,49.24,661.48,1,939.55,49.86,632.49
T,72194,1,353478769,-1178094859,624026,7271663,3,26,1,-0.230,-4.221,-8.734,0.010,-0.013,0.006,69.91,1,941.66,49.24,661.83,1,939.56,49.87,632.40
T,73235,1,353478770,-1178094858,624028,7271663,3,27,1,-0.230,-4.197,-8.672,0.012,-0.013,0.006,69.95,1,941.67,49.24,661.74,1,939.49,49.87,633.02
T,74216,1,353478775,-1178094854,623989,7271663,3,27,1,-0.220,-4.144,-8.739,0.007,-0.013,0.009,69.87,1,941.67,49.24,661.74,1,939.53,49.87,632.67
T,75195,1,353478778,-1178094852,623860,7271663,3,27,1,-0.215,-4.173,-8.743,0.001,-0.013,0.007,69.91,1,941.72,49.25,661.30,1,939.57,49.87,632.31
T,76266,1,353478781,-1178094851,623726,7271663,3,27,1,-0.215,-4.164,-8.652,0.006,-0.012,0.007,69.91,1,941.71,49.25,661.39,1,939.52,49.88,632.76
T,77245,1,353478785,-1178094847,623627,7271663,3,27,1,-0.220,-4.178,-8.724,0.009,-0.012,0.006,69.94,1,941.72,49.25,661.30,1,939.54,49.88,632.58
T,78224,1,353478787,-1178094845,623617,7271663,3,27,1,-0.225,-4.140,-8.844,-0.004,-0.010,0.005,69.93,1,941.73,49.26,661.22,1,939.55,49.88,632.49
T,79205,1,353478790,-1178094842,623644,7271663,3,27,1,-0.230,-4.231,-8.629,0.004,-0.012,0.006,69.94,1,941.71,49.26,661.39,1,939.58,49.89,632.22
T,80247,1,353478789,-1178094843,623715,7271663,3,27,1,-0.225,-4.240,-8.691,0.004,-0.013,0.006,69.96,1,941.73,49.27,661.22,1,939.58,49.89,632.22
T,81231,1,353478795,-1178094840,623619,7271663,3,27,1,-0.230,-4.221,-8.696,0.009,-0.012,0.007,69.95,1,941.72,49.27,661.30,1,939.58,49.89,632.22
T,82218,1,353478799,-1178094841,623614,7271663,3,27,1,-0.215,-4.168,-8.719,0.009,-0.013,0.005,70.00,1,941.73,49.27,661.22,1,939.56,49.90,632.40
T,83263,1,353478802,-1178094838,623609,7271663,3,27,1,-0.220,-4.240,-8.681,0.006,-0.012,0.007,69.95,1,941.73,49.28,661.22,1,939.54,49.90,632.58
T,84144,1,353478803,-1178094836,623682,7271663,3,26,1,-0.220,-4.187,-8.710,0.002,-0.013,0.007,69.96,1,941.72,49.27,661.30,1,939.52,49.90,632.76
T,85222,1,353478807,-1178094835,623560,7271663,3,27,1,-0.225,-4.235,-8.686,0.010,-0.015,0.007,69.95,1,941.68,49.28,661.66,1,939.56,49.91,632.40
T,86206,1,353478809,-1178094832,623528,7271663,3,27,1,-0.225,-4.240,-8.710,0.007,-0.013,0.007,69.94,1,941.68,49.28,661.66,1,939.52,49.91,632.76
T,87258,1,353478811,-1178094830,623377,7271663,3,27,1,-0.225,-4.254,-8.700,0.002,-0.012,0.007,69.95,1,941.71,49.29,661.39,1,939.54,49.91,632.58
T,88240,1,353478814,-1178094829,623366,7271663,3,28,1,-0.215,-4.135,-8.609,0.004,-0.013,0.007,69.94,1,941.67,49.29,661.74,1,939.51,49.91,632.85
T,89217,1,353478816,-1178094831,623295,7271663,3,28,1,-0.230,-4.250,-8.705,0.006,-0.013,0.006,69.99,1,941.69,49.28,661.57,1,939.55,49.91,632.49
T,90257,1,353478818,-1178094831,623327,7271663,3,27,1,-0.230,-4.221,-8.667,0.009,-0.013,0.006,69.93,1,941.66,49.28,661.83,1,939.53,49.91,632.67
T,91235,1,353478820,-1178094830,623361,7271663,3,27,1,-0.225,-4.221,-8.724,0.006,-0.013,0.006,69.98,1,941.72,49.28,661.30,1,939.53,49.91,632.67
T,92214,1,353478822,-1178094826,623296,7271663,3,27,1,-0.230,-4.207,-8.672,0.002,-0.013,0.006,69.99,1,941.66,49.29,661.83,1,939.54,49.91,632.58
T,93193,1,353478821,-1178094814,622991,7271663,3,28,1,-0.225,-4.245,-8.710,0.007,-0.013,0.006,70.03,1,941.66,49.29,661.83,1,939.53,49.92,632.67
T,94234,1,353478822,-1178094800,622931,7271663,3,27,1,-0.234,-4.207,-8.700,0.009,-0.013,0.007,69.96,1,941.68,49.29,661.66,1,939.53,49.93,632.67
T,95212,1,353478823,-1178094790,622799,7271663,3,27,1,-0.211,-4.269,-8.662,0.006,-0.013,0.009,69.95,1,941.66,49.30,661.83,1,939.51,49.93,632.85
T,96195,1,353478823,-1178094787,622767,7271663,3,27,1,-0.220,-4.216,-8.719,-0.001,-0.013,0.006,69.98,1,941.68,49.30,661.66,1,939.52,49.93,632.76
T,97239,1,353478823,-1178094783,622757,7271663,3,25,1,-0.225,-4.154,-8.667,0.005,-0.013,0.006,69.96,1,941.68,49.30,661.66,1,939.52,49.93,632.76
T,98222,1,353478830,-1178094775,622747,7271663,3,27,1,-0.230,-4.250,-8.686,0.012,-0.013,0.007,70.01,1,941.72,49.31,661.30,1,939.50,49.93,632.93
T,99201,1,353478831,-1178094771,622727,7271663,3,26,1,-0.215,-4.221,-8.672,0.004,-0.012,0.007,69.99,1,941.65,49.31,661.92,1,939.52,49.93,632.76
T,100181,1,353478832,-1178094768,622649,7271663,3,26,1,-0.234,-4.283,-8.729,-0.001,-0.012,0.007,70.06,1,941.69,49.30,661.57,1,939.52,49.93,632.76
T,101232,1,353478832,-1178094766,622569,7271663,3,26,1,-0.230,-4.192,-8.691,-0.001,-0.013,0.007,70.00,1,941.68,49.30,661.66,1,939.54,49.93,632.58
T,102216,1,353478837,-1178094765,622500,7271663,3,26,1,-0.225,-4.221,-8.691,0.006,-0.013,0.007,70.00,1,941.70,49.30,661.48,1,939.50,49.93,632.93
T,103201,1,353478846,-1178094760,622394,7271663,3,26,1,-0.225,-4.226,-8.681,0.004,-0.013,0.006,70.04,1,941.69,49.31,661.57,1,939.56,49.94,632.40
T,104241,1,353478852,-1178094754,622423,7271663,3,27,1,-0.230,-4.192,-8.648,0.005,-0.015,0.006,70.00,1,941.64,49.31,662.01,1,939.51,49.94,632.85
T,105219,1,353478856,-1178094751,622435,7271663,3,27,1,0.000,-4.901,-7.935,0.049,-0.011,-0.001,70.01,1,941.70,49.31,661.48,1,939.54,49.94,632.58
T,106197,1,353478861,-1178094746,622470,7271663,3,27,1,-0.321,-4.144,-8.820,0.050,-0.018,0.010,70.01,1,941.69,49.31,661.57,1,939.51,49.94,632.85
T,107176,1,353478867,-1178094738,622429,7271663,3,26,1,-0.321,-4.149,-8.696,-0.009,-0.013,0.010,69.96,1,941.63,49.31,662.10,1,939.50,49.95,632.93
T,108226,1,353478868,-1178094737,622479,7271663,3,25,1,-0.421,-4.307,-8.911,-0.006,-0.029,0.016,70.03,1,941.63,49.32,662.10,1,939.45,49.95,633.38
T,109212,1,353478866,-1178094737,622434,7271663,3,26,1,-0.660,-4.077,-8.504,-0.004,-0.029,0.013,70.03,1,941.62,49.32,662.19,1,939.50,49.95,632.93
T,110198,1,353478864,-1178094737,622480,7271663,3,26,1,-0.737,-4.197,-8.772,0.006,-0.022,0.010,70.04,1,941.67,49.32,661.74,1,939.49,49.96,633.02
T,111239,1,353478864,-1178094738,622603,7271663,3,26,1,-0.895,-4.178,-8.676,0.010,-0.031,0.015,70.06,1,941.61,49.33,662.28,1,939.49,49.96,633.02
T,112217,1,353478865,-1178094738,622574,7271663,3,26,1,-1.038,-4.135,-8.585,0.006,-0.022,0.011,70.07,1,941.59,49.33,662.45,1,939.45,49.97,633.38
T,113200,1,353478867,-1178094737,622612,7271663,3,26,1,-1.115,-4.187,-8.705,0.005,-0.028,0.012,69.99,1,941.61,49.34,662.28,1,939.45,49.97,633.38
T,114180,1,353478869,-1178094740,622666,7271663,3,26,1,-1.321,-4.116,-8.576,0.006,-0.024,0.012,70.01,1,941.61,49.34,662.28,1,939.44,49.98,633.46
T,115324,1,353478871,-1178094741,622741,7271663,3,27,1,-1.407,-4.183,-8.724,0.009,-0.023,0.011,70.02,1,941.62,49.35,662.19,1,939.47,49.98,633.20
T,116201,1,353478876,-1178094738,622746,7271663,3,27,1,-1.536,-4.120,-8.648,0.007,-0.028,0.013,69.98,1,941.56,49.33,662.72,1,939.42,49.96,633.64
T,117180,1,353478880,-1178094735,622676,7271663,3,28,1,-1.641,-4.216,-8.566,0.040,-0.005,0.001,70.03,1,941.60,49.35,662.36,1,939.42,49.97,633.64
T,118227,1,353478883,-1178094737,622543,7271663,3,28,1,-1.641,-4.164,-8.384,0.006,-0.006,0.002,70.00,1,941.54,49.35,662.89,1,939.43,49.98,633.55
T,119207,1,353478882,-1178094741,622373,7271663,3,29,1,-1.637,-4.058,-8.657,0.004,-0.018,0.007,69.98,1,941.59,49.36,662.45,1,939.44,49.99,633.46
T,120190,1,353478881,-1178094745,622183,7271663,3,28,1,-1.651,-4.149,-8.609,0.015,-0.009,0.004,70.00,1,941.59,49.36,662.45,1,939.47,50.00,633.20
T,121268,1,353478881,-1178094750,621972,7271663,3,28,1,-1.766,-4.580,-8.710,0.015,-0.049,0.009,70.02,1,941.54,49.36,662.89,1,939.41,50.00,633.73
T,122311,1,353478879,-1178094754,621783,7271663,3,27,1,-1.814,-3.991,-8.327,0.000,-0.034,0.016,70.00,1,941.60,49.37,662.36,1,939.41,50.00,633.73
T,123187,1,353478886,-1178094754,621599,7271663,3,28,1,-1.924,-4.020,-8.466,0.027,-0.015,0.007,69.99,1,941.56,49.37,662.72,1,939.43,50.00,633.55
T,124168,1,353478888,-1178094757,621598,7271663,3,27,1,-2.034,-4.073,-8.595,-0.009,-0.031,0.015,70.03,1,941.52,49.37,663.07,1,939.40,50.00,633.82
T,125315,1,353478888,-1178094759,621678,7271663,3,28,1,-2.173,-3.967,-8.375,-0.002,-0.022,0.011,69.99,1,941.52,49.35,663.07,1,939.42,49.99,633.64
T,126200,1,353478888,-1178094759,621818,7271663,3,26,1,-2.225,-4.082,-8.691,0.010,-0.022,0.012,69.95,1,941.55,49.36,662.80,1,939.40,49.99,633.82
T,127179,1,353478891,-1178094763,621937,7271663,3,26,1,-2.393,-3.958,-8.413,0.013,-0.027,0.012,70.05,1,941.53,49.36,662.98,1,939.41,50.00,633.73
T,128158,1,353478891,-1178094767,621965,7271663,3,27,1,-2.455,-4.030,-8.581,0.005,-0.023,0.011,70.05,1,941.54,49.37,662.89,1,939.41,50.01,633.73
T,129305,1,353478893,-1178094768,621963,7271663,3,26,1,-2.594,-3.986,-8.456,0.002,-0.027,0.012,70.08,1,941.53,49.38,662.98,1,939.40,50.01,633.82
T,130182,1,353478898,-1178094771,621888,7271663,3,27,1,-2.704,-3.996,-8.447,0.011,-0.021,0.011,69.96,1,941.53,49.38,662.98,1,939.41,50.01,633.73
T,131161,1,353478903,-1178094772,622126,7271663,3,27,1,-2.809,-3.934,-8.408,0.002,-0.026,0.012,69.97,1,941.50,49.38,663.25,1,939.38,50.02,634.00
T,132305,1,353478904,-1178094773,622266,7271663,3,27,1,-2.910,-3.939,-8.365,0.006,-0.021,0.011,70.04,1,941.53,49.38,662.98,1,939.39,50.02,633.91
T,133186,1,353478903,-1178094777,622402,7271663,3,27,1,-3.015,-3.967,-8.480,0.007,-0.026,0.012,70.02,1,941.49,49.38,663.34,1,939.32,50.02,634.53
T,134165,1,353478907,-1178094773,622358,7271663,3,26,1,-3.125,-3.896,-8.298,0.006,-0.023,0.011,70.07,1,941.50,49.38,663.25,1,939.33,50.01,634.44
T,135146,1,353478909,-1178094770,622290,7271663,3,26,1,-3.211,-3.886,-8.294,0.007,-0.024,0.011,70.08,1,941.51,49.37,663.16,1,939.37,50.01,634.08
T,136293,1,353478912,-1178094769,622231,7271663,3,25,1,-3.321,-3.833,-8.222,0.004,-0.023,0.012,70.02,1,941.50,49.37,663.25,1,939.33,50.01,634.44
T,137171,1,353478920,-1178094767,621901,7271663,3,26,1,-3.422,-3.900,-8.260,0.005,-0.024,0.011,70.03,1,941.51,49.37,663.16,1,939.35,50.02,634.26
T,138256,1,353478923,-1178094758,621855,7271663,3,26,1,-3.532,-3.800,-8.145,0.004,-0.022,0.010,70.02,1,941.51,49.38,663.16,1,939.34,50.02,634.35
T,139303,1,353478926,-1178094751,621886,7271663,3,25,1,-3.613,-3.872,-8.236,0.006,-0.022,0.011,70.06,1,941.52,49.38,663.07,1,939.33,50.03,634.44
T,140190,1,353478927,-1178094749,621963,7271663,3,25,1,-3.733,-3.785,-8.097,0.005,-0.024,0.011,70.07,1,941.46,49.39,663.60,1,939.31,50.03,634.62
T,141170,1,353478931,-1178094742,621958,7271663,3,25,1,-3.819,-3.738,-8.140,0.007,-0.022,0.011,70.06,1,941.44,49.39,663.78,1,939.34,50.03,634.35
T,142258,1,353478935,-1178094736,621999,7271663,3,25,1,-3.924,-3.747,-8.030,0.009,-0.023,0.010,70.02,1,941.43,49.39,663.87,1,939.34,50.03,634.35
T,143306,1,353478932,-1178094739,622089,7271663,3,26,1,-4.010,-3.718,-8.049,0.005,-0.022,0.012,70.04,1,941.44,49.39,663.78,1,939.27,50.03,634.97
T,144191,1,353478931,-1178094739,622164,7271663,3,27,1,-4.106,-3.685,-7.954,0.005,-0.023,0.012,70.07,1,941.44,49.40,663.78,1,939.34,50.04,634.35
T,145273,1,353478932,-1178094739,622103,7271663,3,27,1,-4.187,-3.680,-7.973,0.005,-0.023,0.011,70.05,1,941.43,49.40,663.87,1,939.30,50.04,634.70
T,146315,1,353478931,-1178094738,622142,7271663,3,27,1,-4.288,-3.651,-7.896,0.007,-0.023,0.011,70.07,1,941.44,49.41,663.78,1,939.30,50.04,634.70
T,147194,1,353478933,-1178094736,622254,7271663,3,27,1,-4.360,-3.628,-7.906,0.006,-0.023,0.011,70.04,1,941.45,49.41,663.69,1,939.28,50.05,634.88
T,148172,1,353478936,-1178094732,622385,7271663,3,27,1,-4.475,-3.618,-7.825,0.006,-0.023,0.011,70.09,1,941.43,49.42,663.87,1,939.31,50.06,634.62
T,149251,1,353478937,-1178094731,622445,7271663,3,27,1,-4.566,-3.628,-7.834,0.006,-0.022,0.010,70.08,1,941.43,49.42,663.87,1,939.34,50.07,634.35
T,150291,1,353478939,-1178094731,622487,7271663,3,27,1,-4.642,-3.570,-7.810,0.006,-0.023,0.011,70.00,1,941.41,49.43,664.04,1,939.30,50.07,634.70
T,151173,1,353478942,-1178094726,622558,7271663,3,27,1,-4.723,-3.575,-7.753,0.007,-0.022,0.011,70.09,1,941.43,49.43,663.87,1,939.28,50.07,634.88
T,152254,1,353478942,-1178094724,622599,7271663,3,27,1,-4.829,-3.556,-7.724,0.006,-0.023,0.012,70.03,1,941.39,49.43,664.22,1,939.28,50.07,634.88
T,153241,1,353478945,-1178094722,622619,7271663,3,26,1,-4.905,-3.517,-7.691,0.005,-0.023,0.011,70.08,1,941.43,49.43,663.87,1,939.27,50.08,634.97
T,154280,1,353478948,-1178094718,622556,7271663,3,26,1,-4.987,-3.484,-7.619,0.006,-0.022,0.011,70.09,1,941.41,49.44,664.04,1,939.27,50.08,634.97
T,155160,1,353478949,-1178094720,622467,7271663,3,26,1,-5.082,-3.479,-7.595,0.007,-0.021,0.010,70.04,1,941.39,49.44,664.22,1,939.29,50.08,634.79
T,156240,1,353478950,-1178094723,622542,7271663,3,26,1,-5.164,-3.422,-7.547,0.007,-0.022,0.013,70.08,1,941.40,49.44,664.13,1,939.28,50.09,634.88
T,157288,1,353478954,-1178094724,622465,7271663,3,26,1,-5.221,-3.369,-7.403,0.005,-0.024,0.011,70.08,1,941.41,49.44,664.04,1,939.27,50.09,634.97
T,158167,1,353478955,-1178094724,622421,7271663,3,26,1,-5.312,-3.374,-7.413,0.009,-0.023,0.011,70.07,1,941.40,49.44,664.13,1,939.25,50.10,635.15
T,159152,1,353478955,-1178094722,622545,7271663,3,27,1,-5.379,-3.388,-7.336,0.007,-0.023,0.011,70.07,1,941.42,49.44,663.95,1,939.27,50.10,634.97
T,160233,1,353478954,-1178094722,622652,7271663,3,26,1,-5.494,-3.321,-7.317,0.005,-0.023,0.011,70.01,1,941.39,49.44,664.22,1,939.31,50.10,634.62
T,161275,1,353478957,-1178094721,622727,7271663,3,26,1,-5.566,-3.340,-7.317,0.010,-0.022,0.011,70.07,1,941.39,49.44,664.22,1,939.23,50.11,635.32
T,162154,1,353478959,-1178094716,622743,7271663,3,25,1,-5.671,-3.312,-7.317,0.006,-0.023,0.010,70.03,1,941.40,49.44,664.13,1,939.28,50.11,634.88
T,163238,1,353478961,-1178094708,622823,7271663,3,26,1,-5.728,-3.226,-7.188,0.009,-0.022,0.012,69.99,1,941.36,49.43,664.48,1,939.22,50.11,635.41
T,164281,1,353478961,-1178094711,623002,7271663,3,25,1,-5.819,-3.226,-7.159,0.007,-0.022,0.011,70.04,1,941.39,49.43,664.22,1,939.27,50.11,634.97
T,165165,1,353478962,-1178094710,623175,7271663,3,26,1,-5.882,-3.240,-7.111,0.006,-0.022,0.010,70.03,1,941.37,49.44,664.39,1,939.26,50.12,635.06
T,166246,1,353478968,-1178094705,623417,7271663,3,26,1,-5.982,-3.259,-7.145,0.006,-0.022,0.010,69.97,1,941.39,49.44,664.22,1,939.22,50.12,635.41
T,167226,1,353478972,-1178094701,623516,7271663,3,26,1,-6.035,-3.101,-6.896,0.006,-0.024,0.011,70.03,1,941.41,49.44,664.04,1,939.23,50.12,635.32
T,168272,1,353478975,-1178094698,623622,7271663,3,26,1,-6.130,-3.106,-6.930,0.007,-0.021,0.010,70.04,1,941.35,49.44,664.57,1,939.25,50.12,635.15
T,169253,1,353478974,-1178094700,623654,7271663,3,25,1,-6.193,-3.072,-6.906,0.007,-0.022,0.011,70.00,1,941.39,49.44,664.22,1,939.23,50.13,635.32
T,170233,1,353478973,-1178094703,623688,7271663,3,25,1,-6.250,-3.010,-6.772,0.006,-0.022,0.011,69.99,1,941.37,49.44,664.39,1,939.22,50.13,635.41
T,171275,1,353478969,-1178094707,623760,7271663,3,25,1,-6.355,-3.001,-6.767,0.006,-0.021,0.009,70.02,1,941.38,49.44,664.31,1,939.21,50.13,635.50
T,172254,1,353478969,-1178094708,623961,7271663,3,25,1,-6.418,-3.058,-6.800,0.005,-0.021,0.012,70.03,1,941.36,49.44,664.48,1,939.22,50.13,635.41
T,173233,1,353478969,-1178094711,624133,7271663,3,26,1,-6.494,-3.053,-6.805,0.007,-0.020,0.010,70.05,1,941.37,49.44,664.39,1,939.22,50.13,635.41
T,174216,1,353478974,-1178094709,624346,7271663,3,26,1,-6.571,-2.967,-6.652,0.006,-0.021,0.011,70.08,1,941.37,49.44,664.39,1,939.19,50.13,635.68
T,175263,1,353478982,-1178094702,624485,7271663,3,26,1,-6.628,-2.943,-6.590,0.006,-0.022,0.011,70.04,1,941.41,49.44,664.04,1,939.21,50.14,635.50
T,176245,1,353478983,-1178094701,624529,7271663,3,26,1,-6.657,-2.809,-6.441,0.007,-0.027,0.010,70.01,1,941.35,49.44,664.57,1,939.23,50.14,635.32
T,177224,1,353478985,-1178094704,624413,7271663,3,25,1,-6.757,-2.814,-6.384,0.006,-0.022,0.011,70.01,1,941.36,49.44,664.48,1,939.26,50.15,635.06
T,178266,1,353478985,-1178094708,624289,7271663,3,27,1,-6.839,-2.843,-6.389,0.005,-0.023,0.010,70.03,1,941.37,49.44,664.39,1,939.22,50.14,635.41
T,179247,1,353478973,-1178094718,624442,7271663,3,26,1,-6.887,-2.814,-6.240,0.007,-0.023,0.011,70.04,1,941.37,49.44,664.39,1,939.21,50.15,635.50
T,180229,1,353478964,-1178094728,624535,7271663,3,26,1,-6.963,-2.795,-6.288,0.007,-0.023,0.011,70.03,1,941.40,49.44,664.13,1,939.22,50.15,635.41
T,181208,1,353478962,-1178094732,624523,7271663,3,24,1,-7.040,-2.742,-6.221,0.006,-0.024,0.012,70.03,1,941.38,49.44,664.31,1,939.23,50.15,635.32
T,182254,1,353478962,-1178094732,624682,7271663,3,25,1,-7.083,-2.690,-6.039,0.009,-0.021,0.010,70.08,1,941.38,49.44,664.31,1,939.22,50.15,635.41
T,183235,1,353478963,-1178094729,624756,7271663,3,25,1,-7.178,-2.704,-6.207,0.011,-0.021,0.011,70.05,1,941.34,49.44,664.66,1,939.19,50.15,635.68
T,184215,1,353478964,-1178094727,624841,7271663,3,25,1,-7.245,-2.642,-5.996,0.009,-0.022,0.010,70.08,1,941.34,49.45,664.66,1,939.20,50.14,635.59
T,185262,1,353478965,-1178094725,624927,7271663,3,26,1,-7.308,-2.603,-5.949,0.006,-0.024,0.012,70.11,1,941.32,49.45,664.84,1,939.17,50.13,635.86
T,186244,1,353478967,-1178094721,625045,7271663,3,26,1,-7.399,-2.603,-5.882,0.005,-0.022,0.010,70.07,1,941.32,49.44,664.84,1,939.19,50.13,635.68
T,187224,1,353478968,-1178094717,625086,7271663,3,26,1,-7.408,-2.618,-5.838,0.010,-0.020,0.011,70.01,1,941.36,49.42,664.48,1,939.19,50.14,635.68
T,188204,1,353478970,-1178094713,625152,7271663,3,26,1,-7.480,-2.546,-5.700,0.005,-0.027,0.010,69.98,1,941.34,49.41,664.66,1,939.20,50.14,635.59
T,189247,1,353478969,-1178094714,625330,7271663,3,26,1,-7.537,-2.436,-5.709,0.007,-0.024,0.012,70.02,1,941.35,49.40,664.57,1,939.20,50.14,635.59
T,190227,1,353478965,-1178094719,625428,7271663,3,27,1,-7.619,-2.594,-5.767,0.010,-0.020,0.012,70.04,1,941.32,49.40,664.84,1,939.17,50.14,635.86
T,191212,1,353478963,-1178094724,625571,7271663,3,27,1,-7.662,-2.445,-5.647,0.005,-0.021,0.011,70.02,1,941.34,49.40,664.66,1,939.16,50.14,635.94
T,192258,1,353478962,-1178094729,625680,7271663,3,27,1,-7.719,-2.417,-5.628,0.007,-0.024,0.011,70.04,1,941.33,49.41,664.75,1,939.17,50.14,635.86
T,193242,1,353478964,-1178094726,625775,7271663,3,27,1,-7.839,-2.350,-5.470,0.006,-0.018,0.009,70.05,1,941.34,49.41,664.66,1,939.18,50.13,635.77
T,194223,1,353478967,-1178094723,625839,7271663,3,26,1,-7.834,-2.307,-5.293,0.007,-0.026,0.010,70.04,1,941.39,49.41,664.22,1,939.19,50.13,635.68
T,195202,1,353478974,-1178094712,625866,7271663,3,25,1,-7.939,-2.225,-5.413,0.007,-0.023,0.010,69.99,1,941.35,49.41,664.57,1,939.18,50.13,635.77
T,196243,1,353478978,-1178094711,625991,7271663,3,25,1,-7.959,-2.134,-5.049,0.005,-0.022,0.012,70.03,1,941.32,49.41,664.84,1,939.20,50.14,635.59
T,197227,1,353478976,-1178094711,626040,7271663,3,26,1,-8.045,-2.249,-5.274,0.007,-0.020,0.009,70.01,1,941.32,49.41,664.84,1,939.21,50.14,635.50
T,198207,1,353478978,-1178094714,626080,7271663,3,26,1,-8.093,-2.177,-5.140,0.006,-0.021,0.010,70.04,1,941.31,49.42,664.93,1,939.18,50.13,635.77
T,199253,1,353478981,-1178094716,626149,7271663,3,26,1,-8.150,-2.115,-4.948,0.009,-0.026,0.010,70.00,1,941.29,49.41,665.10,1,939.19,50.13,635.68
T,200232,1,353478978,-1178094719,626259,7271663,3,26,1,-8.179,-2.125,-4.905,0.009,-0.023,0.013,70.00,1,941.36,49.41,664.48,1,939.16,50.13,635.94
T,201212,1,353478968,-1178094724,626525,7271663,3,26,1,-8.246,-2.034,-4.877,0.013,-0.018,0.010,69.99,1,941.36,49.39,664.48,1,939.25,50.14,635.15
T,202192,1,353478962,-1178094718,626638,7271663,3,26,1,-8.317,-2.091,-4.834,0.011,-0.021,0.005,69.96,1,941.37,49.38,664.39,1,939.22,50.14,635.41
T,203236,1,353478961,-1178094698,626653,7271663,3,26,1,-8.341,-1.996,-4.733,0.006,-0.023,0.011,70.02,1,941.38,49.38,664.31,1,939.21,50.14,635.50
T,204229,1,353478958,-1178094696,626713,7271663,3,26,1,-8.408,-1.924,-4.561,0.004,-0.022,0.010,69.97,1,941.36,49.38,664.48,1,939.20,50.14,635.59
T,205212,1,353478958,-1178094691,626702,7271663,3,26,1,-8.485,-1.909,-4.604,0.009,-0.023,0.010,69.97,1,941.40,49.39,664.13,1,939.20,50.14,635.59
T,206259,1,353478963,-1178094665,626690,7271663,3,26,1,-8.490,-1.991,-4.633,0.001,-0.017,0.012,69.97,1,941.37,49.39,664.39,1,939.18,50.14,635.77
T,207240,1,353478970,-1178094636,626743,7271663,3,26,1,-8.571,-1.785,-4.408,0.006,-0.023,0.011,70.00,1,941.35,49.38,664.57,1,939.17,50.14,635.86
T,208218,1,353478976,-1178094613,626766,7271663,3,25,1,-8.600,-1.790,-4.398,0.006,-0.023,0.010,69.95,1,941.35,49.37,664.57,1,939.20,50.14,635.59
T,209197,1,353478979,-1178094604,626747,7271663,3,26,1,-8.657,-1.728,-4.441,0.009,-0.021,0.015,70.00,1,941.37,49.36,664.39,1,939.19,50.14,635.68
T,210240,1,353478980,-1178094599,626680,7271663,3,26,1,-8.629,-1.661,-4.135,0.006,-0.024,0.018,69.93,1,941.35,49.36,664.57,1,939.17,50.15,635.86
T,211218,1,353478980,-1178094598,626591,7271663,3,25,1,-8.758,-1.685,-4.058,0.006,-0.024,0.007,69.95,1,941.34,49.35,664.66,1,939.17,50.15,635.86
T,212197,1,353478955,-1178094597,626664,7271663,3,25,1,-8.806,-1.675,-4.063,0.009,-0.018,0.010,69.97,1,941.35,49.34,664.57,1,939.20,50.13,635.59
T,213344,1,353478968,-1178094597,626507,7271663,3,25,1,-8.810,-1.665,-4.173,0.007,-0.018,0.012,70.02,1,941.34,49.34,664.66,1,939.13,50.13,636.21
T,214222,1,353478962,-1178094603,626377,7271663,3,25,1,-8.887,-1.618,-3.977,0.007,-0.021,0.011,70.00,1,941.30,49.34,665.01,1,939.20,50.13,635.59
T,215203,1,353478962,-1178094612,626167,7271663,3,26,1,-8.901,-1.589,-3.829,0.006,-0.024,0.010,70.01,1,941.31,49.35,664.93,1,939.13,50.13,636.21
T,216284,1,353478966,-1178094622,625876,7271663,3,26,1,-9.002,-1.517,-3.690,0.006,-0.023,0.010,69.97,1,941.37,49.35,664.39,1,939.14,50.13,636.12
T,217225,1,353478970,-1178094624,625693,7271663,3,26,1,-8.916,-1.479,-3.594,0.009,-0.023,0.011,69.98,1,941.28,49.35,665.19,1,939.13,50.13,636.21
T,218204,1,353478970,-1178094629,625527,7271663,3,26,1,-9.126,-1.507,-3.814,0.009,-0.018,0.006,69.93,1,941.31,49.35,664.93,1,939.20,50.12,635.59
T,219188,1,353478974,-1178094625,625539,7271663,3,26,1,-9.121,-1.431,-3.599,0.007,-0.020,0.010,69.98,1,941.29,49.33,665.10,1,939.13,50.10,636.21
T,220333,1,353478981,-1178094613,625555,7271663,3,26,1,-9.069,-1.335,-3.513,0.004,-0.022,0.011,69.96,1,941.33,49.33,664.75,1,939.14,50.12,636.12
T,221210,1,353478990,-1178094595,625592,7271663,3,26,1,-9.160,-1.417,-3.336,0.006,-0.022,0.010,69.95,1,941.36,49.33,664.48,1,939.18,50.11,635.77
T,222291,1,353478995,-1178094585,625606,7271663,3,25,1,-9.222,-1.378,-3.288,0.007,-0.022,0.006,69.95,1,941.36,49.33,664.48,1,939.14,50.11,636.12
T,223171,1,353478999,-1178094584,625498,7271663,3,26,1,-9.165,-1.249,-3.278,0.001,-0.024,0.013,69.88,1,941.33,49.32,664.75,1,939.13,50.11,636.21
T,224313,1,353479007,-1178094572,625536,7271663,3,25,1,-9.251,-1.263,-3.187,0.004,-0.021,0.012,69.91,1,941.33,49.31,664.75,1,939.14,50.11,636.12
T,225193,1,353479011,-1178094571,625433,7271663,3,26,1,-9.299,-1.225,-3.068,0.006,-0.021,0.010,69.93,1,941.37,49.30,664.39,1,939.16,50.11,635.94
T,226277,1,353479015,-1178094571,625338,7271663,3,26,1,-9.342,-1.211,-2.953,0.005,-0.021,0.011,69.89,1,941.34,49.31,664.66,1,939.15,50.11,636.03
T,227332,1,353479019,-1178094569,625264,7271663,3,26,1,-9.313,-1.125,-2.867,0.016,-0.017,0.009,69.89,1,941.34,49.30,664.66,1,939.20,50.11,635.59
T,228218,1,353479021,-1178094567,625228,7271663,3,25,1,-9.265,-1.091,-2.642,-0.020,-0.032,0.034,69.88,1,941.34,49.30,664.66,1,939.18,50.11,635.77
T,229208,1,353479024,-1178094564,625206,7271663,3,25,1,-10.088,-0.450,-5.168,0.026,-0.004,-0.112,69.89,1,941.32,49.30,664.84,1,939.16,50.10,635.94
T,230201,1,353479025,-1178094565,625129,7271663,3,25,1,-8.346,0.215,-1.641,-0.006,0.010,0.184,69.89,1,941.31,49.28,664.93,1,939.15,50.09,636.03
T,231194,1,353479025,-1178094569,625087,7271663,3,25,1,-10.749,-3.340,-3.120,0.010,-0.032,-0.092,69.90,1,941.33,49.28,664.75,1,939.20,50.09,635.59
T,232283,1,353479026,-1178094571,625087,7271663,3,25,1,-9.145,-0.297,-2.484,0.066,-0.013,-0.040,69.90,1,941.36,49.28,664.48,1,939.16,50.09,635.94
T,233173,1,353479027,-1178094573,625103,7271663,3,25,1,-9.399,-0.790,-1.933,0.059,-0.023,-0.053,69.86,1,941.33,49.25,664.75,1,939.16,50.10,635.94
T,234269,1,353479027,-1178094575,625137,7271663,3,25,1,-9.978,-1.905,-2.666,-0.044,-0.026,0.032,69.88,1,941.35,49.26,664.57,1,939.12,50.10,636.30
T,235269,1,353479027,-1178094579,624947,7271663,3,25,1,-10.581,-2.024,-2.962,-0.004,-0.015,-0.012,69.88,1,941.31,49.26,664.93,1,939.17,50.10,635.86
T,236268,1,353479022,-1178094589,624738,7271663,3,26,1,-8.676,0.335,-1.364,0.011,-0.055,0.035,69.84,1,941.35,49.25,664.57,1,939.19,50.09,635.68
T,237257,1,353479021,-1178094593,624586,7271663,3,25,1,-9.638,-1.828,-2.814,-0.050,-0.013,0.031,69.86,1,941.29,49.23,665.10,1,939.16,50.08,635.94
T,238251,1,353479021,-1178094593,624597,7271663,3,26,1,-8.968,-0.244,-1.929,-0.026,-0.042,0.042,69.83,1,941.36,49.23,664.48,1,939.20,50.08,635.59
T,239244,1,353479022,-1178094592,624653,7271663,3,26,1,-8.873,-0.517,-1.919,0.034,-0.034,0.011,69.85,1,941.33,49.22,664.75,1,939.20,50.08,635.59
T,240237,1,353479024,-1178094589,624677,7271663,3,26,1,-9.356,-0.790,-2.350,-0.032,-0.021,0.029,69.86,1,941.34,49.22,664.66,1,939.17,50.07,635.86
T,241238,1,353479025,-1178094587,624717,7271663,3,26,1,-10.260,0.321,-0.708,0.040,-0.028,-0.001,69.88,1,941.34,49.23,664.66,1,939.16,50.07,635.94
T,242229,1,353479025,-1178094588,624724,7271663,3,26,1,-9.782,-0.885,-1.737,-0.017,-0.007,0.012,69.86,1,941.33,49.23,664.75,1,939.13,50.06,636.21
T,243219,1,353479025,-1178094590,624541,7271663,3,26,1,-9.447,-0.665,-1.670,0.016,-0.034,0.012,69.88,1,941.33,49.23,664.75,1,939.16,50.08,635.94
T,244208,1,353479027,-1178094590,624329,7271663,3,26,1,-9.768,-0.354,-1.527,0.007,-0.020,0.011,69.85,1,941.35,49.22,664.57,1,939.18,50.08,635.77
T,245196,1,353479029,-1178094592,624052,7271663,3,26,1,-9.720,-0.479,-1.627,0.004,-0.020,0.010,69.86,1,941.35,49.22,664.57,1,939.14,50.08,636.12
T,246181,1,353479031,-1178094593,623882,7271663,3,26,1,-9.734,-0.407,-1.469,0.002,-0.023,0.011,69.82,1,941.41,49.20,664.04,1,939.20,50.07,635.59
T,247274,1,353479033,-1178094594,623809,7271663,3,26,1,-9.758,-0.412,-1.373,0.010,-0.022,0.009,69.68,1,941.38,49.11,664.31,1,939.19,49.98,635.68
T,248166,1,353479036,-1178094594,623760,7271663,3,26,1,-9.758,-0.359,-1.369,0.006,-0.021,0.011,69.69,1,941.38,49.07,664.31,1,939.17,49.94,635.86
T,249251,1,353479039,-1178094593,623723,7271663,3,26,1,-9.777,-0.297,-1.230,0.006,-0.022,0.010,69.72,1,941.35,49.07,664.57,1,939.19,49.95,635.68
T,250241,1,353479042,-1178094591,623707,7271663,3,26,1,-9.772,-0.249,-1.120,0.007,-0.021,0.010,69.77,1,941.37,49.08,664.39,1,939.22,49.97,635.41
T,251235,1,353479045,-1178094591,623698,7271663,3,26,1,-9.801,-0.148,-1.058,0.011,-0.021,0.011,69.82,1,941.33,49.10,664.75,1,939.20,49.99,635.59
T,252224,1,353479048,-1178094589,623702,7271663,3,25,1,-9.811,-0.239,-0.976,-0.004,-0.020,0.011,69.76,1,941.37,49.09,664.39,1,939.18,50.01,635.77
T,253216,1,353479053,-1178094586,623730,7271663,3,26,1,-9.825,-0.144,-0.914,0.007,-0.020,0.011,69.77,1,941.34,49.09,664.66,1,939.19,50.01,635.68
T,254202,1,353479058,-1178094581,623796,7271663,3,26,1,-9.835,-0.120,-0.833,-0.005,-0.021,0.011,69.80,1,941.39,49.08,664.22,1,939.16,49.99,635.94
T,255195,1,353479060,-1178094579,623837,7271663,3,26,1,-9.839,-0.072,-0.756,0.002,-0.021,0.011,69.80,1,941.39,49.06,664.22,1,939.18,49.99,635.77
T,256180,1,353479060,-1178094578,623922,7271663,3,26,1,-9.839,-0.019,-0.660,0.009,-0.023,0.010,69.74,1,941.38,49.06,664.31,1,939.20,49.98,635.59
T,257164,1,353479057,-1178094578,624083,7271663,3,26,1,-9.882,0.010,-0.555,0.000,-0.022,0.011,69.75,1,941.34,49.06,664.66,1,939.19,49.98,635.68
T,258154,1,353479058,-1178094575,624199,7271663,3,26,1,-9.868,-0.010,-0.493,0.004,-0.022,0.011,69.71,1,941.38,49.04,664.31,1,939.20,49.98,635.59
T,259243,1,353479056,-1178094576,624301,7271663,3,26,1,-9.858,0.081,-0.383,0.010,-0.023,0.012,69.74,1,941.37,49.02,664.39,1,939.23,49.98,635.32
T,260231,1,353479055,-1178094576,624361,7271663,3,26,1,-9.863,0.134,-0.244,0.010,-0.023,0.010,69.70,1,941.39,49.01,664.22,1,939.20,49.97,635.59
T,261225,1,353479059,-1178094572,624392,7271663,3,26,1,-9.858,0.182,-0.124,0.002,-0.023,0.012,69.70,1,941.38,48.99,664.31,1,939.26,49.96,635.06
T,262215,1,353479064,-1178094564,624433,7271663,3,26,1,-9.868,0.201,-0.115,0.012,-0.022,0.011,69.70,1,941.37,48.97,664.39,1,939.25,49.95,635.15
T,263199,1,353479067,-1178094556,624554,7271663,3,26,1,-9.868,0.282,-0.019,0.009,-0.023,0.012,69.69,1,941.38,48.97,664.31,1,939.24,49.94,635.23
T,264189,1,353479072,-1178094549,624620,7271663,3,25,1,-9.858,0.311,0.139,0.004,-0.026,0.012,69.71,1,941.42,48.97,663.95,1,939.25,49.95,635.15
T,265176,1,353479077,-1178094540,624773,7271663,3,25,1,-9.858,0.349,0.278,0.009,-0.027,0.012,69.73,1,941.41,48.97,664.04,1,939.20,49.95,635.59
T,266163,1,353479081,-1178094531,624851,7271663,3,26,1,-9.849,0.656,0.632,0.010,-0.029,0.013,69.69,1,941.43,48.96,663.87,1,939.21,49.93,635.50
T,267258,1,353479084,-1178094524,624835,7271663,3,26,1,-9.806,0.139,0.191,-0.010,-0.011,0.010,69.65,1,941.40,48.96,664.13,1,939.22,49.92,635.41
T,268247,1,353479083,-1178094520,624933,7271663,3,26,1,-9.858,0.507,0.359,0.016,-0.015,0.006,69.67,1,941.42,48.96,663.95,1,939.21,49.93,635.50
T,269237,1,353479086,-1178094512,624906,7271663,3,26,1,-9.863,0.412,0.474,-0.001,-0.012,0.006,69.66,1,941.41,48.96,664.04,1,939.25,49.93,635.15
T,270223,1,353479089,-1178094503,624907,7271663,3,26,1,-9.868,0.416,0.402,0.009,-0.013,0.006,69.65,1,941.41,48.95,664.04,1,939.23,49.92,635.32
T,271213,1,353479093,-1178094494,624863,7271663,3,26,1,-9.878,0.450,0.359,-0.001,-0.009,0.006,69.63,1,941.40,48.95,664.13,1,939.24,49.92,635.23
T,272199,1,353479096,-1178094485,624872,7271663,3,26,1,-9.854,0.488,0.292,-0.005,-0.015,0.009,69.68,1,941.40,48.95,664.13,1,939.24,49.93,635.23
T,273189,1,353479095,-1178094465,624957,7271663,3,26,1,-9.901,0.254,0.402,0.028,-0.007,0.006,69.66,1,941.41,48.92,664.04,1,939.19,49.90,635.68
T,274175,1,353479089,-1178094453,624985,7271663,3,26,1,-9.878,0.579,0.589,0.005,-0.013,0.006,69.58,1,941.42,48.90,663.95,1,939.21,49.85,635.50
T,275264,1,353479084,-1178094444,625121,7271663,3,26,1,-9.858,0.526,0.397,0.024,-0.013,0.006,69.60,1,941.40,48.91,664.13,1,939.22,49.85,635.41
T,276253,1,353479080,-1178094438,625233,7271663,3,26,1,-9.863,0.469,0.459,-0.006,-0.012,0.009,69.63,1,941.40,48.92,664.13,1,939.19,49.86,635.68
T,277238,1,353479075,-1178094432,625371,7271663,3,28,1,-9.858,0.526,0.402,0.006,-0.012,0.006,69.63,1,941.38,48.93,664.31,1,939.24,49.88,635.23
T,278228,1,353479070,-1178094427,625482,7271663,3,28,1,-9.858,0.459,0.488,0.012,-0.013,0.006,69.63,1,941.42,48.92,663.95,1,939.21,49.88,635.50
T,279214,1,353479063,-1178094426,625600,7271663,3,29,1,-9.839,0.407,0.239,0.009,-0.016,0.009,69.68,1,941.42,48.90,663.95,1,939.20,49.88,635.59
T,280199,1,353479061,-1178094419,625676,7271663,3,29,1,-9.911,0.502,0.522,-0.012,-0.031,0.000,69.65,1,941.39,48.90,664.22,1,939.26,49.87,635.06
T,281184,1,353479057,-1178094418,625769,7271663,3,29,1,-9.863,0.756,0.593,0.049,-0.024,0.002,69.61,1,941.43,48.90,663.87,1,939.23,49.87,635.32
T,282173,1,353479051,-1178094423,625831,7271663,3,29,1,-9.844,0.383,0.727,-0.007,-0.017,0.006,69.60,1,941.40,48.89,664.13,1,939.22,49.86,635.41
T,283261,1,353479045,-1178094424,625896,7271663,3,29,1,-9.844,0.560,0.569,0.007,-0.012,0.006,69.59,1,941.41,48.89,664.04,1,939.21,49.86,635.50
T,284248,1,353479044,-1178094431,625821,7271663,3,29,1,-9.844,0.565,0.569,0.012,-0.013,0.006,69.62,1,941.38,48.87,664.31,1,939.24,49.85,635.23
T,285234,1,353479045,-1178094438,625728,7271663,3,28,1,-9.849,0.560,0.589,0.005,-0.013,0.006,69.55,1,941.43,48.87,663.87,1,939.20,49.81,635.59
T,286226,1,353479046,-1178094443,625653,7271663,3,29,1,-9.858,0.550,0.555,0.007,-0.013,0.006,69.50,1,941.41,48.87,664.04,1,939.25,49.82,635.15
T,287212,1,353479047,-1178094448,625539,7271663,3,29,1,-9.844,0.507,0.603,0.009,-0.015,0.006,69.56,1,941.43,48.86,663.87,1,939.25,49.80,635.15
T,288199,1,353479047,-1178094454,625389,7271663,3,29,1,-9.854,0.531,0.565,0.005,-0.012,0.006,69.55,1,941.38,48.86,664.31,1,939.19,49.81,635.68
T,289189,1,353479048,-1178094457,625273,7271663,3,29,1,-9.835,0.536,0.598,0.006,-0.015,0.006,69.59,1,941.39,48.86,664.22,1,939.22,49.81,635.41
T,290279,1,353479050,-1178094461,625094,7271663,3,29,1,-9.849,0.555,0.613,0.007,-0.016,0.006,69.62,1,941.42,48.85,663.95,1,939.19,49.81,635.68
T,291269,1,353479052,-1178094465,624955,7271663,3,29,1,-9.839,0.498,0.584,0.011,-0.013,0.007,69.63,1,941.37,48.85,664.39,1,939.25,49.83,635.15
T,292257,1,353479054,-1178094466,624872,7271663,3,29,1,-9.858,0.522,0.536,0.007,-0.012,0.007,69.59,1,941.40,48.84,664.13,1,939.24,49.84,635.23
T,293243,1,353479056,-1178094467,624774,7271663,3,29,1,-9.844,0.546,0.560,0.004,-0.012,0.007,69.55,1,941.44,48.82,663.78,1,939.24,49.78,635.23
T,294231,1,353479058,-1178094468,624649,7271663,3,29,1,-9.849,0.541,0.589,0.009,-0.012,0.006,69.57,1,941.49,48.82,663.34,1,939.20,49.80,635.59
T,295217,1,353479058,-1178094470,624545,7271663,3,29,1,-9.849,0.531,0.617,0.005,-0.012,0.006,69.58,1,941.41,48.81,664.04,1,939.18,49.82,635.77
T,296210,1,353479060,-1178094469,624534,7271663,3,29,1,-9.844,0.550,0.603,0.004,-0.012,0.007,69.58,1,941.44,48.78,663.78,1,939.24,49.81,635.23
T,297194,1,353479060,-1178094471,624457,7271663,3,29,1,-9.854,0.531,0.574,0.009,-0.013,0.007,69.56,1,941.43,48.76,663.87,1,939.24,49.80,635.23
T,298184,1,353479060,-1178094472,624383,7271663,3,29,1,-9.849,0.546,0.598,0.007,-0.013,0.007,69.55,1,941.43,48.74,663.87,1,939.23,49.78,635.32
T,299275,1,353479059,-1178094475,624366,7271663,3,29,1,-9.849,0.502,0.603,0.007,-0.013,0.006,69.55,1,941.39,48.73,664.22,1,939.25,49.78,635.15
T,300261,1,353479058,-1178094477,624404,7271663,3,29,1,-9.844,0.526,0.622,0.006,-0.013,0.007,69.54,1,941.40,48.73,664.13,1,939.22,49.78,635.41
T,301251,1,353479058,-1178094479,624456,7271663,3,29,1,-10.107,1.038,0.799,0.000,0.000,-0.001,69.55,1,941.39,48.74,664.22,1,939.19,49.77,635.68
T,302238,1,353479055,-1178094484,624466,7271663,3,29,1,-9.868,0.191,0.416,-0.039,0.005,0.000,69.53,1,941.39,48.75,664.22,1,939.21,49.77,635.50
T,303227,1,353479055,-1178094482,624447,7271663,3,29,1,-9.844,0.431,0.517,0.004,-0.012,0.010,69.50,1,941.36,48.75,664.48,1,939.20,49.78,635.59
T,304220,1,353479055,-1178094481,624424,7271663,3,29,1,-9.858,0.502,0.301,0.013,-0.016,0.005,69.49,1,941.39,48.75,664.22,1,939.20,49.76,635.59
T,305206,1,353479055,-1178094481,624379,7271663,3,29,1,-9.863,0.459,0.493,-0.004,-0.013,0.009,69.50,1,941.39,48.75,664.22,1,939.20,49.74,635.59
T,306196,1,353479052,-1178094482,624387,7271663,3,29,1,-9.863,0.440,0.498,0.001,-0.013,0.006,69.52,1,941.35,48.75,664.57,1,939.23,49.75,635.32
T,307293,1,353479051,-1178094483,624386,7271663,3,29,1,-9.863,0.493,0.469,0.002,-0.013,0.007,69.54,1,941.40,48.75,664.13,1,939.23,49.76,635.32
T,308191,1,353479050,-1178094483,624414,7271663,3,29,1,-9.858,0.512,0.464,0.009,-0.013,0.007,69.55,1,941.41,48.75,664.04,1,939.18,49.77,635.77
T,309177,1,353479049,-1178094485,624466,7271663,3,29,1,-9.858,0.483,0.488,0.006,-0.013,0.007,69.56,1,941.40,48.76,664.13,1,939.21,49.77,635.50
T,310269,1,353479047,-1178094487,624502,7271663,3,29,1,-9.863,0.493,0.464,0.009,-0.012,0.006,69.52,1,941.40,48.76,664.13,1,939.22,49.77,635.41
T,311257,1,353479046,-1178094489,624545,7271663,3,29,1,-9.849,0.474,0.483,0.006,-0.013,0.006,69.55,1,941.37,48.76,664.39,1,939.22,49.76,635.41
T,312245,1,353479044,-1178094490,624582,7271663,3,29,1,-9.863,0.459,0.445,0.006,-0.013,0.006,69.54,1,941.36,48.77,664.48,1,939.23,49.75,635.32
T,313232,1,353479043,-1178094493,624615,7271663,3,29,1,-9.863,0.330,0.617,0.006,-0.016,0.005,69.50,1,941.42,48.77,663.95,1,939.23,49.75,635.32
T,314219,1,353479043,-1178094496,624622,7271663,3,29,1,-9.849,0.479,0.445,0.006,-0.015,0.006,69.53,1,941.44,48.77,663.78,1,939.21,49.75,635.50
T,315211,1,353479040,-1178094499,624696,7271663,3,29,1,-9.863,0.493,0.435,0.009,-0.013,0.007,69.45,1,941.40,48.76,664.13,1,939.20,49.75,635.59
T,316206,1,353479039,-1178094502,624757,7271663,3,29,1,-9.868,0.459,0.469,0.009,-0.013,0.006,69.45,1,941.39,48.73,664.22,1,939.20,49.74,635.59
T,317294,1,353479039,-1178094501,624800,7271663,3,29,1,-9.849,0.488,0.445,0.006,-0.013,0.006,69.52,1,941.41,48.74,664.04,1,939.23,49.74,635.32
T,318179,1,353479037,-1178094499,624845,7271663,3,29,1,-9.858,0.459,0.479,0.005,-0.013,0.006,69.53,1,941.42,48.76,663.95,1,939.23,49.76,635.32
T,319267,1,353479035,-1178094496,624905,7271663,3,28,1,-9.839,0.474,0.455,0.009,-0.012,0.007,69.54,1,941.40,48.75,664.13,1,939.26,49.77,635.06
T,320251,1,353479037,-1178094492,624892,7271663,3,28,1,-9.849,0.440,0.464,0.006,-0.013,0.007,69.52,1,941.40,48.75,664.13,1,939.23,49.77,635.32
T,321238,1,353479031,-1178094494,624996,7271663,3,29,1,-9.854,0.474,0.479,0.007,-0.013,0.006,69.53,1,941.41,48.76,664.04,1,939.21,49.77,635.50
T,322235,1,353479029,-1178094491,625010,7271663,3,29,1,-9.854,0.493,0.479,0.006,-0.012,0.006,69.58,1,941.41,48.76,664.04,1,939.21,49.77,635.50
T,323222,1,353479031,-1178094485,625008,7271663,3,29,1,-9.858,0.474,0.474,0.007,-0.012,0.006,69.55,1,941.37,48.76,664.39,1,939.23,49.77,635.32
T,324207,1,353479040,-1178094473,624894,7271663,3,29,1,-9.844,0.483,0.469,0.007,-0.013,0.007,69.50,1,941.38,48.76,664.31,1,939.23,49.78,635.32
T,325197,1,353479048,-1178094463,624861,7271663,3,28,1,-9.858,0.464,0.469,0.006,-0.015,0.007,69.58,1,941.40,48.76,664.13,1,939.21,49.78,635.50
T,326191,1,353479056,-1178094456,624814,7271663,3,29,1,-9.858,0.483,0.459,0.007,-0.013,0.006,69.51,1,941.39,48.76,664.22,1,939.20,49.78,635.59
T,327177,1,353479068,-1178094444,624722,7271663,3,29,1,-9.873,0.483,0.445,0.006,-0.013,0.006,69.51,1,941.41,48.76,664.04,1,939.20,49.77,635.59
T,328168,1,353479076,-1178094435,624644,7271663,3,29,1,-9.863,0.474,0.479,0.005,-0.013,0.006,69.53,1,941.42,48.76,663.95,1,939.19,49.76,635.68
T,329254,1,353479083,-1178094430,624555,7271663,3,29,1,-9.868,0.297,0.483,-0.027,0.000,-0.002,69.56,1,941.42,48.76,663.95,1,939.19,49.77,635.68
T,330250,1,353479090,-1178094424,624458,7271663,3,30,1,-9.777,-0.105,-0.167,0.016,-0.009,0.012,69.57,1,941.40,48.76,664.13,1,939.22,49.78,635.41
T,331237,1,353479097,-1178094418,624398,7271663,3,30,1,-9.796,0.005,1.833,-0.068,-0.020,0.006,69.52,1,941.34,48.76,664.66,1,939.17,49.78,635.86
T,332224,1,353479100,-1178094414,624357,7271663,3,31,1,-9.849,0.258,0.680,0.005,-0.022,0.005,69.53,1,941.38,48.76,664.31,1,939.25,49.77,635.15
T,333211,1,353479107,-1178094406,624159,7271663,3,31,1,-9.858,0.502,0.297,-0.013,-0.010,0.009,69.59,1,941.39,48.76,664.22,1,939.22,49.77,635.41
T,334197,1,353479111,-1178094403,624011,7271663,3,31,1,-9.863,0.412,0.330,0.004,-0.015,0.005,69.56,1,941.43,48.76,663.87,1,939.20,49.78,635.59
T,335283,1,353479115,-1178094399,623890,7271663,3,30,1,-9.868,0.445,0.316,0.006,-0.012,0.006,69.50,1,941.41,48.76,664.04,1,939.23,49.76,635.32
T,336269,1,353479121,-1178094398,623632,7271663,3,31,1,-9.858,0.440,0.311,0.005,-0.013,0.006,69.53,1,941.42,48.76,663.95,1,939.22,49.75,635.41
T,337258,1,353479124,-1178094396,623504,7271663,3,31,1,-9.863,0.412,0.325,0.007,-0.013,0.006,69.53,1,941.39,48.76,664.22,1,939.20,49.76,635.59
T,338244,1,353479120,-1178094398,623326,7271663,3,31,1,-9.873,0.412,0.335,0.005,-0.015,0.006,69.53,1,941.40,48.76,664.13,1,939.18,49.77,635.77
T,339232,1,353479127,-1178094394,623100,7271663,3,29,1,-9.868,0.407,0.340,0.007,-0.013,0.006,69.52,1,941.36,48.75,664.48,1,939.23,49.76,635.32
T,340221,1,353479135,-1178094387,622929,7271663,3,30,1,-9.863,0.416,0.345,0.010,-0.012,0.006,69.53,1,941.36,48.74,664.48,1,939.20,49.75,635.59
T,341211,1,353479136,-1178094384,622836,7271663,3,31,1,-9.863,0.392,0.345,0.006,-0.012,0.006,69.50,1,941.38,48.75,664.31,1,939.18,49.75,635.77
T,342201,1,353479138,-1178094381,622710,7271663,3,29,1,-9.854,0.416,0.330,0.007,-0.012,0.007,69.54,1,941.41,48.75,664.04,1,939.22,49.77,635.41
T,343291,1,353479146,-1178094377,622470,7271663,3,30,1,-9.878,0.412,0.335,0.009,-0.015,0.006,69.55,1,941.39,48.75,664.22,1,939.23,49.76,635.32
T,344279,1,353479153,-1178094374,622273,7271663,3,31,1,-9.878,0.440,0.340,0.002,-0.013,0.007,69.53,1,941.41,48.75,664.04,1,939.21,49.77,635.50
T,345265,1,353479146,-1178094380,622158,7271663,3,30,1,-9.873,0.412,0.321,0.009,-0.012,0.007,69.57,1,941.40,48.75,664.13,1,939.20,49.77,635.59
T,346251,1,353479137,-1178094389,622091,7271663,3,31,1,-9.873,0.421,0.335,0.005,-0.012,0.006,69.58,1,941.39,48.76,664.22,1,939.21,49.77,635.50
T,347238,1,353479133,-1178094393,621956,7271663,3,31,1,-9.863,0.416,0.335,0.006,-0.013,0.007,69.56,1,941.41,48.76,664.04,1,939.20,49.78,635.59
T,348225,1,353479134,-1178094398,621776,7271663,3,29,1,-9.868,0.431,0.311,0.007,-0.013,0.006,69.56,1,941.39,48.76,664.22,1,939.23,49.78,635.32
T,349211,1,353479135,-1178094403,621613,7271663,3,31,1,-9.863,0.426,0.321,0.005,-0.013,0.006,69.58,1,941.39,48.76,664.22,1,939.18,49.79,635.77
T,350194,1,353479132,-1178094410,621563,7271663,3,30,1,-9.858,0.421,0.316,0.006,-0.013,0.007,69.56,1,941.38,48.77,664.31,1,939.24,49.79,635.23
T,351182,1,353479129,-1178094418,621517,7271663,3,29,1,-9.854,0.402,0.340,0.007,-0.012,0.006,69.49,1,941.43,48.75,663.87,1,939.22,49.76,635.41
T,352170,1,353479122,-1178094427,621542,7271663,3,31,1,-9.863,0.412,0.330,0.006,-0.013,0.006,69.53,1,941.40,48.73,664.13,1,939.20,49.75,635.59
T,353262,1,353479114,-1178094439,621580,7271663,3,31,1,-9.863,0.392,0.340,0.007,-0.012,0.006,69.51,1,941.38,48.74,664.31,1,939.18,49.76,635.77
T,354250,1,353479112,-1178094445,621510,7271663,3,29,1,-9.863,0.416,0.292,0.006,-0.013,0.007,69.55,1,941.41,48.75,664.04,1,939.14,49.76,636.12
T,355238,1,353479111,-1178094450,621465,7271663,3,31,1,-9.854,0.392,0.330,0.006,-0.013,0.007,69.50,1,941.40,48.74,664.13,1,939.21,49.73,635.50
T,356225,1,353479112,-1178094451,621432,7271663,3,30,1,-9.858,0.383,0.330,0.010,-0.015,0.007,69.50,1,941.40,48.74,664.13,1,939.19,49.74,635.68
T,357211,1,353479110,-1178094453,621463,7271663,3,30,1,-9.868,0.383,0.345,0.004,-0.012,0.007,69.50,1,941.37,48.74,664.39,1,939.17,49.74,635.86
T,358202,1,353479112,-1178094452,621393,7271663,3,31,1,-9.878,0.392,0.335,0.009,-0.012,0.006,69.52,1,941.40,48.75,664.13,1,939.23,49.73,635.32
T,359291,1,353479109,-1178094455,621375,7271663,3,30,1,-9.863,0.407,0.316,0.007,-0.012,0.007,69.55,1,941.40,48.74,664.13,1,939.22,49.75,635.41
T,360175,1,353479103,-1178094460,621404,7271663,3,31,1,-9.873,0.407,0.330,0.006,-0.013,0.007,69.54,1,941.36,48.74,664.48,1,939.19,49.75,635.68
T,361263,1,353479097,-1178094465,621416,7271663,3,31,1,-9.858,0.407,0.349,0.009,-0.013,0.006,69.54,1,941.38,48.74,664.31,1,939.23,49.75,635.32
T,362254,1,353479087,-1178094471,621545,7271663,3,31,1,-9.873,0.435,0.340,0.005,-0.013,0.007,69.55,1,941.39,48.74,664.22,1,939.18,49.76,635.77
T,363241,1,353479084,-1178094473,621588,7271663,3,30,1,-9.854,0.416,0.412,-0.007,-0.015,0.007,69.56,1,941.40,48.73,664.13,1,939.20,49.76,635.59
T,364225,1,353479083,-1178094473,621651,7271663,3,31,1,-9.835,-0.751,1.412,-0.066,-0.057,-0.007,69.55,1,941.40,48.73,664.13,1,939.24,49.76,635.23
T,365217,1,353479080,-1178094479,621669,7271663,3,29,1,-9.724,0.976,-0.167,-0.061,-0.006,0.009,69.53,1,941.40,48.74,664.13,1,939.20,49.76,635.59
T,366209,1,353479077,-1178094486,621725,7271663,3,30,1,-9.868,0.412,0.325,-0.021,-0.012,0.006,69.55,1,941.37,48.74,664.39,1,939.19,49.76,635.68
T,367207,1,353479076,-1178094490,621792,7271663,3,32,1,-9.825,0.498,0.378,0.018,-0.016,0.006,69.55,1,941.41,48.74,664.04,1,939.19,49.75,635.68
T,368197,1,353479072,-1178094495,621861,7271663,3,30,1,-9.892,0.541,0.368,0.009,-0.012,0.010,69.58,1,941.38,48.74,664.31,1,939.20,49.75,635.59
T,369285,1,353479067,-1178094498,621977,7271663,3,32,1,-9.868,0.345,0.593,0.005,-0.013,0.005,69.55,1,941.43,48.74,663.87,1,939.16,49.71,635.94
T,370271,1,353479061,-1178094503,622104,7271663,3,32,1,-9.811,-0.029,0.507,-0.006,-0.012,0.004,69.51,1,941.40,48.74,664.13,1,939.20,49.71,635.59
T,371254,1,353479056,-1178094505,622217,7271663,3,31,1,-9.858,0.603,0.177,-0.007,-0.012,0.007,69.52,1,941.37,48.74,664.39,1,939.18,49.72,635.77
T,372243,1,353479049,-1178094507,622326,7271663,3,32,1,-9.830,0.096,0.512,0.011,-0.032,0.011,69.51,1,941.41,48.74,664.04,1,939.21,49.72,635.50
T,373231,1,353479046,-1178094505,622465,7271663,3,32,1,-9.739,-0.105,0.613,0.065,-0.016,-0.004,69.50,1,941.36,48.74,664.48,1,939.17,49.72,635.86
T,374217,1,353479046,-1178094498,622448,7271663,3,31,1,-9.830,0.244,0.469,0.016,-0.009,0.002,69.45,1,941.38,48.74,664.31,1,939.22,49.70,635.41
T,375203,1,353479048,-1178094495,622549,7271663,3,31,1,-9.863,0.440,0.876,0.007,-0.016,0.005,69.43,1,941.35,48.74,664.57,1,939.21,49.70,635.50
T,376197,1,353479051,-1178094491,622592,7271663,3,30,1,-9.839,0.646,0.373,0.029,-0.012,0.005,69.41,1,941.37,48.72,664.39,1,939.16,49.68,635.94
T,377284,1,353479050,-1178094490,622675,7271663,3,31,1,-9.863,0.522,0.555,-0.004,-0.011,0.006,69.44,1,941.33,48.73,664.75,1,939.21,49.70,635.50
T,378269,1,353479047,-1178094488,622802,7271663,3,30,1,-9.849,0.493,0.488,-0.002,-0.013,0.006,69.49,1,941.38,48.73,664.31,1,939.19,49.72,635.68
T,379261,1,353479045,-1178094485,622868,7271663,3,31,1,-9.844,0.392,0.670,0.004,-0.015,0.005,69.48,1,941.35,48.74,664.57,1,939.17,49.73,635.86
T,380248,1,353479042,-1178094482,622929,7271663,3,31,1,-9.868,0.455,0.560,0.009,-0.012,0.006,69.52,1,941.41,48.73,664.04,1,939.22,49.72,635.41
T,381234,1,353479044,-1178094474,622988,7271663,3,31,1,-9.839,0.440,0.617,0.015,-0.013,0.005,69.50,1,941.37,48.73,664.39,1,939.21,49.72,635.50
T,382224,1,353479047,-1178094466,623037,7271663,3,32,1,-9.849,0.512,0.507,0.010,-0.013,0.005,69.48,1,941.38,48.73,664.31,1,939.23,49.72,635.32
T,383217,1,353479050,-1178094459,623086,7271663,3,31,1,-9.844,0.517,0.536,0.011,-0.013,0.006,69.46,1,941.39,48.74,664.22,1,939.20,49.73,635.59
T,384205,1,353479054,-1178094454,623173,7271663,3,31,1,-9.849,0.579,0.498,0.006,-0.012,0.010,69.53,1,941.38,48.74,664.31,1,939.20,49.75,635.59
T,385194,1,353479059,-1178094448,623201,7271663,3,31,1,-9.854,0.512,0.517,0.007,-0.012,0.007,69.51,1,941.36,48.74,664.48,1,939.19,49.75,635.68
T,386183,1,353479063,-1178094444,623223,7271663,3,31,1,-9.854,0.450,0.579,0.009,-0.013,0.007,69.53,1,941.37,48.74,664.39,1,939.22,49.75,635.41
T,387270,1,353479063,-1178094442,623249,7271663,3,31,1,-9.858,0.502,0.569,0.009,-0.015,0.006,69.56,1,941.38,48.75,664.31,1,939.22,49.75,635.41
T,388258,1,353479067,-1178094439,623246,7271663,3,31,1,-9.854,0.522,0.522,0.007,-0.012,0.006,69.57,1,941.38,48.75,664.31,1,939.21,49.75,635.50
T,389248,1,353479069,-1178094438,623254,7271663,3,31,1,-9.849,0.512,0.536,0.009,-0.012,0.007,69.53,1,941.42,48.74,663.95,1,939.21,49.76,635.50
T,390243,1,353479074,-1178094436,623249,7271663,3,32,1,-9.858,0.488,0.541,0.004,-0.013,0.006,69.56,1,941.40,48.73,664.13,1,939.23,49.74,635.32
T,391230,1,353479077,-1178094433,623264,7271663,3,32,1,-9.849,0.488,0.579,0.007,-0.013,0.006,69.55,1,941.39,48.72,664.22,1,939.21,49.74,635.50
T,392218,1,353479081,-1178094428,623255,7271663,3,32,1,-9.854,0.541,0.517,0.007,-0.012,0.007,69.55,1,941.37,48.73,664.39,1,939.22,49.74,635.41
T,393206,1,353479087,-1178094424,623186,7271663,3,31,1,-9.830,0.541,0.550,0.005,-0.015,0.007,69.49,1,941.42,48.74,663.95,1,939.21,49.73,635.50
T,394191,1,353479090,-1178094423,623143,7271663,3,32,1,-9.897,0.670,1.488,0.032,0.009,0.006,69.51,1,941.39,48.74,664.22,1,939.18,49.72,635.77
T,395278,1,353479094,-1178094419,623078,7271663,3,31,1,-9.901,0.971,0.172,0.016,-0.024,0.005,69.47,1,941.38,48.74,664.31,1,939.20,49.72,635.59
T,396263,1,353479097,-1178094418,623064,7271663,3,31,1,-9.820,0.598,0.550,0.081,-0.016,0.009,69.51,1,941.40,48.73,664.13,1,939.23,49.72,635.32
T,397251,1,353479099,-1178094418,623045,7271663,3,30,1,-9.868,0.440,0.483,0.015,-0.015,0.005,69.54,1,941.38,48.74,664.31,1,939.19,49.73,635.68
T,398234,1,353479101,-1178094418,623079,7271663,3,32,1,-9.863,0.469,0.445,-0.004,-0.013,0.006,69.52,1,941.38,48.74,664.31,1,939.24,49.74,635.23
T,399224,1,353479103,-1178094419,623108,7271663,3,31,1,-9.854,0.479,0.469,0.009,-0.015,0.006,69.58,1,941.41,48.75,664.04,1,939.23,49.75,635.32
T,400216,1,353479107,-1178094422,623177,7271663,3,31,1,-9.854,0.464,0.488,0.002,-0.015,0.006,69.57,1,941.40,48.75,664.13,1,939.21,49.75,635.50
T,401206,1,353479105,-1178094430,623308,7271663,3,30,1,-9.897,0.469,0.340,0.004,-0.011,0.006,69.54,1,941.41,48.75,664.04,1,939.18,49.76,635.77
T,402192,1,353479106,-1178094436,623381,7271663,3,31,1,-9.863,0.502,0.445,0.010,-0.011,0.005,69.53,1,941.37,48.75,664.39,1,939.19,49.75,635.68
T,403179,1,353479108,-1178094440,623459,7271663,3,31,1,-9.849,0.479,0.459,0.006,-0.012,0.005,69.54,1,941.38,48.75,664.31,1,939.23,49.75,635.32
T,404171,1,353479111,-1178094442,623532,7271663,3,31,1,-9.854,0.474,0.469,0.005,-0.013,0.005,69.54,1,941.38,48.75,664.31,1,939.20,49.75,635.59
T,405258,1,353479110,-1178094443,623684,7271663,3,31,1,-9.863,0.459,0.469,0.007,-0.012,0.009,69.55,1,941.40,48.75,664.13,1,939.24,49.75,635.23
T,406245,1,353479111,-1178094444,623834,7271663,3,31,1,-9.863,0.455,0.488,0.004,-0.012,0.007,69.54,1,941.39,48.75,664.22,1,939.18,49.76,635.77
T,407236,1,353479113,-1178094443,623900,7271663,3,31,1,-9.854,0.488,0.459,0.009,-0.013,0.007,69.54,1,941.41,48.75,664.04,1,939.20,49.75,635.59
T,408223,1,353479115,-1178094442,623955,7271663,3,32,1,-9.868,0.435,0.459,0.005,-0.012,0.006,69.53,1,941.38,48.75,664.31,1,939.22,49.75,635.41
T,409208,1,353479115,-1178094442,624085,7271663,3,30,1,-9.863,0.455,0.479,0.010,-0.015,0.007,69.53,1,941.39,48.75,664.22,1,939.20,49.76,635.59
T,410194,1,353479114,-1178094442,624165,7271663,3,32,1,-9.863,0.464,0.474,0.007,-0.013,0.006,69.56,1,941.40,48.75,664.13,1,939.20,49.76,635.59
T,411285,1,353479111,-1178094445,624255,7271663,3,30,1,-9.858,0.479,0.445,0.006,-0.013,0.006,69.56,1,941.39,48.76,664.22,1,939.23,49.77,635.32
T,412271,1,353479108,-1178094445,624341,7271663,3,31,1,-9.854,0.455,0.459,0.011,-0.013,0.006,69.55,1,941.38,48.76,664.31,1,939.19,49.77,635.68
T,413261,1,353479104,-1178094445,624451,7271663,3,32,1,-9.844,0.517,0.469,0.006,-0.013,0.007,69.58,1,941.39,48.77,664.22,1,939.21,49.78,635.50
T,414249,1,353479100,-1178094448,624524,7271663,3,30,1,-9.849,0.474,0.464,0.011,-0.013,0.006,69.58,1,941.42,48.77,663.95,1,939.22,49.78,635.41
T,415250,1,353479097,-1178094449,624569,7271663,3,32,1,-9.849,0.493,0.450,0.002,-0.012,0.006,69.59,1,941.39,48.77,664.22,1,939.26,49.78,635.06
T,416240,1,353479099,-1178094447,624591,7271663,3,31,1,-9.854,0.507,0.445,0.010,-0.013,0.007,69.56,1,941.35,48.77,664.57,1,939.21,49.76,635.50
T,417227,1,353479103,-1178094443,624549,7271663,3,31,1,-9.849,0.445,0.507,0.002,-0.013,0.006,69.59,1,941.35,48.78,664.57,1,939.21,49.74,635.50
T,418217,1,353479106,-1178094440,624503,7271663,3,32,1,-9.858,0.498,0.440,0.009,-0.015,0.007,69.60,1,941.38,48.78,664.31,1,939.21,49.76,635.50
T,419207,1,353479110,-1178094435,624431,7271663,3,32,1,-9.858,0.498,0.435,0.010,-0.013,0.007,69.55,1,941.39,48.77,664.22,1,939.19,49.77,635.68
T,420297,1,353479113,-1178094433,624437,7271663,3,31,1,-9.945,0.641,0.522,0.004,-0.013,0.010,69.58,1,941.41,48.76,664.04,1,939.23,49.77,635.32
T,421283,1,353479114,-1178094431,624457,7271663,3,32,1,-9.839,0.507,0.488,0.006,-0.015,0.006,69.57,1,941.40,48.76,664.13,1,939.18,49.75,635.77
T,422271,1,353479118,-1178094427,624421,7271663,3,32,1,-9.854,0.474,0.474,0.007,-0.012,0.006,69.58,1,941.37,48.77,664.39,1,939.22,49.76,635.41
T,423272,1,353479119,-1178094422,624443,7271663,3,32,1,-9.868,0.498,0.479,0.004,-0.013,0.006,69.56,1,941.40,48.77,664.13,1,939.21,49.76,635.50
T,424259,1,353479121,-1178094418,624385,7271663,3,32,1,-9.868,0.474,0.479,0.009,-0.012,0.007,69.52,1,941.41,48.76,664.04,1,939.24,49.76,635.23
T,425245,1,353479123,-1178094417,624304,7271663,3,30,1,-9.863,0.474,0.483,0.005,-0.013,0.006,69.58,1,941.42,48.77,663.95,1,939.20,49.76,635.59
T,426233,1,353479123,-1178094417,624260,7271663,3,32,1,-9.863,0.459,0.464,0.009,-0.015,0.007,69.59,1,941.39,48.77,664.22,1,939.22,49.77,635.41
T,427221,1,353479125,-1178094415,624149,7271663,3,30,1,-9.858,0.474,0.479,0.005,-0.013,0.007,69.57,1,941.45,48.78,663.69,1,939.22,49.78,635.41
T,428209,1,353479123,-1178094414,624110,7271663,3,31,1,-9.863,0.474,0.469,0.009,-0.015,0.006,69.59,1,941.42,48.78,663.95,1,939.21,49.78,635.50
T,429197,1,353479123,-1178094413,624066,7271663,3,32,1,-9.858,0.474,0.474,0.009,-0.013,0.006,69.58,1,941.40,48.78,664.13,1,939.20,49.78,635.59
T,430183,1,353479123,-1178094409,624016,7271663,3,32,1,-9.854,0.493,0.469,0.010,-0.015,0.007,69.57,1,941.34,48.78,664.66,1,939.21,49.78,635.50
T,431274,1,353479126,-1178094404,623936,7271663,3,32,1,-9.863,0.440,0.502,0.002,-0.013,0.007,69.59,1,941.37,48.78,664.39,1,939.20,49.78,635.59
T,432261,1,353479131,-1178094399,623783,7271663,3,31,1,-9.863,0.464,0.479,0.012,-0.013,0.006,69.62,1,941.43,48.78,663.87,1,939.19,49.79,635.68
T,433250,1,353479136,-1178094396,623593,7271663,3,32,1,-9.858,0.469,0.479,0.005,-0.013,0.007,69.60,1,941.42,48.78,663.95,1,939.22,49.79,635.41
T,434235,1,353479141,-1178094394,623431,7271663,3,31,1,-9.825,1.287,0.847,0.037,0.004,-0.024,69.58,1,941.40,48.78,664.13,1,939.23,49.79,635.32
T,435222,1,353479141,-1178094395,623365,7271663,3,32,1,-9.830,-0.670,-1.287,-0.023,-0.006,0.020,69.58,1,941.37,48.77,664.39,1,939.20,49.78,635.59
T,436216,1,353479144,-1178094399,623263,7271663,3,32,1,-9.839,0.555,0.153,-0.001,0.002,0.001,69.59,1,941.41,48.77,664.04,1,939.24,49.78,635.23
T,437206,1,353479146,-1178094400,623230,7271663,3,32,1,-9.796,1.216,-0.790,0.011,-0.022,0.000,69.57,1,941.38,48.78,664.31,1,939.19,49.78,635.68
T,438298,1,353479145,-1178094404,623259,7271663,3,32,1,-9.887,0.292,0.402,0.031,-0.020,0.011,69.59,1,941.38,48.78,664.31,1,939.22,49.78,635.41
T,439283,1,353479144,-1178094411,623171,7271663,3,32,1,-9.892,0.536,0.431,0.011,-0.018,0.007,69.59,1,941.39,48.79,664.22,1,939.22,49.79,635.41
T,440272,1,353479144,-1178094415,623171,7271663,3,32,1,-10.045,0.100,-0.392,0.062,-0.033,0.012,69.57,1,941.34,48.78,664.66,1,939.21,49.79,635.50
T,441258,1,353479143,-1178094422,623193,7271663,3,32,1,-9.997,0.627,0.129,-0.076,-0.009,0.012,69.60,1,941.39,48.78,664.22,1,939.26,49.80,635.06
T,442245,1,353479139,-1178094431,623211,7271663,3,32,1,-9.768,0.053,0.407,0.007,-0.013,0.009,69.59,1,941.36,48.78,664.48,1,939.24,49.81,635.23
T,443250,1,353479138,-1178094437,623132,7271663,3,31,1,-9.801,0.550,0.053,0.045,-0.032,0.009,69.56,1,941.37,48.79,664.39,1,939.22,49.81,635.41
T,444246,1,353479137,-1178094443,623098,7271663,3,32,1,-9.882,1.775,0.187,-0.026,0.012,0.015,69.56,1,941.39,48.79,664.22,1,939.21,49.81,635.50
T,445230,1,353479134,-1178094447,623130,7271663,3,32,1,-9.830,0.536,0.459,0.018,-0.012,0.004,69.61,1,941.41,48.79,664.04,1,939.23,49.80,635.32
T,446218,1,353479134,-1178094449,623156,7271663,3,32,1,-9.854,0.517,0.378,0.012,-0.011,0.006,69.59,1,941.41,48.79,664.04,1,939.21,49.79,635.50
T,447208,1,353479135,-1178094451,623181,7271663,3,32,1,-9.849,0.455,0.397,0.017,-0.012,0.006,69.61,1,941.39,48.79,664.22,1,939.22,49.79,635.41
T,448193,1,353479137,-1178094452,623131,7271663,3,31,1,-9.849,0.397,0.536,0.004,-0.015,0.007,69.59,1,941.37,48.79,664.39,1,939.19,49.80,635.68
T,449280,1,353479139,-1178094454,623148,7271663,3,32,1,-9.863,0.464,0.493,0.002,-0.013,0.006,69.60,1,941.38,48.79,664.31,1,939.23,49.80,635.32
T,450167,1,353479142,-1178094453,623173,7271663,3,32,1,-9.854,0.455,0.531,0.010,-0.013,0.006,69.59,1,941.38,48.78,664.31,1,939.21,49.80,635.50
T,451254,1,353479144,-1178094456,623158,7271663,3,32,1,-9.854,0.407,0.426,0.023,-0.012,0.005,69.59,1,941.38,48.79,664.31,1,939.23,49.80,635.32
T,452238,1,353479145,-1178094462,623154,7271663,3,31,1,-10.208,-0.191,-0.593,0.001,0.004,-0.020,69.61,1,941.39,48.79,664.22,1,939.21,49.80,635.50
T,453233,1,353479145,-1178094461,623180,7271663,3,32,1,-10.131,-0.555,0.287,0.009,-0.043,-0.020,69.62,1,941.38,48.80,664.31,1,939.23,49.81,635.32
T,454296,1,353479146,-1178094460,623256,7271663,3,32,1,-9.906,0.268,0.067,0.007,-0.022,0.009,69.60,1,941.36,48.80,664.48,1,939.21,49.81,635.50
T,455289,1,353479145,-1178094461,623311,7271663,3,32,1,-9.882,0.431,0.416,0.018,-0.021,0.002,69.62,1,941.35,48.80,664.57,1,939.20,49.81,635.59
T,456179,1,353479145,-1178094464,623404,7271663,3,32,1,-9.873,0.421,0.445,0.012,-0.015,0.006,69.62,1,941.37,48.80,664.39,1,939.21,49.81,635.50
T,457267,1,353479145,-1178094469,623412,7271663,3,32,1,-9.863,0.517,0.335,0.001,-0.012,0.006,69.61,1,941.42,48.81,663.95,1,939.20,49.81,635.59
T,458259,1,353479145,-1178094471,623426,7271663,3,32,1,-9.854,0.407,0.431,0.005,-0.012,0.006,69.62,1,941.41,48.81,664.04,1,939.20,49.81,635.59
T,459248,1,353479145,-1178094472,623469,7271663,3,32,1,-9.863,0.426,0.335,0.002,-0.012,0.006,69.61,1,941.40,48.82,664.13,1,939.19,49.81,635.68
T,460235,1,353479147,-1178094473,623501,7271663,3,32,1,-9.858,0.412,0.402,0.011,-0.013,0.009,69.62,1,941.42,48.82,663.95,1,939.24,49.82,635.23
T,461230,1,353479147,-1178094474,623537,7271663,3,31,1,-9.854,0.440,0.421,0.002,-0.013,0.006,69.61,1,941.38,48.82,664.31,1,939.20,49.83,635.59
T,462218,1,353479147,-1178094477,623603,7271663,3,31,1,-9.858,0.431,0.421,0.009,-0.015,0.006,69.58,1,941.39,48.82,664.22,1,939.19,49.83,635.68
T,463204,1,353479145,-1178094478,623697,7271663,3,32,1,-9.868,0.416,0.378,0.006,-0.012,0.006,69.59,1,941.35,48.82,664.57,1,939.21,49.82,635.50
T,464192,1,353479146,-1178094479,623727,7271663,3,32,1,-9.854,0.435,0.402,0.006,-0.013,0.007,69.62,1,941.42,48.82,663.95,1,939.19,49.82,635.68
T,465281,1,353479144,-1178094485,623771,7271663,3,32,1,-9.911,0.292,0.412,-0.024,-0.015,0.009,69.63,1,941.35,48.82,664.57,1,939.24,49.82,635.23
T,466266,1,353479142,-1178094490,623875,7271663,3,32,1,-9.887,0.522,0.402,0.016,-0.015,0.006,69.62,1,941.40,48.82,664.13,1,939.20,49.82,635.59
T,467252,1,353479140,-1178094494,623955,7271663,3,32,1,-9.854,0.440,0.392,0.012,-0.013,0.005,69.61,1,941.37,48.82,664.39,1,939.24,49.81,635.23
T,468246,1,353479138,-1178094497,624031,7271663,3,32,1,-9.849,0.421,0.388,0.010,-0.013,0.006,69.59,1,941.37,48.82,664.39,1,939.26,49.81,635.06
T,469229,1,353479137,-1178094502,624093,7271663,3,32,1,-9.873,0.412,-0.474,0.023,-0.015,-0.001,69.63,1,941.37,48.83,664.39,1,939.19,49.81,635.68
T,470216,1,353479133,-1178094507,624187,7271663,3,32,1,-9.839,0.493,0.455,0.020,-0.018,0.007,69.60,1,941.36,48.83,664.48,1,939.25,49.82,635.15
T,471201,1,353479131,-1178094511,624286,7271663,3,31,1,-9.863,0.364,0.483,0.001,-0.015,0.006,69.61,1,941.40,48.83,664.13,1,939.23,49.82,635.32
T,472198,1,353479128,-1178094515,624395,7271663,3,32,1,-9.868,0.440,0.397,0.005,-0.011,0.005,69.62,1,941.36,48.83,664.48,1,939.18,49.83,635.77
T,473285,1,353479125,-1178094518,624466,7271663,3,32,1,-9.858,0.421,0.345,0.005,-0.011,0.007,69.63,1,941.37,48.84,664.39,1,939.23,49.84,635.32
T,474270,1,353479121,-1178094522,624548,7271663,3,31,1,-9.863,0.488,0.297,0.010,-0.013,0.005,69.64,1,941.41,48.84,664.04,1,939.20,49.84,635.59
T,475256,1,353479118,-1178094526,624593,7271663,3,30,1,-9.854,0.378,0.349,0.015,-0.016,0.006,69.67,1,941.40,48.83,664.13,1,939.18,49.84,635.77
T,476241,1,353479114,-1178094530,624631,7271663,3,31,1,-9.863,0.373,0.412,0.004,-0.015,0.006,69.62,1,941.36,48.84,664.48,1,939.16,49.84,635.94
T,477229,1,353479111,-1178094532,624682,7271663,3,31,1,-9.868,0.412,0.388,0.011,-0.013,0.006,69.63,1,941.37,48.84,664.39,1,939.24,49.84,635.23
T,478213,1,353479108,-1178094534,624707,7271663,3,31,1,-9.863,0.402,0.297,-0.009,-0.011,0.006,69.63,1,941.39,48.84,664.22,1,939.17,49.84,635.86
T,479200,1,353479104,-1178094535,624750,7271663,3,31,1,-9.858,0.440,0.349,0.007,-0.012,0.006,69.62,1,941.38,48.84,664.31,1,939.20,49.84,635.59
T,480190,1,353479101,-1178094536,624807,7271663,3,31,1,-9.887,0.455,0.282,0.007,-0.012,0.007,69.63,1,941.39,48.85,664.22,1,939.22,49.84,635.41
T,481279,1,353479100,-1178094531,624876,7271663,3,32,1,-9.882,0.479,0.397,-0.006,-0.011,0.007,69.69,1,941.38,48.85,664.31,1,939.19,49.84,635.68
T,482269,1,353479098,-1178094527,624961,7271663,3,30,1,-9.863,0.388,0.330,0.022,-0.012,0.006,69.64,1,941.41,48.85,664.04,1,939.21,49.84,635.50
T,483256,1,353479095,-1178094527,625028,7271663,3,32,1,-9.863,0.431,0.364,-0.001,-0.011,0.007,69.62,1,941.39,48.85,664.22,1,939.16,49.84,635.94
T,484241,1,353479092,-1178094524,625042,7271663,3,32,1,-9.858,0.474,0.340,0.002,-0.015,0.007,69.62,1,941.36,48.85,664.48,1,939.20,49.85,635.59
T,485230,1,353479089,-1178094524,625147,7271663,3,30,1,-9.873,0.345,0.388,0.005,-0.012,0.007,69.62,1,941.35,48.86,664.57,1,939.22,49.85,635.41
T,486223,1,353479089,-1178094521,625203,7271663,3,30,1,-9.858,0.445,0.311,0.016,-0.015,0.006,69.62,1,941.40,48.85,664.13,1,939.17,49.85,635.86
T,487210,1,353479087,-1178094518,625234,7271663,3,32,1,-9.873,0.421,0.340,0.009,-0.011,0.006,69.64,1,941.39,48.85,664.22,1,939.19,49.85,635.68
T,488197,1,353479084,-1178094514,625310,7271663,3,32,1,-9.854,0.397,0.325,0.009,-0.013,0.006,69.70,1,941.37,48.84,664.39,1,939.20,49.85,635.59
T,489286,1,353479083,-1178094511,625343,7271663,3,31,1,-9.868,0.407,0.349,0.004,-0.013,0.007,69.67,1,941.42,48.85,663.95,1,939.16,49.85,635.94
T,490272,1,353479080,-1178094510,625422,7271663,3,32,1,-9.873,0.426,0.368,0.005,-0.015,0.007,69.63,1,941.36,48.85,664.48,1,939.17,49.85,635.86
T,491263,1,353479079,-1178094509,625447,7271663,3,31,1,-9.863,0.416,0.368,0.005,-0.012,0.007,69.67,1,941.36,48.86,664.48,1,939.20,49.85,635.59
T,492249,1,353479076,-1178094507,625449,7271663,3,32,1,-9.858,0.426,0.349,0.007,-0.013,0.006,69.68,1,941.33,48.87,664.75,1,939.18,49.85,635.77
T,493235,1,353479074,-1178094505,625463,7271663,3,31,1,-9.868,0.412,0.368,0.009,-0.015,0.006,69.67,1,941.40,48.87,664.13,1,939.23,49.86,635.32
T,494226,1,353479074,-1178094503,625470,7271663,3,30,1,-9.873,0.407,0.354,0.010,-0.013,0.006,69.66,1,941.35,48.87,664.57,1,939.18,49.86,635.77
T,495212,1,353479074,-1178094501,625481,7271663,3,30,1,-9.868,0.330,0.426,0.020,-0.012,0.006,69.67,1,941.36,48.87,664.48,1,939.19,49.86,635.68
T,496200,1,353479075,-1178094495,625473,7271663,3,31,1,-9.863,0.459,0.340,0.004,-0.012,0.006,69.68,1,941.36,48.87,664.48,1,939.22,49.86,635.41
T,497186,1,353479075,-1178094492,625496,7271663,3,31,1,-9.868,0.440,0.345,-0.001,-0.012,0.007,69.71,1,941.38,48.87,664.31,1,939.19,49.86,635.68
T,498273,1,353479076,-1178094490,625483,7271663,3,30,1,-9.858,0.416,0.368,0.011,-0.013,0.007,69.69,1,941.35,48.88,664.57,1,939.22,49.87,635.41
T,499261,1,353479077,-1178094487,625504,7271663,3,30,1,-9.863,0.416,0.359,0.000,-0.013,0.007,69.65,1,941.37,48.88,664.39,1,939.19,49.87,635.68
T,500250,1,353479078,-1178094486,625563,7271663,3,30,1,-9.868,0.435,0.388,0.006,-0.013,0.006,69.70,1,941.43,48.88,663.87,1,939.19,49.87,635.68
T,501243,1,353479077,-1178094485,625625,7271663,3,31,1,-9.858,0.364,0.383,0.001,-0.013,0.006,69.72,1,941.36,48.88,664.48,1,939.22,49.87,635.41
T,502231,1,353479078,-1178094483,625692,7271663,3,31,1,-9.873,0.431,0.330,0.011,-0.013,0.005,69.68,1,941.38,48.88,664.31,1,939.22,49.87,635.41
T,503219,1,353479078,-1178094484,625719,7271663,3,31,1,-9.873,0.364,0.392,0.013,-0.015,0.006,69.64,1,941.43,48.89,663.87,1,939.17,49.87,635.86
T,504208,1,353479079,-1178094484,625747,7271663,3,31,1,-9.863,0.440,0.345,0.009,-0.013,0.006,69.72,1,941.40,48.89,664.13,1,939.19,49.88,635.68
T,505194,1,353479082,-1178094477,625654,7271663,3,31,1,-9.868,0.407,0.383,0.006,-0.015,0.006,69.68,1,941.35,48.90,664.57,1,939.19,49.88,635.68
T,506186,1,353479082,-1178094471,625640,7271663,3,31,1,-9.868,0.407,0.349,0.007,-0.012,0.007,69.69,1,941.40,48.90,664.13,1,939.16,49.88,635.94
T,507276,1,353479084,-1178094465,625592,7271663,3,31,1,-9.868,0.431,0.354,0.005,-0.012,0.007,69.71,1,941.38,48.90,664.31,1,939.17,49.89,635.86
T,508263,1,353479085,-1178094456,625533,7271663,3,31,1,-9.863,0.431,0.354,0.006,-0.013,0.006,69.73,1,941.37,48.89,664.39,1,939.23,49.89,635.32
T,509250,1,353479089,-1178094445,625497,7271663,3,31,1,-9.873,0.440,0.354,0.005,-0.012,0.006,69.71,1,941.37,48.89,664.39,1,939.19,49.89,635.68
T,510250,1,353479092,-1178094433,625464,7271663,3,31,1,-9.868,0.426,0.349,0.009,-0.012,0.006,69.70,1,941.36,48.90,664.48,1,939.18,49.89,635.77
T,511242,1,353479092,-1178094427,625477,7271663,3,30,1,-9.858,0.416,0.340,0.006,-0.012,0.006,69.76,1,941.37,48.89,664.39,1,939.22,49.89,635.41
T,512228,1,353479096,-1178094418,625435,7271663,3,30,1,-9.873,0.421,0.354,0.009,-0.012,0.007,69.70,1,941.37,48.89,664.39,1,939.22,49.89,635.41
T,513213,1,353479101,-1178094404,625391,7271663,3,31,1,-9.858,0.388,0.388,0.002,-0.013,0.007,69.70,1,941.34,48.89,664.66,1,939.24,49.89,635.23
T,514202,1,353479103,-1178094397,625380,7271663,3,30,1,-9.868,0.431,0.388,0.010,-0.012,0.007,69.71,1,941.38,48.90,664.31,1,939.19,49.89,635.68
T,515188,1,353479105,-1178094391,625309,7271663,3,31,1,-9.863,0.431,0.345,0.006,-0.013,0.006,69.72,1,941.38,48.90,664.31,1,939.19,49.89,635.68
T,516277,1,353479106,-1178094387,625247,7271663,3,32,1,-9.858,0.378,0.407,0.002,-0.013,0.006,69.70,1,941.39,48.91,664.22,1,939.18,49.89,635.77
T,517281,1,353479108,-1178094384,625228,7271663,3,32,1,-9.858,0.445,0.345,0.002,-0.012,0.007,69.74,1,941.36,48.92,664.48,1,939.20,49.89,635.59
T,518270,1,353479111,-1178094378,625198,7271663,3,32,1,-9.868,0.416,0.373,0.009,-0.013,0.006,69.73,1,941.38,48.92,664.31,1,939.22,49.89,635.41
T,519254,1,353479116,-1178094371,625129,7271663,3,32,1,-9.858,0.378,0.397,0.012,-0.015,0.006,69.69,1,941.35,48.92,664.57,1,939.17,49.90,635.86
T,520239,1,353479122,-1178094359,625013,7271663,3,31,1,-9.873,0.378,0.321,0.002,-0.013,0.006,69.71,1,941.34,48.92,664.66,1,939.18,49.90,635.77
T,521229,1,353479127,-1178094355,624941,7271663,3,32,1,-9.858,0.407,0.354,0.000,-0.013,0.006,69.73,1,941.37,48.93,664.39,1,939.20,49.90,635.59
T,522219,1,353479132,-1178094349,624844,7271663,3,32,1,-9.858,0.392,0.397,0.009,-0.013,0.006,69.74,1,941.36,48.93,664.48,1,939.17,49.90,635.86
T,523206,1,353479136,-1178094344,624795,7271663,3,31,1,-9.863,0.440,0.306,0.007,-0.011,0.006,69.71,1,941.34,48.93,664.66,1,939.24,49.91,635.23
T,524194,1,353479137,-1178094336,624858,7271663,3,31,1,-9.849,0.440,0.359,0.001,-0.012,0.006,69.69,1,941.35,48.93,664.57,1,939.17,49.89,635.86
T,525283,1,353479135,-1178094333,624943,7271663,3,30,1,-9.858,0.402,0.373,0.006,-0.013,0.006,69.70,1,941.38,48.94,664.31,1,939.18,49.88,635.77
T,526269,1,353479134,-1178094328,625009,7271663,3,30,1,-9.863,0.435,0.340,0.009,-0.012,0.006,69.70,1,941.38,48.93,664.31,1,939.19,49.88,635.68
T,527258,1,353479131,-1178094328,625076,7271663,3,31,1,-9.868,0.416,0.364,0.007,-0.012,0.005,69.71,1,941.36,48.91,664.48,1,939.19,49.84,635.68
T,528247,1,353479129,-1178094323,625167,7271663,3,32,1,-9.863,0.431,0.330,0.009,-0.012,0.006,69.70,1,941.39,48.92,664.22,1,939.20,49.86,635.59
T,529233,1,353479124,-1178094323,625295,7271663,3,32,1,-9.849,0.416,0.383,0.009,-0.012,0.006,69.77,1,941.37,48.94,664.39,1,939.15,49.87,636.03
T,530220,1,353479120,-1178094323,625425,7271663,3,31,1,-9.873,0.464,0.278,0.009,-0.013,0.007,69.70,1,941.33,48.95,664.75,1,939.20,49.89,635.59
T,531208,1,353479115,-1178094325,625562,7271663,3,32,1,-9.849,0.416,0.301,0.004,-0.013,0.006,69.70,1,941.42,48.94,663.95,1,939.17,49.87,635.86
T,532202,1,353479111,-1178094325,625640,7271663,3,32,1,-9.868,0.421,0.402,0.006,-0.013,0.006,69.75,1,941.39,48.94,664.22,1,939.19,49.89,635.68
T,533289,1,353479108,-1178094323,625724,7271663,3,32,1,-9.863,0.397,0.301,0.012,-0.015,0.005,69.65,1,941.35,48.94,664.57,1,939.19,49.88,635.68
T,534278,1,353479104,-1178094321,625832,7271663,3,32,1,-9.858,0.368,0.402,0.004,-0.013,0.006,69.63,1,941.38,48.94,664.31,1,939.17,49.84,635.86
T,535267,1,353479102,-1178094316,625903,7271663,3,32,1,-9.858,0.392,0.364,0.016,-0.013,0.007,69.67,1,941.33,48.94,664.75,1,939.21,49.86,635.50
T,536257,1,353479101,-1178094311,625971,7271663,3,32,1,-9.854,0.373,0.278,0.009,-0.013,0.006,69.63,1,941.39,48.94,664.22,1,939.17,49.85,635.86
T,537247,1,353479100,-1178094305,626045,7271663,3,32,1,-9.858,0.345,0.373,-0.010,-0.012,0.006,69.60,1,941.34,48.93,664.66,1,939.20,49.79,635.59
T,538234,1,353479099,-1178094302,626117,7271663,3,32,1,-9.863,0.440,0.368,0.004,-0.013,0.007,69.68,1,941.37,48.93,664.39,1,939.17,49.82,635.86
T,539222,1,353479098,-1178094300,626206,7271663,3,32,1,-9.854,0.431,0.349,0.010,-0.013,0.005,69.64,1,941.37,48.95,664.39,1,939.16,49.83,635.94
T,540208,1,353479099,-1178094297,626266,7271663,3,32,1,-9.868,0.392,0.349,0.000,-0.013,0.006,69.68,1,941.38,48.96,664.31,1,939.17,49.85,635.86
T,541300,1,353479100,-1178094296,626320,7271663,3,32,1,-9.868,0.426,0.345,0.010,-0.013,0.006,69.65,1,941.37,48.96,664.39,1,939.17,49.86,635.86
T,542188,1,353479100,-1178094294,626395,7271663,3,32,1,-9.858,0.421,0.364,0.005,-0.013,0.006,69.70,1,941.38,48.96,664.31,1,939.22,49.87,635.41
T,543276,1,353479102,-1178094292,626467,7271663,3,32,1,-9.863,0.412,0.407,0.002,-0.013,0.007,69.71,1,941.37,48.96,664.39,1,939.18,49.89,635.77
T,544265,1,353479103,-1178094291,626525,7271663,3,32,1,-9.863,0.464,0.292,0.007,-0.015,0.006,69.66,1,941.36,48.94,664.48,1,939.20,49.88,635.59
T,545249,1,353479104,-1178094290,626587,7271663,3,32,1,-9.863,0.459,0.349,0.002,-0.013,0.006,69.72,1,941.36,48.95,664.48,1,939.19,49.89,635.68
T,546236,1,353479106,-1178094288,626675,7271663,3,32,1,-9.863,0.392,0.392,0.006,-0.015,0.006,69.79,1,941.35,48.95,664.57,1,939.21,49.90,635.50
T,547228,1,353479108,-1178094286,626746,7271663,3,32,1,-9.863,0.426,0.368,0.009,-0.013,0.007,69.68,1,941.36,48.95,664.48,1,939.18,49.90,635.77
T,548215,1,353479109,-1178094284,626833,7271663,3,32,1,-9.863,0.397,0.345,0.012,-0.012,0.006,69.73,1,941.37,48.95,664.39,1,939.15,49.91,636.03
T,549200,1,353479110,-1178094283,626911,7271663,3,32,1,-9.858,0.450,0.325,0.005,-0.013,0.006,69.65,1,941.34,48.92,664.66,1,939.18,49.83,635.77
T,550186,1,353479113,-1178094281,626971,7271663,3,31,1,-9.858,0.440,0.340,0.010,-0.012,0.006,69.72,1,941.33,48.94,664.75,1,939.19,49.86,635.68
T,551273,1,353479115,-1178094276,627022,7271663,3,31,1,-9.863,0.397,0.364,0.009,-0.015,0.007,69.64,1,941.31,48.93,664.93,1,939.18,49.84,635.77
T,552259,1,353479116,-1178094273,627054,7271663,3,32,1,-9.854,0.431,0.349,0.007,-0.015,0.007,69.70,1,941.38,48.94,664.31,1,939.17,49.86,635.86
T,553248,1,353479117,-1178094271,627101,7271663,3,31,1,-9.863,0.421,0.364,0.007,-0.013,0.006,69.70,1,941.32,48.94,664.84,1,939.16,49.88,635.94
T,554233,1,353479120,-1178094269,627148,7271663,3,31,1,-9.863,0.440,0.325,0.007,-0.012,0.007,69.67,1,941.32,48.93,664.84,1,939.20,49.88,635.59
T,555219,1,353479123,-1178094266,627179,7271663,3,32,1,-9.863,0.412,0.335,0.009,-0.012,0.007,69.57,1,941.36,48.90,664.48,1,939.18,49.82,635.77
T,556309,1,353479126,-1178094265,627202,7271663,3,30,1,-9.863,0.412,0.340,0.007,-0.013,0.006,69.54,1,941.38,48.91,664.31,1,939.17,49.80,635.86
T,557306,1,353479131,-1178094262,627227,7271663,3,30,1,-9.863,0.421,0.359,0.010,-0.013,0.007,69.62,1,941.36,48.93,664.48,1,939.14,49.81,636.12
T,558293,1,353479133,-1178094262,627179,7271663,3,31,1,-9.921,0.646,-0.220,-0.015,0.004,-0.001,69.64,1,941.36,48.94,664.48,1,939.17,49.84,635.86
T,559279,1,353479135,-1178094257,627099,7271663,3,31,1,-9.839,1.010,0.469,0.001,-0.012,0.010,69.62,1,941.34,48.94,664.66,1,939.19,49.83,635.68
T,560267,1,353479137,-1178094255,627037,7271663,3,32,1,-9.925,0.550,0.388,0.010,-0.013,0.004,69.60,1,941.37,48.94,664.39,1,939.19,49.82,635.68
T,561253,1,353479135,-1178094254,626947,7271663,3,32,1,-9.863,0.526,0.311,0.000,-0.011,0.010,69.59,1,941.31,48.94,664.93,1,939.18,49.81,635.77
T,562239,1,353479135,-1178094254,626878,7271663,3,30,1,-9.868,0.412,0.345,-0.011,-0.012,0.007,69.55,1,941.34,48.93,664.66,1,939.15,49.80,636.03
T,563224,1,353479134,-1178094257,626843,7271663,3,31,1,-9.868,0.378,0.268,0.010,-0.012,0.007,69.50,1,941.36,48.92,664.48,1,939.18,49.75,635.77
T,564217,1,353479132,-1178094261,626728,7271663,3,32,1,-9.863,0.359,0.249,0.004,-0.013,0.007,69.50,1,941.36,48.91,664.48,1,939.13,49.73,636.21
T,565203,1,353479130,-1178094265,626704,7271663,3,32,1,-9.854,0.383,0.292,0.005,-0.013,0.006,69.51,1,941.36,48.91,664.48,1,939.19,49.72,635.68
T,566189,1,353479128,-1178094268,626656,7271663,3,31,1,-9.863,0.431,0.325,0.001,-0.013,0.006,69.58,1,941.33,48.91,664.75,1,939.16,49.75,635.94
T,567277,1,353479126,-1178094271,626602,7271663,3,31,1,-9.863,0.416,0.239,0.005,-0.012,0.006,69.46,1,941.30,48.88,665.01,1,939.18,49.72,635.77
T,568263,1,353479125,-1178094274,626573,7271663,3,32,1,-9.858,0.412,0.306,0.001,-0.011,0.006,69.48,1,941.33,48.89,664.75,1,939.16,49.72,635.94
T,569247,1,353479124,-1178094276,626522,7271663,3,31,1,-9.858,0.397,0.306,0.010,-0.012,0.006,69.56,1,941.37,48.90,664.39,1,939.17,49.75,635.86
T,570234,1,353479125,-1178094278,626505,7271663,3,31,1,-9.868,0.364,0.340,0.004,-0.013,0.006,69.59,1,941.33,48.91,664.75,1,939.17,49.79,635.86
T,571222,1,353479126,-1178094278,626488,7271663,3,32,1,-9.873,0.392,0.335,0.011,-0.015,0.007,69.57,1,941.34,48.91,664.66,1,939.19,49.80,635.68
T,572208,1,353479127,-1178094278,626447,7271663,3,32,1,-9.873,0.397,0.340,0.009,-0.013,0.007,69.59,1,941.31,48.91,664.93,1,939.15,49.80,636.03
T,573193,1,353479126,-1178094278,626455,7271663,3,32,1,-9.863,0.416,0.330,0.011,-0.015,0.006,69.61,1,941.34,48.89,664.66,1,939.15,49.81,636.03
T,574183,1,353479127,-1178094276,626400,7271663,3,32,1,-9.863,0.412,0.287,0.010,-0.013,0.007,69.59,1,941.29,48.88,665.10,1,939.17,49.78,635.86
T,575172,1,353479128,-1178094272,626297,7271663,3,32,1,-9.854,0.412,0.292,0.006,-0.013,0.006,69.49,1,941.30,48.82,665.01,1,939.19,49.71,635.68
T,576158,1,353479130,-1178094268,626174,7271663,3,31,1,-9.858,0.388,0.321,0.006,-0.013,0.007,69.48,1,941.33,48.84,664.75,1,939.15,49.72,636.03
T,577244,1,353479125,-1178094272,626170,7271663,3,32,1,-9.854,0.402,0.316,0.009,-0.013,0.006,69.47,1,941.32,48.85,664.84,1,939.18,49.72,635.77
T,578233,1,353479120,-1178094277,626206,7271663,3,31,1,-9.854,0.402,0.335,0.007,-0.012,0.007,69.53,1,941.35,48.85,664.57,1,939.15,49.72,636.03
T,579221,1,353479115,-1178094280,626229,7271663,3,31,1,-9.868,0.402,0.321,0.010,-0.013,0.006,69.53,1,941.34,48.86,664.66,1,939.17,49.75,635.86
T,580207,1,353479113,-1178094282,626221,7271663,3,31,1,-9.868,0.383,0.349,0.005,-0.013,0.007,69.59,1,941.30,48.87,665.01,1,939.13,49.77,636.21
T,581297,1,353479112,-1178094280,626181,7271663,3,31,1,-9.854,0.349,0.388,0.004,-0.013,0.006,69.59,1,941.35,48.88,664.57,1,939.17,49.79,635.86
T,582284,1,353479105,-1178094280,626225,7271663,3,32,1,-9.858,0.407,0.330,0.011,-0.015,0.007,69.62,1,941.33,48.87,664.75,1,939.18,49.80,635.77
T,583270,1,353479100,-1178094282,626223,7271663,3,31,1,-9.863,0.402,0.359,0.006,-0.015,0.006,69.62,1,941.31,48.87,664.93,1,939.15,49.81,636.03
T,584256,1,353479094,-1178094283,626245,7271663,3,32,1,-9.887,0.412,0.354,0.009,-0.013,0.006,69.61,1,941.34,48.88,664.66,1,939.17,49.82,635.86
T,585246,1,353479088,-1178094285,626337,7271663,3,32,1,-9.868,0.416,0.354,0.009,-0.013,0.006,69.66,1,941.33,48.87,664.75,1,939.18,49.83,635.77
T,586231,1,353479083,-1178094284,626397,7271663,3,32,1,-9.868,0.402,0.340,0.005,-0.013,0.006,69.62,1,941.32,48.88,664.84,1,939.17,49.83,635.86
T,587216,1,353479078,-1178094283,626421,7271663,3,31,1,-9.858,0.388,0.335,0.011,-0.013,0.007,69.52,1,941.34,48.83,664.66,1,939.14,49.76,636.12
T,588301,1,353479074,-1178094283,626417,7271663,3,31,1,-9.863,0.378,0.321,0.004,-0.012,0.006,69.57,1,941.30,48.84,665.01,1,939.15,49.77,636.03
T,589288,1,353479070,-1178094284,626408,7271663,3,32,1,-9.873,0.388,0.330,0.007,-0.012,0.006,69.61,1,941.34,48.86,664.66,1,939.15,49.78,636.03
T,590273,1,353479070,-1178094279,626355,7271663,3,31,1,-9.868,0.412,0.321,0.009,-0.013,0.007,69.60,1,941.31,48.86,664.93,1,939.15,49.80,636.03
T,591262,1,353479070,-1178094273,626333,7271663,3,31,1,-9.863,0.402,0.330,0.007,-0.016,0.007,69.62,1,941.35,48.86,664.57,1,939.14,49.82,636.12
T,592249,1,353479069,-1178094268,626326,7271663,3,32,1,-9.868,0.407,0.345,0.009,-0.015,0.006,69.62,1,941.31,48.86,664.93,1,939.15,49.82,636.03
T,593233,1,353479068,-1178094264,626233,7271663,3,32,1,-9.873,0.397,0.345,0.005,-0.012,0.007,69.62,1,941.29,48.85,665.10,1,939.19,49.77,635.68
T,594219,1,353479066,-1178094262,626204,7271663,3,32,1,-9.863,0.435,0.316,0.007,-0.013,0.007,69.61,1,941.33,48.86,664.75,1,939.20,49.79,635.59
T,595203,1,353479063,-1178094262,626254,7271663,3,32,1,-9.873,0.349,0.301,0.010,-0.012,0.006,69.64,1,941.29,48.87,665.10,1,939.15,49.81,636.03
T,596292,1,353479060,-1178094262,626271,7271663,3,31,1,-9.868,0.445,0.330,0.006,-0.013,0.007,69.68,1,941.34,48.88,664.66,1,939.09,49.80,636.56
T,597178,1,353479058,-1178094258,626273,7271663,3,32,1,-9.868,0.412,0.364,0.011,-0.015,0.006,69.64,1,941.30,48.89,665.01,1,939.15,49.80,636.03
T,598267,1,353479055,-1178094254,626317,7271663,3,31,1,-9.868,0.368,0.325,0.009,-0.012,0.006,69.63,1,941.31,48.89,664.93,1,939.17,49.82,635.86
T,599254,1,353479046,-1178094262,626429,7271663,3,31,1,-9.863,0.455,0.249,0.009,-0.013,0.007,69.62,1,941.32,48.90,664.84,1,939.11,49.81,636.39
T,600242,1,353479038,-1178094268,626470,7271663,3,31,1,-9.863,0.368,0.349,0.013,-0.012,0.006,69.63,1,941.34,48.90,664.66,1,939.23,49.82,635.32
T,601229,1,353479031,-1178094278,626575,7271663,3,32,1,-9.858,0.392,0.311,0.007,-0.013,0.005,69.62,1,941.33,48.91,664.75,1,939.17,49.83,635.86
T,602214,1,353479028,-1178094279,626622,7271663,3,32,1,-9.863,0.373,0.201,0.016,-0.013,0.005,69.45,1,941.35,48.87,664.57,1,939.18,49.73,635.77
T,603202,1,353479027,-1178094278,626661,7271663,3,32,1,-9.863,0.373,0.225,0.010,-0.012,0.007,69.33,1,941.34,48.83,664.66,1,939.12,49.64,636.30
T,604292,1,353479027,-1178094278,626672,7271663,3,32,1,-9.863,0.407,0.182,-0.001,-0.012,0.006,69.29,1,941.35,48.83,664.57,1,939.16,49.65,635.94
T,605278,1,353479025,-1178094281,626648,7271663,3,32,1,-9.863,0.388,0.316,0.013,-0.013,0.007,69.34,1,941.32,48.84,664.84,1,939.17,49.64,635.86
T,606266,1,353479021,-1178094285,626693,7271663,3,32,1,-9.858,0.431,0.211,0.004,-0.013,0.006,69.32,1,941.33,48.85,664.75,1,939.18,49.68,635.77
T,607256,1,353479021,-1178094285,626679,7271663,3,31,1,-9.844,0.378,0.067,0.007,-0.012,0.005,68.93,1,941.34,48.76,664.66,1,939.20,49.53,635.59
T,608243,1,353479021,-1178094288,626626,7271663,3,32,1,-9.849,0.416,0.077,0.005,-0.013,0.006,68.60,1,941.32,48.62,664.84,1,939.18,49.41,635.77
T,609243,1,353479017,-1178094295,626662,7271663,3,32,1,-9.863,0.397,0.096,0.006,-0.015,0.006,68.59,1,941.33,48.52,664.75,1,939.14,49.34,636.12
T,610231,1,353479014,-1178094301,626724,7271663,3,31,1,-9.849,0.416,0.038,0.005,-0.013,0.006,68.49,1,941.36,48.47,664.48,1,939.15,49.30,636.03
T,611219,1,353479018,-1178094297,626727,7271663,3,31,1,-9.858,0.402,0.182,0.005,-0.012,0.006,68.70,1,941.30,48.50,665.01,1,939.16,49.35,635.94
T,612220,1,353479012,-1178094304,626911,7271663,3,31,1,-9.854,0.392,0.081,0.010,-0.013,0.006,68.78,1,941.29,48.56,665.10,1,939.18,49.37,635.77
T,613206,1,353479000,-1178094317,627151,7271663,3,31,1,-9.839,0.378,0.010,0.006,-0.013,0.007,68.55,1,941.31,48.55,664.93,1,939.21,49.29,635.50
T,614197,1,353479003,-1178094318,627184,7271663,3,30,1,-9.863,0.407,0.258,0.004,-0.012,0.006,68.81,1,941.29,48.51,665.10,1,939.15,49.26,636.03
T,615284,1,353478999,-1178094327,627352,7271663,3,32,1,-9.858,0.388,0.077,0.007,-0.012,0.006,68.68,1,941.33,48.52,664.75,1,939.19,49.22,635.68
T,616269,1,353478992,-1178094338,627490,7271663,3,32,1,-9.863,0.402,0.268,0.006,-0.013,0.007,68.79,1,941.32,48.52,664.84,1,939.16,49.22,635.94
T,617259,1,353478985,-1178094348,627684,7271663,3,31,1,-9.849,0.392,0.053,0.006,-0.013,0.006,68.37,1,941.32,48.50,664.84,1,939.18,49.17,635.77
T,618248,1,353478977,-1178094358,627899,7271663,3,31,1,-9.858,0.359,0.057,0.006,-0.013,0.006,68.18,1,941.34,48.44,664.66,1,939.19,49.04,635.68
T,619258,1,353478969,-1178094368,627996,7271663,3,31,1,-9.858,0.368,-0.024,0.007,-0.013,0.005,67.80,1,941.34,48.36,664.66,1,939.17,48.88,635.86
T,620245,1,353478962,-1178094376,628077,7271663,3,31,1,-9.844,0.364,-0.100,0.005,-0.012,0.006,67.89,1,941.32,48.33,664.84,1,939.18,48.86,635.77
T,621233,1,353478958,-1178094381,628178,7271663,3,31,1,-9.858,0.402,0.077,0.007,-0.013,0.007,67.89,1,941.38,48.28,664.31,1,939.17,48.90,635.86
T,622219,1,353478953,-1178094387,628295,7271663,3,30,1,-9.844,0.373,0.086,0.006,-0.013,0.006,68.00,1,941.34,48.24,664.66,1,939.15,48.94,636.03
T,623205,1,353478948,-1178094392,628442,7271663,3,32,1,-9.858,0.388,0.191,0.007,-0.013,0.005,68.14,1,941.31,48.23,664.93,1,939.19,48.95,635.68
T,624193,1,353478945,-1178094393,628622,7271663,3,31,1,-9.858,0.383,0.148,0.006,-0.013,0.007,68.32,1,941.30,48.28,665.01,1,939.18,49.03,635.77
T,625183,1,353478942,-1178094393,628788,7271663,3,31,1,-9.863,0.397,0.081,0.007,-0.012,0.007,68.29,1,941.34,48.30,664.66,1,939.16,49.05,635.94
T,626179,1,353478939,-1178094395,628904,7271663,3,31,1,-9.849,0.368,0.014,0.006,-0.012,0.006,67.97,1,941.36,48.22,664.48,1,939.18,48.96,635.77
T,627268,1,353478936,-1178094396,629013,7271663,3,32,1,-9.858,0.373,0.110,0.002,-0.013,0.007,67.77,1,941.31,48.12,664.93,1,939.19,48.85,635.68
T,628258,1,353478934,-1178094397,629128,7271663,3,32,1,-9.830,0.345,0.124,0.007,-0.013,0.006,67.88,1,941.29,48.06,665.10,1,939.18,48.83,635.77
T,629248,1,353478935,-1178094394,629204,7271663,3,31,1,-9.854,0.407,0.081,0.007,-0.013,0.007,67.88,1,941.31,48.05,664.93,1,939.15,48.83,636.03
T,630235,1,353478935,-1178094393,629247,7271663,3,31,1,-9.849,0.359,0.100,0.006,-0.012,0.006,67.84,1,941.33,48.04,664.75,1,939.17,48.81,635.86
T,631220,1,353478934,-1178094395,629323,7271663,3,32,1,-9.844,0.397,0.129,0.005,-0.012,0.007,67.89,1,941.35,48.00,664.57,1,939.17,48.77,635.86
T,632207,1,353478938,-1178094391,629267,7271663,3,31,1,-9.849,0.383,0.091,0.007,-0.015,0.007,67.91,1,941.33,48.02,664.75,1,939.22,48.81,635.41
T,633194,1,353478940,-1178094387,629222,7271663,3,32,1,-9.849,0.402,0.110,0.006,-0.013,0.007,67.76,1,941.29,48.00,665.10,1,939.14,48.78,636.12
T,634180,1,353478940,-1178094384,629205,7271663,3,31,1,-9.854,0.373,0.129,0.006,-0.013,0.006,67.74,1,941.37,47.96,664.39,1,939.15,48.76,636.03
T,635275,1,353478941,-1178094378,629179,7271663,3,32,1,-9.839,0.373,0.048,0.009,-0.012,0.006,67.77,1,941.35,47.95,664.57,1,939.17,48.75,635.86
T,636270,1,353478943,-1178094374,629181,7271663,3,31,1,-9.863,0.368,0.024,0.007,-0.012,0.006,67.55,1,941.34,47.86,664.66,1,939.14,48.67,636.12
T,637260,1,353478945,-1178094369,629184,7271663,3,31,1,-9.844,0.392,0.077,0.006,-0.013,0.006,67.54,1,941.36,47.78,664.48,1,939.15,48.60,636.03
T,638248,1,353478947,-1178094368,629177,7271663,3,32,1,-9.849,0.407,0.077,0.006,-0.012,0.009,67.53,1,941.32,47.72,664.84,1,939.14,48.58,636.12
T,639241,1,353478946,-1178094366,629232,7271663,3,30,1,-9.839,0.368,-0.010,0.006,-0.013,0.006,67.44,1,941.37,47.69,664.39,1,939.17,48.54,635.86
T,640226,1,353478949,-1178094361,629231,7271663,3,31,1,-9.854,0.421,0.163,0.005,-0.013,0.006,67.46,1,941.30,47.65,665.01,1,939.19,48.49,635.68
T,641216,1,353478951,-1178094355,629169,7271663,3,31,1,-9.858,0.383,0.153,0.005,-0.012,0.006,67.56,1,941.33,47.69,664.75,1,939.20,48.49,635.59
T,642206,1,353478954,-1178094350,629170,7271663,3,31,1,-9.868,0.383,0.081,0.010,-0.013,0.006,67.53,1,941.32,47.66,664.84,1,939.18,48.41,635.77
T,643191,1,353478955,-1178094345,629188,7271663,3,32,1,-9.849,0.349,0.019,0.001,-0.012,0.005,67.35,1,941.33,47.61,664.75,1,939.20,48.39,635.59
T,644176,1,353478956,-1178094346,629189,7271663,3,31,1,-9.854,0.388,-0.010,0.007,-0.015,0.006,67.20,1,941.34,47.52,664.66,1,939.16,48.33,635.94
T,645264,1,353478957,-1178094344,629146,7271663,3,32,1,-9.854,0.402,0.043,0.007,-0.013,0.006,66.95,1,941.36,47.43,664.48,1,939.20,48.24,635.59
T,646252,1,353478957,-1178094341,629152,7271663,3,32,1,-9.849,0.412,-0.062,0.006,-0.012,0.006,66.88,1,941.32,47.38,664.84,1,939.20,48.20,635.59
T,647240,1,353478958,-1178094337,629146,7271663,3,30,1,-9.858,0.412,0.005,0.004,-0.012,0.006,66.93,1,941.30,47.40,665.01,1,939.21,48.22,635.50
T,648232,1,353478959,-1178094334,629152,7271663,3,32,1,-9.849,0.388,0.072,0.009,-0.015,0.006,66.90,1,941.34,47.37,664.66,1,939.14,48.18,636.12
T,649221,1,353478960,-1178094329,629182,7271663,3,32,1,-9.897,0.258,-0.124,0.016,-0.009,0.002,66.75,1,941.31,47.30,664.93,1,939.16,48.14,635.94
T,650217,1,353478961,-1178094327,629182,7271663,3,31,1,-9.844,0.421,-0.086,0.005,-0.011,0.006,66.73,1,941.35,47.21,664.57,1,939.19,48.04,635.68
T,651203,1,353478964,-1178094325,629132,7271663,3,32,1,-9.849,0.397,0.005,0.007,-0.011,0.005,66.66,1,941.32,47.13,664.84,1,939.15,47.92,636.03
T,652190,1,353478969,-1178094323,629123,7271663,3,31,1,-9.830,0.340,-0.072,0.010,-0.012,0.006,66.72,1,941.33,47.11,664.75,1,939.14,47.87,636.12
T,653291,1,353478972,-1178094324,629118,7271663,3,31,1,-9.839,0.368,-0.019,0.009,-0.013,0.006,66.49,1,941.30,47.03,665.01,1,939.14,47.78,636.12
T,654182,1,353478980,-1178094321,629064,7271663,3,31,1,-9.849,0.364,-0.043,0.010,-0.012,0.005,66.45,1,941.31,46.99,664.93,1,939.16,47.69,635.94
T,655269,1,353478983,-1178094321,629076,7271663,3,31,1,-9.844,0.407,0.048,0.005,-0.012,0.006,66.47,1,941.29,46.94,665.10,1,939.13,47.64,636.21
T,656259,1,353478984,-1178094322,629097,7271663,3,32,1,-9.796,0.426,0.431,0.004,-0.021,0.006,66.55,1,941.33,46.94,664.75,1,939.16,47.69,635.94
T,657249,1,353478988,-1178094324,629084,7271663,3,32,1,-9.854,0.421,0.019,0.006,-0.012,0.007,66.51,1,941.37,46.84,664.39,1,939.14,47.66,636.12
T,658246,1,353478988,-1178094326,629101,7271663,3,32,1,-9.844,0.378,0.077,0.009,-0.011,0.005,66.64,1,941.30,46.80,665.01,1,939.18,47.68,635.77
T,659233,1,353478990,-1178094327,629066,7271663,3,30,1,-9.868,0.368,0.110,0.002,-0.015,0.005,66.64,1,941.32,46.79,664.84,1,939.15,47.63,636.03
T,660222,1,353478992,-1178094329,629019,7271663,3,32,1,-9.858,0.507,0.129,0.009,-0.013,0.006,66.67,1,941.33,46.77,664.75,1,939.19,47.61,635.68
T,661210,1,353478992,-1178094334,629015,7271663,3,32,1,-9.858,0.282,0.134,0.012,-0.013,0.005,66.49,1,941.28,46.69,665.19,1,939.19,47.60,635.68
T,662201,1,353478992,-1178094341,628938,7271663,3,32,1,-9.858,0.445,0.129,0.000,-0.012,0.007,66.57,1,941.31,46.65,664.93,1,939.17,47.59,635.86
T,663195,1,353478994,-1178094347,628866,7271663,3,31,1,-9.858,0.426,0.105,0.000,-0.012,0.006,66.65,1,941.32,46.67,664.84,1,939.15,47.53,636.03
T,664280,1,353478996,-1178094352,628784,7271663,3,32,1,-9.854,0.321,0.187,0.009,-0.012,0.005,66.62,1,941.33,46.64,664.75,1,939.17,47.55,635.86
T,665266,1,353478997,-1178094355,628741,7271663,3,31,1,-9.844,0.455,0.053,0.002,-0.012,0.006,66.72,1,941.29,46.64,665.10,1,939.18,47.59,635.77
T,666253,1,353479000,-1178094357,628666,7271663,3,32,1,-9.858,0.412,0.048,0.002,-0.013,0.006,66.64,1,941.30,46.63,665.01,1,939.15,47.51,636.03
T,667240,1,353479000,-1178094359,628577,7271663,3,32,1,-9.844,0.416,0.100,0.004,-0.013,0.005,66.56,1,941.32,46.60,664.84,1,939.19,47.43,635.68
T,668229,1,353479003,-1178094360,628506,7271663,3,31,1,-9.849,0.416,0.115,0.007,-0.012,0.006,66.46,1,941.30,46.57,665.01,1,939.16,47.41,635.94
T,669223,1,353479003,-1178094361,628477,7271663,3,32,1,-9.839,0.378,0.010,0.007,-0.013,0.006,66.29,1,941.34,46.51,664.66,1,939.15,47.37,636.03
T,670212,1,353479002,-1178094363,628443,7271663,3,32,1,-9.849,0.402,0.038,0.000,-0.013,0.006,66.21,1,941.35,46.42,664.57,1,939.16,47.37,635.94
T,671202,1,353479002,-1178094366,628395,7271663,3,31,1,-9.844,0.373,0.086,0.012,-0.013,0.006,66.20,1,941.29,46.33,665.10,1,939.18,47.36,635.77
T,672189,1,353479002,-1178094365,628374,7271663,3,32,1,-9.844,0.397,0.096,0.004,-0.011,0.006,66.32,1,941.28,46.31,665.19,1,939.17,47.37,635.86
T,673283,1,353479003,-1178094365,628355,7271663,3,32,1,-9.849,0.359,0.000,0.009,-0.012,0.006,66.03,1,941.35,46.29,664.57,1,939.14,47.36,636.12
T,674272,1,353479005,-1178094365,628321,7271663,3,31,1,-9.844,0.383,-0.010,0.007,-0.013,0.007,65.84,1,941.34,46.21,664.66,1,939.20,47.34,635.59
T,675259,1,353479007,-1178094364,628334,7271663,3,31,1,-9.839,0.364,-0.053,0.004,-0.013,0.005,65.73,1,941.27,46.06,665.28,1,939.16,47.26,635.94
T,676248,1,353479008,-1178094364,628340,7271663,3,32,1,-9.863,0.431,0.139,0.005,-0.012,0.006,66.05,1,941.33,46.06,664.75,1,939.16,47.20,635.94
T,677236,1,353479011,-1178094361,628349,7271663,3,29,1,-9.849,0.388,0.139,0.005,-0.013,0.006,65.99,1,941.32,46.12,664.84,1,939.14,47.19,636.12
T,678225,1,353479014,-1178094359,628394,7271663,3,32,1,-9.863,0.383,0.187,0.005,-0.012,0.006,66.47,1,941.34,46.22,664.66,1,939.16,47.23,635.94
T,679213,1,353479017,-1178094353,628449,7271663,3,31,1,-9.844,0.297,0.067,0.005,-0.012,0.006,66.11,1,941.37,46.23,664.39,1,939.16,47.24,635.94
T,680200,1,353479019,-1178094348,628425,7271663,3,32,1,-9.854,0.388,0.072,0.009,-0.012,0.006,65.99,1,941.35,46.15,664.57,1,939.22,47.23,635.41
T,681361,1,353479021,-1178094340,628428,7271663,3,32,1,-9.849,0.450,0.067,0.009,-0.013,0.005,65.92,1,941.34,46.08,664.66,1,939.16,47.20,635.94
T,682247,1,353479024,-1178094336,628402,7271663,3,32,1,-9.849,0.378,0.038,0.005,-0.013,0.006,65.94,1,941.31,45.99,664.93,1,939.16,47.14,635.94
T,683233,1,353479027,-1178094332,628355,7271663,3,31,1,-9.844,0.383,-0.081,-0.005,-0.013,0.006,65.66,1,941.37,45.97,664.39,1,939.13,47.12,636.21
T,684221,1,353479025,-1178094332,628352,7271663,3,31,1,-9.868,0.368,0.244,0.013,-0.012,0.007,66.05,1,941.31,45.94,664.93,1,939.15,47.10,636.03
T,685211,1,353479027,-1178094327,628311,7271663,3,31,1,-9.839,0.440,0.096,0.011,-0.011,0.007,66.11,1,941.35,45.99,664.57,1,939.13,47.11,636.21
T,686202,1,353479029,-1178094324,628272,7271663,3,32,1,-9.849,0.321,0.278,0.009,-0.012,0.006,66.48,1,941.27,46.08,665.28,1,939.15,47.16,636.03
T,687190,1,353479035,-1178094316,628178,7271663,3,32,1,-9.854,0.479,0.287,0.009,-0.013,0.007,66.74,1,941.30,46.19,665.01,1,939.13,47.27,636.21
T,688180,1,353479036,-1178094306,628196,7271663,3,32,1,-9.854,0.431,0.282,0.002,-0.012,0.006,66.79,1,941.31,46.25,664.93,1,939.10,47.35,636.47
T,689270,1,353479039,-1178094295,628206,7271663,3,32,1,-9.873,0.368,0.230,-0.001,-0.009,0.007,66.64,1,941.35,46.24,664.57,1,939.16,47.35,635.94
T,690262,1,353479042,-1178094284,628213,7271663,3,32,1,-9.854,0.364,0.072,0.005,-0.013,0.006,66.35,1,941.33,46.16,664.75,1,939.13,47.31,636.21
T,691256,1,353479045,-1178094273,628129,7271663,3,32,1,-9.849,0.416,0.129,0.012,-0.015,0.006,66.14,1,941.30,46.08,665.01,1,939.15,47.27,636.03
T,692247,1,353479049,-1178094264,628072,7271663,3,32,1,-9.844,0.297,0.196,0.005,-0.013,0.005,66.33,1,941.31,46.08,664.93,1,939.11,47.26,636.39
T,693236,1,353479052,-1178094253,627940,7271663,3,31,1,-9.868,0.426,0.139,0.010,-0.012,0.006,66.31,1,941.29,46.11,665.10,1,939.14,47.27,636.12
T,694227,1,353479055,-1178094246,627833,7271663,3,32,1,-9.844,0.383,0.177,0.002,-0.015,0.006,66.28,1,941.31,46.04,664.93,1,939.13,47.21,636.21
T,695219,1,353479059,-1178094240,627725,7271663,3,31,1,-9.830,0.392,0.029,0.010,-0.012,0.007,65.86,1,941.34,45.99,664.66,1,939.17,47.19,635.86
T,696209,1,353479064,-1178094234,627607,7271663,3,32,1,-9.844,0.450,0.053,0.018,-0.011,0.007,65.83,1,941.32,45.97,664.84,1,939.18,47.17,635.77
T,697199,1,353479067,-1178094230,627480,7271663,3,32,1,-9.858,0.278,-0.048,0.005,-0.013,0.006,65.85,1,941.31,45.96,664.93,1,939.20,47.17,635.59
T,698185,1,353479071,-1178094225,627339,7271663,3,32,1,-9.844,0.368,0.048,0.005,-0.011,0.007,65.79,1,941.33,45.93,664.75,1,939.19,47.14,635.68
T,699280,1,353479077,-1178094218,627202,7271663,3,32,1,-9.835,0.407,0.014,0.015,-0.012,0.005,65.77,1,941.32,45.86,664.84,1,939.20,47.08,635.59
T,700279,1,353479076,-1178094218,627162,7271663,3,32,1,-9.835,0.402,-0.033,-0.005,-0.013,0.006,65.72,1,941.34,45.91,664.66,1,939.19,47.11,635.68
T,701264,1,353479075,-1178094219,627141,7271663,3,32,1,-9.863,0.340,0.081,0.001,-0.012,0.006,65.59,1,941.31,45.82,664.93,1,939.19,46.99,635.68
T,702252,1,353479080,-1178094215,627032,7271663,3,32,1,-9.863,0.354,0.167,0.007,-0.012,0.006,65.77,1,941.30,45.80,665.01,1,939.18,46.97,635.77
T,703243,1,353479087,-1178094209,626922,7271663,3,32,1,-9.844,0.359,0.077,0.009,-0.012,0.006,65.85,1,941.31,45.82,664.93,1,939.17,47.00,635.86
T,704234,1,353479093,-1178094206,626898,7271663,3,32,1,-9.854,0.388,0.010,-0.001,-0.012,0.006,66.06,1,941.32,45.88,664.84,1,939.23,47.06,635.32
T,705232,1,353479098,-1178094202,626722,7271663,3,32,1,-9.854,0.416,0.215,0.006,-0.013,0.006,66.15,1,941.28,45.93,665.19,1,939.11,47.07,636.39
T,706221,1,353479103,-1178094199,626580,7271663,3,32,1,-9.858,0.407,0.287,0.004,-0.012,0.006,66.39,1,941.38,46.00,664.31,1,939.16,47.15,635.94
T,707209,1,353479107,-1178094196,626445,7271663,3,32,1,-9.854,0.412,0.148,0.005,-0.012,0.007,66.50,1,941.34,46.07,664.66,1,939.15,47.21,636.03
T,708194,1,353479110,-1178094194,626335,7271663,3,32,1,-9.863,0.388,0.258,0.007,-0.015,0.006,66.55,1,941.34,46.09,664.66,1,939.15,47.18,636.03
T,709286,1,353479112,-1178094191,626250,7271663,3,32,1,-9.849,0.440,0.311,0.007,-0.015,0.006,66.67,1,941.30,46.15,665.01,1,939.13,47.25,636.21
T,710278,1,353479115,-1178094188,626165,7271663,3,32,1,-9.863,0.440,0.239,0.004,-0.012,0.007,66.48,1,941.31,46.16,664.93,1,939.12,47.24,636.30
T,711265,1,353479117,-1178094186,626151,7271663,3,32,1,-9.854,0.407,0.096,0.005,-0.013,0.005,66.38,1,941.32,46.12,664.84,1,939.14,47.15,636.12
T,712250,1,353479120,-1178094186,626162,7271663,3,32,1,-9.849,0.416,0.105,0.001,-0.013,0.006,66.21,1,941.28,46.08,665.19,1,939.14,47.05,636.12
T,713246,1,353479123,-1178094186,626164,7271663,3,32,1,-9.844,0.388,0.187,0.006,-0.013,0.006,66.22,1,941.30,46.07,665.01,1,939.10,47.01,636.47
T,714232,1,353479127,-1178094187,626172,7271663,3,32,1,-9.854,0.407,0.081,0.007,-0.013,0.006,66.08,1,941.31,46.01,664.93,1,939.13,47.02,636.21
T,715221,1,353479130,-1178094188,626218,7271663,3,32,1,-9.854,0.359,0.115,-0.001,-0.011,0.005,65.98,1,941.29,45.90,665.10,1,939.14,46.96,636.12
T,716207,1,353479134,-1178094188,626269,7271663,3,32,1,-9.849,0.383,0.043,0.015,-0.013,0.007,65.93,1,941.30,45.87,665.01,1,939.15,46.96,636.03
T,717197,1,353479138,-1178094191,626337,7271663,3,32,1,-9.844,0.407,0.120,0.004,-0.012,0.007,66.05,1,941.31,45.86,664.93,1,939.19,46.98,635.68
T,718285,1,353479143,-1178094193,626343,7271663,3,32,1,-9.844,0.392,0.148,0.006,-0.013,0.006,65.83,1,941.28,45.83,665.19,1,939.16,46.98,635.94
T,719272,1,353479145,-1178094195,626366,7271663,3,32,1,-9.849,0.397,0.072,0.002,-0.015,0.006,65.80,1,941.31,45.77,664.93,1,939.14,46.96,636.12
T,720264,1,353479148,-1178094196,626410,7271663,3,32,1,-9.849,0.292,0.292,0.004,-0.011,0.005,66.11,1,941.27,45.83,665.28,1,939.14,46.97,636.12
T,721251,1,353479150,-1178094197,626523,7271663,3,32,1,-9.858,0.325,0.325,0.004,-0.012,0.006,66.40,1,941.30,45.94,665.01,1,939.17,47.05,635.86
T,722239,1,353479151,-1178094199,626588,7271663,3,32,1,-9.858,0.407,0.282,0.015,-0.013,0.006,66.52,1,941.29,45.98,665.10,1,939.12,47.11,636.30
T,723226,1,353479153,-1178094198,626646,7271663,3,32,1,-9.858,0.416,0.368,0.007,-0.013,0.006,66.74,1,941.31,46.01,664.93,1,939.15,47.14,636.03
T,724220,1,353479155,-1178094194,626638,7271663,3,31,1,-9.863,0.431,0.278,0.005,-0.012,0.004,66.78,1,941.28,46.07,665.19,1,939.10,47.21,636.47
T,725206,1,353479155,-1178094191,626568,7271663,3,32,1,-9.854,0.354,0.345,0.007,-0.011,0.009,66.89,1,941.31,46.11,664.93,1,939.17,47.27,635.86
T,726294,1,353479155,-1178094189,626497,7271663,3,32,1,-9.863,0.388,0.364,0.005,-0.012,0.005,66.92,1,941.28,46.15,665.19,1,939.11,47.31,636.39
T,727282,1,353479157,-1178094184,626416,7271663,3,32,1,-9.854,0.426,0.345,0.005,-0.012,0.007,66.94,1,941.27,46.18,665.28,1,939.10,47.33,636.47
T,728270,1,353479157,-1178094179,626377,7271663,3,31,1,-9.858,0.402,0.330,0.002,-0.015,0.007,67.03,1,941.29,46.21,665.10,1,939.10,47.36,636.47
T,729261,1,353479158,-1178094176,626345,7271663,3,31,1,-9.873,0.440,0.297,0.011,-0.015,0.005,67.02,1,941.31,46.25,664.93,1,939.13,47.39,636.21
T,730254,1,353479158,-1178094174,626340,7271663,3,31,1,-9.858,0.388,0.325,0.000,-0.012,0.005,67.03,1,941.26,46.27,665.37,1,939.11,47.42,636.39
T,731243,1,353479156,-1178094171,626393,7271663,3,32,1,-9.854,0.388,0.373,0.009,-0.012,0.006,67.02,1,941.29,46.29,665.10,1,939.14,47.44,636.12
T,732229,1,353479154,-1178094169,626455,7271663,3,32,1,-9.863,0.388,0.325,0.010,-0.013,0.006,67.09,1,941.31,46.32,664.93,1,939.12,47.47,636.30
T,733216,1,353479152,-1178094167,626515,7271663,3,31,1,-9.868,0.431,0.297,0.007,-0.011,0.006,67.11,1,941.26,46.34,665.37,1,939.14,47.47,636.12
T,734206,1,353479150,-1178094164,626571,7271663,3,32,1,-9.854,0.368,0.349,0.010,-0.013,0.005,67.09,1,941.30,46.35,665.01,1,939.14,47.49,636.12
T,735192,1,353479149,-1178094162,626630,7271663,3,32,1,-9.873,0.431,0.392,0.007,-0.013,0.007,67.14,1,941.32,46.38,664.84,1,939.16,47.52,635.94
T,736279,1,353479148,-1178094163,626667,7271663,3,31,1,-9.854,0.368,0.330,0.007,-0.012,0.005,67.17,1,941.31,46.40,664.93,1,939.15,47.54,636.03
T,737269,1,353479146,-1178094164,626639,7271663,3,32,1,-9.858,0.397,0.321,0.011,-0.013,0.006,67.13,1,941.29,46.42,665.10,1,939.15,47.54,636.03
T,738261,1,353479144,-1178094166,626664,7271663,3,32,1,-9.858,0.435,0.211,0.007,-0.013,0.005,67.03,1,941.36,46.35,664.48,1,939.10,47.48,636.47
T,739245,1,353479143,-1178094168,626663,7271663,3,32,1,-9.854,0.335,0.134,0.010,-0.013,0.004,66.75,1,941.28,46.30,665.19,1,939.15,47.43,636.03
T,740231,1,353479143,-1178094169,626634,7271663,3,31,1,-9.854,0.392,0.148,0.009,-0.013,0.006,66.39,1,941.29,46.16,665.10,1,939.16,47.35,635.94
T,741217,1,353479141,-1178094174,626636,7271663,3,31,1,-9.854,0.388,0.057,0.005,-0.012,0.006,66.21,1,941.25,46.04,665.46,1,939.15,47.26,636.03
T,742209,1,353479140,-1178094179,626650,7271663,3,31,1,-9.844,0.397,0.148,0.005,-0.013,0.006,66.19,1,941.31,46.04,664.93,1,939.16,47.25,635.94
T,743197,1,353479139,-1178094182,626660,7271663,3,32,1,-9.863,0.392,0.158,0.007,-0.013,0.007,66.30,1,941.31,46.09,664.93,1,939.14,47.28,636.12
T,744185,1,353479141,-1178094182,626645,7271663,3,32,1,-9.844,0.364,0.019,0.011,-0.013,0.006,66.28,1,941.32,46.05,664.84,1,939.20,47.24,635.59
T,745275,1,353479142,-1178094182,626664,7271663,3,32,1,-9.849,0.407,0.110,0.005,-0.012,0.005,66.21,1,941.32,46.03,664.84,1,939.14,47.19,636.12
T,746261,1,353479142,-1178094184,626725,7271663,3,32,1,-9.863,0.412,0.172,0.006,-0.013,0.006,66.26,1,941.33,46.01,664.75,1,939.14,47.13,636.12
T,747248,1,353479142,-1178094186,626779,7271663,3,32,1,-9.844,0.445,0.163,0.010,-0.013,0.006,66.08,1,941.32,45.98,664.84,1,939.14,47.10,636.12
T,748234,1,353479143,-1178094190,626822,7271663,3,32,1,-9.825,0.397,0.019,0.010,-0.013,0.005,65.83,1,941.35,45.91,664.57,1,939.15,47.05,636.03
T,749228,1,353479143,-1178094196,626869,7271663,3,31,1,-9.844,0.426,-0.053,-0.002,-0.012,0.005,65.86,1,941.34,45.86,664.66,1,939.17,47.02,635.86
T,750219,1,353479142,-1178094203,626915,7271663,3,32,1,-9.844,0.392,0.057,0.011,-0.013,0.006,65.79,1,941.30,45.84,665.01,1,939.17,46.99,635.86
T,751206,1,353479142,-1178094212,626982,7271663,3,32,1,-9.854,0.412,-0.043,0.005,-0.012,0.006,65.60,1,941.32,45.76,664.84,1,939.16,46.95,635.94
T,752195,1,353479142,-1178094218,626994,7271663,3,32,1,-9.844,0.340,0.091,0.002,-0.013,0.006,65.61,1,941.32,45.71,664.84,1,939.18,46.89,635.77
T,753281,1,353479142,-1178094223,626988,7271663,3,32,1,-9.858,0.354,0.086,-0.005,-0.010,0.007,65.57,1,941.29,45.67,665.10,1,939.16,46.86,635.94
T,754265,1,353479141,-1178094228,627002,7271663,3,32,1,-9.849,0.211,0.000,0.009,-0.015,0.005,65.66,1,941.34,45.66,664.66,1,939.19,46.85,635.68
T,755253,1,353479142,-1178094231,626962,7271663,3,32,1,-9.863,0.325,0.019,0.018,-0.012,0.002,65.49,1,941.32,45.62,664.84,1,939.16,46.76,635.94
T,756242,1,353479143,-1178094232,626918,7271663,3,32,1,-9.844,0.364,-0.163,0.002,-0.013,0.005,65.24,1,941.34,45.57,664.66,1,939.23,46.66,635.32
T,757229,1,353479142,-1178094232,626935,7271663,3,32,1,-9.844,0.373,-0.038,0.007,-0.013,0.005,65.20,1,941.27,45.52,665.28,1,939.16,46.58,635.94
T,758214,1,353479140,-1178094233,626983,7271663,3,31,1,-9.825,0.383,-0.096,0.011,-0.013,0.005,65.09,1,941.35,45.48,664.57,1,939.19,46.54,635.68
T,759202,1,353479140,-1178094227,626982,7271663,3,32,1,-9.839,0.325,-0.057,0.011,-0.013,0.005,64.92,1,941.36,45.43,664.48,1,939.19,46.54,635.68
T,760287,1,353479142,-1178094224,627022,7271663,3,32,1,-9.844,0.349,-0.086,0.011,-0.012,0.006,64.84,1,941.33,45.40,664.75,1,939.21,46.48,635.50
T,761272,1,353479144,-1178094222,627030,7271663,3,32,1,-9.854,0.421,-0.134,0.005,-0.012,0.006,64.98,1,941.34,45.38,664.66,1,939.16,46.41,635.94
T,762258,1,353479145,-1178094221,627047,7271663,3,32,1,-9.849,0.354,0.062,0.013,-0.013,0.006,65.02,1,941.32,45.37,664.84,1,939.14,46.38,636.12
T,763245,1,353479147,-1178094218,627030,7271663,3,31,1,-9.839,0.359,-0.014,0.007,-0.013,0.006,64.97,1,941.36,45.27,664.48,1,939.14,46.35,636.12
T,764230,1,353479150,-1178094215,626972,7271663,3,32,1,-9.820,0.330,-0.206,0.009,-0.013,0.004,64.53,1,941.32,45.16,664.84,1,939.17,46.22,635.86
T,765216,1,353479153,-1178094212,626912,7271663,3,32,1,-9.835,0.325,-0.110,0.011,-0.013,0.005,64.54,1,941.34,45.11,664.66,1,939.19,46.14,635.68
T,766207,1,353479155,-1178094207,626871,7271663,3,32,1,-9.849,0.325,-0.091,0.005,-0.012,0.005,64.42,1,941.33,45.11,664.75,1,939.19,46.13,635.68
T,767201,1,353479158,-1178094200,626811,7271663,3,32,1,-9.844,0.335,-0.134,0.006,-0.011,0.006,64.21,1,941.36,45.04,664.48,1,939.22,46.04,635.41
T,768293,1,353479156,-1178094197,626834,7271663,3,32,1,-9.839,0.321,-0.067,0.005,-0.013,0.006,64.21,1,941.29,44.98,665.10,1,939.15,45.98,636.03
T,769292,1,353479154,-1178094197,626860,7271663,3,32,1,-9.844,0.407,-0.053,0.005,-0.012,0.005,64.42,1,941.33,44.96,664.75,1,939.20,45.97,635.59
T,770281,1,353479153,-1178094196,626861,7271663,3,32,1,-9.839,0.397,-0.110,0.007,-0.015,0.006,64.61,1,941.30,45.00,665.01,1,939.14,46.00,636.12
T,771271,1,353479154,-1178094194,626825,7271663,3,32,1,-9.849,0.364,-0.019,0.002,-0.012,0.006,64.61,1,941.31,44.95,664.93,1,939.17,45.97,635.86
T,772257,1,353479153,-1178094194,626761,7271663,3,31,1,-9.858,0.383,0.072,0.006,-0.013,0.006,64.66,1,941.30,44.94,665.01,1,939.17,45.99,635.86
T,773246,1,353479152,-1178094196,626705,7271663,3,32,1,-9.849,0.412,-0.053,0.000,-0.012,0.007,64.75,1,941.31,44.96,664.93,1,939.24,46.01,635.23
T,774240,1,353479153,-1178094196,626621,7271663,3,31,1,-9.854,0.364,0.029,0.010,-0.012,0.006,64.76,1,941.35,44.95,664.57,1,939.15,45.98,636.03
T,775228,1,353479153,-1178094197,626572,7271663,3,31,1,-9.863,0.440,0.033,0.007,-0.012,0.006,64.76,1,941.31,44.92,664.93,1,939.16,45.96,635.94
T,776212,1,353479152,-1178094198,626509,7271663,3,31,1,-9.854,0.416,-0.120,0.001,-0.012,0.007,64.42,1,941.37,44.89,664.39,1,939.22,45.90,635.41
T,777205,1,353479151,-1178094202,626465,7271663,3,32,1,-9.835,0.416,-0.014,0.012,-0.013,0.005,64.32,1,941.32,44.84,664.84,1,939.16,45.87,635.94
T,778293,1,353479147,-1178094207,626456,7271663,3,32,1,-9.839,0.330,-0.014,0.010,-0.011,0.005,64.22,1,941.33,44.77,664.75,1,939.18,45.82,635.77
T,779288,1,353479146,-1178094213,626384,7271663,3,32,1,-9.835,0.349,-0.172,0.000,-0.013,0.006,64.11,1,941.38,44.79,664.31,1,939.21,45.83,635.50
T,780277,1,353479144,-1178094218,626365,7271663,3,32,1,-9.839,0.378,-0.139,0.009,-0.012,0.006,63.82,1,941.33,44.71,664.75,1,939.21,45.79,635.50
T,781265,1,353479143,-1178094222,626331,7271663,3,31,1,-9.849,0.316,-0.091,0.002,-0.015,0.006,63.85,1,941.33,44.67,664.75,1,939.22,45.71,635.41
T,782257,1,353479143,-1178094225,626327,7271663,3,31,1,-9.820,0.416,-0.239,0.005,-0.012,0.006,63.63,1,941.36,44.61,664.48,1,939.19,45.65,635.68
T,783243,1,353479141,-1178094227,626301,7271663,3,32,1,-9.825,0.354,-0.258,0.007,-0.013,0.006,63.45,1,941.34,44.55,664.66,1,939.17,45.61,635.86
T,784239,1,353479141,-1178094230,626267,7271663,3,32,1,-9.830,0.392,-0.077,0.002,-0.013,0.006,63.52,1,941.35,44.50,664.57,1,939.19,45.58,635.68
T,785233,1,353479139,-1178094233,626197,7271663,3,32,1,-9.839,0.330,-0.086,0.007,-0.012,0.005,63.67,1,941.37,44.47,664.39,1,939.19,45.56,635.68
T,786220,1,353479142,-1178094232,626141,7271663,3,32,1,-9.849,0.364,-0.139,0.005,-0.012,0.006,63.45,1,941.34,44.46,664.66,1,939.20,45.54,635.59
T,787207,1,353479142,-1178094235,626097,7271663,3,32,1,-9.839,0.373,-0.038,0.005,-0.013,0.006,63.57,1,941.35,44.41,664.57,1,939.16,45.47,635.94
T,788200,1,353479144,-1178094238,626030,7271663,3,32,1,-9.825,0.306,-0.105,0.002,-0.012,0.005,63.45,1,941.34,44.38,664.66,1,939.23,45.42,635.32
T,789289,1,353479144,-1178094242,625952,7271663,3,31,1,-9.825,0.435,-0.153,0.010,-0.012,0.006,63.32,1,941.34,44.32,664.66,1,939.26,45.36,635.06
T,790284,1,353479143,-1178094246,625876,7271663,3,32,1,-9.835,0.373,-0.177,0.004,-0.013,0.005,63.21,1,941.31,44.26,664.93,1,939.19,45.30,635.68
T,791276,1,353479141,-1178094252,625840,7271663,3,31,1,-9.830,0.330,-0.115,0.007,-0.012,0.004,63.36,1,941.35,44.29,664.57,1,939.23,45.32,635.32
T,792264,1,353479140,-1178094258,625782,7271663,3,32,1,-9.839,0.349,-0.091,0.005,-0.013,0.006,63.49,1,941.31,44.31,664.93,1,939.17,45.32,635.86
T,793254,1,353479137,-1178094264,625732,7271663,3,32,1,-9.854,0.392,-0.014,0.001,-0.012,0.005,63.62,1,941.31,44.29,664.93,1,939.16,45.23,635.94
T,794245,1,353479135,-1178094269,625691,7271663,3,32,1,-9.839,0.383,0.105,0.007,-0.013,0.007,63.92,1,941.33,44.27,664.75,1,939.13,45.24,636.21
T,795236,1,353479135,-1178094273,625647,7271663,3,32,1,-9.849,0.397,0.057,0.006,-0.011,0.006,64.00,1,941.30,44.27,665.01,1,939.15,45.22,636.03
T,796226,1,353479134,-1178094278,625560,7271663,3,32,1,-9.849,0.402,0.129,0.007,-0.013,0.006,64.00,1,941.28,44.25,665.19,1,939.16,45.23,635.94
T,797213,1,353479133,-1178094280,625479,7271663,3,32,1,-9.849,0.388,0.163,0.002,-0.012,0.006,64.06,1,941.33,44.24,664.75,1,939.15,45.19,636.03
T,798202,1,353479134,-1178094281,625445,7271663,3,31,1,-9.839,0.416,0.201,0.005,-0.013,0.006,64.07,1,941.29,44.20,665.10,1,939.14,45.18,636.12
T,799292,1,353479134,-1178094283,625406,7271663,3,31,1,-9.849,0.426,0.029,0.004,-0.012,0.006,64.04,1,941.33,44.20,664.75,1,939.20,45.20,635.59
T,800278,1,353479129,-1178094290,625429,7271663,3,31,1,-9.849,0.287,-0.043,0.002,-0.012,0.005,63.77,1,941.33,44.19,664.75,1,939.18,45.20,635.77
T,801266,1,353479127,-1178094294,625412,7271663,3,30,1,-9.830,0.407,-0.057,0.010,-0.012,0.006,63.66,1,941.30,44.18,665.01,1,939.17,45.17,635.86
T,802252,1,353479124,-1178094299,625442,7271663,3,32,1,-9.849,0.426,0.091,0.005,-0.013,0.006,63.70,1,941.33,44.13,664.75,1,939.18,45.15,635.77
T,803240,1,353479120,-1178094303,625449,7271663,3,32,1,-9.849,0.407,0.163,0.007,-0.013,0.005,63.75,1,941.28,44.11,665.19,1,939.15,45.14,636.03
T,804227,1,353479119,-1178094304,625462,7271663,3,32,1,-9.854,0.378,0.120,0.004,-0.013,0.006,64.02,1,941.28,44.09,665.19,1,939.17,45.15,635.86
T,805218,1,353479120,-1178094302,625431,7271663,3,30,1,-9.849,0.397,0.033,0.007,-0.013,0.006,63.86,1,941.26,44.04,665.37,1,939.15,45.12,636.03
T,806218,1,353479120,-1178094298,625407,7271663,3,31,1,-9.839,0.378,0.043,0.005,-0.013,0.006,63.89,1,941.31,44.04,664.93,1,939.18,45.12,635.77
T,807206,1,353479122,-1178094293,625385,7271663,3,32,1,-9.835,0.383,-0.081,0.007,-0.012,0.006,63.64,1,941.27,44.03,665.28,1,939.18,45.09,635.77
T,808302,1,353479123,-1178094289,625404,7271663,3,32,1,-9.844,0.397,0.033,0.005,-0.012,0.006,63.59,1,941.28,44.00,665.19,1,939.19,45.09,635.68
T,809291,1,353479124,-1178094288,625388,7271663,3,32,1,-9.849,0.330,0.053,0.005,-0.012,0.006,63.79,1,941.32,43.97,664.84,1,939.16,45.09,635.94
T,810276,1,353479124,-1178094289,625339,7271663,3,31,1,-9.835,0.407,0.000,0.006,-0.012,0.007,63.66,1,941.26,43.99,665.37,1,939.12,45.10,636.30
T,811265,1,353479126,-1178094285,625339,7271663,3,31,1,-9.830,0.397,-0.029,0.006,-0.012,0.006,63.68,1,941.30,43.97,665.01,1,939.15,45.07,636.03
T,812254,1,353479122,-1178094287,625413,7271663,3,32,1,-9.839,0.412,0.077,0.002,-0.012,0.006,63.77,1,941.29,43.99,665.10,1,939.14,45.05,636.12
T,813237,1,353479116,-1178094293,625517,7271663,3,32,1,-9.844,0.383,0.038,0.006,-0.013,0.005,63.75,1,941.32,43.95,664.84,1,939.17,45.05,635.86
T,814226,1,353479104,-1178094303,625649,7271663,3,32,1,-9.844,0.407,0.139,0.006,-0.013,0.006,63.87,1,941.32,43.96,664.84,1,939.15,45.07,636.03
T,815211,1,353479093,-1178094312,625792,7271663,3,32,1,-9.830,0.378,0.124,0.002,-0.012,0.006,63.84,1,941.33,44.03,664.75,1,939.17,45.14,635.86
T,816198,1,353479083,-1178094321,625924,7271663,3,32,1,-9.844,0.368,0.120,0.001,-0.013,0.005,63.90,1,941.31,44.04,664.93,1,939.17,45.16,635.86
T,817182,1,353479084,-1178094317,625921,7271663,3,31,1,-9.844,0.392,0.158,0.010,-0.012,0.006,64.01,1,941.36,44.05,664.48,1,939.19,45.19,635.68
T,818169,1,353479084,-1178094314,625928,7271663,3,32,1,-9.849,0.373,0.134,0.006,-0.011,0.005,64.03,1,941.34,44.10,664.66,1,939.17,45.23,635.86
T,819260,1,353479085,-1178094311,625929,7271663,3,31,1,-9.839,0.426,0.167,0.007,-0.013,0.006,64.03,1,941.31,44.12,664.93,1,939.15,45.25,636.03
T,820246,1,353479087,-1178094309,625917,7271663,3,31,1,-9.835,0.383,0.053,0.005,-0.012,0.005,63.91,1,941.33,44.10,664.75,1,939.16,45.24,635.94
T,821231,1,353479087,-1178094308,625966,7271663,3,32,1,-9.844,0.364,-0.038,0.004,-0.012,0.006,63.81,1,941.32,44.08,664.84,1,939.16,45.21,635.94
T,822217,1,353479087,-1178094308,626030,7271663,3,31,1,-9.844,0.378,-0.033,0.002,-0.013,0.006,63.65,1,941.29,44.02,665.10,1,939.20,45.15,635.59
T,823202,1,353479079,-1178094315,626191,7271663,3,32,1,-9.849,0.402,0.091,0.009,-0.012,0.005,63.94,1,941.31,44.01,664.93,1,939.16,45.13,635.94
T,824289,1,353479080,-1178094314,626218,7271663,3,31,1,-9.839,0.407,0.129,0.002,-0.012,0.006,64.20,1,941.31,44.08,664.93,1,939.16,45.18,635.94
T,825274,1,353479077,-1178094316,626305,7271663,3,32,1,-9.849,0.402,0.163,0.011,-0.013,0.006,63.86,1,941.32,44.08,664.84,1,939.15,45.16,636.03
T,826260,1,353479077,-1178094318,626330,7271663,3,32,1,-9.854,0.402,0.014,0.002,-0.012,0.006,63.91,1,941.31,44.06,664.93,1,939.14,45.13,636.12
T,827251,1,353479076,-1178094319,626369,7271663,3,31,1,-9.839,0.388,0.019,0.007,-0.012,0.005,63.96,1,941.30,44.13,665.01,1,939.10,45.16,636.47
T,828244,1,353479074,-1178094321,626393,7271663,3,32,1,-9.854,0.368,0.005,0.006,-0.015,0.005,63.70,1,941.31,44.14,664.93,1,939.19,45.06,635.68
T,829230,1,353479074,-1178094322,626404,7271663,3,32,1,-9.839,0.354,-0.077,0.001,-0.013,0.006,63.28,1,941.31,44.06,664.93,1,939.14,44.95,636.12
T,830218,1,353479072,-1178094323,626427,7271663,3,31,1,-9.849,0.421,0.072,0.007,-0.012,0.006,63.57,1,941.25,43.97,665.46,1,939.13,44.88,636.21
T,831208,1,353479071,-1178094321,626437,7271663,3,32,1,-9.844,0.397,0.124,0.005,-0.012,0.005,63.79,1,941.28,44.00,665.19,1,939.13,44.97,636.21
T,832194,1,353479073,-1178094320,626423,7271663,3,32,1,-9.844,0.388,0.124,0.007,-0.013,0.006,63.79,1,941.32,44.00,664.84,1,939.15,45.01,636.03
T,833279,1,353479075,-1178094320,626347,7271663,3,30,1,-9.839,0.412,0.105,0.006,-0.012,0.006,63.82,1,941.30,43.97,665.01,1,939.14,44.99,636.12
T,834266,1,353479075,-1178094323,626364,7271663,3,32,1,-9.849,0.378,0.129,0.009,-0.012,0.006,63.86,1,941.27,44.00,665.28,1,939.12,45.04,636.30
T,835252,1,353479076,-1178094326,626318,7271663,3,32,1,-9.854,0.388,0.120,0.005,-0.012,0.005,63.90,1,941.28,44.05,665.19,1,939.15,45.11,636.03
T,836236,1,353479078,-1178094326,626257,7271663,3,30,1,-9.844,0.383,0.124,0.002,-0.013,0.005,64.02,1,941.33,44.07,664.75,1,939.18,45.12,635.77
T,837223,1,353479082,-1178094323,626217,7271663,3,32,1,-9.849,0.392,0.124,0.006,-0.013,0.006,63.83,1,941.28,44.04,665.19,1,939.15,45.08,636.03
T,838208,1,353479086,-1178094320,626182,7271663,3,32,1,-9.854,0.412,0.158,0.005,-0.012,0.006,64.04,1,941.30,44.07,665.01,1,939.14,45.13,636.12
T,839294,1,353479088,-1178094319,626095,7271663,3,31,1,-9.844,0.392,0.206,0.007,-0.012,0.006,64.21,1,941.34,44.13,664.66,1,939.16,45.19,635.94
T,840280,1,353479091,-1178094317,626042,7271663,3,32,1,-9.854,0.407,0.206,0.002,-0.015,0.005,64.17,1,941.35,44.17,664.57,1,939.12,45.22,636.30
T,841267,1,353479093,-1178094317,625966,7271663,3,32,1,-9.844,0.383,0.105,0.006,-0.012,0.005,63.98,1,941.31,44.16,664.93,1,939.18,45.23,635.77
T,842254,1,353479094,-1178094318,625875,7271663,3,31,1,-9.858,0.392,0.153,0.004,-0.013,0.005,64.07,1,941.31,44.12,664.93,1,939.17,45.18,635.86
T,843240,1,353479094,-1178094319,625800,7271663,3,32,1,-9.849,0.368,0.129,0.005,-0.012,0.006,64.06,1,941.30,44.11,665.01,1,939.16,45.17,635.94
T,844227,1,353479092,-1178094324,625778,7271663,3,31,1,-9.844,0.359,-0.029,0.006,-0.013,0.005,63.64,1,941.26,44.05,665.37,1,939.16,45.04,635.94
T,845213,1,353479093,-1178094325,625698,7271663,3,30,1,-9.849,0.392,0.029,0.005,-0.013,0.006,63.51,1,941.33,44.00,664.75,1,939.16,44.87,635.94
T,846201,1,353479092,-1178094329,625667,7271663,3,32,1,-9.844,0.392,-0.019,0.004,-0.013,0.006,63.48,1,941.31,44.05,664.93,1,939.13,44.86,636.21
T,847289,1,353479090,-1178094332,625632,7271663,3,31,1,-9.844,0.373,0.010,0.004,-0.012,0.006,63.41,1,941.32,44.06,664.84,1,939.15,44.84,636.03
T,848276,1,353479090,-1178094332,625588,7271663,3,31,1,-9.830,0.373,-0.010,0.005,-0.012,0.005,63.53,1,941.31,44.03,664.93,1,939.18,44.88,635.77
T,849271,1,353479094,-1178094332,625531,7271663,3,32,1,-9.858,0.383,0.091,0.006,-0.012,0.005,63.56,1,941.27,44.00,665.28,1,939.16,44.93,635.94
T,850258,1,353479091,-1178094338,625530,7271663,3,31,1,-9.839,0.373,-0.010,0.006,-0.013,0.005,63.52,1,941.31,43.98,664.93,1,939.13,44.92,636.21
T,851247,1,353479091,-1178094339,625497,7271663,3,31,1,-9.849,0.397,0.100,0.007,-0.011,0.006,63.67,1,941.33,43.97,664.75,1,939.13,44.90,636.21
T,852233,1,353479088,-1178094344,625445,7271663,3,31,1,-9.849,0.378,0.005,0.007,-0.013,0.006,63.66,1,941.32,43.99,664.84,1,939.16,44.93,635.94
T,853226,1,353479090,-1178094342,625351,7271663,3,31,1,-9.854,0.402,0.096,0.004,-0.011,0.005,63.62,1,941.34,43.96,664.66,1,939.20,44.84,635.59
T,854210,1,353479093,-1178094341,625220,7271663,3,31,1,-9.844,0.402,0.167,0.004,-0.012,0.005,63.70,1,941.35,43.94,664.57,1,939.17,44.84,635.86
T,855301,1,353479097,-1178094340,625077,7271663,3,31,1,-9.854,0.373,0.158,0.010,-0.012,0.005,63.75,1,941.33,43.96,664.75,1,939.19,44.90,635.68
T,856286,1,353479099,-1178094341,625034,7271663,3,32,1,-9.844,0.388,0.038,0.006,-0.012,0.006,63.68,1,941.33,43.94,664.75,1,939.18,44.85,635.77
T,857272,1,353479101,-1178094341,624962,7271663,3,30,1,-9.844,0.407,0.129,0.001,-0.012,0.006,63.62,1,941.30,43.93,665.01,1,939.16,44.88,635.94
T,858261,1,353479102,-1178094342,624885,7271663,3,31,1,-9.839,0.392,0.134,0.007,-0.013,0.005,63.64,1,941.30,43.95,665.01,1,939.17,44.94,635.86
T,859249,1,353479101,-1178094345,624781,7271663,3,31,1,-9.844,0.402,0.105,0.006,-0.012,0.006,63.70,1,941.35,43.92,664.57,1,939.15,44.95,636.03
T,860235,1,353479103,-1178094345,624730,7271663,3,30,1,-9.844,0.397,0.072,0.006,-0.012,0.006,63.76,1,941.31,43.93,664.93,1,939.17,44.98,635.86
T,861221,1,353479103,-1178094345,624658,7271663,3,30,1,-9.854,0.397,0.153,0.004,-0.012,0.006,63.80,1,941.35,43.91,664.57,1,939.14,44.99,636.12
T,862212,1,353479099,-1178094347,624641,7271663,3,32,1,-9.844,0.364,0.148,0.006,-0.013,0.006,63.85,1,941.30,43.92,665.01,1,939.20,44.99,635.59
T,863297,1,353479096,-1178094349,624610,7271663,3,31,1,-9.849,0.383,0.105,0.006,-0.013,0.005,63.79,1,941.34,43.92,664.66,1,939.16,45.00,635.94
T,864181,1,353479096,-1178094350,624554,7271663,3,31,1,-9.839,0.431,0.120,0.006,-0.012,0.006,63.82,1,941.27,43.88,665.28,1,939.12,44.97,636.30
T,865275,1,353479094,-1178094351,624534,7271663,3,32,1,-9.854,0.392,0.153,0.007,-0.013,0.006,63.84,1,941.30,43.85,665.01,1,939.21,44.93,635.50
T,866262,1,353479081,-1178094362,624674,7271663,3,32,1,-9.854,0.383,0.115,0.009,-0.012,0.005,63.73,1,941.28,43.89,665.19,1,939.17,44.97,635.86
T,867249,1,353479085,-1178094354,624586,7271663,3,31,1,-9.863,0.392,0.177,0.010,-0.013,0.006,63.74,1,941.31,43.90,664.93,1,939.13,44.98,636.21
T,868235,1,353479087,-1178094352,624514,7271663,3,31,1,-9.839,0.416,0.100,0.006,-0.013,0.005,63.61,1,941.34,43.86,664.66,1,939.16,44.97,635.94
T,869222,1,353479085,-1178094351,624436,7271663,3,32,1,-9.835,0.388,0.033,0.001,-0.012,0.005,63.41,1,941.34,43.83,664.66,1,939.16,44.97,635.94
T,870207,1,353479084,-1178094349,624414,7271663,3,31,1,-9.858,0.402,0.105,0.001,-0.013,0.006,63.61,1,941.30,43.77,665.01,1,939.14,44.93,636.12
T,871293,1,353479088,-1178094342,624361,7271663,3,31,1,-9.844,0.373,0.134,0.002,-0.012,0.004,63.76,1,941.32,43.80,664.84,1,939.18,44.96,635.77
T,872279,1,353479089,-1178094337,624383,7271663,3,32,1,-9.839,0.392,0.091,0.009,-0.012,0.005,63.59,1,941.31,43.80,664.93,1,939.16,44.95,635.94
T,873266,1,353479089,-1178094332,624422,7271663,3,31,1,-9.849,0.459,0.100,0.009,-0.012,0.005,63.70,1,941.32,43.83,664.84,1,939.14,44.96,636.12
T,874260,1,353479093,-1178094324,624438,7271663,3,31,1,-9.839,0.349,0.139,0.006,-0.012,0.005,63.75,1,941.35,43.85,664.57,1,939.18,44.99,635.77
T,875246,1,353479100,-1178094314,624434,7271663,3,31,1,-9.844,0.354,0.081,0.009,-0.013,0.005,63.49,1,941.32,43.84,664.84,1,939.21,45.00,635.50
T,876234,1,353479106,-1178094305,624436,7271663,3,31,1,-9.854,0.407,0.038,0.002,-0.012,0.007,63.46,1,941.37,43.81,664.39,1,939.18,44.96,635.77
T,877218,1,353479108,-1178094299,624459,7271663,3,32,1,-9.839,0.402,0.086,0.009,-0.013,0.005,63.63,1,941.32,43.83,664.84,1,939.19,44.99,635.68
T,878202,1,353479107,-1178094298,624501,7271663,3,32,1,-9.844,0.368,0.038,0.002,-0.012,0.005,63.50,1,941.36,43.87,664.48,1,939.21,45.00,635.50
T,879186,1,353479111,-1178094291,624512,7271663,3,30,1,-9.844,0.392,0.258,0.002,-0.013,0.005,63.79,1,941.30,43.87,665.01,1,939.14,45.00,636.12
T,880173,1,353479113,-1178094286,624532,7271663,3,31,1,-9.849,0.412,0.450,-0.016,-0.013,0.005,64.23,1,941.29,43.96,665.10,1,939.15,45.08,636.03
T,881259,1,353479117,-1178094279,624539,7271663,3,31,1,-9.839,0.445,0.048,0.010,-0.012,0.006,64.30,1,941.32,44.01,664.84,1,939.21,45.15,635.50
T,882245,1,353479118,-1178094276,624556,7271663,3,31,1,-9.820,0.512,0.048,0.068,-0.017,0.004,63.93,1,941.35,43.94,664.57,1,939.17,45.11,635.86
T,883234,1,353479119,-1178094272,624572,7271663,3,31,1,-9.844,0.455,0.010,0.005,-0.012,0.004,63.60,1,941.32,43.85,664.84,1,939.18,45.06,635.77
T,884220,1,353479124,-1178094266,624578,7271663,3,32,1,-9.844,0.421,0.100,0.011,-0.012,0.005,63.71,1,941.30,43.80,665.01,1,939.16,45.01,635.94
T,885204,1,353479128,-1178094262,624610,7271663,3,31,1,-9.844,0.498,0.282,0.006,-0.012,0.006,64.17,1,941.34,43.89,664.66,1,939.18,45.06,635.77
T,886191,1,353479129,-1178094260,624653,7271663,3,31,1,-9.858,0.359,0.364,0.009,-0.013,0.005,64.45,1,941.32,43.96,664.84,1,939.12,45.14,636.30
T,887281,1,353479130,-1178094259,624765,7271663,3,32,1,-9.854,0.359,0.340,0.012,-0.013,0.005,64.58,1,941.29,44.02,665.10,1,939.19,45.21,635.68
T,888265,1,353479132,-1178094258,624844,7271663,3,31,1,-9.849,0.392,0.349,0.011,-0.013,0.005,64.66,1,941.33,44.07,664.75,1,939.18,45.27,635.77
T,889254,1,353479136,-1178094256,624921,7271663,3,31,1,-9.858,0.421,0.321,0.011,-0.013,0.005,64.71,1,941.30,44.07,665.01,1,939.13,45.27,636.21
T,890240,1,353479139,-1178094254,624985,7271663,3,32,1,-9.858,0.402,0.345,0.010,-0.013,0.005,64.78,1,941.27,44.13,665.28,1,939.14,45.34,636.12
T,891227,1,353479141,-1178094253,625012,7271663,3,30,1,-9.844,0.522,0.239,0.004,-0.012,0.006,64.79,1,941.31,44.17,664.93,1,939.15,45.37,636.03
T,892214,1,353479140,-1178094254,625080,7271663,3,30,1,-9.858,0.412,0.345,0.009,-0.012,0.005,64.87,1,941.29,44.18,665.10,1,939.13,45.36,636.21
T,893206,1,353479138,-1178094255,625158,7271663,3,32,1,-9.849,0.368,0.368,0.004,-0.011,0.006,64.92,1,941.27,44.21,665.28,1,939.13,45.42,636.21
T,894295,1,353479139,-1178094257,625214,7271663,3,30,1,-9.854,0.407,0.368,0.007,-0.013,0.006,64.95,1,941.28,44.25,665.19,1,939.14,45.45,636.12
T,895287,1,353479136,-1178094261,625302,7271663,3,31,1,-9.858,0.450,0.287,0.002,-0.012,0.005,64.94,1,941.33,44.30,664.75,1,939.15,45.47,636.03
T,896273,1,353479134,-1178094265,625387,7271663,3,32,1,-9.858,0.512,0.258,0.001,-0.013,0.006,64.98,1,941.28,44.34,665.19,1,939.11,45.51,636.39
T,897259,1,353479132,-1178094269,625443,7271663,3,30,1,-9.854,0.464,0.282,0.006,-0.015,0.006,64.98,1,941.33,44.36,664.75,1,939.15,45.54,636.03
T,898247,1,353479122,-1178094279,625466,7271663,3,31,1,-9.849,0.407,0.364,0.002,-0.012,0.006,65.04,1,941.28,44.36,665.19,1,939.13,45.56,636.21
T,899237,1,353479115,-1178094285,625499,7271663,3,32,1,-9.858,0.502,0.340,-0.001,-0.011,0.006,65.11,1,941.31,44.38,664.93,1,939.14,45.59,636.12
T,900224,1,353479110,-1178094288,625511,7271663,3,31,1,-9.849,0.373,0.311,0.006,-0.013,0.006,65.11,1,941.28,44.40,665.19,1,939.15,45.62,636.03
T,901212,1,353479108,-1178094291,625535,7271663,3,32,1,-9.858,0.402,0.340,0.010,-0.015,0.005,65.11,1,941.28,44.44,665.19,1,939.12,45.64,636.30
T,902302,1,353479103,-1178094296,625627,7271663,3,32,1,-9.849,0.392,0.316,0.005,-0.013,0.006,65.14,1,941.28,44.47,665.19,1,939.13,45.68,636.21
T,903288,1,353479102,-1178094297,625667,7271663,3,31,1,-9.844,0.383,0.345,0.009,-0.015,0.004,65.18,1,941.28,44.49,665.19,1,939.16,45.70,635.94
T,904274,1,353479100,-1178094299,625688,7271663,3,32,1,-9.858,0.502,0.282,0.005,-0.011,0.006,65.19,1,941.28,44.51,665.19,1,939.15,45.71,636.03
T,905262,1,353479099,-1178094301,625697,7271663,3,32,1,-9.844,0.407,0.349,0.006,-0.013,0.006,65.19,1,941.28,44.53,665.19,1,939.10,45.73,636.47
T,906247,1,353479098,-1178094298,625758,7271663,3,31,1,-9.863,0.383,0.321,0.007,-0.013,0.005,65.23,1,941.33,44.55,664.75,1,939.13,45.77,636.21
T,907232,1,353479097,-1178094297,625760,7271663,3,32,1,-9.854,0.388,0.378,0.002,-0.012,0.006,65.25,1,941.28,44.54,665.19,1,939.11,45.76,636.39
T,908287,1,353479096,-1178094297,625783,7271663,3,32,1,-9.849,0.368,0.354,0.011,-0.013,0.005,65.21,1,941.24,44.56,665.54,1,939.13,45.77,636.21
T,909272,1,353479092,-1178094299,625805,7271663,3,31,1,-9.849,0.416,0.340,0.004,-0.013,0.005,65.29,1,941.30,44.59,665.01,1,939.12,45.81,636.30
T,910258,1,353479092,-1178094297,625853,7271663,3,32,1,-9.863,0.435,0.321,0.004,-0.013,0.005,65.25,1,941.28,44.61,665.19,1,939.12,45.82,636.30
T,911242,1,353479090,-1178094298,625873,7271663,3,32,1,-9.854,0.416,0.325,0.010,-0.013,0.006,65.32,1,941.28,44.63,665.19,1,939.13,45.85,636.21
T,912228,1,353479088,-1178094298,625878,7271663,3,30,1,-9.849,0.435,0.340,0.011,-0.013,0.006,65.31,1,941.26,44.64,665.37,1,939.12,45.86,636.30
T,913212,1,353479086,-1178094296,625878,7271663,3,32,1,-9.854,0.431,0.325,0.011,-0.013,0.006,65.30,1,941.25,44.65,665.46,1,939.13,45.85,636.21
T,914198,1,353479082,-1178094296,625820,7271663,3,32,1,-9.854,0.426,0.340,0.001,-0.013,0.006,65.33,1,941.25,44.67,665.46,1,939.10,45.85,636.47
T,915184,1,353479079,-1178094294,625735,7271663,3,31,1,-9.854,0.383,0.354,0.005,-0.013,0.006,65.39,1,941.33,44.69,664.75,1,939.15,45.89,636.03
T,916274,1,353479076,-1178094291,625629,7271663,3,32,1,-9.863,0.330,0.340,0.007,-0.013,0.005,65.41,1,941.27,44.71,665.28,1,939.13,45.91,636.21
T,917259,1,353479073,-1178094290,625484,7271663,3,31,1,-9.849,0.354,0.325,0.005,-0.012,0.006,65.45,1,941.27,44.72,665.28,1,939.11,45.93,636.39
T,918243,1,353479072,-1178094288,625492,7271663,3,30,1,-9.863,0.435,0.301,0.011,-0.015,0.005,65.45,1,941.30,44.74,665.01,1,939.12,45.95,636.30
T,919253,1,353479073,-1178094285,625434,7271663,3,32,1,-9.863,0.354,0.364,0.004,-0.013,0.005,65.42,1,941.29,44.74,665.10,1,939.12,45.95,636.30
T,920244,1,353479071,-1178094281,625388,7271663,3,32,1,-9.858,0.412,0.321,0.007,-0.013,0.006,65.46,1,941.29,44.75,665.10,1,939.15,45.96,636.03
T,921229,1,353479069,-1178094279,625388,7271663,3,31,1,-9.854,0.431,0.373,0.005,-0.012,0.006,65.48,1,941.32,44.75,664.84,1,939.13,45.97,636.21
T,922215,1,353479063,-1178094280,625425,7271663,3,31,1,-9.854,0.431,0.311,-0.004,-0.012,0.006,65.49,1,941.29,44.77,665.10,1,939.12,45.98,636.30
T,923306,1,353479064,-1178094276,625398,7271663,3,31,1,-9.854,0.282,0.450,0.000,-0.011,0.006,65.46,1,941.30,44.80,665.01,1,939.14,45.99,636.12
T,924194,1,353479058,-1178094275,625510,7271663,3,31,1,-9.854,0.412,0.330,0.007,-0.012,0.006,65.52,1,941.26,44.84,665.37,1,939.09,46.01,636.56
T,925280,1,353479057,-1178094270,625542,7271663,3,31,1,-9.849,0.440,0.316,0.006,-0.013,0.005,65.52,1,941.29,44.87,665.10,1,939.12,46.03,636.30
T,926289,1,353479059,-1178094266,625524,7271663,3,32,1,-9.844,0.392,0.321,0.005,-0.013,0.007,65.54,1,941.27,44.88,665.28,1,939.10,46.05,636.47
T,927277,1,353479059,-1178094266,625559,7271663,3,31,1,-9.863,0.445,0.345,-0.001,-0.013,0.005,65.58,1,941.29,44.89,665.10,1,939.11,46.06,636.39
T,928262,1,353479059,-1178094268,625622,7271663,3,31,1,-9.849,0.392,0.340,0.006,-0.012,0.005,65.57,1,941.32,44.91,664.84,1,939.14,46.07,636.12
T,929248,1,353479058,-1178094267,625637,7271663,3,32,1,-9.854,0.412,0.325,0.001,-0.012,0.005,65.52,1,941.27,44.91,665.28,1,939.14,46.07,636.12
T,930246,1,353479054,-1178094264,625516,7271663,3,32,1,-9.839,0.421,0.345,0.001,-0.012,0.006,65.59,1,941.29,44.92,665.10,1,939.12,46.09,636.30
T,931233,1,353479052,-1178094261,625450,7271663,3,32,1,-9.854,0.426,0.354,0.009,-0.013,0.006,65.61,1,941.28,44.94,665.19,1,939.15,46.12,636.03
T,932217,1,353479047,-1178094260,625404,7271663,3,32,1,-9.858,0.402,0.330,0.006,-0.013,0.006,65.59,1,941.28,44.93,665.19,1,939.13,46.11,636.21
T,933205,1,353479043,-1178094261,625343,7271663,3,32,1,-9.849,0.392,0.349,0.010,-0.012,0.006,65.65,1,941.30,44.91,665.01,1,939.15,46.09,636.03
T,934291,1,353479041,-1178094262,625314,7271663,3,32,1,-9.854,0.402,0.368,0.004,-0.013,0.006,65.69,1,941.29,44.94,665.10,1,939.12,46.13,636.30
T,935276,1,353479037,-1178094264,625312,7271663,3,32,1,-9.854,0.464,0.335,0.009,-0.013,0.006,65.71,1,941.32,44.96,664.84,1,939.13,46.16,636.21
T,936263,1,353479035,-1178094264,625276,7271663,3,31,1,-9.858,0.426,0.282,0.005,-0.012,0.006,65.70,1,941.28,44.99,665.19,1,939.16,46.17,635.94
T,937251,1,353479035,-1178094263,625243,7271663,3,32,1,-9.854,0.474,0.306,0.005,-0.013,0.006,65.74,1,941.26,45.00,665.37,1,939.14,46.18,636.12
T,938239,1,353479034,-1178094264,625257,7271663,3,32,1,-9.854,0.383,0.383,0.011,-0.013,0.005,65.74,1,941.28,45.02,665.19,1,939.12,46.20,636.30
T,939229,1,353479036,-1178094264,625205,7271663,3,31,1,-9.858,0.378,0.325,0.005,-0.013,0.005,65.77,1,941.31,45.01,664.93,1,939.14,46.22,636.12
T,940217,1,353479038,-1178094265,625195,7271663,3,32,1,-9.854,0.416,0.354,0.009,-0.012,0.005,65.79,1,941.28,45.02,665.19,1,939.10,46.24,636.47
T,941204,1,353479041,-1178094266,625114,7271663,3,32,1,-9.858,0.412,0.297,0.009,-0.012,0.006,65.78,1,941.27,45.02,665.28,1,939.16,46.24,635.94
T,942198,1,353479041,-1178094269,625084,7271663,3,32,1,-9.858,0.474,0.263,0.010,-0.015,0.006,65.79,1,941.28,45.05,665.19,1,939.11,46.25,636.39
T,943185,1,353479041,-1178094272,625083,7271663,3,32,1,-9.820,0.234,0.488,0.034,-0.016,0.004,65.81,1,941.31,45.07,664.93,1,939.18,46.27,635.77
T,944272,1,353479040,-1178094276,625111,7271663,3,32,1,-9.858,0.407,0.354,-0.004,-0.012,0.007,65.85,1,941.26,45.06,665.37,1,939.12,46.29,636.30
T,945259,1,353479040,-1178094277,625132,7271663,3,32,1,-9.849,0.464,0.340,0.010,-0.015,0.006,65.85,1,941.30,45.07,665.01,1,939.14,46.29,636.12
T,946247,1,353479042,-1178094278,625137,7271663,3,31,1,-9.863,0.421,0.373,-0.006,-0.011,0.006,65.85,1,941.31,45.10,664.93,1,939.13,46.31,636.21
T,947234,1,353479043,-1178094279,625163,7271663,3,31,1,-9.858,0.392,0.306,0.006,-0.012,0.006,65.83,1,941.28,45.11,665.19,1,939.08,46.32,636.65
T,948220,1,353479044,-1178094278,625240,7271663,3,32,1,-9.849,0.364,0.373,0.005,-0.013,0.005,65.88,1,941.27,45.10,665.28,1,939.10,46.32,636.47
T,949210,1,353479045,-1178094279,625281,7271663,3,32,1,-9.844,0.397,0.340,0.001,-0.013,0.006,65.84,1,941.27,45.10,665.28,1,939.12,46.32,636.30
T,950195,1,353479046,-1178094277,625363,7271663,3,32,1,-9.858,0.397,0.330,0.000,-0.012,0.006,65.86,1,941.27,45.12,665.28,1,939.11,46.33,636.39
T,951288,1,353479047,-1178094272,625403,7271663,3,30,1,-9.849,0.388,0.349,0.010,-0.012,0.006,65.89,1,941.31,45.12,664.93,1,939.10,46.33,636.47
T,952172,1,353479049,-1178094273,625495,7271663,3,32,1,-9.844,0.388,0.321,0.006,-0.012,0.006,65.93,1,941.30,45.14,665.01,1,939.14,46.33,636.12
T,953257,1,353479050,-1178094271,625620,7271663,3,32,1,-9.863,0.426,0.325,0.002,-0.013,0.005,65.92,1,941.30,45.13,665.01,1,939.12,46.32,636.30
T,954241,1,353479055,-1178094268,625719,7271663,3,32,1,-9.854,0.378,0.335,0.004,-0.013,0.006,65.92,1,941.33,45.16,664.75,1,939.15,46.34,636.03
T,955230,1,353479059,-1178094265,625806,7271663,3,31,1,-9.858,0.383,0.321,0.006,-0.012,0.007,65.96,1,941.30,45.19,665.01,1,939.14,46.37,636.12
T,956215,1,353479061,-1178094265,625857,7271663,3,32,1,-9.854,0.378,0.316,0.011,-0.012,0.006,65.97,1,941.29,45.20,665.10,1,939.13,46.39,636.21
T,957201,1,353479064,-1178094264,625951,7271663,3,32,1,-9.858,0.421,0.340,0.013,-0.013,0.005,65.96,1,941.28,45.20,665.19,1,939.16,46.41,635.94
T,958191,1,353479065,-1178094264,626029,7271663,3,32,1,-9.844,0.421,0.325,0.005,-0.012,0.006,65.95,1,941.32,45.22,664.84,1,939.12,46.42,636.30
T,959278,1,353479066,-1178094264,626116,7271663,3,32,1,-9.854,0.364,0.311,0.006,-0.012,0.006,65.97,1,941.29,45.23,665.10,1,939.18,46.44,635.77
T,960262,1,353479067,-1178094264,626186,7271663,3,32,1,-9.863,0.416,0.325,0.006,-0.013,0.005,66.03,1,941.29,45.24,665.10,1,939.12,46.44,636.30
T,961253,1,353479068,-1178094265,626286,7271663,3,32,1,-9.878,0.412,0.321,0.009,-0.012,0.006,65.99,1,941.32,45.26,664.84,1,939.17,46.45,635.86
T,962242,1,353479068,-1178094266,626381,7271663,3,32,1,-9.854,0.459,0.359,0.000,-0.012,0.007,66.02,1,941.32,45.27,664.84,1,939.16,46.46,635.94
T,963228,1,353479069,-1178094270,626456,7271663,3,32,1,-9.839,0.464,0.306,0.009,-0.012,0.006,66.02,1,941.30,45.29,665.01,1,939.16,46.47,635.94
T,964215,1,353479072,-1178094271,626522,7271663,3,31,1,-9.844,0.325,0.330,0.007,-0.015,0.005,66.04,1,941.29,45.31,665.10,1,939.12,46.48,636.30
T,965205,1,353479073,-1178094276,626589,7271663,3,32,1,-9.863,0.407,0.402,0.012,-0.013,0.006,66.00,1,941.26,45.32,665.37,1,939.16,46.50,635.94
T,966192,1,353479073,-1178094280,626690,7271663,3,32,1,-9.854,0.378,0.321,0.007,-0.013,0.005,66.02,1,941.31,45.33,664.93,1,939.14,46.51,636.12
T,967180,1,353479075,-1178094283,626758,7271663,3,32,1,-9.858,0.450,0.359,0.007,-0.012,0.007,66.07,1,941.29,45.31,665.10,1,939.11,46.50,636.39
T,968272,1,353479074,-1178094289,626854,7271663,3,32,1,-9.854,0.459,0.325,0.007,-0.013,0.007,66.02,1,941.28,45.29,665.19,1,939.10,46.50,636.47
T,969260,1,353479075,-1178094292,626942,7271663,3,32,1,-9.854,0.502,0.292,0.004,-0.013,0.006,66.00,1,941.28,45.31,665.19,1,939.12,46.51,636.30
T,970245,1,353479074,-1178094297,627029,7271663,3,31,1,-9.854,0.392,0.325,-0.001,-0.012,0.006,66.09,1,941.32,45.32,664.84,1,939.13,46.52,636.21
T,971235,1,353479072,-1178094302,627147,7271663,3,32,1,-9.868,0.373,0.354,0.002,-0.012,0.006,66.08,1,941.28,45.35,665.19,1,939.07,46.52,636.74
T,972222,1,353479071,-1178094305,627243,7271663,3,32,1,-9.844,0.392,0.359,0.010,-0.013,0.006,66.07,1,941.28,45.37,665.19,1,939.15,46.54,636.03
T,973207,1,353479070,-1178094307,627352,7271663,3,32,1,-9.854,0.416,0.364,0.006,-0.012,0.007,66.11,1,941.23,45.39,665.63,1,939.11,46.55,636.39
T,974297,1,353479070,-1178094309,627404,7271663,3,31,1,-9.854,0.402,0.325,0.010,-0.016,0.007,66.09,1,941.31,45.40,664.93,1,939.12,46.56,636.30
T,975284,1,353479070,-1178094312,627432,7271663,3,32,1,-9.849,0.392,0.297,0.010,-0.013,0.006,66.11,1,941.29,45.41,665.10,1,939.10,46.55,636.47
T,976272,1,353479070,-1178094313,627496,7271663,3,32,1,-9.873,0.435,0.306,0.005,-0.011,0.006,66.14,1,941.30,45.43,665.01,1,939.12,46.58,636.30
T,977260,1,353479069,-1178094314,627560,7271663,3,32,1,-9.854,0.421,0.301,0.001,-0.012,0.006,66.12,1,941.27,45.43,665.28,1,939.13,46.59,636.21
T,978253,1,353479067,-1178094317,627596,7271663,3,31,1,-9.858,0.440,0.359,0.004,-0.011,0.005,66.16,1,941.31,45.43,664.93,1,939.09,46.61,636.56
T,979241,1,353479068,-1178094319,627583,7271663,3,32,1,-9.858,0.383,0.316,0.004,-0.012,0.005,66.15,1,941.31,45.43,664.93,1,939.09,46.62,636.56
T,980228,1,353479067,-1178094323,627612,7271663,3,32,1,-9.839,0.421,0.354,0.004,-0.013,0.007,66.19,1,941.30,45.43,665.01,1,939.10,46.64,636.47
T,981217,1,353479066,-1178094325,627628,7271663,3,32,1,-9.854,0.421,0.340,0.007,-0.012,0.005,66.15,1,941.27,45.44,665.28,1,939.10,46.62,636.47
T,982208,1,353479065,-1178094324,627628,7271663,3,32,1,-9.858,0.440,0.316,0.006,-0.012,0.006,66.19,1,941.33,45.40,664.75,1,939.13,46.59,636.21
T,983198,1,353479063,-1178094325,627659,7271663,3,31,1,-9.863,0.407,0.301,0.001,-0.011,0.006,66.18,1,941.25,45.41,665.46,1,939.14,46.59,636.12
T,984286,1,353479062,-1178094325,627670,7271663,3,31,1,-9.858,0.479,0.440,0.006,-0.013,0.007,66.21,1,941.26,45.42,665.37,1,939.11,46.60,636.39
T,985274,1,353479060,-1178094324,627721,7271663,3,32,1,-9.858,0.373,0.359,0.006,-0.012,0.006,66.20,1,941.31,45.43,664.93,1,939.14,46.62,636.12
T,986260,1,353479058,-1178094322,627760,7271663,3,32,1,-9.858,0.388,0.354,0.006,-0.012,0.006,66.19,1,941.29,45.42,665.10,1,939.15,46.63,636.03
T,987251,1,353479057,-1178094320,627750,7271663,3,32,1,-9.868,0.416,0.335,0.006,-0.013,0.005,66.16,1,941.28,45.40,665.19,1,939.12,46.62,636.30
T,988239,1,353479057,-1178094319,627753,7271663,3,32,1,-9.863,0.407,0.345,0.009,-0.012,0.006,66.18,1,941.29,45.41,665.10,1,939.13,46.62,636.21
T,989225,1,353479058,-1178094319,627747,7271663,3,32,1,-9.854,0.383,0.316,0.004,-0.013,0.006,66.17,1,941.32,45.43,664.84,1,939.15,46.63,636.03
T,990214,1,353479059,-1178094318,627716,7271663,3,32,1,-9.854,0.392,0.340,0.005,-0.012,0.006,66.15,1,941.29,45.44,665.10,1,939.16,46.65,635.94
T,991208,1,353479060,-1178094314,627703,7271663,3,31,1,-9.844,0.388,0.340,0.006,-0.013,0.006,66.14,1,941.27,45.46,665.28,1,939.14,46.63,636.12
T,992201,1,353479060,-1178094316,627716,7271663,3,31,1,-9.854,0.459,0.301,0.006,-0.012,0.006,66.17,1,941.29,45.48,665.10,1,939.15,46.64,636.03
T,993190,1,353479060,-1178094315,627764,7271663,3,32,1,-9.854,0.426,0.364,0.010,-0.012,0.005,66.23,1,941.35,45.50,664.57,1,939.16,46.67,635.94
T,994277,1,353479057,-1178094315,627813,7271663,3,32,1,-9.858,0.407,0.335,0.006,-0.012,0.006,66.21,1,941.33,45.52,664.75,1,939.19,46.69,635.68
T,995265,1,353479057,-1178094311,627838,7271663,3,32,1,-9.854,0.416,0.335,0.010,-0.013,0.006,66.22,1,941.32,45.52,664.84,1,939.14,46.69,636.12
T,996254,1,353479056,-1178094310,627805,7271663,3,32,1,-9.849,0.445,0.330,0.009,-0.013,0.005,66.27,1,941.31,45.53,664.93,1,939.15,46.69,636.03
T,997246,1,353479053,-1178094311,627836,7271663,3,32,1,-9.858,0.431,0.292,0.011,-0.013,0.006,66.19,1,941.33,45.50,664.75,1,939.14,46.67,636.12
T,998250,1,353479052,-1178094310,627864,7271663,3,32,1,-9.863,0.426,0.301,0.006,-0.013,0.005,66.20,1,941.29,45.46,665.10,1,939.15,46.63,636.03
T,999237,1,353479051,-1178094309,627892,7271663,3,32,1,-9.863,0.431,0.321,0.005,-0.013,0.006,66.22,1,941.29,45.49,665.10,1,939.16,46.66,635.94
T,1000220,1,353479048,-1178094310,627964,7271663,3,32,1,-9.858,0.412,0.349,0.001,-0.012,0.006,66.29,1,941.30,45.51,665.01,1,939.16,46.69,635.94
T,1001211,1,353479047,-1178094309,628016,7271663,3,32,1,-9.858,0.435,0.321,0.007,-0.013,0.006,66.25,1,941.34,45.52,664.66,1,939.15,46.69,636.03
T,1002306,1,353479045,-1178094311,628055,7271663,3,31,1,-9.854,0.402,0.378,0.009,-0.013,0.006,66.26,1,941.31,45.51,664.93,1,939.13,46.69,636.21
T,1003192,1,353479043,-1178094313,628102,7271663,3,31,1,-9.849,0.426,0.325,0.001,-0.013,0.006,66.26,1,941.33,45.53,664.75,1,939.15,46.70,636.03
T,1004281,1,353479043,-1178094310,628170,7271663,3,32,1,-9.868,0.345,0.359,0.004,-0.013,0.006,66.26,1,941.32,45.54,664.84,1,939.11,46.72,636.39
T,1005267,1,353479044,-1178094307,628218,7271663,3,32,1,-9.854,0.364,0.340,0.011,-0.016,0.006,66.26,1,941.33,45.54,664.75,1,939.14,46.73,636.12
T,1006257,1,353479044,-1178094303,628222,7271663,3,31,1,-9.849,0.440,0.383,0.016,-0.012,0.006,66.27,1,941.31,45.56,664.93,1,939.12,46.74,636.30
T,1007240,1,353479044,-1178094300,628273,7271663,3,31,1,-9.863,0.383,0.426,0.007,-0.013,0.006,66.29,1,941.30,45.56,665.01,1,939.14,46.74,636.12
T,1008231,1,353479045,-1178094295,628322,7271663,3,32,1,-9.858,0.435,0.340,0.010,-0.011,0.005,66.28,1,941.33,45.56,664.75,1,939.12,46.75,636.30
T,1009217,1,353479046,-1178094292,628380,7271663,3,31,1,-9.858,0.397,0.330,0.012,-0.013,0.005,66.28,1,941.31,45.57,664.93,1,939.13,46.75,636.21
T,1010204,1,353479047,-1178094288,628417,7271663,3,32,1,-9.863,0.378,0.340,0.005,-0.013,0.006,66.35,1,941.31,45.58,664.93,1,939.19,46.77,635.68
T,1011295,1,353479045,-1178094287,628518,7271663,3,32,1,-9.858,0.459,0.359,0.007,-0.012,0.006,66.27,1,941.32,45.58,664.84,1,939.13,46.77,636.21
T,1012179,1,353479042,-1178094287,628631,7271663,3,32,1,-9.878,0.392,0.325,0.006,-0.010,0.009,66.32,1,941.29,45.59,665.10,1,939.16,46.78,635.94
T,1013269,1,353479041,-1178094288,628639,7271663,3,32,1,-9.868,0.412,0.297,0.004,-0.013,0.006,66.36,1,941.32,45.60,664.84,1,939.15,46.79,636.03
T,1014254,1,353479041,-1178094288,628630,7271663,3,32,1,-9.849,0.397,0.364,0.009,-0.013,0.006,66.38,1,941.29,45.62,665.10,1,939.20,46.80,635.59
T,1015252,1,353479041,-1178094291,628667,7271663,3,32,1,-9.868,0.531,0.392,0.005,-0.012,0.007,66.33,1,941.29,45.63,665.10,1,939.11,46.81,636.39
T,1016241,1,353479041,-1178094294,628657,7271663,3,31,1,-9.854,0.402,0.316,0.010,-0.013,0.007,66.33,1,941.28,45.64,665.19,1,939.14,46.81,636.12
T,1017230,1,353479041,-1178094298,628656,7271663,3,32,1,-9.849,0.388,0.335,0.009,-0.012,0.006,66.36,1,941.30,45.65,665.01,1,939.15,46.80,636.03
T,1018218,1,353479040,-1178094301,628684,7271663,3,32,1,-9.925,0.455,0.096,0.009,-0.010,0.010,66.41,1,941.27,45.66,665.28,1,939.15,46.82,636.03
T,1019205,1,353479041,-1178094304,628684,7271663,3,31,1,-9.858,0.383,0.330,0.004,-0.012,0.007,66.40,1,941.30,45.67,665.01,1,939.12,46.84,636.30
T,1020297,1,353479038,-1178094309,628802,7271663,3,32,1,-9.854,0.392,0.330,0.006,-0.012,0.005,66.41,1,941.29,45.68,665.10,1,939.17,46.85,635.86
T,1021283,1,353479041,-1178094310,628823,7271663,3,32,1,-9.849,0.392,0.349,0.006,-0.013,0.006,66.42,1,941.24,45.69,665.54,1,939.16,46.85,635.94
T,1022270,1,353479047,-1178094307,628829,7271663,3,31,1,-9.844,0.407,0.364,0.005,-0.013,0.005,66.43,1,941.32,45.69,664.84,1,939.14,46.86,636.12
T,1023260,1,353479051,-1178094305,628815,7271663,3,31,1,-9.854,0.455,0.364,0.006,-0.013,0.006,66.46,1,941.26,45.71,665.37,1,939.12,46.87,636.30
T,1024250,1,353479055,-1178094305,628812,7271663,3,30,1,-9.863,0.459,0.278,0.006,-0.011,0.005,66.45,1,941.36,45.71,664.48,1,939.18,46.87,635.77
T,1025341,1,353479059,-1178094303,628767,7271663,3,30,1,-9.849,0.416,0.378,0.015,-0.013,0.006,66.47,1,941.29,45.73,665.10,1,939.15,46.88,636.03
T,1026230,1,353479060,-1178094305,628789,7271663,3,32,1,-9.854,0.388,0.311,0.007,-0.012,0.005,66.47,1,941.27,45.74,665.28,1,939.14,46.89,636.12
T,1027216,1,353479063,-1178094307,628774,7271663,3,32,1,-9.849,0.440,0.301,0.005,-0.013,0.005,66.48,1,941.30,45.76,665.01,1,939.19,46.91,635.68
T,1028204,1,353479061,-1178094311,628795,7271663,3,32,1,-9.849,0.440,0.330,0.006,-0.012,0.005,66.51,1,941.31,45.77,664.93,1,939.16,46.91,635.94
T,1029193,1,353479061,-1178094314,628840,7271663,3,32,1,-9.849,0.397,0.345,0.006,-0.013,0.006,66.48,1,941.29,45.78,665.10,1,939.15,46.91,636.03
T,1030278,1,353479062,-1178094317,628829,7271663,3,32,1,-9.858,0.397,0.325,0.009,-0.012,0.005,66.49,1,941.28,45.78,665.19,1,939.12,46.92,636.30
T,1031264,1,353479057,-1178094322,628939,7271663,3,32,1,-9.849,0.392,0.345,0.009,-0.013,0.006,66.56,1,941.32,45.79,664.84,1,939.15,46.94,636.03
T,1032252,1,353479056,-1178094324,629049,7271663,3,32,1,-9.854,0.421,0.335,0.007,-0.013,0.005,66.52,1,941.30,45.79,665.01,1,939.13,46.95,636.21
T,1033239,1,353479058,-1178094322,629094,7271663,3,32,1,-9.854,0.416,0.316,0.007,-0.012,0.006,66.48,1,941.28,45.79,665.19,1,939.12,46.91,636.30
T,1034222,1,353479057,-1178094321,629161,7271663,3,32,1,-9.849,0.407,0.292,0.007,-0.013,0.006,66.40,1,941.31,45.78,664.93,1,939.15,46.87,636.03
T,1035209,1,353479061,-1178094316,629155,7271663,3,32,1,-9.858,0.421,0.325,0.006,-0.013,0.006,66.45,1,941.27,45.79,665.28,1,939.14,46.87,636.12
T,1036196,1,353479066,-1178094312,629153,7271663,3,32,1,-9.858,0.407,0.340,0.007,-0.013,0.006,66.51,1,941.27,45.81,665.28,1,939.15,46.92,636.03
T,1037284,1,353479065,-1178094312,629198,7271663,3,32,1,-9.854,0.416,0.335,0.006,-0.013,0.006,66.48,1,941.28,45.82,665.19,1,939.13,46.94,636.21
T,1038168,1,353479065,-1178094314,629266,7271663,3,32,1,-9.863,0.440,0.321,0.005,-0.013,0.006,66.52,1,941.34,45.82,664.66,1,939.15,46.95,636.03
T,1039258,1,353479070,-1178094310,629288,7271663,3,32,1,-9.863,0.431,0.330,-0.004,-0.013,0.006,66.51,1,941.32,45.83,664.84,1,939.12,46.95,636.30
T,1040247,1,353479072,-1178094307,629301,7271663,3,32,1,-9.839,0.287,0.459,-0.005,-0.016,0.005,66.58,1,941.28,45.84,665.19,1,939.15,46.96,636.03
T,1041231,1,353479074,-1178094305,629287,7271663,3,32,1,-9.854,0.301,0.388,0.011,-0.013,0.002,66.55,1,941.31,45.86,664.93,1,939.11,46.97,636.39
T,1042216,1,353479075,-1178094303,629244,7271663,3,32,1,-9.849,0.517,0.239,0.015,-0.015,0.005,66.55,1,941.28,45.87,665.19,1,939.10,46.98,636.47
T,1043206,1,353479069,-1178094310,629351,7271663,3,32,1,-9.868,0.479,0.258,0.022,-0.012,0.005,66.59,1,941.32,45.88,664.84,1,939.16,47.00,635.94
T,1044192,1,353479069,-1178094313,629442,7271663,3,31,1,-9.858,0.622,0.148,0.015,-0.015,0.007,66.64,1,941.23,45.88,665.63,1,939.12,47.01,636.30
T,1045280,1,353479066,-1178094319,629558,7271663,3,32,1,-9.849,0.096,0.593,0.035,-0.020,-0.002,66.58,1,941.29,45.90,665.10,1,939.10,47.00,636.47
T,1046270,1,353479066,-1178094322,629653,7271663,3,32,1,-9.940,0.402,0.230,-0.005,-0.010,0.007,66.60,1,941.27,45.90,665.28,1,939.12,47.01,636.30
T,1047263,1,353479064,-1178094326,629684,7271663,3,32,1,-9.983,-0.373,0.321,-0.005,-0.023,-0.013,66.58,1,941.29,45.91,665.10,1,939.11,47.02,636.39
T,1048255,1,353479065,-1178094330,629727,7271663,3,32,1,-9.844,0.589,0.421,0.070,-0.017,0.004,66.61,1,941.28,45.92,665.19,1,939.14,47.02,636.12
T,1049241,1,353479064,-1178094336,629730,7271663,3,32,1,-9.897,1.096,0.416,0.061,-0.015,0.000,66.68,1,941.30,45.93,665.01,1,939.07,47.02,636.74
T,1050238,1,353479063,-1178094341,629719,7271663,3,32,1,-9.844,0.426,0.435,-0.020,-0.013,0.006,66.67,1,941.32,45.92,664.84,1,939.14,47.04,636.12
T,1051224,1,353479064,-1178094343,629655,7271663,3,32,1,-9.849,0.455,0.244,-0.022,-0.011,0.009,66.67,1,941.28,45.92,665.19,1,939.12,47.05,636.30
T,1052210,1,353479066,-1178094345,629607,7271663,3,31,1,-9.873,0.206,0.349,0.005,-0.012,0.005,66.67,1,941.30,45.92,665.01,1,939.13,47.05,636.21
T,1053196,1,353479067,-1178094347,629584,7271663,3,32,1,-9.858,0.421,0.383,0.012,-0.012,0.006,66.68,1,941.31,45.92,664.93,1,939.14,47.05,636.12
T,1054190,1,353479070,-1178094348,629664,7271663,3,32,1,-9.854,0.364,0.359,0.016,-0.015,0.005,66.69,1,941.30,45.92,665.01,1,939.16,47.05,635.94
T,1055275,1,353479070,-1178094351,629737,7271663,3,32,1,-9.858,0.335,0.306,0.000,-0.013,0.006,66.68,1,941.28,45.92,665.19,1,939.15,47.05,636.03
T,1056261,1,353479074,-1178094352,629824,7271663,3,31,1,-9.868,0.584,0.187,-0.022,-0.006,0.011,66.71,1,941.31,45.94,664.93,1,939.14,47.06,636.12
T,1057252,1,353479075,-1178094353,629951,7271663,3,32,1,-9.863,0.407,0.258,0.004,-0.012,0.005,66.70,1,941.27,45.95,665.28,1,939.09,47.07,636.56
T,1058235,1,353479076,-1178094354,630022,7271663,3,32,1,-9.858,0.392,0.278,0.010,-0.013,0.006,66.68,1,941.29,45.95,665.10,1,939.17,47.08,635.86
T,1059220,1,353479074,-1178094356,630080,7271663,3,32,1,-9.868,0.416,0.225,0.027,-0.013,0.005,66.69,1,941.30,45.95,665.01,1,939.14,47.07,636.12
T,1060211,1,353479073,-1178094358,630170,7271663,3,32,1,-9.854,0.397,0.368,-0.001,-0.013,0.007,66.62,1,941.31,45.96,664.93,1,939.10,47.04,636.47
T,1061206,1,353479071,-1178094360,630240,7271663,3,32,1,-9.858,0.373,0.345,0.011,-0.013,0.005,66.69,1,941.29,45.98,665.10,1,939.09,47.05,636.56
T,1062195,1,353479070,-1178094356,630216,7271663,3,32,1,-9.839,0.421,0.301,0.006,-0.013,0.006,66.69,1,941.31,45.98,664.93,1,939.10,47.08,636.47
T,1063287,1,353479068,-1178094356,630182,7271663,3,32,1,-9.863,0.402,0.330,0.001,-0.013,0.006,66.73,1,941.31,45.98,664.93,1,939.15,47.09,636.03
T,1064276,1,353479064,-1178094357,630172,7271663,3,32,1,-9.887,0.354,0.282,0.011,-0.012,0.005,66.75,1,941.29,45.99,665.10,1,939.14,47.11,636.12
T,1065271,1,353479064,-1178094355,630240,7271663,3,32,1,-9.863,0.311,0.301,0.007,-0.016,0.004,66.73,1,941.33,46.00,664.75,1,939.14,47.12,636.12
T,1066260,1,353479067,-1178094353,630279,7271663,3,32,1,-9.839,0.536,0.282,-0.009,-0.012,0.006,66.75,1,941.30,46.02,665.01,1,939.13,47.13,636.21
T,1067250,1,353479069,-1178094351,630313,7271663,3,32,1,-9.858,0.483,0.340,0.011,-0.012,0.006,66.79,1,941.30,46.02,665.01,1,939.13,47.14,636.21
T,1068237,1,353479073,-1178094348,630331,7271663,3,32,1,-9.863,0.373,0.354,-0.004,-0.011,0.006,66.78,1,941.27,46.02,665.28,1,939.15,47.14,636.03
T,1069223,1,353479076,-1178094348,630344,7271663,3,32,1,-9.858,0.268,0.407,0.007,-0.016,0.002,66.79,1,941.28,46.03,665.19,1,939.13,47.13,636.21
T,1070210,1,353479080,-1178094345,630317,7271663,3,32,1,-9.868,0.469,0.244,0.000,-0.012,0.006,66.74,1,941.30,46.05,665.01,1,939.14,47.14,636.12
T,1071297,1,353479084,-1178094342,630274,7271663,3,32,1,-9.863,0.388,0.258,0.006,-0.013,0.005,66.80,1,941.29,46.06,665.10,1,939.11,47.16,636.39
T,1072285,1,353479088,-1178094339,630274,7271663,3,32,1,-9.863,0.330,0.402,0.000,-0.013,0.006,66.77,1,941.30,46.07,665.01,1,939.18,47.15,635.77
T,1073272,1,353479092,-1178094336,630190,7271663,3,32,1,-9.849,0.359,0.373,0.007,-0.015,0.007,66.78,1,941.33,46.07,664.75,1,939.14,47.16,636.12
T,1074260,1,353479095,-1178094333,630101,7271663,3,32,1,-9.868,0.397,0.321,0.001,-0.013,0.006,66.80,1,941.26,46.06,665.37,1,939.17,47.17,635.86
T,1075253,1,353479099,-1178094330,630064,7271663,3,32,1,-9.863,0.412,0.345,0.007,-0.013,0.006,66.78,1,941.31,46.07,664.93,1,939.15,47.17,636.03
T,1076240,1,353479100,-1178094328,629966,7271663,3,32,1,-9.854,0.421,0.330,0.010,-0.013,0.006,66.78,1,941.28,46.08,665.19,1,939.12,47.17,636.30
T,1077228,1,353479103,-1178094328,629985,7271663,3,31,1,-9.844,0.402,0.345,0.007,-0.012,0.006,66.82,1,941.35,46.08,664.57,1,939.11,47.17,636.39
T,1078214,1,353479108,-1178094327,629955,7271663,3,31,1,-9.858,0.364,0.158,0.004,-0.013,0.005,66.58,1,941.36,46.04,664.48,1,939.15,47.13,636.03
T,1079307,1,353479111,-1178094329,629908,7271663,3,32,1,-9.844,0.397,0.268,0.009,-0.012,0.006,66.30,1,941.34,45.91,664.66,1,939.19,46.98,635.68
T,1080294,1,353479116,-1178094328,629865,7271663,3,31,1,-9.858,0.392,0.191,0.004,-0.012,0.005,66.21,1,941.30,45.82,665.01,1,939.12,46.92,636.30
T,1081281,1,353479120,-1178094327,629872,7271663,3,32,1,-9.858,0.368,0.239,0.005,-0.013,0.006,66.26,1,941.29,45.75,665.10,1,939.11,46.83,636.39
T,1082272,1,353479122,-1178094328,629916,7271663,3,32,1,-9.849,0.392,0.292,0.009,-0.013,0.007,66.46,1,941.31,45.80,664.93,1,939.14,46.85,636.12
T,1083261,1,353479125,-1178094330,629910,7271663,3,31,1,-9.858,0.402,0.345,0.004,-0.013,0.007,66.55,1,941.33,45.86,664.75,1,939.13,46.94,636.21
T,1084250,1,353479129,-1178094328,629887,7271663,3,32,1,-9.858,0.392,0.254,0.010,-0.013,0.006,66.25,1,941.32,45.74,664.84,1,939.16,46.82,635.94
T,1085242,1,353479131,-1178094329,629912,7271663,3,32,1,-9.858,0.407,0.230,0.006,-0.012,0.005,66.18,1,941.35,45.68,664.57,1,939.17,46.76,635.86
T,1086227,1,353479135,-1178094326,629924,7271663,3,31,1,-9.854,0.378,0.196,0.006,-0.012,0.006,66.07,1,941.30,45.64,665.01,1,939.12,46.70,636.30
T,1087212,1,353479138,-1178094324,629921,7271663,3,32,1,-9.849,0.412,0.282,0.007,-0.013,0.006,66.25,1,941.30,45.65,665.01,1,939.10,46.70,636.47
T,1088200,1,353479139,-1178094320,629885,7271663,3,32,1,-9.854,0.412,0.330,0.007,-0.013,0.005,66.48,1,941.33,45.75,664.75,1,939.12,46.79,636.30
T,1089291,1,353479138,-1178094322,629954,7271663,3,31,1,-9.858,0.397,0.330,0.007,-0.012,0.006,66.49,1,941.34,45.79,664.66,1,939.15,46.82,636.03
T,1090177,1,353479136,-1178094322,630014,7271663,3,32,1,-9.858,0.392,0.321,0.006,-0.013,0.005,66.49,1,941.35,45.80,664.57,1,939.15,46.82,636.03
T,1091267,1,353479133,-1178094325,630094,7271663,3,32,1,-9.858,0.397,0.258,0.005,-0.013,0.006,66.23,1,941.32,45.70,664.84,1,939.13,46.71,636.21
T,1092259,1,353479135,-1178094324,630105,7271663,3,31,1,-9.849,0.392,0.206,0.006,-0.015,0.006,66.14,1,941.34,45.67,664.66,1,939.16,46.67,635.94
T,1093246,1,353479138,-1178094322,630082,7271663,3,32,1,-9.854,0.388,0.167,0.010,-0.013,0.005,65.85,1,941.33,45.57,664.75,1,939.17,46.62,635.86
T,1094234,1,353479139,-1178094321,630086,7271663,3,32,1,-9.844,0.388,-0.005,0.009,-0.012,0.005,65.39,1,941.35,45.39,664.57,1,939.20,46.53,635.59
T,1095220,1,353479140,-1178094321,630064,7271663,3,31,1,-9.844,0.368,0.000,0.006,-0.012,0.007,65.20,1,941.34,45.30,664.66,1,939.17,46.46,635.86
T,1096210,1,353479145,-1178094317,630056,7271663,3,32,1,-9.839,0.407,0.029,0.002,-0.012,0.005,65.10,1,941.34,45.29,664.66,1,939.20,46.43,635.59
T,1097300,1,353479147,-1178094314,630129,7271663,3,32,1,-9.849,0.392,0.100,0.010,-0.012,0.006,65.17,1,941.32,45.23,664.84,1,939.15,46.40,636.03
T,1098188,1,353479150,-1178094310,630212,7271663,3,31,1,-9.839,0.421,0.091,0.002,-0.013,0.006,65.25,1,941.29,45.21,665.10,1,939.14,46.38,636.12
T,1099275,1,353479152,-1178094306,630317,7271663,3,32,1,-9.892,-0.904,0.258,-0.029,-0.021,0.007,65.22,1,941.36,45.20,664.48,1,939.18,46.31,635.77
T,1100271,1,353479154,-1178094302,630378,7271663,3,31,1,-9.820,0.828,0.311,0.011,-0.009,0.009,64.87,1,941.31,45.12,664.93,1,939.13,46.17,636.21
T,1101259,1,353479157,-1178094299,630490,7271663,3,31,1,-9.849,0.368,0.081,0.009,-0.012,0.005,65.06,1,941.33,45.09,664.75,1,939.16,46.15,635.94
T,1102247,1,353479160,-1178094294,630544,7271663,3,32,1,-9.863,0.383,0.120,0.010,-0.013,0.006,65.08,1,941.29,45.06,665.10,1,939.13,46.12,636.21
T,1103233,1,353479163,-1178094289,630539,7271663,3,32,1,-9.858,0.445,0.086,0.005,-0.010,0.007,65.07,1,941.29,45.05,665.10,1,939.15,46.05,636.03
T,1104221,1,353479168,-1178094283,630521,7271663,3,31,1,-9.801,0.502,0.665,-0.010,-0.018,0.007,65.16,1,941.27,44.98,665.28,1,939.17,46.03,635.86
T,1105208,1,353479171,-1178094278,630477,7271663,3,31,1,-9.849,0.373,0.158,0.001,-0.016,0.004,65.18,1,941.29,44.97,665.10,1,939.16,46.00,635.94
T,1106195,1,353479174,-1178094272,630446,7271663,3,31,1,-9.873,0.316,0.234,0.011,-0.016,0.005,65.21,1,941.31,44.92,664.93,1,939.15,45.98,636.03
T,1107284,1,353479174,-1178094271,630467,7271663,3,29,1,-9.849,0.311,0.158,0.000,-0.012,0.006,65.27,1,941.31,44.97,664.93,1,939.12,46.02,636.30
T,1108269,1,353479173,-1178094272,630485,7271663,3,31,1,-9.849,0.311,0.206,0.005,-0.010,0.005,64.99,1,941.30,44.91,665.01,1,939.12,46.00,636.30
T,1109255,1,353479173,-1178094272,630527,7271663,3,32,1,-9.858,0.373,0.187,0.013,-0.013,0.005,65.14,1,941.26,44.85,665.37,1,939.14,45.93,636.12
T,1110243,1,353479172,-1178094271,630533,7271663,3,31,1,-9.858,0.388,0.239,0.011,-0.015,0.006,65.32,1,941.29,44.92,665.10,1,939.15,46.01,636.03
T,1111234,1,353479170,-1178094273,630589,7271663,3,32,1,-9.868,0.483,0.158,0.007,-0.012,0.006,65.12,1,941.32,44.89,664.84,1,939.17,46.01,635.86
T,1112230,1,353479164,-1178094280,630689,7271663,3,32,1,-9.844,0.402,0.086,-0.002,-0.011,0.006,64.97,1,941.30,44.87,665.01,1,939.15,46.01,636.03
T,1113215,1,353479166,-1178094278,630661,7271663,3,30,1,-9.796,0.220,0.177,-0.005,-0.007,0.009,65.34,1,941.33,44.90,664.75,1,939.13,46.01,636.21
T,1114202,1,353479166,-1178094278,630668,7271663,3,32,1,-9.945,-0.024,0.057,0.016,-0.001,0.011,65.52,1,941.36,44.96,664.48,1,939.12,46.08,636.30
T,1115290,1,353479169,-1178094273,630556,7271663,3,32,1,-9.945,0.091,0.211,0.013,-0.012,-0.001,65.56,1,941.27,44.97,665.28,1,939.13,46.07,636.21
T,1116282,1,353479167,-1178094272,630224,7271663,3,32,1,-9.844,0.703,0.148,0.007,-0.012,0.005,65.52,1,941.33,44.94,664.75,1,939.17,46.03,635.86
T,1117271,1,353479165,-1178094268,629804,7271663,3,32,1,-9.748,0.129,0.804,0.005,-0.017,0.002,65.73,1,941.28,44.95,665.19,1,939.14,46.05,636.12
T,1118263,1,353479161,-1178094268,629456,7271663,3,32,1,-9.858,0.368,0.096,0.017,-0.011,0.005,65.76,1,941.36,45.00,664.48,1,939.20,46.14,635.59
T,1119251,1,353479158,-1178094267,629183,7271663,3,32,1,-9.839,0.632,0.196,0.023,-0.009,0.012,65.45,1,941.30,44.92,665.01,1,939.13,46.05,636.21
T,1120239,1,353479153,-1178094267,628924,7271663,3,32,1,-9.858,0.837,0.206,0.016,0.001,0.024,65.44,1,941.30,44.90,665.01,1,939.15,46.03,636.03
T,1121226,1,353479151,-1178094264,628691,7271663,3,32,1,-9.854,0.402,0.144,0.005,-0.017,0.002,65.25,1,941.34,44.91,664.66,1,939.15,46.01,636.03
T,1122213,1,353479147,-1178094262,628555,7271663,3,32,1,-9.878,0.354,0.258,-0.006,-0.010,0.011,65.27,1,941.30,44.95,665.01,1,939.11,46.05,636.39
T,1123199,1,353479146,-1178094258,628353,7271663,3,31,1,-9.878,0.297,0.019,-0.006,-0.007,0.006,65.33,1,941.30,44.94,665.01,1,939.15,46.05,636.03
T,1124195,1,353479146,-1178094254,628157,7271663,3,31,1,-9.806,-0.033,0.388,-0.020,-0.016,0.004,65.06,1,941.30,44.91,665.01,1,939.16,46.00,635.94
T,1125186,1,353479147,-1178094248,627968,7271663,3,32,1,-9.858,0.469,0.278,0.011,-0.012,0.005,65.23,1,941.29,44.91,665.10,1,939.12,46.01,636.30
T,1126272,1,353479147,-1178094244,627873,7271663,3,31,1,-9.863,0.225,0.301,0.002,-0.011,0.005,65.55,1,941.28,44.96,665.19,1,939.12,46.06,636.30
T,1127256,1,353479149,-1178094236,627710,7271663,3,31,1,-9.849,0.459,0.316,-0.006,-0.013,0.005,65.69,1,941.31,45.02,664.93,1,939.12,46.13,636.30
T,1128257,1,353479150,-1178094230,627570,7271663,3,31,1,-9.849,0.809,0.211,0.009,-0.011,-0.005,65.57,1,941.25,45.01,665.46,1,939.14,46.12,636.12
T,1129242,1,353479149,-1178094223,627450,7271663,3,31,1,-9.858,-0.158,0.479,0.016,-0.009,0.005,65.58,1,941.24,45.00,665.54,1,939.16,46.07,635.94
T,1130227,1,353479150,-1178094217,627347,7271663,3,31,1,-9.854,0.397,0.163,0.016,-0.013,0.006,65.27,1,941.33,44.98,664.75,1,939.18,46.02,635.77
T,1131212,1,353479152,-1178094209,627203,7271663,3,31,1,-9.835,0.526,0.249,-0.006,-0.011,0.007,65.27,1,941.25,44.92,665.46,1,939.13,45.96,636.21
T,1132196,1,353479155,-1178094201,627058,7271663,3,31,1,-9.844,0.306,0.278,-0.001,-0.011,0.010,65.48,1,941.28,44.93,665.19,1,939.12,46.00,636.30
T,1133187,1,353479159,-1178094190,626916,7271663,3,32,1,-9.839,0.435,0.321,0.012,-0.013,0.006,65.64,1,941.28,45.01,665.19,1,939.12,46.09,636.30
T,1134180,1,353479161,-1178094184,626770,7271663,3,32,1,-9.854,0.368,0.134,0.001,-0.013,0.006,65.30,1,941.31,44.99,664.93,1,939.08,46.09,636.65
T,1135348,1,353479162,-1178094181,626656,7271663,3,31,1,-9.835,0.431,0.354,0.013,-0.015,0.007,65.43,1,941.30,44.96,665.01,1,939.16,46.05,635.94
T,1136234,1,353479164,-1178094174,626556,7271663,3,31,1,-9.839,0.388,0.129,0.006,-0.013,0.007,65.45,1,941.34,44.98,664.66,1,939.20,46.06,635.59
T,1137220,1,353479160,-1178094173,626646,7271663,3,32,1,-9.844,0.402,-0.005,0.005,-0.012,0.006,64.72,1,941.29,44.85,665.10,1,939.17,45.98,635.86
T,1138210,1,353479156,-1178094170,626641,7271663,3,32,1,-9.815,0.388,0.000,0.005,-0.012,0.006,64.41,1,941.34,44.73,664.66,1,939.12,45.90,636.30
T,1139195,1,353479152,-1178094168,626568,7271663,3,31,1,-9.849,0.287,0.043,0.010,-0.012,0.007,64.41,1,941.30,44.71,665.01,1,939.15,45.87,636.03
T,1140184,1,353479144,-1178094170,626582,7271663,3,32,1,-9.839,0.407,0.081,0.004,-0.012,0.007,64.70,1,941.31,44.74,664.93,1,939.10,45.87,636.47
T,1141271,1,353479137,-1178094172,626612,7271663,3,32,1,-9.806,0.579,0.469,0.000,-0.020,0.016,64.71,1,941.31,44.73,664.93,1,939.14,45.87,636.12
T,1142262,1,353479131,-1178094176,626615,7271663,3,31,1,-9.844,0.388,0.297,-0.005,-0.015,0.006,64.77,1,941.32,44.73,664.84,1,939.17,45.88,635.86
T,1143248,1,353479125,-1178094179,626673,7271663,3,31,1,-9.825,0.445,0.091,0.005,-0.013,0.006,64.84,1,941.30,44.78,665.01,1,939.16,45.90,635.94
T,1144232,1,353479120,-1178094182,626719,7271663,3,32,1,-9.854,0.402,0.220,0.017,-0.013,0.006,64.78,1,941.32,44.77,664.84,1,939.13,45.90,636.21
T,1145224,1,353479118,-1178094183,626799,7271663,3,32,1,-9.844,0.435,0.091,-0.001,-0.013,0.006,64.61,1,941.34,44.70,664.66,1,939.19,45.84,635.68
T,1146209,1,353479115,-1178094184,626826,7271663,3,32,1,-9.849,0.440,0.029,-0.001,-0.013,0.006,64.62,1,941.29,44.68,665.10,1,939.14,45.81,636.12
T,1147198,1,353479112,-1178094186,626886,7271663,3,31,1,-9.835,0.373,0.062,0.004,-0.012,0.006,64.42,1,941.29,44.58,665.10,1,939.11,45.75,636.39
T,1148185,1,353479108,-1178094187,626942,7271663,3,29,1,-9.858,0.392,0.230,0.013,-0.013,0.005,64.95,1,941.31,44.60,664.93,1,939.14,45.77,636.12
T,1149174,1,353479106,-1178094187,626994,7271663,3,31,1,-9.849,0.392,0.230,0.001,-0.012,0.006,65.11,1,941.28,44.66,665.19,1,939.13,45.78,636.21
T,1150163,1,353479104,-1178094188,627058,7271663,3,30,1,-9.897,0.402,0.464,0.007,-0.004,0.018,65.24,1,941.31,44.73,664.93,1,939.14,45.86,636.12
T,1151249,1,353479100,-1178094189,627138,7271663,3,31,1,-9.983,0.871,0.258,-0.010,-0.010,-0.007,65.36,1,941.33,44.78,664.75,1,939.16,45.90,635.94
T,1152241,1,353479100,-1178094189,627124,7271663,3,31,1,-9.835,0.244,0.488,-0.032,-0.009,0.010,65.39,1,941.30,44.79,665.01,1,939.17,45.93,635.86
T,1153228,1,353479099,-1178094193,627145,7271663,3,32,1,-9.878,-0.881,0.881,-0.023,-0.015,-0.009,65.36,1,941.24,44.79,665.54,1,939.16,45.97,635.94
T,1154223,1,353479098,-1178094198,627192,7271663,3,32,1,-9.844,0.747,-0.239,0.079,-0.015,0.002,65.48,1,941.31,44.80,664.93,1,939.10,45.97,636.47
T,1155209,1,353479098,-1178094203,627224,7271663,3,32,1,-9.811,0.660,0.182,-0.023,-0.013,0.002,65.57,1,941.25,44.84,665.46,1,939.10,46.02,636.47
T,1156197,1,353479096,-1178094205,627234,7271663,3,32,1,-9.878,0.081,0.397,0.042,-0.020,0.004,65.59,1,941.32,44.88,664.84,1,939.13,46.08,636.21
T,1157182,1,353479092,-1178094211,627285,7271663,3,32,1,-9.925,0.440,0.167,0.017,-0.010,0.001,65.64,1,941.30,44.89,665.01,1,939.17,46.11,635.86
T,1158167,1,353479094,-1178094214,627213,7271663,3,32,1,-9.868,0.440,0.402,-0.012,-0.012,0.006,65.70,1,941.26,44.93,665.37,1,939.13,46.14,636.21
T,1159259,1,353479092,-1178094220,627203,7271663,3,31,1,-9.839,0.483,0.297,0.004,-0.012,0.006,65.71,1,941.30,44.96,665.01,1,939.10,46.15,636.47
T,1160245,1,353479094,-1178094221,627102,7271663,3,31,1,-9.844,0.445,0.273,0.011,-0.015,0.006,65.75,1,941.28,44.96,665.19,1,939.08,46.14,636.65
T,1161232,1,353479095,-1178094223,627071,7271663,3,32,1,-9.858,0.196,0.187,0.006,-0.013,0.006,65.73,1,941.27,44.99,665.28,1,939.14,46.18,636.12
T,1162214,1,353479094,-1178094225,627043,7271663,3,31,1,-9.844,0.455,0.579,0.034,-0.013,0.002,65.76,1,941.24,45.01,665.54,1,939.13,46.21,636.21
T,1163206,1,353479096,-1178094225,626983,7271663,3,32,1,-9.844,0.416,0.388,-0.012,-0.011,0.006,65.77,1,941.29,44.97,665.10,1,939.10,46.15,636.47
T,1164193,1,353479099,-1178094222,626904,7271663,3,32,1,-9.854,0.488,0.273,-0.004,-0.011,0.006,65.76,1,941.26,44.95,665.37,1,939.11,46.14,636.39
T,1165178,1,353479104,-1178094219,626786,7271663,3,32,1,-9.858,0.541,0.273,0.002,-0.012,0.007,65.81,1,941.31,45.00,664.93,1,939.16,46.20,635.94
T,1166269,1,353479107,-1178094216,626766,7271663,3,32,1,-9.849,0.550,0.311,0.002,-0.015,0.006,65.63,1,941.27,44.99,665.28,1,939.12,46.17,636.30
T,1167260,1,353479111,-1178094212,626719,7271663,3,32,1,-9.868,0.349,0.359,0.013,-0.013,0.005,65.66,1,941.30,45.00,665.01,1,939.15,46.17,636.03
T,1168249,1,353479111,-1178094209,626704,7271663,3,32,1,-9.791,0.464,-0.024,-0.001,-0.017,0.006,64.81,1,941.35,44.82,664.57,1,939.17,46.02,635.86
T,1169240,1,353479115,-1178094204,626680,7271663,3,32,1,-9.835,0.306,-0.129,-0.002,-0.010,0.006,64.33,1,941.32,44.67,664.84,1,939.15,45.91,636.03
T,1170235,1,353479118,-1178094199,626709,7271663,3,32,1,-9.825,0.397,-0.038,-0.009,-0.013,0.007,64.41,1,941.32,44.64,664.84,1,939.14,45.87,636.12
T,1171229,1,353479121,-1178094193,626737,7271663,3,32,1,-9.835,0.364,-0.100,0.011,-0.011,0.010,64.46,1,941.29,44.62,665.10,1,939.16,45.84,635.94
T,1172214,1,353479124,-1178094188,626743,7271663,3,32,1,-9.868,0.196,0.282,0.010,-0.012,0.004,64.73,1,941.28,44.65,665.19,1,939.12,45.83,636.30
T,1173206,1,353479125,-1178094185,626689,7271663,3,32,1,-9.849,0.292,0.249,0.004,-0.013,0.006,65.03,1,941.27,44.72,665.28,1,939.13,45.84,636.21
T,1174199,1,353479126,-1178094182,626613,7271663,3,32,1,-9.844,0.306,0.239,0.018,-0.013,0.005,65.26,1,941.30,44.79,665.01,1,939.14,45.89,636.12
T,1175288,1,353479124,-1178094181,626539,7271663,3,32,1,-9.887,0.268,0.321,0.018,-0.015,0.005,65.23,1,941.27,44.79,665.28,1,939.08,45.91,636.65
T,1176274,1,353479123,-1178094180,626452,7271663,3,32,1,-9.868,0.167,0.287,0.006,-0.013,0.006,65.36,1,941.26,44.80,665.37,1,939.11,45.90,636.39
T,1177262,1,353479120,-1178094180,626410,7271663,3,32,1,-9.863,0.474,0.124,-0.006,-0.013,0.006,65.08,1,941.27,44.77,665.28,1,939.11,45.88,636.39
T,1178247,1,353479119,-1178094181,626309,7271663,3,32,1,-9.854,0.392,0.263,0.005,-0.013,0.006,65.21,1,941.28,44.74,665.19,1,939.09,45.87,636.56
T,1179232,1,353479119,-1178094181,626241,7271663,3,32,1,-9.854,0.383,0.177,0.001,-0.012,0.005,65.05,1,941.32,44.74,664.84,1,939.19,45.86,635.68
T,1180218,1,353479117,-1178094184,626180,7271663,3,31,1,-9.854,0.345,0.182,0.010,-0.013,0.006,64.86,1,941.28,44.69,665.19,1,939.12,45.83,636.30
T,1181204,1,353479117,-1178094186,626107,7271663,3,32,1,-9.839,0.421,0.163,0.013,-0.015,0.006,65.06,1,941.29,44.71,665.10,1,939.07,45.80,636.74
T,1182189,1,353479116,-1178094186,626052,7271663,3,32,1,-9.863,0.349,0.330,0.001,-0.011,0.006,65.26,1,941.29,44.73,665.10,1,939.10,45.84,636.47
T,1183277,1,353479114,-1178094188,625995,7271663,3,32,1,-9.858,0.412,0.278,-0.006,-0.013,0.005,65.46,1,941.28,44.79,665.19,1,939.11,45.92,636.39
T,1184267,1,353479111,-1178094190,625962,7271663,3,32,1,-9.844,0.440,0.349,0.010,-0.015,0.006,65.52,1,941.30,44.85,665.01,1,939.13,46.00,636.21
T,1185254,1,353479110,-1178094195,625939,7271663,3,32,1,-9.868,0.416,0.373,0.009,-0.011,0.006,65.57,1,941.30,44.88,665.01,1,939.15,46.04,636.03
T,1186239,1,353479108,-1178094195,625828,7271663,3,32,1,-9.858,0.412,0.335,0.007,-0.013,0.005,65.63,1,941.24,44.90,665.54,1,939.13,46.07,636.21
T,1187225,1,353479107,-1178094196,625736,7271663,3,32,1,-9.858,0.397,0.311,0.004,-0.012,0.006,65.70,1,941.27,44.92,665.28,1,939.12,46.10,636.30
T,1188210,1,353479103,-1178094203,625727,7271663,3,32,1,-9.854,0.426,0.330,0.004,-0.013,0.006,65.71,1,941.32,44.94,664.84,1,939.13,46.12,636.21
T,1189195,1,353479102,-1178094207,625676,7271663,3,32,1,-9.863,0.407,0.378,0.005,-0.013,0.006,65.71,1,941.32,44.96,664.84,1,939.13,46.12,636.21
T,1190182,1,353479100,-1178094212,625633,7271663,3,32,1,-9.854,0.412,0.345,0.004,-0.011,0.005,65.73,1,941.30,44.98,665.01,1,939.15,46.15,636.03
T,1191271,1,353479097,-1178094221,625574,7271663,3,32,1,-9.854,0.402,0.335,0.004,-0.013,0.006,65.73,1,941.27,44.99,665.28,1,939.13,46.17,636.21
T,1192259,1,353479086,-1178094241,625641,7271663,3,32,1,-9.858,0.421,0.335,0.011,-0.013,0.006,65.75,1,941.33,45.01,664.75,1,939.16,46.19,635.94
T,1193248,1,353479083,-1178094250,625585,7271663,3,32,1,-9.863,0.421,0.311,0.004,-0.012,0.006,65.78,1,941.29,45.02,665.10,1,939.11,46.21,636.39
T,1194235,1,353479084,-1178094254,625534,7271663,3,32,1,-9.854,0.431,0.349,0.007,-0.012,0.006,65.80,1,941.29,45.05,665.10,1,939.13,46.23,636.21
T,1195226,1,353479083,-1178094258,625502,7271663,3,32,1,-9.858,0.431,0.282,0.007,-0.012,0.006,65.82,1,941.31,45.07,664.93,1,939.14,46.25,636.12
T,1196212,1,353479082,-1178094264,625485,7271663,3,32,1,-9.844,0.416,0.349,0.002,-0.013,0.006,65.84,1,941.33,45.08,664.75,1,939.16,46.25,635.94
T,1197195,1,353479081,-1178094270,625469,7271663,3,32,1,-9.858,0.431,0.349,0.004,-0.012,0.006,65.89,1,941.31,45.09,664.93,1,939.16,46.26,635.94
T,1198287,1,353479080,-1178094276,625444,7271663,3,32,1,-9.849,0.455,0.316,0.007,-0.011,0.006,65.89,1,941.30,45.08,665.01,1,939.15,46.25,636.03
T,1199281,1,353479081,-1178094278,625376,7271663,3,31,1,-9.839,0.388,0.282,0.009,-0.012,0.006,65.83,1,941.34,45.04,664.66,1,939.11,46.20,636.39
T,1200270,1,353479083,-1178094280,625310,7271663,3,31,1,-9.854,0.450,0.349,0.002,-0.011,0.006,65.82,1,941.30,45.06,665.01,1,939.17,46.22,635.86
T,1201255,1,353479085,-1178094284,625231,7271663,3,31,1,-9.863,0.440,0.321,0.005,-0.012,0.005,65.90,1,941.30,45.08,665.01,1,939.15,46.24,636.03
T,1202246,1,353479088,-1178094282,625172,7271663,3,31,1,-9.849,0.412,0.335,0.005,-0.012,0.006,65.88,1,941.29,45.09,665.10,1,939.14,46.25,636.12
T,1203233,1,353479092,-1178094280,625140,7271663,3,31,1,-9.854,0.402,0.345,0.007,-0.013,0.005,65.90,1,941.32,45.11,664.84,1,939.14,46.28,636.12
T,1204219,1,353479094,-1178094282,625105,7271663,3,32,1,-9.849,0.421,0.311,0.006,-0.013,0.005,65.91,1,941.29,45.13,665.10,1,939.11,46.29,636.39
T,1205207,1,353479098,-1178094279,625032,7271663,3,32,1,-9.863,0.426,0.354,0.006,-0.013,0.006,65.96,1,941.29,45.14,665.10,1,939.11,46.31,636.39
T,1206192,1,353479101,-1178094279,624950,7271663,3,32,1,-9.858,0.416,0.330,0.004,-0.012,0.006,65.98,1,941.27,45.17,665.28,1,939.11,46.32,636.39
T,1207284,1,353479102,-1178094280,624870,7271663,3,32,1,-9.849,0.402,0.359,0.007,-0.012,0.006,65.98,1,941.26,45.20,665.37,1,939.14,46.35,636.12
T,1208271,1,353479106,-1178094279,624762,7271663,3,32,1,-9.849,0.402,0.330,0.006,-0.012,0.006,66.02,1,941.25,45.21,665.46,1,939.13,46.36,636.21
T,1209260,1,353479106,-1178094280,624698,7271663,3,31,1,-9.854,0.416,0.340,0.007,-0.012,0.006,65.98,1,941.24,45.20,665.54,1,939.14,46.37,636.12
T,1210245,1,353479105,-1178094283,624668,7271663,3,32,1,-9.854,0.402,0.359,0.010,-0.012,0.006,65.99,1,941.33,45.21,664.75,1,939.10,46.38,636.47
T,1211231,1,353479104,-1178094284,624628,7271663,3,31,1,-9.854,0.431,0.335,0.004,-0.013,0.005,65.98,1,941.32,45.23,664.84,1,939.15,46.39,636.03
T,1212217,1,353479101,-1178094288,624651,7271663,3,32,1,-9.858,0.431,0.340,0.005,-0.011,0.005,66.01,1,941.30,45.24,665.01,1,939.13,46.39,636.21
T,1213204,1,353479099,-1178094291,624631,7271663,3,31,1,-9.849,0.426,0.321,0.007,-0.011,0.005,66.02,1,941.32,45.25,664.84,1,939.12,46.41,636.30
T,1214189,1,353479097,-1178094296,624636,7271663,3,32,1,-9.849,0.440,0.321,0.005,-0.012,0.005,66.02,1,941.28,45.26,665.19,1,939.16,46.42,635.94
T,1215275,1,353479095,-1178094296,624646,7271663,3,31,1,-9.863,0.407,0.278,0.007,-0.013,0.005,65.84,1,941.26,45.24,665.37,1,939.14,46.36,636.12
T,1216263,1,353479094,-1178094297,624710,7271663,3,31,1,-9.854,0.402,0.306,0.009,-0.013,0.006,65.90,1,941.30,45.18,665.01,1,939.10,46.31,636.47
T,1217248,1,353479089,-1178094302,624788,7271663,3,31,1,-9.873,0.321,0.349,0.013,-0.013,0.006,65.96,1,941.28,45.20,665.19,1,939.13,46.32,636.21
T,1218235,1,353479087,-1178094304,624875,7271663,3,32,1,-9.858,0.479,0.354,0.001,-0.012,0.006,65.89,1,941.30,45.18,665.01,1,939.11,46.28,636.39
T,1219221,1,353479082,-1178094308,624960,7271663,3,32,1,-9.849,0.488,0.364,0.015,-0.013,0.006,65.93,1,941.30,45.22,665.01,1,939.16,46.34,635.94
T,1220211,1,353479081,-1178094307,624999,7271663,3,32,1,-9.854,0.445,0.306,0.009,-0.013,0.006,66.03,1,941.32,45.25,664.84,1,939.11,46.39,636.39
T,1221309,1,353479074,-1178094315,625047,7271663,3,32,1,-9.858,0.368,0.335,0.005,-0.013,0.005,66.02,1,941.31,45.27,664.93,1,939.11,46.41,636.39
T,1222297,1,353479070,-1178094321,625096,7271663,3,31,1,-9.849,0.431,0.258,0.000,-0.013,0.006,65.77,1,941.27,45.24,665.28,1,939.19,46.38,635.68
T,1223287,1,353479068,-1178094323,625121,7271663,3,32,1,-9.868,0.435,0.268,0.010,-0.013,0.007,65.55,1,941.30,45.17,665.01,1,939.14,46.32,636.12
T,1224275,1,353479065,-1178094330,625107,7271663,3,32,1,-9.854,0.345,0.345,0.012,-0.012,0.005,65.64,1,941.31,45.15,664.93,1,939.10,46.29,636.47
T,1225264,1,353479064,-1178094335,625118,7271663,3,32,1,-9.844,0.397,0.163,0.009,-0.013,0.006,65.51,1,941.33,45.14,664.75,1,939.13,46.28,636.21
T,1226256,1,353479061,-1178094340,625169,7271663,3,32,1,-9.849,0.378,0.105,0.013,-0.015,0.005,65.09,1,941.23,44.99,665.63,1,939.12,46.16,636.30
T,1227252,1,353479060,-1178094343,625198,7271663,3,32,1,-9.849,0.416,0.301,0.006,-0.012,0.006,65.46,1,941.29,44.99,665.10,1,939.10,46.14,636.47
T,1228241,1,353479059,-1178094346,625238,7271663,3,31,1,-9.858,0.392,0.297,0.009,-0.012,0.006,65.74,1,941.25,45.10,665.46,1,939.09,46.24,636.56
T,1229231,1,353479059,-1178094347,625265,7271663,3,32,1,-9.854,0.435,0.316,0.009,-0.013,0.007,65.89,1,941.25,45.17,665.46,1,939.08,46.32,636.65
T,1230227,1,353479058,-1178094351,625198,7271663,3,32,1,-9.844,0.364,0.187,-0.001,-0.012,0.005,65.58,1,941.30,45.14,665.01,1,939.14,46.27,636.12
T,1231212,1,353479058,-1178094353,625312,7271663,3,31,1,-9.849,0.426,0.115,0.002,-0.011,0.005,65.14,1,941.31,45.01,664.93,1,939.16,46.14,635.94
T,1232197,1,353479058,-1178094356,625281,7271663,3,32,1,-9.854,0.383,0.287,0.006,-0.013,0.006,65.50,1,941.29,45.04,665.10,1,939.09,46.16,636.56
T,1233288,1,353479057,-1178094360,625194,7271663,3,31,1,-9.839,0.378,0.316,0.009,-0.013,0.006,65.71,1,941.24,45.07,665.54,1,939.10,46.20,636.47
T,1234173,1,353479057,-1178094363,625180,7271663,3,31,1,-9.849,0.445,0.311,0.011,-0.013,0.006,65.85,1,941.25,45.14,665.46,1,939.12,46.27,636.30
T,1235260,1,353479057,-1178094366,625154,7271663,3,31,1,-9.849,0.364,0.426,0.009,-0.013,0.007,65.96,1,941.29,45.18,665.10,1,939.10,46.32,636.47
T,1236246,1,353479057,-1178094369,625126,7271663,3,31,1,-9.854,0.397,0.335,0.001,-0.011,0.007,65.96,1,941.26,45.20,665.37,1,939.12,46.35,636.30
T,1237235,1,353479047,-1178094390,625223,7271663,3,31,1,-9.854,0.412,0.368,0.011,-0.012,0.005,65.99,1,941.25,45.21,665.46,1,939.10,46.37,636.47
T,1238222,1,353479051,-1178094391,625198,7271663,3,32,1,-9.849,0.464,0.354,0.007,-0.012,0.006,65.97,1,941.28,45.21,665.19,1,939.14,46.33,636.12
T,1239207,1,353479048,-1178094402,625188,7271663,3,31,1,-9.858,0.397,0.311,0.004,-0.011,0.006,66.01,1,941.23,45.18,665.63,1,939.14,46.30,636.12
T,1240199,1,353479049,-1178094407,625249,7271663,3,31,1,-9.858,0.416,0.325,0.007,-0.013,0.006,66.03,1,941.25,45.23,665.46,1,939.12,46.37,636.30
T,1241289,1,353479052,-1178094404,625386,7271663,3,31,1,-9.858,0.388,0.340,0.007,-0.015,0.005,66.06,1,941.30,45.25,665.01,1,939.16,46.40,635.94
T,1242277,1,353479051,-1178094406,625587,7271663,3,32,1,-9.858,0.426,0.354,0.005,-0.013,0.006,66.04,1,941.28,45.26,665.19,1,939.12,46.42,636.30
T,1243264,1,353479049,-1178094413,625761,7271663,3,31,1,-9.863,0.421,0.340,0.006,-0.012,0.006,66.06,1,941.28,45.25,665.19,1,939.10,46.40,636.47
T,1244252,1,353479045,-1178094415,625833,7271663,3,30,1,-9.849,0.412,0.321,0.005,-0.013,0.005,66.10,1,941.27,45.26,665.28,1,939.12,46.43,636.30
T,1245239,1,353479035,-1178094420,626036,7271663,3,32,1,-9.858,0.440,0.345,0.004,-0.012,0.006,66.09,1,941.29,45.29,665.10,1,939.13,46.46,636.21
T,1246229,1,353479030,-1178094422,626065,7271663,3,32,1,-9.839,0.450,0.321,0.002,-0.012,0.006,66.10,1,941.30,45.31,665.01,1,939.10,46.47,636.47
T,1247223,1,353479026,-1178094421,626053,7271663,3,32,1,-9.858,0.349,0.321,0.007,-0.013,0.005,66.07,1,941.31,45.32,664.93,1,939.10,46.46,636.47
T,1248211,1,353479024,-1178094423,626166,7271663,3,32,1,-9.849,0.383,0.378,0.015,-0.013,0.006,66.11,1,941.34,45.32,664.66,1,939.12,46.46,636.30
T,1249302,1,353479023,-1178094420,626189,7271663,3,32,1,-9.858,0.421,0.282,0.010,-0.013,0.006,66.00,1,941.29,45.29,665.10,1,939.09,46.42,636.56
T,1250288,1,353479022,-1178094417,626261,7271663,3,32,1,-9.854,0.450,0.321,0.011,-0.013,0.006,66.07,1,941.31,45.28,664.93,1,939.11,46.39,636.39
T,1251275,1,353479020,-1178094412,626292,7271663,3,32,1,-9.849,0.426,0.321,0.004,-0.013,0.006,66.08,1,941.26,45.31,665.37,1,939.09,46.44,636.56
T,1252260,1,353479020,-1178094405,626322,7271663,3,32,1,-9.863,0.412,0.359,0.000,-0.013,0.006,66.09,1,941.31,45.30,664.93,1,939.10,46.42,636.47
T,1253253,1,353479018,-1178094402,626379,7271663,3,32,1,-9.849,0.416,0.364,0.007,-0.013,0.006,66.14,1,941.28,45.30,665.19,1,939.14,46.45,636.12
T,1254242,1,353479016,-1178094401,626432,7271663,3,32,1,-9.868,0.392,0.301,0.007,-0.013,0.005,66.04,1,941.30,45.30,665.01,1,939.12,46.44,636.30
T,1255229,1,353479015,-1178094399,626500,7271663,3,32,1,-9.863,0.421,0.316,0.005,-0.013,0.005,66.07,1,941.30,45.30,665.01,1,939.10,46.43,636.47
T,1256214,1,353479014,-1178094395,626511,7271663,3,32,1,-9.854,0.426,0.330,0.011,-0.013,0.006,66.15,1,941.24,45.32,665.54,1,939.12,46.45,636.30
T,1257202,1,353479014,-1178094390,626582,7271663,3,32,1,-9.854,0.435,0.349,0.004,-0.013,0.006,66.14,1,941.24,45.35,665.54,1,939.14,46.48,636.12
T,1258189,1,353479014,-1178094389,626660,7271663,3,32,1,-9.854,0.421,0.345,0.009,-0.013,0.005,66.15,1,941.28,45.34,665.19,1,939.11,46.48,636.39
T,1259280,1,353479015,-1178094386,626656,7271663,3,32,1,-9.858,0.397,0.321,0.007,-0.013,0.007,66.16,1,941.31,45.34,664.93,1,939.13,46.49,636.21
T,1260264,1,353479015,-1178094385,626781,7271663,3,32,1,-9.758,0.761,1.168,0.018,-0.031,-0.013,66.11,1,941.24,45.33,665.54,1,939.12,46.47,636.30
T,1261249,1,353479015,-1178094388,626818,7271663,3,32,1,-9.887,0.565,0.273,0.040,-0.018,0.000,66.14,1,941.28,45.35,665.19,1,939.11,46.49,636.39
T,1262238,1,353479013,-1178094392,626874,7271663,3,32,1,-9.858,0.287,0.378,0.016,-0.013,0.005,66.22,1,941.27,45.38,665.28,1,939.11,46.51,636.39
T,1263226,1,353479014,-1178094389,626903,7271663,3,32,1,-9.854,0.412,0.335,0.006,-0.013,0.006,66.20,1,941.30,45.37,665.01,1,939.11,46.50,636.39
T,1264212,1,353479016,-1178094390,626889,7271663,3,32,1,-9.863,0.402,0.330,0.006,-0.013,0.005,66.21,1,941.27,45.40,665.28,1,939.07,46.53,636.74
T,1265302,1,353479018,-1178094387,626900,7271663,3,32,1,-9.858,0.397,0.335,0.004,-0.013,0.006,66.17,1,941.26,45.41,665.37,1,939.10,46.55,636.47
T,1266292,1,353479020,-1178094386,626830,7271663,3,32,1,-9.849,0.493,0.282,0.017,-0.007,0.006,66.21,1,941.29,45.41,665.10,1,939.10,46.54,636.47
T,1267276,1,353479020,-1178094384,626741,7271663,3,32,1,-9.830,0.536,0.407,-0.001,-0.013,0.006,66.25,1,941.25,45.41,665.46,1,939.09,46.55,636.56
T,1268260,1,353479023,-1178094379,626657,7271663,3,32,1,-9.858,0.325,0.378,0.010,-0.015,0.006,66.18,1,941.25,45.41,665.46,1,939.11,46.54,636.39
T,1269249,1,353479025,-1178094378,626616,7271663,3,32,1,-9.882,0.488,0.426,0.000,-0.012,0.006,66.21,1,941.26,45.43,665.37,1,939.11,46.57,636.39
T,1270238,1,353479027,-1178094377,626595,7271663,3,32,1,-9.863,0.469,0.301,0.005,-0.011,0.005,66.21,1,941.29,45.45,665.10,1,939.10,46.57,636.47
T,1271227,1,353479029,-1178094380,626570,7271663,3,32,1,-9.844,0.493,0.316,0.004,-0.012,0.005,66.20,1,941.23,45.45,665.63,1,939.11,46.56,636.39
T,1272214,1,353479026,-1178094384,626480,7271663,3,32,1,-9.858,0.412,0.316,-0.001,-0.012,0.006,66.22,1,941.27,45.43,665.28,1,939.10,46.56,636.47
T,1273200,1,353479026,-1178094387,626444,7271663,3,32,1,-9.854,0.431,0.416,0.005,-0.013,0.007,66.21,1,941.28,45.44,665.19,1,939.09,46.57,636.56
T,1274287,1,353479026,-1178094390,626386,7271663,3,32,1,-9.839,0.407,0.187,0.013,-0.009,0.010,66.19,1,941.30,45.42,665.01,1,939.13,46.55,636.21
T,1275272,1,353479025,-1178094395,626377,7271663,3,32,1,-9.801,0.531,0.603,0.000,-0.013,0.007,66.23,1,941.28,45.43,665.19,1,939.14,46.55,636.12
T,1276263,1,353479023,-1178094405,626327,7271663,3,31,1,-9.791,0.694,0.636,-0.001,-0.033,0.009,66.22,1,941.27,45.45,665.28,1,939.09,46.57,636.56
T,1277247,1,353479025,-1178094407,626294,7271663,3,32,1,-9.820,0.364,0.345,-0.021,-0.009,0.018,66.20,1,941.26,45.47,665.37,1,939.12,46.59,636.30
T,1278232,1,353479028,-1178094407,626196,7271663,3,32,1,-9.868,0.244,0.201,-0.026,-0.007,0.015,66.19,1,941.32,45.48,664.84,1,939.15,46.59,636.03
T,1279224,1,353479029,-1178094412,626128,7271663,3,32,1,-9.901,-0.029,0.550,-0.012,-0.011,0.004,66.16,1,941.31,45.49,664.93,1,939.18,46.60,635.77
T,1280214,1,353479027,-1178094416,626154,7271663,3,32,1,-9.858,0.397,0.273,0.010,-0.012,0.007,66.21,1,941.29,45.49,665.10,1,939.11,46.60,636.39
T,1281199,1,353479029,-1178094421,626129,7271663,3,32,1,-9.791,0.215,0.727,0.007,-0.017,0.007,66.14,1,941.30,45.47,665.01,1,939.15,46.59,636.03
T,1282286,1,353479030,-1178094424,626100,7271663,3,31,1,-9.863,0.345,0.440,0.024,-0.016,0.007,66.23,1,941.30,45.46,665.01,1,939.12,46.55,636.30
T,1283274,1,353479029,-1178094428,626088,7271663,3,32,1,-9.858,0.273,0.388,-0.023,-0.011,0.005,66.22,1,941.32,45.47,664.84,1,939.16,46.58,635.94
T,1284260,1,353479028,-1178094432,626077,7271663,3,32,1,-9.854,0.507,0.254,-0.017,-0.011,0.007,66.22,1,941.30,45.49,665.01,1,939.14,46.60,636.12
T,1285246,1,353479028,-1178094433,626052,7271663,3,32,1,-9.844,0.479,0.201,0.007,-0.013,0.005,65.82,1,941.33,45.43,664.75,1,939.18,46.55,635.77
T,1286236,1,353479028,-1178094433,626011,7271663,3,32,1,-9.839,0.541,0.057,0.006,-0.011,0.010,65.86,1,941.31,45.37,664.93,1,939.13,46.50,636.21
T,1287222,1,353479032,-1178094428,625955,7271663,3,32,1,-9.830,0.694,0.689,0.012,-0.021,0.007,66.04,1,941.28,45.41,665.19,1,939.12,46.53,636.30
T,1288207,1,353479033,-1178094430,625932,7271663,3,32,1,-9.863,0.502,0.440,0.017,-0.015,0.006,66.14,1,941.30,45.44,665.01,1,939.18,46.56,635.77
T,1289300,1,353479035,-1178094428,625874,7271663,3,32,1,-9.844,0.330,0.354,0.022,-0.016,0.005,66.18,1,941.29,45.47,665.10,1,939.15,46.59,636.03
T,1290297,1,353479033,-1178094427,625848,7271663,3,32,1,-9.835,0.507,0.359,0.006,-0.013,0.006,66.23,1,941.27,45.48,665.28,1,939.12,46.60,636.30
T,1291285,1,353479034,-1178094424,625838,7271663,3,32,1,-9.854,0.435,0.306,0.002,-0.013,0.007,66.23,1,941.30,45.45,665.01,1,939.12,46.60,636.30
T,1292272,1,353479033,-1178094421,625845,7271663,3,32,1,-9.854,0.459,0.397,0.007,-0.012,0.006,66.23,1,941.32,45.47,664.84,1,939.12,46.60,636.30
T,1293258,1,353479035,-1178094420,625777,7271663,3,32,1,-9.868,0.297,0.349,-0.010,-0.015,0.005,66.23,1,941.31,45.46,664.93,1,939.11,46.58,636.39
T,1294256,1,353479036,-1178094420,625693,7271663,3,32,1,-9.854,0.407,0.311,0.007,-0.013,0.006,66.19,1,941.28,45.43,665.19,1,939.12,46.55,636.30
T,1295242,1,353479036,-1178094419,625583,7271663,3,32,1,-9.858,0.388,0.345,0.013,-0.013,0.006,66.23,1,941.27,45.46,665.28,1,939.09,46.56,636.56
T,1296230,1,353479037,-1178094418,625472,7271663,3,32,1,-9.858,0.349,0.368,0.010,-0.012,0.005,66.17,1,941.27,45.45,665.28,1,939.16,46.56,635.94
T,1297219,1,353479039,-1178094411,625396,7271663,3,32,1,-9.858,0.445,0.206,0.016,-0.013,0.006,66.02,1,941.29,45.42,665.10,1,939.14,46.50,636.12
T,1298315,1,353479042,-1178094406,625339,7271663,3,32,1,-9.854,0.301,0.239,0.013,-0.013,0.004,65.82,1,941.31,45.38,664.93,1,939.11,46.40,636.39
T,1299303,1,353479045,-1178094401,625299,7271663,3,32,1,-9.849,0.354,0.134,0.002,-0.013,0.005,65.52,1,941.32,45.23,664.84,1,939.17,46.31,635.86
T,1300287,1,353479045,-1178094397,625286,7271663,3,32,1,-9.844,0.459,0.105,0.004,-0.012,0.005,65.39,1,941.29,45.15,665.10,1,939.14,46.21,636.12
T,1301272,1,353479049,-1178094388,625332,7271663,3,32,1,-9.844,0.397,0.062,0.010,-0.013,0.006,65.22,1,941.30,45.04,665.01,1,939.09,46.15,636.56
T,1302258,1,353479052,-1178094380,625347,7271663,3,32,1,-9.878,0.445,0.263,0.000,-0.007,0.006,65.34,1,941.26,45.00,665.37,1,939.14,46.14,636.12
T,1303249,1,353479059,-1178094375,625157,7271663,3,29,1,-9.854,0.373,0.110,-0.010,-0.011,0.005,65.24,1,941.30,45.01,665.01,1,939.16,46.13,635.94
T,1304233,1,353479063,-1178094371,625012,7271663,3,31,1,-9.839,0.412,0.120,-0.009,-0.015,0.004,65.14,1,941.31,44.96,664.93,1,939.13,46.08,636.21
T,1305219,1,353479066,-1178094363,624875,7271663,3,31,1,-9.787,0.756,0.191,0.000,-0.016,0.009,65.23,1,941.30,44.95,665.01,1,939.15,46.06,636.03
T,1306207,1,353479069,-1178094355,624757,7271663,3,31,1,-9.844,0.416,0.191,0.002,-0.013,0.006,65.20,1,941.27,44.93,665.28,1,939.15,46.06,636.03
T,1307195,1,353479071,-1178094349,624707,7271663,3,31,1,-9.839,0.364,0.077,0.004,-0.011,0.007,65.11,1,941.32,44.87,664.84,1,939.16,46.04,635.94
T,1308290,1,353479070,-1178094344,624777,7271663,3,31,1,-9.873,0.440,0.211,0.009,-0.015,0.007,65.04,1,941.26,44.86,665.37,1,939.11,46.04,636.39
T,1309175,1,353479066,-1178094343,624941,7271663,3,31,1,-9.854,0.435,0.383,-0.002,-0.016,0.007,65.41,1,941.30,44.90,665.01,1,939.12,46.04,636.30
T,1310273,1,353479065,-1178094339,625025,7271663,3,31,1,-9.863,0.431,0.316,-0.001,-0.012,0.005,65.54,1,941.27,44.93,665.28,1,939.14,46.04,636.12
T,1311261,1,353479062,-1178094338,625078,7271663,3,32,1,-9.854,0.416,0.316,0.005,-0.011,0.005,65.67,1,941.27,44.97,665.28,1,939.11,46.07,636.39
T,1312249,1,353479055,-1178094340,625185,7271663,3,32,1,-9.854,0.359,0.311,0.006,-0.011,0.005,65.74,1,941.30,45.00,665.01,1,939.17,46.07,635.86
T,1313236,1,353479049,-1178094342,625277,7271663,3,31,1,-9.849,0.378,0.292,0.006,-0.013,0.006,65.78,1,941.29,45.01,665.10,1,939.11,46.07,636.39
T,1314224,1,353479040,-1178094342,625395,7271663,3,32,1,-9.863,0.426,0.330,0.007,-0.015,0.005,65.84,1,941.27,45.07,665.28,1,939.12,46.16,636.30
T,1315211,1,353479028,-1178094353,625557,7271663,3,32,1,-9.854,0.397,0.349,0.005,-0.011,0.006,65.70,1,941.28,45.02,665.19,1,939.12,46.13,636.30
T,1316301,1,353479022,-1178094359,625661,7271663,3,31,1,-9.858,0.421,0.306,0.010,-0.012,0.004,65.75,1,941.27,45.02,665.28,1,939.12,46.09,636.30
T,1317289,1,353479012,-1178094369,625802,7271663,3,32,1,-9.854,0.464,0.301,0.004,-0.013,0.006,65.93,1,941.29,45.03,665.10,1,939.10,46.08,636.47
T,1318277,1,353479002,-1178094377,625924,7271663,3,32,1,-9.863,0.412,0.158,0.010,-0.013,0.006,65.63,1,941.28,45.00,665.19,1,939.13,46.00,636.21
T,1319265,1,353478990,-1178094382,626048,7271663,3,32,1,-9.854,0.407,0.196,0.004,-0.013,0.005,65.35,1,941.32,44.88,664.84,1,939.15,45.88,636.03
T,1320257,1,353478984,-1178094385,626139,7271663,3,32,1,-9.854,0.407,0.172,0.002,-0.012,0.005,65.29,1,941.30,44.85,665.01,1,939.11,45.82,636.39
T,1321248,1,353478980,-1178094384,626176,7271663,3,30,1,-9.844,0.373,0.158,0.009,-0.013,0.006,65.22,1,941.31,44.88,664.93,1,939.10,45.79,636.47
T,1322235,1,353478977,-1178094383,626209,7271663,3,31,1,-9.854,0.392,0.139,0.004,-0.013,0.006,65.20,1,941.32,44.88,664.84,1,939.14,45.78,636.12
T,1323222,1,353478980,-1178094374,626119,7271663,3,31,1,-9.858,0.388,0.182,0.007,-0.013,0.005,65.23,1,941.29,44.88,665.10,1,939.18,45.80,635.77
T,1324208,1,353478979,-1178094367,626104,7271663,3,32,1,-9.858,0.402,0.220,0.009,-0.012,0.005,65.27,1,941.28,44.85,665.19,1,939.16,45.81,635.94
T,1325195,1,353478983,-1178094359,626035,7271663,3,31,1,-9.854,0.416,0.206,0.006,-0.011,0.006,65.26,1,941.32,44.86,664.84,1,939.15,45.83,636.03
T,1326181,1,353478988,-1178094351,625938,7271663,3,31,1,-9.854,0.407,0.249,0.004,-0.013,0.007,65.44,1,941.30,44.87,665.01,1,939.10,45.84,636.47
T,1327274,1,353478993,-1178094346,625850,7271663,3,31,1,-9.849,0.388,0.172,0.007,-0.015,0.005,65.30,1,941.32,44.92,664.84,1,939.14,45.83,636.12
T,1328258,1,353478995,-1178094343,625792,7271663,3,31,1,-9.849,0.416,0.278,0.006,-0.013,0.006,65.43,1,941.31,44.93,664.93,1,939.09,45.81,636.56
T,1329247,1,353478993,-1178094342,625800,7271663,3,32,1,-9.854,0.421,0.311,0.006,-0.015,0.005,65.58,1,941.29,44.99,665.10,1,939.13,45.91,636.21
T,1330232,1,353478995,-1178094341,625759,7271663,3,30,1,-9.854,0.421,0.306,0.006,-0.012,0.006,65.71,1,941.27,45.05,665.28,1,939.09,46.02,636.56
T,1331222,1,353478992,-1178094342,625755,7271663,3,32,1,-9.854,0.407,0.321,0.006,-0.013,0.006,65.76,1,941.26,45.08,665.37,1,939.11,46.09,636.39
T,1332210,1,353478993,-1178094341,625694,7271663,3,31,1,-9.854,0.392,0.287,0.006,-0.013,0.005,65.74,1,941.31,45.09,664.93,1,939.14,46.12,636.12
T,1333195,1,353478991,-1178094341,625692,7271663,3,31,1,-9.849,0.421,0.321,0.006,-0.013,0.006,65.74,1,941.30,45.09,665.01,1,939.14,46.10,636.12
T,1334181,1,353478988,-1178094344,625655,7271663,3,32,1,-9.858,0.407,0.301,0.007,-0.011,0.006,65.73,1,941.26,45.09,665.37,1,939.09,46.09,636.56
T,1335268,1,353478988,-1178094343,625595,7271663,3,32,1,-9.863,0.416,0.311,0.005,-0.013,0.006,65.74,1,941.27,45.11,665.28,1,939.12,46.10,636.30
T,1336256,1,353478985,-1178094346,625564,7271663,3,32,1,-9.854,0.407,0.330,0.007,-0.013,0.006,65.87,1,941.28,45.15,665.19,1,939.12,46.16,636.30
T,1337247,1,353478985,-1178094347,625535,7271663,3,32,1,-9.854,0.416,0.330,0.007,-0.013,0.006,65.89,1,941.27,45.18,665.28,1,939.10,46.22,636.47
T,1338231,1,353478983,-1178094350,625537,7271663,3,32,1,-9.863,0.412,0.340,0.006,-0.013,0.005,65.95,1,941.31,45.20,664.93,1,939.12,46.25,636.30
T,1339217,1,353478982,-1178094354,625582,7271663,3,32,1,-9.863,0.416,0.297,0.009,-0.012,0.006,65.88,1,941.30,45.21,665.01,1,939.09,46.24,636.56
T,1340202,1,353478983,-1178094357,625564,7271663,3,31,1,-9.854,0.416,0.325,0.007,-0.012,0.006,65.89,1,941.28,45.19,665.19,1,939.11,46.21,636.39
T,1341289,1,353478984,-1178094363,625557,7271663,3,32,1,-9.858,0.412,0.340,0.009,-0.012,0.006,65.98,1,941.29,45.21,665.10,1,939.13,46.24,636.21
T,1342273,1,353478982,-1178094369,625595,7271663,3,32,1,-9.858,0.416,0.321,0.004,-0.013,0.007,65.95,1,941.32,45.21,664.84,1,939.12,46.22,636.30
T,1343262,1,353478978,-1178094377,625634,7271663,3,32,1,-9.858,0.407,0.325,0.007,-0.015,0.006,65.96,1,941.31,45.25,664.93,1,939.14,46.20,636.12
T,1344247,1,353478977,-1178094382,625668,7271663,3,32,1,-9.753,0.335,0.325,0.005,-0.013,0.007,66.02,1,941.26,45.28,665.37,1,939.11,46.27,636.39
T,1345232,1,353478978,-1178094385,625659,7271663,3,32,1,-9.863,0.402,0.345,0.007,-0.013,0.006,66.03,1,941.27,45.30,665.28,1,939.12,46.32,636.30
T,1346217,1,353478979,-1178094390,625627,7271663,3,32,1,-9.849,0.412,0.330,0.006,-0.015,0.005,66.05,1,941.32,45.32,664.84,1,939.15,46.35,636.03
T,1347206,1,353478981,-1178094390,625571,7271663,3,32,1,-9.863,0.416,0.345,0.006,-0.013,0.006,66.05,1,941.27,45.33,665.28,1,939.13,46.38,636.21
T,1348190,1,353478980,-1178094391,625554,7271663,3,32,1,-9.854,0.412,0.335,0.005,-0.013,0.005,66.09,1,941.28,45.35,665.19,1,939.10,46.40,636.47
T,1349275,1,353478982,-1178094392,625511,7271663,3,32,1,-9.854,0.407,0.340,0.007,-0.012,0.006,66.14,1,941.29,45.36,665.10,1,939.13,46.42,636.21
T,1350266,1,353478980,-1178094395,625517,7271663,3,32,1,-9.863,0.412,0.349,0.009,-0.013,0.006,66.11,1,941.32,45.38,664.84,1,939.10,46.43,636.47
T,1351249,1,353478977,-1178094397,625538,7271663,3,32,1,-9.868,0.388,0.373,0.006,-0.013,0.006,66.18,1,941.27,45.40,665.28,1,939.13,46.45,636.21
T,1352233,1,353478976,-1178094400,625556,7271663,3,32,1,-9.854,0.426,0.335,0.001,-0.012,0.006,66.20,1,941.32,45.40,664.84,1,939.17,46.47,635.86
T,1353221,1,353478974,-1178094404,625620,7271663,3,31,1,-9.854,0.445,0.345,0.010,-0.013,0.006,66.17,1,941.32,45.41,664.84,1,939.16,46.49,635.94
T,1354206,1,353478973,-1178094405,625668,7271663,3,32,1,-9.854,0.402,0.354,0.006,-0.013,0.007,66.23,1,941.29,45.41,665.10,1,939.10,46.50,636.47
T,1355190,1,353478972,-1178094407,625696,7271663,3,32,1,-9.858,0.445,0.306,0.005,-0.012,0.006,66.20,1,941.29,45.43,665.10,1,939.12,46.52,636.30
T,1356176,1,353478971,-1178094409,625700,7271663,3,32,1,-9.858,0.440,0.330,0.006,-0.012,0.006,66.23,1,941.29,45.46,665.10,1,939.14,46.54,636.12
T,1357263,1,353478969,-1178094414,625697,7271663,3,31,1,-9.858,0.416,0.340,0.005,-0.013,0.007,66.28,1,941.29,45.47,665.10,1,939.13,46.55,636.21
T,1358247,1,353478968,-1178094418,625702,7271663,3,32,1,-9.863,0.378,0.378,0.006,-0.013,0.005,66.29,1,941.29,45.47,665.10,1,939.14,46.56,636.12
T,1359245,1,353478972,-1178094420,625587,7271663,3,32,1,-9.858,0.412,0.335,0.007,-0.012,0.007,66.29,1,941.32,45.49,664.84,1,939.13,46.58,636.21
T,1360299,1,353478973,-1178094423,625517,7271663,3,32,1,-9.858,0.445,0.297,0.002,-0.012,0.005,66.23,1,941.25,45.51,665.46,1,939.13,46.59,636.21
T,1361186,1,353478975,-1178094425,625438,7271663,3,32,1,-9.849,0.435,0.364,0.004,-0.015,0.006,66.28,1,941.25,45.52,665.46,1,939.14,46.60,636.12
T,1362271,1,353478973,-1178094428,625401,7271663,3,32,1,-9.854,0.412,0.359,0.013,-0.013,0.004,66.30,1,941.29,45.54,665.10,1,939.13,46.62,636.21
T,1363256,1,353478974,-1178094429,625375,7271663,3,32,1,-9.858,0.431,0.311,0.011,-0.013,0.006,66.28,1,941.26,45.55,665.37,1,939.12,46.63,636.30
T,1364249,1,353478975,-1178094429,625359,7271663,3,32,1,-9.858,0.345,0.392,0.001,-0.015,0.006,66.30,1,941.25,45.56,665.46,1,939.11,46.64,636.39
T,1365234,1,353478972,-1178094432,625380,7271663,3,32,1,-9.854,0.407,0.268,0.007,-0.012,0.005,66.34,1,941.35,45.57,664.57,1,939.13,46.63,636.21
T,1366218,1,353478967,-1178094437,625414,7271663,3,31,1,-9.858,0.426,0.316,0.006,-0.013,0.005,66.36,1,941.31,45.58,664.93,1,939.10,46.65,636.47
T,1367306,1,353478966,-1178094437,625396,7271663,3,32,1,-9.863,0.431,0.325,0.011,-0.012,0.006,66.35,1,941.30,45.58,665.01,1,939.14,46.66,636.12
T,1368293,1,353478966,-1178094437,625408,7271663,3,32,1,-9.854,0.407,0.354,0.004,-0.012,0.006,66.38,1,941.26,45.58,665.37,1,939.09,46.67,636.56
T,1369278,1,353478967,-1178094438,625393,7271663,3,31,1,-9.854,0.421,0.340,0.002,-0.012,0.006,66.38,1,941.30,45.58,665.01,1,939.10,46.66,636.47
T,1370266,1,353478965,-1178094442,625424,7271663,3,31,1,-9.849,0.388,0.335,0.005,-0.013,0.005,66.39,1,941.32,45.58,664.84,1,939.12,46.67,636.30
T,1371253,1,353478960,-1178094446,625511,7271663,3,32,1,-9.844,0.416,0.354,0.006,-0.013,0.005,66.34,1,941.33,45.57,664.75,1,939.10,46.66,636.47
T,1372239,1,353478953,-1178094452,625630,7271663,3,32,1,-9.863,0.435,0.340,0.006,-0.013,0.005,66.34,1,941.32,45.56,664.84,1,939.13,46.66,636.21
T,1373226,1,353478947,-1178094456,625731,7271663,3,32,1,-9.858,0.431,0.359,0.005,-0.012,0.005,66.32,1,941.29,45.53,665.10,1,939.12,46.66,636.30
T,1374311,1,353478946,-1178094457,625748,7271663,3,32,1,-9.858,0.421,0.335,0.005,-0.012,0.005,66.34,1,941.28,45.51,665.19,1,939.11,46.66,636.39
T,1375205,1,353478943,-1178094460,625800,7271663,3,32,1,-9.863,0.421,0.345,0.006,-0.013,0.006,66.29,1,941.27,45.51,665.28,1,939.11,46.66,636.39
T,1376294,1,353478937,-1178094463,625895,7271663,3,32,1,-9.863,0.416,0.335,0.006,-0.012,0.006,66.30,1,941.27,45.51,665.28,1,939.08,46.65,636.65
T,1377282,1,353478934,-1178094467,625923,7271663,3,32,1,-9.858,0.416,0.345,0.007,-0.013,0.006,66.34,1,941.29,45.52,665.10,1,939.13,46.67,636.21
T,1378268,1,353478931,-1178094469,625951,7271663,3,32,1,-9.858,0.416,0.335,0.006,-0.013,0.006,66.33,1,941.27,45.53,665.28,1,939.09,46.69,636.56
T,1379262,1,353478929,-1178094471,625946,7271663,3,32,1,-9.863,0.416,0.354,0.005,-0.013,0.005,66.37,1,941.31,45.55,664.93,1,939.06,46.69,636.83
T,1380247,1,353478929,-1178094473,625969,7271663,3,31,1,-9.854,0.407,0.340,0.006,-0.012,0.005,66.39,1,941.28,45.56,665.19,1,939.13,46.70,636.21
T,1381229,1,353478931,-1178094472,625928,7271663,3,32,1,-9.858,0.421,0.335,0.006,-0.013,0.006,66.43,1,941.29,45.58,665.10,1,939.13,46.72,636.21
T,1382216,1,353478931,-1178094471,625907,7271663,3,32,1,-9.858,0.402,0.354,0.006,-0.012,0.006,66.42,1,941.30,45.60,665.01,1,939.12,46.73,636.30
T,1383200,1,353478930,-1178094470,625864,7271663,3,32,1,-9.858,0.421,0.335,0.006,-0.013,0.006,66.43,1,941.23,45.61,665.63,1,939.12,46.74,636.30
T,1384188,1,353478926,-1178094473,625890,7271663,3,32,1,-9.849,0.416,0.335,0.007,-0.012,0.006,66.39,1,941.28,45.62,665.19,1,939.12,46.73,636.30
T,1385276,1,353478922,-1178094475,625933,7271663,3,32,1,-9.849,0.416,0.330,0.006,-0.015,0.006,66.45,1,941.29,45.64,665.10,1,939.09,46.75,636.56
T,1386263,1,353478922,-1178094474,625957,7271663,3,32,1,-9.863,0.412,0.330,0.007,-0.013,0.006,66.43,1,941.29,45.66,665.10,1,939.12,46.76,636.30
T,1387247,1,353478918,-1178094475,626004,7271663,3,32,1,-9.854,0.421,0.335,0.006,-0.015,0.005,66.45,1,941.34,45.67,664.66,1,939.09,46.76,636.56
T,1388230,1,353478914,-1178094476,626057,7271663,3,32,1,-9.863,0.426,0.340,0.006,-0.012,0.006,66.50,1,941.23,45.68,665.63,1,939.14,46.77,636.12
T,1389217,1,353478908,-1178094478,626112,7271663,3,32,1,-9.863,0.407,0.330,0.007,-0.013,0.006,66.49,1,941.28,45.69,665.19,1,939.10,46.78,636.47
T,1390204,1,353478904,-1178094478,626233,7271663,3,32,1,-9.858,0.402,0.335,0.006,-0.012,0.005,66.48,1,941.26,45.71,665.37,1,939.12,46.79,636.30
T,1391290,1,353478898,-1178094483,626295,7271663,3,32,1,-9.868,0.416,0.335,0.006,-0.012,0.006,66.51,1,941.26,45.72,665.37,1,939.09,46.80,636.56
T,1392278,1,353478898,-1178094483,626291,7271663,3,32,1,-9.868,0.412,0.345,0.006,-0.013,0.006,66.50,1,941.27,45.73,665.28,1,939.10,46.81,636.47
T,1393267,1,353478894,-1178094487,626341,7271663,3,32,1,-9.858,0.421,0.359,0.007,-0.015,0.005,66.50,1,941.28,45.73,665.19,1,939.11,46.81,636.39
T,1394252,1,353478893,-1178094489,626331,7271663,3,31,1,-9.863,0.416,0.335,0.005,-0.013,0.006,66.51,1,941.33,45.73,664.75,1,939.09,46.81,636.56
T,1395237,1,353478890,-1178094493,626346,7271663,3,32,1,-9.863,0.416,0.345,0.005,-0.015,0.006,66.51,1,941.27,45.74,665.28,1,939.12,46.82,636.30
T,1396234,1,353478886,-1178094496,626261,7271663,3,32,1,-9.863,0.416,0.345,0.006,-0.013,0.005,66.51,1,941.29,45.76,665.10,1,939.09,46.84,636.56
T,1397236,1,353478883,-1178094500,626291,7271663,3,32,1,-9.863,0.421,0.335,0.005,-0.011,0.006,66.50,1,941.30,45.78,665.01,1,939.11,46.86,636.39
T,1398220,1,353478881,-1178094503,626270,7271663,3,32,1,-9.858,0.412,0.349,0.007,-0.012,0.007,66.52,1,941.31,45.77,664.93,1,939.10,46.86,636.47
T,1399210,1,353478877,-1178094510,626253,7271663,3,32,1,-9.854,0.426,0.345,0.009,-0.013,0.006,66.54,1,941.30,45.77,665.01,1,939.12,46.86,636.30
T,1400196,1,353478871,-1178094519,626216,7271663,3,32,1,-9.863,0.421,0.335,0.006,-0.013,0.006,66.60,1,941.25,45.78,665.46,1,939.12,46.87,636.30
T,1401287,1,353478875,-1178094519,626226,7271663,3,32,1,-9.854,0.402,0.349,0.006,-0.013,0.006,66.57,1,941.32,45.78,664.84,1,939.13,46.86,636.21
T,1402271,1,353478876,-1178094522,626218,7271663,3,31,1,-9.854,0.412,0.340,0.006,-0.013,0.006,66.54,1,941.29,45.77,665.10,1,939.06,46.85,636.83
T,1403257,1,353478872,-1178094524,626167,7271663,3,32,1,-9.858,0.412,0.349,0.007,-0.013,0.006,66.52,1,941.27,45.72,665.28,1,939.10,46.84,636.47
T,1404248,1,353478874,-1178094521,626078,7271663,3,31,1,-9.863,0.373,0.368,0.006,-0.015,0.004,66.51,1,941.26,45.71,665.37,1,939.14,46.82,636.12
T,1405235,1,353478871,-1178094523,626036,7271663,3,31,1,-9.858,0.402,0.292,0.006,-0.012,0.006,66.46,1,941.29,45.68,665.10,1,939.13,46.79,636.21
T,1406222,1,353478872,-1178094520,625915,7271663,3,31,1,-9.849,0.388,0.167,0.006,-0.012,0.006,66.24,1,941.29,45.66,665.10,1,939.06,46.72,636.83
T,1407208,1,353478867,-1178094522,625882,7271663,3,32,1,-9.844,0.388,0.091,0.006,-0.013,0.006,65.81,1,941.29,45.57,665.10,1,939.09,46.54,636.56
T,1408194,1,353478864,-1178094519,625855,7271663,3,32,1,-9.863,0.397,0.172,0.007,-0.013,0.006,65.70,1,941.29,45.48,665.10,1,939.08,46.43,636.65
T,1409289,1,353478855,-1178094521,625851,7271663,3,32,1,-9.854,0.421,0.234,0.006,-0.012,0.006,65.87,1,941.29,45.54,665.10,1,939.14,46.48,636.12
T,1410278,1,353478851,-1178094519,625958,7271663,3,32,1,-9.863,0.397,0.297,0.009,-0.013,0.006,66.05,1,941.33,45.61,664.75,1,939.13,46.55,636.21
T,1411265,1,353478850,-1178094515,626022,7271663,3,32,1,-9.849,0.397,0.196,0.005,-0.013,0.005,66.08,1,941.27,45.63,665.28,1,939.12,46.57,636.30
T,1412257,1,353478849,-1178094515,626182,7271663,3,32,1,-9.858,0.397,0.282,0.007,-0.012,0.005,65.95,1,941.32,45.58,664.84,1,939.13,46.49,636.21
T,1413245,1,353478849,-1178094514,626245,7271663,3,32,1,-9.849,0.388,0.105,0.005,-0.012,0.007,65.87,1,941.27,45.55,665.28,1,939.07,46.45,636.74
T,1414232,1,353478847,-1178094514,626336,7271663,3,32,1,-9.858,0.416,0.225,0.007,-0.012,0.006,65.93,1,941.29,45.57,665.10,1,939.11,46.46,636.39
T,1415223,1,353478845,-1178094516,626469,7271663,3,32,1,-9.858,0.416,0.177,0.006,-0.013,0.006,65.93,1,941.30,45.61,665.01,1,939.14,46.51,636.12
T,1416208,1,353478844,-1178094518,626570,7271663,3,32,1,-9.858,0.402,0.196,0.006,-0.012,0.005,65.88,1,941.30,45.63,665.01,1,939.16,46.51,635.94
T,1417297,1,353478845,-1178094518,626689,7271663,3,32,1,-9.844,0.407,0.234,0.006,-0.012,0.006,66.00,1,941.30,45.63,665.01,1,939.13,46.51,636.21
T,1418284,1,353478847,-1178094518,626748,7271663,3,32,1,-9.858,0.402,0.330,0.005,-0.012,0.006,66.11,1,941.28,45.65,665.19,1,939.13,46.53,636.21
T,1419270,1,353478849,-1178094518,626839,7271663,3,32,1,-9.858,0.412,0.254,0.006,-0.013,0.006,66.14,1,941.32,45.67,664.84,1,939.13,46.55,636.21
T,1420261,1,353478851,-1178094519,626903,7271663,3,32,1,-9.863,0.402,0.297,0.006,-0.012,0.006,66.11,1,941.31,45.67,664.93,1,939.12,46.54,636.30
T,1421254,1,353478855,-1178094518,626978,7271663,3,32,1,-9.863,0.412,0.230,0.006,-0.012,0.006,65.97,1,941.28,45.66,665.19,1,939.13,46.51,636.21
T,1422240,1,353478859,-1178094519,627074,7271663,3,32,1,-9.854,0.397,0.225,0.009,-0.012,0.006,65.88,1,941.25,45.62,665.46,1,939.12,46.47,636.30
T,1423226,1,353478862,-1178094519,627108,7271663,3,32,1,-9.854,0.407,0.230,0.007,-0.013,0.006,65.84,1,941.26,45.62,665.37,1,939.14,46.44,636.12
T,1424223,1,353478866,-1178094522,627155,7271663,3,32,1,-9.854,0.416,0.234,0.009,-0.012,0.006,65.79,1,941.31,45.61,664.93,1,939.11,46.44,636.39
T,1425208,1,353478869,-1178094525,627196,7271663,3,32,1,-9.849,0.412,0.287,0.006,-0.015,0.006,66.03,1,941.28,45.63,665.19,1,939.12,46.47,636.30
T,1426191,1,353478873,-1178094524,627218,7271663,3,32,1,-9.854,0.426,0.273,0.007,-0.013,0.006,66.09,1,941.28,45.67,665.19,1,939.12,46.50,636.30
T,1427278,1,353478877,-1178094529,627209,7271663,3,31,1,-9.844,0.402,0.234,0.005,-0.012,0.007,66.02,1,941.27,45.68,665.28,1,939.12,46.48,636.30
T,1428266,1,353478883,-1178094529,627207,7271663,3,32,1,-9.858,0.416,0.278,0.006,-0.013,0.005,66.04,1,941.24,45.68,665.54,1,939.14,46.49,636.12
T,1429262,1,353478887,-1178094531,627228,7271663,3,32,1,-9.863,0.402,0.268,0.006,-0.013,0.006,66.03,1,941.32,45.69,664.84,1,939.13,46.50,636.21
T,1430249,1,353478890,-1178094534,627254,7271663,3,31,1,-9.854,0.402,0.191,0.006,-0.013,0.007,65.95,1,941.29,45.70,665.10,1,939.11,46.48,636.39
T,1431236,1,353478894,-1178094534,627288,7271663,3,32,1,-9.854,0.407,0.258,0.009,-0.013,0.006,65.86,1,941.28,45.68,665.19,1,939.10,46.46,636.47
T,1432223,1,353478896,-1178094533,627318,7271663,3,32,1,-9.844,0.407,0.258,0.005,-0.013,0.006,65.76,1,941.26,45.68,665.37,1,939.09,46.44,636.56
T,1433209,1,353478899,-1178094530,627346,7271663,3,32,1,-9.849,0.416,0.306,0.009,-0.013,0.006,66.01,1,941.31,45.68,664.93,1,939.10,46.47,636.47
T,1434195,1,353478901,-1178094528,627370,7271663,3,32,1,-9.858,0.397,0.220,0.005,-0.013,0.006,65.90,1,941.27,45.68,665.28,1,939.11,46.45,636.39
T,1435284,1,353478904,-1178094526,627388,7271663,3,31,1,-9.854,0.421,0.215,0.009,-0.012,0.006,65.88,1,941.29,45.67,665.10,1,939.12,46.44,636.30
T,1436280,1,353478907,-1178094525,627413,7271663,3,32,1,-9.858,0.407,0.263,0.004,-0.012,0.005,65.81,1,941.35,45.67,664.57,1,939.11,46.43,636.39
T,1437267,1,353478916,-1178094515,627356,7271663,3,32,1,-9.854,0.402,0.191,0.006,-0.013,0.006,65.78,1,941.29,45.68,665.10,1,939.12,46.43,636.30
T,1438259,1,353478921,-1178094513,627339,7271663,3,31,1,-9.844,0.397,0.297,0.009,-0.012,0.005,65.97,1,941.31,45.67,664.93,1,939.12,46.45,636.30
T,1439251,1,353478924,-1178094515,627291,7271663,3,32,1,-9.844,0.407,0.196,0.006,-0.012,0.005,65.89,1,941.26,45.68,665.37,1,939.14,46.46,636.12
T,1440236,1,353478924,-1178094517,627301,7271663,3,32,1,-9.858,0.431,0.254,0.007,-0.012,0.006,65.86,1,941.25,45.68,665.46,1,939.15,46.45,636.03
T,1441221,1,353478927,-1178094518,627297,7271663,3,31,1,-9.854,0.392,0.292,0.005,-0.013,0.007,65.85,1,941.28,45.67,665.19,1,939.09,46.42,636.56
T,1442208,1,353478930,-1178094518,627301,7271663,3,32,1,-9.858,0.412,0.311,0.010,-0.012,0.005,65.94,1,941.26,45.68,665.37,1,939.15,46.42,636.03
T,1443193,1,353478934,-1178094518,627285,7271663,3,31,1,-9.854,0.402,0.230,0.006,-0.012,0.006,65.98,1,941.25,45.69,665.46,1,939.12,46.43,636.30
T,1444280,1,353478936,-1178094518,627249,7271663,3,31,1,-9.844,0.412,0.220,0.006,-0.012,0.006,65.79,1,941.30,45.69,665.01,1,939.12,46.41,636.30
T,1445268,1,353478939,-1178094516,627182,7271663,3,31,1,-9.863,0.402,0.225,0.005,-0.013,0.006,65.71,1,941.28,45.67,665.19,1,939.14,46.37,636.12
T,1446255,1,353478943,-1178094515,627110,7271663,3,31,1,-9.854,0.426,0.287,0.006,-0.012,0.006,65.75,1,941.28,45.63,665.19,1,939.12,46.34,636.30
T,1447240,1,353478943,-1178094517,627093,7271663,3,31,1,-9.844,0.397,0.268,0.007,-0.012,0.006,65.95,1,941.26,45.65,665.37,1,939.12,46.39,636.30
T,1448230,1,353478943,-1178094518,627128,7271663,3,31,1,-9.863,0.402,0.292,0.007,-0.012,0.006,65.89,1,941.30,45.67,665.01,1,939.14,46.41,636.12
T,1449216,1,353478946,-1178094518,627135,7271663,3,32,1,-9.849,0.426,0.330,0.006,-0.012,0.005,65.98,1,941.33,45.68,664.75,1,939.11,46.42,636.39
T,1450201,1,353478951,-1178094508,627108,7271663,3,32,1,-9.854,0.412,0.282,0.007,-0.013,0.006,65.89,1,941.30,45.68,665.01,1,939.06,46.40,636.83
T,1451290,1,353478954,-1178094500,627085,7271663,3,32,1,-9.849,0.416,0.211,0.005,-0.012,0.006,65.79,1,941.27,45.68,665.28,1,939.04,46.39,637.00
T,1452277,1,353478959,-1178094496,627032,7271663,3,32,1,-9.844,0.402,0.273,0.007,-0.013,0.005,65.80,1,941.31,45.67,664.93,1,939.09,46.38,636.56
T,1453264,1,353478961,-1178094491,626988,7271663,3,32,1,-9.854,0.416,0.211,0.007,-0.012,0.006,65.73,1,941.26,45.67,665.37,1,939.08,46.37,636.65
T,1454252,1,353478961,-1178094492,626985,7271663,3,32,1,-9.849,0.402,0.201,0.006,-0.013,0.006,65.61,1,941.28,45.64,665.19,1,939.13,46.32,636.21
T,1455241,1,353478965,-1178094487,626911,7271663,3,32,1,-9.849,0.397,0.196,0.004,-0.012,0.006,65.64,1,941.27,45.62,665.28,1,939.11,46.29,636.39
T,1456230,1,353478968,-1178094484,626900,7271663,3,32,1,-9.854,0.378,0.177,0.007,-0.012,0.005,65.61,1,941.26,45.61,665.37,1,939.13,46.28,636.21
T,1457216,1,353478969,-1178094479,626893,7271663,3,31,1,-9.858,0.412,0.278,0.005,-0.013,0.005,65.61,1,941.30,45.59,665.01,1,939.13,46.26,636.21
T,1458209,1,353478972,-1178094472,626849,7271663,3,32,1,-9.854,0.412,0.263,0.004,-0.012,0.006,65.62,1,941.26,45.59,665.37,1,939.10,46.26,636.47
T,1459203,1,353478977,-1178094467,626769,7271663,3,32,1,-9.849,0.416,0.287,0.007,-0.011,0.005,65.78,1,941.27,45.61,665.28,1,939.11,46.30,636.39
T,1460290,1,353478972,-1178094471,626764,7271663,3,31,1,-9.858,0.407,0.335,0.004,-0.013,0.006,65.88,1,941.25,45.64,665.46,1,939.09,46.31,636.56
T,1461275,1,353478966,-1178094478,626837,7271663,3,32,1,-9.854,0.412,0.311,0.010,-0.013,0.006,65.80,1,941.30,45.65,665.01,1,939.13,46.33,636.21
T,1462261,1,353478960,-1178094484,626920,7271663,3,32,1,-9.844,0.388,0.182,0.005,-0.012,0.006,65.71,1,941.26,45.63,665.37,1,939.14,46.31,636.12
T,1463254,1,353478953,-1178094491,626973,7271663,3,30,1,-9.849,0.412,0.273,0.006,-0.012,0.006,65.68,1,941.21,45.58,665.81,1,939.08,46.25,636.65
T,1464245,1,353478947,-1178094501,627053,7271663,3,32,1,-9.849,0.407,0.297,0.009,-0.012,0.005,65.81,1,941.29,45.58,665.10,1,939.11,46.28,636.39
T,1465231,1,353478942,-1178094508,627103,7271663,3,31,1,-9.858,0.421,0.335,0.005,-0.012,0.006,65.91,1,941.29,45.60,665.10,1,939.09,46.35,636.56
T,1466224,1,353478936,-1178094514,627195,7271663,3,31,1,-9.858,0.435,0.340,0.009,-0.012,0.006,65.97,1,941.25,45.62,665.46,1,939.11,46.39,636.39
T,1467311,1,353478932,-1178094520,627268,7271663,3,32,1,-9.854,0.402,0.345,0.005,-0.013,0.006,65.99,1,941.27,45.63,665.28,1,939.09,46.41,636.56
T,1468196,1,353478931,-1178094526,627302,7271663,3,32,1,-9.858,0.421,0.330,0.006,-0.013,0.006,66.02,1,941.24,45.64,665.54,1,939.11,46.44,636.39
T,1469284,1,353478928,-1178094534,627326,7271663,3,31,1,-9.854,0.412,0.316,0.007,-0.013,0.005,66.03,1,941.28,45.64,665.19,1,939.13,46.46,636.21
T,1470272,1,353478927,-1178094539,627330,7271663,3,32,1,-9.858,0.421,0.325,0.005,-0.013,0.006,65.98,1,941.26,45.65,665.37,1,939.13,46.42,636.21
T,1471257,1,353478929,-1178094542,627262,7271663,3,32,1,-9.854,0.412,0.340,0.009,-0.013,0.005,66.00,1,941.25,45.66,665.46,1,939.08,46.44,636.65
T,1472247,1,353478938,-1178094538,627143,7271663,3,32,1,-9.854,0.416,0.321,0.005,-0.012,0.006,66.07,1,941.27,45.66,665.28,1,939.09,46.47,636.56
T,1473234,1,353478938,-1178094536,627152,7271663,3,31,1,-9.849,0.431,0.335,0.006,-0.012,0.006,66.08,1,941.26,45.66,665.37,1,939.08,46.48,636.65
T,1474219,1,353478939,-1178094532,627131,7271663,3,32,1,-9.863,0.426,0.345,0.006,-0.015,0.006,66.07,1,941.31,45.66,664.93,1,939.09,46.49,636.56
T,1475304,1,353478941,-1178094523,627071,7271663,3,32,1,-9.844,0.412,0.340,0.006,-0.012,0.006,66.11,1,941.23,45.65,665.63,1,939.06,46.50,636.83
T,1476291,1,353478951,-1178094513,626938,7271663,3,32,1,-9.863,0.421,0.335,0.009,-0.012,0.005,66.10,1,941.29,45.65,665.10,1,939.11,46.51,636.39
T,1477278,1,353478960,-1178094503,626820,7271663,3,32,1,-9.849,0.416,0.340,0.005,-0.013,0.006,66.12,1,941.27,45.66,665.28,1,939.13,46.51,636.21
T,1478269,1,353478968,-1178094498,626691,7271663,3,32,1,-9.858,0.426,0.335,0.006,-0.013,0.005,66.16,1,941.25,45.67,665.46,1,939.11,46.52,636.39
T,1479256,1,353478978,-1178094490,626607,7271663,3,32,1,-9.858,0.416,0.340,0.007,-0.012,0.006,66.19,1,941.27,45.68,665.28,1,939.08,46.54,636.65
T,1480242,1,353478985,-1178094482,626533,7271663,3,32,1,-9.849,0.426,0.349,0.005,-0.013,0.004,66.22,1,941.29,45.68,665.10,1,939.11,46.56,636.39
T,1481237,1,353478992,-1178094474,626493,7271663,3,32,1,-9.849,0.412,0.325,0.007,-0.012,0.006,66.21,1,941.28,45.70,665.19,1,939.12,46.57,636.30
T,1482232,1,353478997,-1178094463,626387,7271663,3,32,1,-9.854,0.431,0.330,0.005,-0.012,0.006,66.21,1,941.26,45.71,665.37,1,939.06,46.58,636.83
T,1483218,1,353479004,-1178094449,626246,7271663,3,32,1,-9.858,0.412,0.330,0.005,-0.012,0.005,66.26,1,941.27,45.71,665.28,1,939.13,46.60,636.21
T,1484205,1,353479012,-1178094434,626076,7271663,3,31,1,-9.854,0.412,0.335,0.005,-0.012,0.006,66.24,1,941.27,45.72,665.28,1,939.09,46.61,636.56
T,1485296,1,353479020,-1178094419,625929,7271663,3,32,1,-9.854,0.407,0.349,0.006,-0.012,0.006,66.24,1,941.27,45.74,665.28,1,939.09,46.63,636.56
T,1486280,1,353479025,-1178094408,625767,7271663,3,32,1,-9.863,0.412,0.335,0.006,-0.015,0.006,66.27,1,941.26,45.74,665.37,1,939.11,46.63,636.39
T,1487267,1,353479032,-1178094394,625597,7271663,3,32,1,-9.858,0.416,0.349,0.006,-0.013,0.006,66.25,1,941.31,45.73,664.93,1,939.09,46.64,636.56
T,1488257,1,353479037,-1178094384,625446,7271663,3,32,1,-9.854,0.407,0.349,0.006,-0.013,0.006,66.28,1,941.24,45.73,665.54,1,939.09,46.65,636.56
T,1489240,1,353479043,-1178094364,625326,7271663,3,32,1,-9.854,0.407,0.335,0.005,-0.012,0.006,66.28,1,941.27,45.75,665.28,1,939.12,46.66,636.30
T,1490226,1,353479048,-1178094347,625225,7271663,3,32,1,-9.863,0.421,0.345,0.006,-0.012,0.005,66.28,1,941.26,45.76,665.37,1,939.09,46.68,636.56
T,1491212,1,353479054,-1178094328,625112,7271663,3,32,1,-9.863,0.407,0.349,0.006,-0.013,0.006,66.32,1,941.25,45.76,665.46,1,939.12,46.68,636.30
T,1492196,1,353479057,-1178094310,625052,7271663,3,32,1,-9.849,0.407,0.340,0.006,-0.012,0.006,66.32,1,941.25,45.76,665.46,1,939.07,46.69,636.74
T,1493281,1,353479062,-1178094301,624987,7271663,3,32,1,-9.863,0.416,0.349,0.006,-0.013,0.006,66.36,1,941.27,45.76,665.28,1,939.10,46.69,636.47
T,1494268,1,353479068,-1178094290,624950,7271663,3,32,1,-9.863,0.421,0.335,0.007,-0.012,0.006,66.36,1,941.29,45.77,665.10,1,939.10,46.71,636.47
T,1495255,1,353479074,-1178094281,624864,7271663,3,32,1,-9.858,0.412,0.335,0.007,-0.013,0.006,66.39,1,941.26,45.78,665.37,1,939.10,46.72,636.47
T,1496239,1,353479077,-1178094282,624766,7271663,3,32,1,-9.844,0.421,0.330,0.006,-0.013,0.006,66.39,1,941.28,45.80,665.19,1,939.10,46.73,636.47
T,1497226,1,353479081,-1178094283,624732,7271663,3,32,1,-9.854,0.421,0.340,0.007,-0.012,0.006,66.36,1,941.28,45.80,665.19,1,939.11,46.74,636.39
T,1498217,1,353479083,-1178094284,624688,7271663,3,32,1,-9.863,0.412,0.335,0.006,-0.013,0.005,66.37,1,941.27,45.80,665.28,1,939.12,46.74,636.30
T,1499203,1,353479085,-1178094284,624656,7271663,3,32,1,-9.849,0.421,0.345,0.005,-0.013,0.006,66.40,1,941.26,45.79,665.37,1,939.10,46.72,636.47
T,1500291,1,353479084,-1178094288,624672,7271663,3,31,1,-9.858,0.416,0.349,0.005,-0.013,0.005,66.43,1,941.28,45.80,665.19,1,939.08,46.74,636.65
T,1501277,1,353479083,-1178094291,624690,7271663,3,32,1,-9.854,0.397,0.335,0.006,-0.012,0.006,66.41,1,941.24,45.80,665.54,1,939.10,46.75,636.47
T,1502265,1,353479083,-1178094292,624590,7271663,3,32,1,-9.858,0.421,0.335,0.007,-0.013,0.005,66.38,1,941.23,45.82,665.63,1,939.11,46.76,636.39
T,1503252,1,353479082,-1178094293,624563,7271663,3,32,1,-9.858,0.412,0.345,0.007,-0.013,0.006,66.43,1,941.25,45.83,665.46,1,939.09,46.77,636.56
T,1504248,1,353479081,-1178094293,624533,7271663,3,32,1,-9.863,0.412,0.345,0.007,-0.013,0.005,66.42,1,941.28,45.83,665.19,1,939.10,46.78,636.47
T,1505246,1,353479081,-1178094292,624519,7271663,3,32,1,-9.839,0.431,0.340,0.006,-0.012,0.006,66.47,1,941.26,45.84,665.37,1,939.08,46.79,636.65
T,1506231,1,353479083,-1178094282,624483,7271663,3,32,1,-9.849,0.421,0.345,0.006,-0.013,0.005,66.50,1,941.26,45.85,665.37,1,939.08,46.80,636.65
T,1507216,1,353479084,-1178094272,624444,7271663,3,32,1,-9.849,0.412,0.354,0.010,-0.013,0.006,66.47,1,941.23,45.85,665.63,1,939.09,46.80,636.56
T,1508200,1,353479083,-1178094272,624436,7271663,3,32,1,-9.854,0.402,0.359,0.006,-0.013,0.006,66.46,1,941.23,45.85,665.63,1,939.10,46.79,636.47
T,1509301,1,353479081,-1178094275,624421,7271663,3,31,1,-9.854,0.426,0.349,0.007,-0.013,0.005,66.46,1,941.21,45.86,665.81,1,939.08,46.79,636.65
T,1510186,1,353479078,-1178094278,624411,7271663,3,32,1,-9.849,0.426,0.340,0.006,-0.012,0.006,66.50,1,941.26,45.86,665.37,1,939.10,46.79,636.47
T,1511274,1,353479077,-1178094279,624326,7271663,3,31,1,-9.868,0.421,0.340,0.006,-0.012,0.006,66.48,1,941.23,45.87,665.63,1,939.07,46.80,636.74
T,1512269,1,353479074,-1178094283,624256,7271663,3,30,1,-9.858,0.426,0.335,0.007,-0.013,0.006,66.49,1,941.23,45.88,665.63,1,939.08,46.81,636.65
T,1513253,1,353479074,-1178094286,624151,7271663,3,30,1,-9.854,0.421,0.359,0.006,-0.013,0.006,66.45,1,941.22,45.88,665.72,1,939.14,46.83,636.12
T,1514243,1,353479076,-1178094287,624002,7271663,3,31,1,-9.854,0.426,0.340,0.007,-0.012,0.005,66.50,1,941.22,45.87,665.72,1,939.09,46.82,636.56
T,1515228,1,353479079,-1178094287,623863,7271663,3,32,1,-9.858,0.412,0.335,0.007,-0.012,0.005,66.46,1,941.26,45.87,665.37,1,939.10,46.82,636.47
T,1516214,1,353479081,-1178094289,623786,7271663,3,32,1,-9.858,0.412,0.349,0.005,-0.013,0.007,66.46,1,941.21,45.88,665.81,1,939.09,46.83,636.56
T,1517203,1,353479083,-1178094291,623723,7271663,3,32,1,-9.863,0.431,0.354,0.006,-0.013,0.005,66.52,1,941.28,45.89,665.19,1,939.08,46.84,636.65
T,1518188,1,353479085,-1178094291,623655,7271663,3,31,1,-9.858,0.416,0.349,0.005,-0.012,0.006,66.52,1,941.24,45.89,665.54,1,939.08,46.84,636.65
T,1519280,1,353479089,-1178094288,623577,7271663,3,32,1,-9.858,0.421,0.345,0.009,-0.012,0.006,66.50,1,941.25,45.90,665.46,1,939.07,46.84,636.74
T,1520266,1,353479090,-1178094288,623526,7271663,3,30,1,-9.863,0.407,0.325,0.007,-0.012,0.006,66.48,1,941.22,45.91,665.72,1,939.04,46.86,637.00
T,1521250,1,353479091,-1178094288,623460,7271663,3,32,1,-9.858,0.412,0.335,0.007,-0.013,0.006,66.47,1,941.26,45.91,665.37,1,939.08,46.86,636.65
T,1522244,1,353479090,-1178094289,623455,7271663,3,32,1,-9.868,0.412,0.349,0.007,-0.012,0.006,66.52,1,941.26,45.91,665.37,1,939.09,46.87,636.56
T,1523230,1,353479082,-1178094292,623575,7271663,3,32,1,-9.863,0.421,0.330,0.007,-0.013,0.006,66.54,1,941.22,45.92,665.72,1,939.09,46.88,636.56
T,1524214,1,353479074,-1178094297,623697,7271663,3,32,1,-9.858,0.450,0.349,0.009,-0.012,0.006,66.50,1,941.25,45.92,665.46,1,939.08,46.89,636.65
T,1525205,1,353479064,-1178094302,623846,7271663,3,31,1,-9.873,0.301,0.464,-0.001,-0.015,0.005,66.50,1,941.25,45.93,665.46,1,939.09,46.89,636.56
T,1526192,1,353479056,-1178094307,623968,7271663,3,32,1,-9.849,0.440,0.340,0.009,-0.013,0.006,66.53,1,941.21,45.93,665.81,1,939.08,46.88,636.65
T,1527278,1,353479048,-1178094312,624056,7271663,3,32,1,-9.858,0.388,0.340,-0.001,-0.013,0.006,66.51,1,941.21,45.94,665.81,1,939.06,46.90,636.83
T,1528266,1,353479042,-1178094318,624081,7271663,3,31,1,-9.854,0.464,0.301,0.006,-0.012,0.006,66.52,1,941.23,45.94,665.63,1,939.07,46.90,636.74
T,1529252,1,353479033,-1178094324,624191,7271663,3,30,1,-9.854,0.373,0.373,0.009,-0.013,0.006,66.52,1,941.21,45.93,665.81,1,939.03,46.90,637.09
T,1530238,1,353479025,-1178094327,624314,7271663,3,31,1,-9.854,0.426,0.325,0.006,-0.013,0.006,66.54,1,941.24,45.94,665.54,1,939.06,46.90,636.83
T,1531224,1,353479017,-1178094334,624408,7271663,3,31,1,-9.849,0.416,0.345,0.010,-0.013,0.006,66.48,1,941.23,45.95,665.63,1,939.06,46.88,636.83
T,1532210,1,353479014,-1178094327,624480,7271663,3,31,1,-9.863,0.402,0.345,0.006,-0.012,0.006,66.50,1,941.26,45.96,665.37,1,939.08,46.88,636.65
T,1533196,1,353479012,-1178094322,624562,7271663,3,32,1,-9.849,0.426,0.325,0.005,-0.012,0.006,66.49,1,941.24,45.95,665.54,1,939.05,46.90,636.92
T,1534181,1,353479012,-1178094309,624563,7271663,3,32,1,-9.858,0.416,0.335,0.006,-0.013,0.006,66.54,1,941.22,45.95,665.72,1,939.08,46.90,636.65
T,1535265,1,353479011,-1178094300,624549,7271663,3,32,1,-9.868,0.402,0.349,0.007,-0.013,0.006,66.53,1,941.26,45.96,665.37,1,939.05,46.91,636.92
T,1536251,1,353479012,-1178094292,624509,7271663,3,32,1,-9.863,0.416,0.321,0.006,-0.013,0.006,66.56,1,941.25,45.97,665.46,1,939.03,46.92,637.09
T,1537237,1,353479012,-1178094284,624513,7271663,3,31,1,-9.858,0.416,0.340,0.007,-0.013,0.006,66.52,1,941.27,45.97,665.28,1,939.07,46.93,636.74
T,1538221,1,353479016,-1178094276,624440,7271663,3,31,1,-9.878,0.943,-0.364,0.039,-0.006,0.013,66.55,1,941.22,45.96,665.72,1,939.04,46.93,637.00
T,1539209,1,353479021,-1178094269,624335,7271663,3,32,1,-9.849,0.507,0.402,0.031,-0.015,0.007,66.58,1,941.23,45.95,665.63,1,939.09,46.94,636.56
T,1540193,1,353479026,-1178094263,624245,7271663,3,32,1,-9.868,0.445,0.359,0.010,-0.013,0.006,66.59,1,941.21,45.95,665.81,1,939.07,46.94,636.74
T,1541283,1,353479030,-1178094259,624165,7271663,3,32,1,-9.849,0.402,0.368,0.009,-0.013,0.006,66.58,1,941.26,45.96,665.37,1,939.08,46.95,636.65
T,1542269,1,353479031,-1178094256,624143,7271663,3,32,1,-9.858,0.421,0.321,0.000,-0.012,0.006,66.60,1,941.29,45.97,665.10,1,939.05,46.95,636.92
T,1543255,1,353479034,-1178094256,624079,7271663,3,32,1,-9.863,0.426,0.330,0.007,-0.012,0.006,66.57,1,941.25,45.98,665.46,1,939.08,46.95,636.65
T,1544243,1,353479036,-1178094258,624030,7271663,3,32,1,-9.854,0.378,0.359,0.002,-0.012,0.006,66.63,1,941.26,45.99,665.37,1,939.03,46.97,637.09
T,1545229,1,353479035,-1178094261,624017,7271663,3,32,1,-9.858,0.426,0.340,0.004,-0.013,0.009,66.63,1,941.25,45.99,665.46,1,939.09,46.97,636.56
T,1546222,1,353479037,-1178094262,623963,7271663,3,32,1,-9.858,0.397,0.349,0.010,-0.013,0.005,66.68,1,941.26,45.99,665.37,1,939.04,46.98,637.00
T,1547209,1,353479036,-1178094269,623975,7271663,3,32,1,-9.858,0.402,0.335,0.004,-0.013,0.006,66.64,1,941.24,46.00,665.54,1,939.05,46.98,636.92
T,1548197,1,353479037,-1178094275,623991,7271663,3,31,1,-9.858,0.416,0.335,0.009,-0.012,0.005,66.59,1,941.24,46.01,665.54,1,939.09,46.99,636.56
T,1549181,1,353479041,-1178094278,623928,7271663,3,31,1,-9.858,0.426,0.325,0.005,-0.015,0.006,66.64,1,941.25,46.01,665.46,1,939.07,46.99,636.74
T,1550267,1,353479043,-1178094283,623898,7271663,3,31,1,-9.858,0.421,0.345,0.007,-0.012,0.006,66.71,1,941.25,46.02,665.46,1,939.06,47.00,636.83
T,1551254,1,353479045,-1178094288,623847,7271663,3,30,1,-9.844,0.416,0.354,0.004,-0.013,0.006,66.69,1,941.19,46.02,665.99,1,939.11,47.02,636.39
T,1552240,1,353479047,-1178094292,623775,7271663,3,31,1,-9.854,0.407,0.349,0.007,-0.012,0.006,66.71,1,941.23,46.04,665.63,1,939.07,47.01,636.74
T,1553227,1,353479045,-1178094298,623759,7271663,3,31,1,-9.858,0.412,0.354,0.006,-0.013,0.006,66.71,1,941.22,46.07,665.72,1,939.06,47.02,636.83
T,1554211,1,353479044,-1178094305,623741,7271663,3,31,1,-9.849,0.412,0.340,0.007,-0.013,0.006,66.73,1,941.24,46.07,665.54,1,939.06,47.03,636.83
T,1555197,1,353479046,-1178094308,623691,7271663,3,32,1,-9.849,0.402,0.330,0.006,-0.013,0.006,66.71,1,941.24,46.07,665.54,1,939.05,47.04,636.92
T,1556181,1,353479048,-1178094310,623662,7271663,3,31,1,-9.854,0.416,0.330,0.007,-0.013,0.006,66.69,1,941.22,46.07,665.72,1,939.06,47.02,636.83
T,1557268,1,353479042,-1178094318,623770,7271663,3,31,1,-9.854,0.435,0.325,0.005,-0.012,0.006,66.71,1,941.23,46.08,665.63,1,939.06,47.03,636.83
T,1558255,1,353479038,-1178094326,623826,7271663,3,29,1,-9.849,0.431,0.321,0.009,-0.013,0.006,66.71,1,941.20,46.08,665.90,1,939.06,47.03,636.83
T,1559241,1,353479038,-1178094332,623835,7271663,3,32,1,-9.858,0.426,0.316,0.004,-0.013,0.006,66.73,1,941.20,46.09,665.90,1,939.08,47.04,636.65
T,1560225,1,353479038,-1178094338,623875,7271663,3,31,1,-9.854,0.440,0.330,0.005,-0.012,0.006,66.73,1,941.24,46.10,665.54,1,939.06,47.06,636.83
T,1561210,1,353479032,-1178094349,624019,7271663,3,31,1,-9.858,0.435,0.359,0.009,-0.015,0.006,66.74,1,941.22,46.12,665.72,1,939.04,47.05,637.00
T,1562196,1,353479026,-1178094359,624176,7271663,3,32,1,-9.858,0.407,0.349,0.004,-0.012,0.006,66.73,1,941.22,46.12,665.72,1,939.08,47.05,636.65
T,1563178,1,353479017,-1178094371,624373,7271663,3,32,1,-9.863,0.407,0.349,0.005,-0.013,0.006,66.78,1,941.21,46.11,665.81,1,939.06,47.05,636.83
T,1564262,1,353479009,-1178094384,624513,7271663,3,31,1,-9.873,0.416,0.368,0.006,-0.012,0.006,66.80,1,941.22,46.12,665.72,1,939.02,47.07,637.18
T,1565252,1,353479002,-1178094394,624620,7271663,3,32,1,-9.854,0.426,0.325,0.009,-0.013,0.005,66.84,1,941.22,46.13,665.72,1,939.05,47.10,636.92
T,1566235,1,353478992,-1178094409,624764,7271663,3,31,1,-9.863,0.412,0.335,0.006,-0.013,0.006,66.81,1,941.23,46.13,665.63,1,939.07,47.10,636.74
T,1567218,1,353478984,-1178094420,624856,7271663,3,32,1,-9.868,0.412,0.359,0.007,-0.013,0.005,66.80,1,941.22,46.13,665.72,1,939.06,47.10,636.83
T,1568201,1,353478977,-1178094429,624932,7271663,3,31,1,-9.858,0.416,0.321,0.006,-0.013,0.006,66.83,1,941.24,46.16,665.54,1,939.05,47.11,636.92
T,1569186,1,353478969,-1178094439,625037,7271663,3,32,1,-9.863,0.421,0.340,0.009,-0.015,0.005,66.85,1,941.26,46.17,665.37,1,939.07,47.12,636.74
T,1570170,1,353478968,-1178094440,625036,7271663,3,31,1,-9.868,0.397,0.340,0.006,-0.012,0.005,66.81,1,941.22,46.17,665.72,1,939.06,47.13,636.83
T,1571253,1,353478966,-1178094446,625066,7271663,3,30,1,-9.863,0.416,0.340,0.006,-0.013,0.007,66.79,1,941.22,46.17,665.72,1,939.07,47.13,636.74
T,1572238,1,353478965,-1178094449,625067,7271663,3,32,1,-9.854,0.435,0.340,0.007,-0.012,0.006,66.80,1,941.24,46.17,665.54,1,939.05,47.13,636.92
T,1573220,1,353478952,-1178094465,625219,7271663,3,32,1,-9.854,0.426,0.368,0.007,-0.015,0.006,66.84,1,941.22,46.17,665.72,1,939.03,47.14,637.09
T,1574204,1,353478947,-1178094472,625280,7271663,3,31,1,-9.858,0.412,0.325,0.005,-0.013,0.006,66.80,1,941.20,46.17,665.90,1,939.06,47.16,636.83
T,1575187,1,353478948,-1178094472,625276,7271663,3,32,1,-9.854,0.407,0.354,0.004,-0.013,0.006,66.84,1,941.24,46.19,665.54,1,939.08,47.17,636.65
T,1576172,1,353478943,-1178094476,625372,7271663,3,30,1,-9.863,0.426,0.354,0.009,-0.012,0.007,66.88,1,941.27,46.20,665.28,1,939.05,47.18,636.92
T,1577260,1,353478938,-1178094480,625433,7271663,3,30,1,-9.854,0.412,0.325,0.007,-0.013,0.006,66.89,1,941.21,46.21,665.81,1,939.04,47.19,637.00
T,1578243,1,353478939,-1178094481,625411,7271663,3,31,1,-9.849,0.440,0.368,0.006,-0.012,0.005,66.87,1,941.26,46.21,665.37,1,939.03,47.19,637.09
T,1579229,1,353478944,-1178094478,625304,7271663,3,32,1,-9.854,0.421,0.359,0.009,-0.012,0.005,66.90,1,941.23,46.21,665.63,1,939.09,47.19,636.56
T,1580213,1,353478945,-1178094478,625295,7271663,3,32,1,-9.863,0.426,0.306,0.009,-0.012,0.006,66.89,1,941.22,46.22,665.72,1,939.05,47.20,636.92
T,1581197,1,353478946,-1178094477,625230,7271663,3,32,1,-9.858,0.435,0.359,0.006,-0.015,0.006,66.92,1,941.18,46.23,666.08,1,939.07,47.21,636.74
T,1582179,1,353478947,-1178094479,625219,7271663,3,32,1,-9.858,0.421,0.402,0.006,-0.013,0.007,66.95,1,941.22,46.24,665.72,1,939.04,47.20,637.00
T,1583266,1,353478941,-1178094487,625316,7271663,3,32,1,-9.882,0.402,0.287,0.005,-0.012,0.006,66.95,1,941.21,46.24,665.81,1,939.05,47.20,636.92
T,1584250,1,353478932,-1178094491,625529,7271663,3,32,1,-9.858,0.426,0.301,0.007,-0.013,0.006,66.98,1,941.24,46.24,665.54,1,939.08,47.20,636.65
T,1585232,1,353478929,-1178094495,625623,7271663,3,32,1,-9.849,0.435,0.340,0.005,-0.013,0.006,66.95,1,941.20,46.24,665.90,1,939.04,47.20,637.00
T,1586283,1,353478926,-1178094498,625655,7271663,3,31,1,-9.854,0.435,0.397,0.009,-0.013,0.005,66.95,1,941.22,46.26,665.72,1,939.03,47.23,637.09
T,1587268,1,353478924,-1178094502,625788,7271663,3,32,1,-9.868,0.431,0.345,0.010,-0.012,0.005,66.98,1,941.23,46.27,665.63,1,939.05,47.23,636.92
T,1588253,1,353478921,-1178094504,625912,7271663,3,32,1,-9.854,0.402,0.316,0.007,-0.013,0.006,66.93,1,941.25,46.27,665.46,1,939.08,47.23,636.65
T,1589236,1,353478914,-1178094512,626110,7271663,3,32,1,-9.839,0.440,0.397,0.009,-0.015,0.006,66.95,1,941.23,46.27,665.63,1,939.05,47.24,636.92
T,1590221,1,353478910,-1178094516,626208,7271663,3,32,1,-9.849,0.459,0.459,0.007,-0.015,0.005,66.96,1,941.24,46.28,665.54,1,939.02,47.22,637.18
T,1591205,1,353478906,-1178094520,626290,7271663,3,32,1,-9.858,0.388,0.316,0.006,-0.012,0.005,67.02,1,941.27,46.30,665.28,1,939.07,47.24,636.74
T,1592189,1,353478903,-1178094525,626303,7271663,3,32,1,-9.854,0.392,0.340,0.006,-0.012,0.005,66.98,1,941.23,46.30,665.63,1,939.04,47.26,637.00
T,1593276,1,353478901,-1178094528,626320,7271663,3,32,1,-9.849,0.402,0.378,0.005,-0.013,0.006,67.03,1,941.24,46.29,665.54,1,939.01,47.25,637.27
T,1594260,1,353478900,-1178094530,626336,7271663,3,32,1,-9.868,0.421,0.340,0.006,-0.012,0.005,66.98,1,941.20,46.29,665.90,1,939.05,47.24,636.92
T,1595245,1,353478899,-1178094532,626364,7271663,3,32,1,-9.849,0.364,0.349,0.006,-0.012,0.005,67.05,1,941.25,46.31,665.46,1,939.04,47.23,637.00
T,1596236,1,353478900,-1178094535,626370,7271663,3,30,1,-9.868,0.431,0.325,0.005,-0.012,0.005,67.05,1,941.21,46.32,665.81,1,939.07,47.25,636.74
T,1597222,1,353478900,-1178094535,626404,7271663,3,31,1,-9.868,0.412,0.349,0.011,-0.012,0.006,67.07,1,941.23,46.33,665.63,1,939.10,47.25,636.47
T,1598205,1,353478898,-1178094535,626480,7271663,3,32,1,-9.868,0.440,0.368,0.007,-0.013,0.005,67.01,1,941.22,46.30,665.72,1,939.05,47.22,636.92
T,1599189,1,353478898,-1178094531,626487,7271663,3,31,1,-9.858,0.397,0.373,0.006,-0.013,0.006,66.99,1,941.19,46.29,665.99,1,939.06,47.19,636.83
T,1600172,1,353478897,-1178094530,626491,7271663,3,30,1,-9.854,0.397,0.416,0.007,-0.015,0.007,67.00,1,941.23,46.30,665.63,1,939.07,47.20,636.74
T,1601259,1,353478893,-1178094530,626567,7271663,3,30,1,-9.858,0.435,0.330,0.004,-0.013,0.006,66.96,1,941.20,46.30,665.90,1,939.02,47.19,637.18
T,1602243,1,353478892,-1178094529,626517,7271663,3,31,1,-9.873,0.397,0.330,0.010,-0.012,0.004,66.98,1,941.23,46.30,665.63,1,939.09,47.20,636.56
T,1603244,1,353478893,-1178094526,626487,7271663,3,30,1,-9.863,0.421,0.325,0.002,-0.012,0.007,66.98,1,941.18,46.31,666.08,1,939.04,47.22,637.00
T,1604230,1,353478893,-1178094524,626418,7271663,3,30,1,-9.854,0.440,0.383,0.007,-0.013,0.005,66.98,1,941.21,46.31,665.81,1,939.06,47.23,636.83
T,1605214,1,353478892,-1178094523,626373,7271663,3,28,1,-9.873,0.407,0.359,0.009,-0.012,0.005,67.00,1,941.26,46.31,665.37,1,939.06,47.24,636.83
T,1606197,1,353478891,-1178094519,626281,7271663,3,32,1,-9.868,0.378,0.301,0.007,-0.012,0.006,67.01,1,941.19,46.32,665.99,1,939.03,47.24,637.09
T,1607180,1,353478897,-1178094513,626209,7271663,3,30,1,-9.863,0.392,0.287,0.010,-0.013,0.006,66.99,1,941.21,46.34,665.81,1,939.05,47.24,636.92
T,1608266,1,353478901,-1178094508,626201,7271663,3,31,1,-9.854,0.416,0.325,0.004,-0.013,0.007,67.02,1,941.23,46.35,665.63,1,939.07,47.24,636.74
T,1609250,1,353478901,-1178094501,626115,7271663,3,32,1,-9.858,0.445,0.373,0.011,-0.013,0.006,67.02,1,941.21,46.36,665.81,1,939.06,47.25,636.83
T,1610234,1,353478899,-1178094498,626055,7271663,3,32,1,-9.858,0.388,0.321,0.006,-0.012,0.006,67.07,1,941.21,46.38,665.81,1,939.05,47.27,636.92
T,1611221,1,353478902,-1178094497,626008,7271663,3,32,1,-9.863,0.435,0.373,0.004,-0.013,0.005,67.05,1,941.22,46.39,665.72,1,939.05,47.27,636.92
T,1612205,1,353478905,-1178094492,625994,7271663,3,31,1,-9.863,0.469,0.378,0.007,-0.013,0.006,67.08,1,941.23,46.37,665.63,1,939.05,47.27,636.92
T,1613191,1,353478906,-1178094489,625976,7271663,3,32,1,-9.863,0.421,0.359,0.007,-0.013,0.006,66.98,1,941.25,46.34,665.46,1,939.02,47.23,637.18
T,1614276,1,353478907,-1178094486,625943,7271663,3,31,1,-9.863,0.421,0.316,0.006,-0.013,0.006,66.98,1,941.24,46.34,665.54,1,939.06,47.24,636.83
T,1615262,1,353478905,-1178094488,625972,7271663,3,32,1,-9.858,0.412,0.349,0.006,-0.013,0.006,66.96,1,941.22,46.33,665.72,1,939.07,47.27,636.74
T,1616250,1,353478902,-1178094492,626016,7271663,3,32,1,-9.858,0.402,0.359,0.006,-0.015,0.005,66.98,1,941.20,46.33,665.90,1,939.03,47.28,637.09
T,1617234,1,353478901,-1178094492,626053,7271663,3,32,1,-9.863,0.435,0.330,0.010,-0.012,0.006,66.93,1,941.23,46.33,665.63,1,939.05,47.27,636.92
T,1618322,1,353478901,-1178094491,626118,7271663,3,32,1,-9.858,0.431,0.388,0.007,-0.012,0.006,66.91,1,941.23,46.30,665.63,1,939.07,47.24,636.74
T,1619307,1,353478904,-1178094491,626178,7271663,3,32,1,-9.858,0.421,0.368,0.005,-0.012,0.007,66.89,1,941.22,46.28,665.72,1,939.07,47.22,636.74
T,1620291,1,353478903,-1178094493,626207,7271663,3,32,1,-9.868,0.455,0.345,0.006,-0.011,0.007,66.84,1,941.27,46.25,665.28,1,939.09,47.21,636.56
T,1621274,1,353478904,-1178094493,626301,7271663,3,32,1,-9.849,0.431,0.359,0.007,-0.015,0.006,66.79,1,941.26,46.23,665.37,1,939.08,47.21,636.65
T,1622259,1,353478905,-1178094493,626355,7271663,3,32,1,-9.854,0.431,0.373,0.005,-0.013,0.006,66.75,1,941.26,46.19,665.37,1,939.09,47.20,636.56
T,1623246,1,353478908,-1178094491,626440,7271663,3,32,1,-9.854,0.431,0.335,0.007,-0.013,0.006,66.73,1,941.22,46.16,665.72,1,939.08,47.16,636.65
T,1624229,1,353478910,-1178094491,626558,7271663,3,32,1,-9.854,0.402,0.359,0.006,-0.013,0.005,66.69,1,941.26,46.12,665.37,1,939.07,47.16,636.74
T,1625216,1,353478911,-1178094491,626654,7271663,3,32,1,-9.858,0.431,0.335,0.007,-0.013,0.006,66.65,1,941.23,46.09,665.63,1,939.07,47.15,636.74
T,1626203,1,353478913,-1178094492,626768,7271663,3,32,1,-9.854,0.412,0.383,0.006,-0.012,0.006,66.68,1,941.22,46.05,665.72,1,939.08,47.13,636.65
T,1627288,1,353478916,-1178094492,626847,7271663,3,32,1,-9.854,0.412,0.349,0.006,-0.013,0.006,66.64,1,941.23,46.02,665.63,1,939.08,47.12,636.65
T,1628273,1,353478916,-1178094493,626954,7271663,3,32,1,-9.868,0.402,0.364,0.006,-0.012,0.006,66.71,1,941.25,46.01,665.46,1,939.07,47.12,636.74
T,1629258,1,353478916,-1178094494,627056,7271663,3,32,1,-9.863,0.412,0.354,0.005,-0.013,0.006,66.63,1,941.29,46.02,665.10,1,939.06,47.10,636.83
T,1630242,1,353478917,-1178094492,627149,7271663,3,32,1,-9.863,0.402,0.368,0.009,-0.015,0.006,66.64,1,941.25,46.00,665.46,1,939.06,47.09,636.83
T,1631227,1,353478917,-1178094491,627244,7271663,3,32,1,-9.858,0.426,0.368,0.006,-0.013,0.006,66.62,1,941.25,46.00,665.46,1,939.02,47.07,637.18
T,1632217,1,353478917,-1178094487,627331,7271663,3,32,1,-9.863,0.412,0.368,0.009,-0.013,0.007,66.65,1,941.26,45.99,665.37,1,939.05,47.05,636.92
T,1633202,1,353478918,-1178094484,627428,7271663,3,32,1,-9.858,0.435,0.383,0.006,-0.012,0.007,66.56,1,941.28,45.97,665.19,1,939.10,47.02,636.47
T,1634286,1,353478920,-1178094483,627524,7271663,3,32,1,-9.868,0.402,0.383,0.007,-0.012,0.006,66.60,1,941.27,45.97,665.28,1,939.09,47.01,636.56
T,1635273,1,353478923,-1178094479,627620,7271663,3,32,1,-9.854,0.416,0.354,0.007,-0.013,0.006,66.53,1,941.28,45.97,665.19,1,939.05,47.02,636.92
T,1636259,1,353478924,-1178094474,627707,7271663,3,32,1,-9.868,0.421,0.354,0.007,-0.012,0.006,66.55,1,941.22,45.95,665.72,1,939.08,47.02,636.65
T,1637244,1,353478925,-1178094472,627810,7271663,3,32,1,-9.858,0.421,0.330,0.007,-0.012,0.007,66.50,1,941.23,45.93,665.63,1,939.04,47.02,637.00
T,1638230,1,353478926,-1178094471,627806,7271663,3,32,1,-9.858,0.407,0.354,0.005,-0.012,0.006,66.51,1,941.25,45.93,665.46,1,939.08,47.03,636.65
T,1639217,1,353478926,-1178094469,627827,7271663,3,32,1,-9.858,0.421,0.340,0.006,-0.012,0.006,66.54,1,941.25,45.94,665.46,1,939.04,47.05,637.00
T,1640200,1,353478925,-1178094468,627836,7271663,3,32,1,-9.858,0.426,0.345,0.007,-0.012,0.005,66.50,1,941.23,45.95,665.63,1,939.14,47.06,636.12
T,1641284,1,353478929,-1178094466,627864,7271663,3,32,1,-9.854,0.421,0.340,0.007,-0.015,0.006,66.50,1,941.23,45.96,665.63,1,939.05,47.06,636.92
T,1642267,1,353478927,-1178094465,628017,14106052,3,32,1,-9.863,0.412,0.364,0.007,-0.013,0.006,66.52,1,941.24,45.96,665.54,1,939.04,47.06,637.00
T,1643253,1,353478931,-1178094461,628025,14106052,3,32,1,-9.863,0.431,0.354,0.007,-0.012,0.006,66.52,1,941.24,45.96,665.54,1,939.05,47.06,636.92
T,1644243,1,353478934,-1178094456,627964,14106052,3,32,1,-9.854,0.412,0.364,0.005,-0.012,0.006,66.53,1,941.24,45.95,665.54,1,939.09,47.06,636.56
T,1645225,1,353478936,-1178094451,627967,14106052,3,32,1,-9.849,0.412,0.354,0.004,-0.013,0.007,66.54,1,941.21,45.95,665.81,1,939.06,47.07,636.83
T,1646212,1,353478939,-1178094445,627932,14106052,3,32,1,-9.849,0.412,0.354,0.004,-0.013,0.006,66.55,1,941.24,45.96,665.54,1,939.08,47.08,636.65
T,1647306,1,353478941,-1178094441,627856,14106052,3,32,1,-9.858,0.407,0.345,0.007,-0.013,0.005,66.54,1,941.25,45.97,665.46,1,939.11,47.08,636.39
T,1648290,1,353478945,-1178094435,627758,14106052,3,32,1,-9.858,0.416,0.359,0.011,-0.013,0.006,66.55,1,941.23,45.99,665.63,1,939.11,47.07,636.39
T,1649276,1,353478949,-1178094429,627676,14106052,3,32,1,-9.858,0.407,0.354,0.005,-0.013,0.005,66.57,1,941.24,45.99,665.54,1,939.11,47.09,636.39
T,1650264,1,353478951,-1178094423,627627,14106052,3,32,1,-9.854,0.426,0.349,0.009,-0.013,0.006,66.57,1,941.25,46.00,665.46,1,939.10,47.10,636.47
T,1651248,1,353478953,-1178094418,627530,14106052,3,32,1,-9.849,0.412,0.330,0.005,-0.013,0.007,66.55,1,941.24,46.00,665.54,1,939.08,47.10,636.65
T,1652233,1,353478958,-1178094413,627386,14106052,3,32,1,-9.858,0.412,0.349,0.010,-0.013,0.006,66.56,1,941.24,46.02,665.54,1,939.04,47.09,637.00
T,1653220,1,353478963,-1178094403,627269,14106052,3,32,1,-9.844,0.426,0.345,0.006,-0.012,0.007,66.60,1,941.25,46.02,665.46,1,939.06,47.11,636.83
T,1654210,1,353478964,-1178094397,627207,14106052,3,32,1,-9.854,0.416,0.349,0.005,-0.012,0.006,66.58,1,941.24,46.02,665.54,1,939.06,47.12,636.83
T,1655194,1,353478965,-1178094390,627139,14106052,3,32,1,-9.863,0.412,0.325,0.007,-0.012,0.006,66.64,1,941.20,46.03,665.90,1,939.08,47.13,636.65
T,1656293,1,353478968,-1178094385,627076,14106052,3,31,1,-9.868,0.421,0.340,0.006,-0.013,0.006,66.62,1,941.20,46.04,665.90,1,939.06,47.14,636.83
T,1657280,1,353478970,-1178094384,627054,14106052,3,32,1,-9.863,0.412,0.359,0.007,-0.013,0.006,66.65,1,941.21,46.04,665.81,1,939.05,47.15,636.92
T,1658264,1,353478975,-1178094382,627019,14106052,3,32,1,-9.863,0.416,0.330,0.004,-0.012,0.006,66.64,1,941.25,46.05,665.46,1,939.09,47.15,636.56
T,1659251,1,353478978,-1178094378,626989,14106052,3,31,1,-9.854,0.412,0.345,0.006,-0.012,0.005,66.68,1,941.21,46.06,665.81,1,939.05,47.16,636.92
T,1660239,1,353478981,-1178094373,626977,14106052,3,32,1,-9.858,0.412,0.335,0.005,-0.011,0.005,66.73,1,941.23,46.07,665.63,1,939.04,47.17,637.00
T,1661225,1,353478984,-1178094369,627011,14106052,3,31,1,-9.849,0.402,0.416,0.000,-0.013,0.005,66.71,1,941.21,46.08,665.81,1,939.07,47.18,636.74
T,1662208,1,353478986,-1178094367,626993,14106052,3,32,1,-9.863,0.426,0.100,-0.005,-0.010,0.005,66.76,1,941.23,46.09,665.63,1,939.07,47.19,636.74
T,1663297,1,353478989,-1178094365,626961,14106052,3,32,1,-9.873,0.345,0.268,0.018,-0.013,0.006,66.75,1,941.23,46.10,665.63,1,939.05,47.19,636.92
T,1664285,1,353478992,-1178094363,626892,14106052,3,32,1,-9.868,0.431,0.364,-0.004,-0.015,0.006,66.74,1,941.19,46.10,665.99,1,939.06,47.19,636.83
T,1665274,1,353478997,-1178094360,626819,14106052,3,32,1,-9.873,0.479,0.354,0.009,-0.013,0.006,66.74,1,941.23,46.10,665.63,1,939.04,47.20,637.00
T,1666279,1,353479000,-1178094360,626751,14106052,3,32,1,-9.854,0.349,0.364,-0.001,-0.012,0.006,66.73,1,941.17,46.10,666.16,1,939.06,47.20,636.83
T,1667274,1,353479006,-1178094356,626689,14106052,3,31,1,-9.858,0.435,0.335,0.011,-0.012,0.006,66.77,1,941.23,46.12,665.63,1,939.06,47.21,636.83
T,1668261,1,353479013,-1178094347,626584,14106052,3,31,1,-9.863,0.412,0.306,0.009,-0.013,0.006,66.80,1,941.23,46.14,665.63,1,939.04,47.21,637.00
T,1669244,1,353479020,-1178094338,626479,14106052,3,32,1,-9.858,0.407,0.325,0.005,-0.013,0.006,66.77,1,941.26,46.14,665.37,1,939.05,47.22,636.92
T,1670228,1,353479023,-1178094330,626418,14106052,3,32,1,-9.858,0.440,0.335,0.002,-0.015,0.007,66.77,1,941.26,46.17,665.37,1,939.05,47.21,636.92
T,1671213,1,353479026,-1178094325,626347,14106052,3,32,1,-9.863,0.426,0.373,0.011,-0.013,0.006,66.80,1,941.25,46.17,665.46,1,939.02,47.22,637.18
T,1672197,1,353479032,-1178094317,626217,14106052,3,31,1,-9.858,0.426,0.349,0.006,-0.013,0.006,66.77,1,941.19,46.16,665.99,1,939.05,47.22,636.92
T,1673304,1,353479037,-1178094309,626113,14106052,3,32,1,-9.863,0.435,0.349,0.006,-0.013,0.006,66.77,1,941.23,46.16,665.63,1,939.09,47.20,636.56
T,1674193,1,353479044,-1178094300,626036,14106052,3,32,1,-9.868,0.435,0.359,0.006,-0.013,0.005,66.79,1,941.22,46.14,665.72,1,939.04,47.19,637.00
T,1675280,1,353479050,-1178094293,625954,14106052,3,31,1,-9.849,0.407,0.345,0.006,-0.015,0.006,66.82,1,941.21,46.15,665.81,1,939.06,47.20,636.83
T,1676263,1,353479052,-1178094292,625906,14106052,3,32,1,-9.858,0.421,0.359,0.005,-0.013,0.007,66.80,1,941.18,46.16,666.08,1,939.02,47.23,637.18
T,1677249,1,353479055,-1178094290,625869,14106052,3,31,1,-9.849,0.407,0.345,0.013,-0.013,0.006,66.82,1,941.25,46.19,665.46,1,939.05,47.24,636.92
T,1678237,1,353479057,-1178094284,625826,14106052,3,32,1,-9.858,0.426,0.311,0.004,-0.013,0.006,66.83,1,941.19,46.19,665.99,1,939.04,47.25,637.00
T,1679332,1,353479059,-1178094278,625785,14106052,3,32,1,-9.858,0.407,0.373,0.006,-0.015,0.006,66.86,1,941.20,46.18,665.90,1,939.07,47.24,636.74
T,1680340,1,353479063,-1178094272,625719,14106052,3,32,1,-9.858,0.421,0.316,0.007,-0.012,0.006,66.84,1,941.25,46.18,665.46,1,939.04,47.23,637.00
T,1681230,1,353479066,-1178094266,625590,14106052,3,32,1,-9.849,0.455,0.321,0.007,-0.013,0.005,66.82,1,941.25,46.17,665.46,1,939.07,47.24,636.74
T,1682218,1,353479071,-1178094259,625494,14106052,3,31,1,-9.863,0.498,0.249,0.009,-0.013,0.006,66.89,1,941.21,46.20,665.81,1,939.04,47.26,637.00
T,1683306,1,353479075,-1178094255,625411,14106052,3,32,1,-9.854,0.450,0.412,0.013,-0.015,0.006,66.91,1,941.23,46.21,665.63,1,939.03,47.27,637.09
T,1684292,1,353479076,-1178094255,625392,14106052,3,32,1,-9.868,0.354,0.412,-0.004,-0.011,0.006,66.89,1,941.17,46.22,666.16,1,939.03,47.28,637.09
T,1685282,1,353479079,-1178094256,625356,14106052,3,31,1,-9.854,0.435,0.330,-0.001,-0.013,0.006,66.84,1,941.21,46.21,665.81,1,939.07,47.28,636.74
T,1686271,1,353479079,-1178094258,625385,14106052,3,31,1,-9.858,0.426,0.340,0.015,-0.015,0.006,66.94,1,941.20,46.19,665.90,1,939.04,47.27,637.00
T,1687254,1,353479081,-1178094258,625393,14106052,3,32,1,-9.858,0.368,0.364,0.006,-0.012,0.005,66.88,1,941.21,46.19,665.81,1,939.02,47.27,637.18
T,1688257,1,353479083,-1178094257,625402,14106052,3,31,1,-9.863,0.469,0.373,0.004,-0.015,0.006,66.85,1,941.27,46.18,665.28,1,939.05,47.22,636.92
T,1689243,1,353479087,-1178094254,625317,14106052,3,32,1,-9.854,0.416,0.349,0.006,-0.012,0.006,66.82,1,941.22,46.15,665.72,1,939.02,47.17,637.18
T,1690229,1,353479090,-1178094252,625251,14106052,3,32,1,-9.854,0.440,0.402,0.002,-0.012,0.006,66.80,1,941.22,46.15,665.72,1,939.04,47.17,637.00
T,1691224,1,353479093,-1178094250,625199,14106052,3,32,1,-9.854,0.474,0.330,0.001,-0.012,0.006,66.72,1,941.21,46.13,665.81,1,939.04,47.18,637.00
T,1692213,1,353479097,-1178094245,625160,14106052,3,32,1,-9.863,0.416,0.373,-0.002,-0.013,0.006,66.73,1,941.24,46.12,665.54,1,939.02,47.16,637.18
T,1693310,1,353479101,-1178094240,625151,14106052,3,31,1,-9.858,0.407,0.359,0.010,-0.013,0.005,66.74,1,941.20,46.11,665.90,1,939.03,47.13,637.09
T,1694298,1,353479103,-1178094238,625154,14106052,3,30,1,-9.854,0.412,0.349,0.011,-0.013,0.006,66.66,1,941.18,46.08,666.08,1,939.06,47.11,636.83
T,1695286,1,353479107,-1178094237,625142,14106052,3,31,1,-9.863,0.421,0.359,0.005,-0.012,0.005,66.67,1,941.25,46.06,665.46,1,939.07,47.09,636.74
T,1696275,1,353479110,-1178094235,625085,14106052,3,31,1,-9.849,0.397,0.330,0.009,-0.013,0.006,66.66,1,941.22,46.08,665.72,1,939.04,47.11,637.00
T,1697261,1,353479111,-1178094233,625138,14106052,3,31,1,-9.854,0.435,0.373,-0.001,-0.012,0.006,66.71,1,941.22,46.08,665.72,1,939.04,47.11,637.00
T,1698252,1,353479108,-1178094234,625310,14106052,3,31,1,-9.873,0.440,0.354,0.009,-0.013,0.006,66.69,1,941.18,46.06,666.08,1,938.99,47.10,637.45
T,1699243,1,353479102,-1178094236,625563,14106052,3,31,1,-9.858,0.378,0.378,0.004,-0.013,0.006,66.69,1,941.20,46.05,665.90,1,939.05,47.10,636.92
T,1700228,1,353479097,-1178094239,625793,14106052,3,31,1,-9.868,0.431,0.359,0.006,-0.013,0.005,66.68,1,941.18,46.03,666.08,1,939.04,47.08,637.00
T,1701214,1,353479091,-1178094242,626004,14106052,3,31,1,-9.863,0.416,0.354,0.010,-0.012,0.006,66.68,1,941.24,46.02,665.54,1,939.08,47.06,636.65
T,1702200,1,353479086,-1178094244,626172,14106052,3,31,1,-9.858,0.421,0.354,0.005,-0.011,0.006,66.63,1,941.22,46.01,665.72,1,939.04,47.04,637.00
T,1703285,1,353479080,-1178094248,626399,14106052,3,31,1,-9.854,0.421,0.368,0.007,-0.013,0.005,66.65,1,941.22,46.00,665.72,1,939.09,47.02,636.56
T,1704270,1,353479074,-1178094254,626554,14106052,3,31,1,-9.868,0.421,0.330,0.006,-0.013,0.005,66.61,1,941.25,46.01,665.46,1,939.03,47.03,637.09
T,1705257,1,353479070,-1178094255,626767,14106052,3,29,1,-9.854,0.416,0.345,0.009,-0.012,0.006,66.61,1,941.18,46.02,666.08,1,939.04,47.06,637.00
T,1706246,1,353479069,-1178094258,626918,14106052,3,31,1,-9.863,0.421,0.345,0.004,-0.012,0.006,66.63,1,941.19,46.03,665.99,1,939.00,47.07,637.36
T,1707232,1,353479065,-1178094262,627092,14106052,3,30,1,-9.868,0.435,0.325,0.007,-0.012,0.006,66.61,1,941.20,46.05,665.90,1,939.00,47.07,637.36
T,1708320,1,353479065,-1178094261,627157,14106052,3,30,1,-9.858,0.440,0.364,0.006,-0.013,0.006,66.68,1,941.24,46.06,665.54,1,939.01,47.08,637.27
T,1709309,1,353479064,-1178094266,627241,14106052,3,31,1,-9.858,0.407,0.335,0.005,-0.012,0.006,66.67,1,941.19,46.06,665.99,1,939.01,47.08,637.27
T,1710294,1,353479064,-1178094264,627320,14106052,3,31,1,-9.858,0.421,0.354,0.005,-0.012,0.006,66.58,1,941.14,46.06,666.43,1,939.04,47.09,637.00
T,1711278,1,353479064,-1178094264,627416,14106052,3,30,1,-9.854,0.412,0.349,0.009,-0.013,0.007,66.64,1,941.21,46.05,665.81,1,939.02,47.09,637.18
T,1712266,1,353479063,-1178094263,627555,14106052,3,31,1,-9.868,0.392,0.349,0.006,-0.013,0.005,66.66,1,941.15,46.06,666.34,1,939.01,47.09,637.27
T,1713255,1,353479061,-1178094269,627701,14106052,3,31,1,-9.849,0.479,0.392,0.011,-0.013,0.006,66.68,1,941.19,46.07,665.99,1,938.99,47.11,637.45
T,1714245,1,353479058,-1178094275,627831,14106052,3,30,1,-9.868,0.412,0.330,0.004,-0.012,0.005,66.71,1,941.17,46.07,666.16,1,939.05,47.13,636.92
T,1715231,1,353479057,-1178094279,627953,14106052,3,31,1,-9.868,0.407,0.354,0.012,-0.013,0.005,66.72,1,941.16,46.08,666.25,1,939.07,47.13,636.74
T,1716220,1,353479055,-1178094285,628057,14106052,3,31,1,-9.844,0.426,0.431,0.005,-0.013,0.006,66.77,1,941.23,46.09,665.63,1,939.05,47.15,636.92
T,1717310,1,353479054,-1178094291,628154,14106052,3,30,1,-9.844,0.440,0.383,0.009,-0.012,0.007,66.72,1,941.25,46.07,665.46,1,939.04,47.13,637.00
T,1718293,1,353479054,-1178094294,628267,14106052,3,31,1,-9.863,0.416,0.354,0.009,-0.013,0.006,66.73,1,941.16,46.07,666.25,1,939.00,47.14,637.36
T,1719281,1,353479052,-1178094299,628360,14106052,3,31,1,-9.868,0.421,0.392,0.009,-0.012,0.005,66.73,1,941.22,46.11,665.72,1,939.02,47.15,637.18
T,1720271,1,353479049,-1178094306,628467,14106052,3,30,1,-9.858,0.412,0.287,0.006,-0.012,0.006,66.72,1,941.19,46.12,665.99,1,939.02,47.17,637.18
T,1721266,1,353479048,-1178094303,628508,14106052,3,31,1,-9.863,0.431,0.373,0.007,-0.013,0.006,66.74,1,941.19,46.13,665.99,1,939.05,47.17,636.92
T,1722253,1,353479047,-1178094302,628529,14106052,3,31,1,-9.854,0.407,0.359,0.005,-0.013,0.006,66.80,1,941.19,46.14,665.99,1,939.01,47.17,637.27
T,1723245,1,353479045,-1178094302,628551,14106052,3,30,1,-9.858,0.392,0.397,0.006,-0.013,0.006,66.79,1,941.14,46.15,666.43,1,939.02,47.15,637.18
T,1724233,1,353479045,-1178094299,628508,14106052,3,31,1,-9.858,0.368,0.340,0.006,-0.013,0.005,66.80,1,941.22,46.15,665.72,1,939.06,47.17,636.83
T,1725217,1,353479044,-1178094301,628531,14106052,3,31,1,-9.858,0.412,0.359,0.012,-0.015,0.006,66.78,1,941.22,46.16,665.72,1,939.02,47.17,637.18
T,1726204,1,353479043,-1178094305,628550,14106052,3,30,1,-9.858,0.359,0.345,0.006,-0.012,0.005,66.71,1,941.24,46.15,665.54,1,939.06,47.15,636.83
T,1727193,1,353479043,-1178094306,628574,14106052,3,31,1,-9.849,0.474,0.431,0.009,-0.012,0.006,66.81,1,941.18,46.16,666.08,1,939.03,47.14,637.09
T,1728279,1,353479042,-1178094305,628565,14106052,3,31,1,-9.854,0.426,0.340,-0.004,-0.012,0.006,66.82,1,941.17,46.16,666.16,1,938.98,47.16,637.54
T,1729269,1,353479043,-1178094301,628508,14106052,3,30,1,-9.868,0.388,0.368,0.011,-0.013,0.005,66.80,1,941.16,46.17,666.25,1,939.02,47.17,637.18
T,1730255,1,353479043,-1178094303,628463,14106052,3,31,1,-9.863,0.431,0.345,0.006,-0.012,0.005,66.80,1,941.21,46.20,665.81,1,939.05,47.18,636.92
T,1731242,1,353479043,-1178094304,628414,14106052,3,31,1,-9.849,0.469,0.412,0.005,-0.012,0.006,66.82,1,941.23,46.20,665.63,1,939.06,47.18,636.83
T,1732229,1,353479041,-1178094308,628372,14106052,3,30,1,-9.858,0.474,0.435,0.005,-0.013,0.006,66.81,1,941.15,46.20,666.34,1,939.03,47.18,637.09
T,1733224,1,353479038,-1178094314,628336,14106052,3,31,1,-9.868,0.402,0.373,0.013,-0.016,0.006,66.84,1,941.19,46.18,665.99,1,939.01,47.14,637.27
T,1734219,1,353479034,-1178094323,628317,14106052,3,31,1,-9.868,0.407,0.311,0.015,-0.011,0.005,66.90,1,941.19,46.17,665.99,1,939.06,47.14,636.83
T,1735308,1,353479031,-1178094328,628325,14106052,3,30,1,-9.873,0.340,0.316,0.010,-0.011,0.005,66.89,1,941.18,46.19,666.08,1,939.05,47.14,636.92
T,1736192,1,353479030,-1178094332,628302,14106052,3,31,1,-9.854,0.373,0.306,-0.006,-0.012,0.007,66.92,1,941.21,46.20,665.81,1,939.04,47.16,637.00
T,1737290,1,353479028,-1178094339,628323,14106052,3,31,1,-9.863,0.373,0.364,0.001,-0.011,0.006,66.95,1,941.17,46.20,666.16,1,939.02,47.17,637.18
T,1738279,1,353479026,-1178094346,628303,14106052,3,30,1,-9.858,0.364,0.234,0.001,-0.015,0.006,66.93,1,941.19,46.22,665.99,1,938.98,47.18,637.54
T,1739269,1,353479026,-1178094350,628314,14106052,3,31,1,-9.868,0.392,0.421,0.007,-0.015,0.007,66.95,1,941.18,46.23,666.08,1,939.06,47.19,636.83
T,1740257,1,353479025,-1178094355,628235,14106052,3,31,1,-9.863,0.431,0.359,0.004,-0.013,0.006,66.85,1,941.22,46.24,665.72,1,939.03,47.21,637.09
T,1741247,1,353479029,-1178094345,628065,14106052,3,29,1,-9.863,0.416,0.349,0.012,-0.012,0.005,66.90,1,941.19,46.25,665.99,1,939.02,47.22,637.18
T,1742233,1,353479030,-1178094341,627978,14106052,3,31,1,-9.854,0.388,0.345,0.005,-0.011,0.006,66.89,1,941.19,46.26,665.99,1,939.02,47.23,637.18
T,1743221,1,353479032,-1178094339,627875,14106052,3,31,1,-9.868,0.388,0.297,0.006,-0.013,0.004,66.90,1,941.22,46.27,665.72,1,939.04,47.24,637.00
T,1744208,1,353479034,-1178094333,627718,14106052,3,30,1,-9.878,0.402,0.340,0.005,-0.012,0.007,66.90,1,941.21,46.26,665.81,1,939.05,47.24,636.92
T,1745297,1,353479037,-1178094326,627592,14106052,3,31,1,-9.858,0.440,0.373,0.006,-0.013,0.006,66.93,1,941.23,46.27,665.63,1,939.03,47.25,637.09
T,1746281,1,353479038,-1178094321,627464,14106052,3,31,1,-9.858,0.402,0.388,0.007,-0.013,0.006,66.93,1,941.21,46.26,665.81,1,939.05,47.28,636.92
T,1747275,1,353479041,-1178094317,627316,14106052,3,30,1,-9.868,0.426,0.359,0.006,-0.012,0.007,66.95,1,941.20,46.28,665.90,1,939.05,47.28,636.92
T,1748264,1,353479044,-1178094312,627238,14106052,3,31,1,-9.854,0.416,0.345,0.007,-0.012,0.006,66.94,1,941.19,46.30,665.99,1,939.03,47.27,637.09
T,1749248,1,353479046,-1178094312,627213,14106052,3,31,1,-9.863,0.397,0.345,0.004,-0.013,0.006,66.93,1,941.20,46.30,665.90,1,939.01,47.26,637.27
T,1750235,1,353479047,-1178094311,627210,14106052,3,30,1,-9.854,0.402,0.359,0.006,-0.013,0.006,66.99,1,941.20,46.30,665.90,1,938.99,47.26,637.45
T,1751221,1,353479049,-1178094310,627176,14106052,3,30,1,-9.858,0.421,0.373,0.006,-0.013,0.005,66.96,1,941.17,46.31,666.16,1,939.05,47.26,636.92
T,1752216,1,353479051,-1178094306,627111,14106052,3,31,1,-9.858,0.416,0.354,0.009,-0.012,0.006,66.88,1,941.23,46.29,665.63,1,939.04,47.24,637.00
T,1753202,1,353479054,-1178094310,627131,14106052,3,29,1,-9.868,0.412,0.359,0.007,-0.013,0.006,66.89,1,941.21,46.26,665.81,1,939.01,47.21,637.27
T,1754303,1,353479054,-1178094307,627082,14106052,3,31,1,-9.868,0.416,0.359,0.007,-0.013,0.005,66.84,1,941.25,46.26,665.46,1,938.99,47.22,637.45
T,1755291,1,353479057,-1178094302,627065,14106052,3,30,1,-9.854,0.412,0.349,0.005,-0.013,0.005,66.86,1,941.19,46.25,665.99,1,939.04,47.24,637.00
T,1756278,1,353479059,-1178094302,627081,14106052,3,30,1,-9.858,0.416,0.359,0.009,-0.012,0.006,66.89,1,941.22,46.25,665.72,1,939.07,47.23,636.74
T,1757265,1,353479060,-1178094303,627079,14106052,3,31,1,-9.858,0.421,0.345,0.007,-0.013,0.006,66.82,1,941.20,46.25,665.90,1,939.01,47.24,637.27
T,1758253,1,353479060,-1178094299,627076,14106052,3,31,1,-9.858,0.431,0.325,0.007,-0.012,0.005,66.77,1,941.23,46.23,665.63,1,939.03,47.24,637.09
T,1759246,1,353479057,-1178094295,627046,14106052,3,30,1,-9.854,0.421,0.359,0.007,-0.012,0.006,66.77,1,941.21,46.21,665.81,1,939.04,47.21,637.00
T,1760232,1,353479053,-1178094291,627014,14106052,3,31,1,-9.854,0.421,0.349,0.005,-0.012,0.006,66.76,1,941.24,46.15,665.54,1,939.04,47.19,637.00
T,1761218,1,353479047,-1178094290,627007,14106052,3,31,1,-9.868,0.421,0.345,0.009,-0.012,0.005,66.75,1,941.20,46.12,665.90,1,939.07,47.16,636.74
T,1762206,1,353479040,-1178094294,627032,14106052,3,30,1,-9.863,0.416,0.335,0.009,-0.013,0.005,66.73,1,941.24,46.11,665.54,1,939.05,47.16,636.92
T,1763295,1,353479032,-1178094297,627033,14106052,3,31,1,-9.858,0.421,0.330,0.006,-0.013,0.007,66.71,1,941.25,46.09,665.46,1,939.01,47.16,637.27
T,1764282,1,353479027,-1178094299,627041,14106052,3,31,1,-9.849,0.421,0.345,0.005,-0.013,0.006,66.71,1,941.22,46.08,665.72,1,939.05,47.18,636.92
T,1765268,1,353479019,-1178094306,627080,14106052,3,30,1,-9.863,0.412,0.354,0.006,-0.013,0.005,66.76,1,941.18,46.08,666.08,1,939.05,47.19,636.92
T,1766258,1,353479016,-1178094310,627148,14106052,3,30,1,-9.858,0.407,0.354,0.005,-0.012,0.004,66.72,1,941.21,46.08,665.81,1,939.02,47.20,637.18
T,1767245,1,353479012,-1178094311,627178,14106052,3,31,1,-9.854,0.407,0.335,0.009,-0.012,0.005,66.72,1,941.21,46.06,665.81,1,939.05,47.19,636.92
T,1768231,1,353479007,-1178094314,627257,14106052,3,30,1,-9.858,0.421,0.345,0.005,-0.013,0.006,66.73,1,941.22,46.08,665.72,1,939.04,47.18,637.00
T,1769220,1,353479003,-1178094316,627325,14106052,3,31,1,-9.854,0.421,0.364,0.006,-0.012,0.005,66.76,1,941.21,46.07,665.81,1,939.05,47.20,636.92
T,1770308,1,353478999,-1178094317,627388,14106052,3,31,1,-9.854,0.421,0.359,0.006,-0.013,0.006,66.74,1,941.24,46.05,665.54,1,939.09,47.18,636.56
T,1771294,1,353478995,-1178094316,627414,14106052,3,30,1,-9.858,0.412,0.345,0.006,-0.012,0.006,66.71,1,941.22,46.03,665.72,1,939.04,47.19,637.00
T,1772280,1,353478992,-1178094315,627448,14106052,3,31,1,-9.854,0.426,0.349,0.006,-0.013,0.006,66.76,1,941.22,46.04,665.72,1,939.09,47.17,636.56
T,1773270,1,353478992,-1178094314,627431,14106052,3,31,1,-9.858,0.402,0.340,0.007,-0.013,0.006,66.67,1,941.21,46.05,665.81,1,939.06,47.17,636.83
T,1774255,1,353478990,-1178094315,627425,14106052,3,30,1,-9.858,0.407,0.335,0.006,-0.013,0.006,66.74,1,941.22,46.06,665.72,1,939.03,47.18,637.09
T,1775364,1,353478990,-1178094317,627422,14106052,3,31,1,-9.854,0.407,0.349,0.006,-0.013,0.006,66.70,1,941.23,46.07,665.63,1,939.07,47.15,636.74
T,1776253,1,353478991,-1178094320,627347,14106052,3,31,1,-9.854,0.431,0.335,0.005,-0.015,0.007,66.71,1,941.23,46.06,665.63,1,939.00,47.16,637.36
T,1777239,1,353478991,-1178094323,627272,14106052,3,31,1,-9.849,0.412,0.335,0.006,-0.013,0.005,66.73,1,941.22,46.06,665.72,1,939.08,47.16,636.65
T,1778227,1,353478993,-1178094322,627202,14106052,3,30,1,-9.854,0.407,0.345,0.007,-0.013,0.005,66.73,1,941.18,46.07,666.08,1,939.10,47.17,636.47
T,1779214,1,353478993,-1178094321,627145,14106052,3,31,1,-9.854,0.421,0.345,0.006,-0.013,0.005,66.74,1,941.26,46.05,665.37,1,939.05,47.17,636.92
T,1780202,1,353478995,-1178094320,627040,14106052,3,31,1,-9.854,0.416,0.311,0.007,-0.012,0.006,66.73,1,941.18,46.03,666.08,1,939.09,47.16,636.56
T,1781291,1,353478995,-1178094322,626889,14106052,3,31,1,-9.858,0.402,0.268,0.006,-0.012,0.005,66.53,1,941.24,46.01,665.54,1,939.02,47.09,637.18
T,1782277,1,353478995,-1178094320,626738,14106052,3,31,1,-9.844,0.421,0.330,0.005,-0.013,0.006,66.64,1,941.19,45.99,665.99,1,939.04,47.06,637.00
T,1783272,1,353478995,-1178094321,626618,14106052,3,31,1,-9.863,0.397,0.345,0.007,-0.013,0.006,66.68,1,941.22,46.01,665.72,1,939.05,47.10,636.92
T,1784261,1,353478993,-1178094321,626495,14106052,3,31,1,-9.858,0.426,0.345,0.006,-0.012,0.006,66.71,1,941.21,46.00,665.81,1,939.09,47.11,636.56
T,1785247,1,353478992,-1178094323,626428,14106052,3,31,1,-9.863,0.421,0.340,0.007,-0.013,0.005,66.71,1,941.23,46.00,665.63,1,939.03,47.12,637.09
T,1786234,1,353478995,-1178094325,626422,14106052,3,31,1,-9.849,0.412,0.364,0.006,-0.012,0.006,66.70,1,941.21,46.00,665.81,1,939.06,47.12,636.83
T,1787222,1,353478995,-1178094326,626405,14106052,3,31,1,-9.858,0.421,0.349,0.006,-0.013,0.005,66.71,1,941.25,46.02,665.46,1,939.03,47.14,637.09
T,1788211,1,353478997,-1178094328,626458,14106052,3,31,1,-9.863,0.421,0.311,0.006,-0.013,0.006,66.60,1,941.21,46.01,665.81,1,939.04,47.10,637.00
T,1789297,1,353478999,-1178094326,626344,14106052,3,31,1,-9.854,0.412,0.254,0.007,-0.012,0.006,66.49,1,941.22,45.97,665.72,1,939.07,47.00,636.74
T,1790305,1,353478997,-1178094328,626324,14106052,3,31,1,-9.863,0.392,0.187,0.006,-0.012,0.006,66.28,1,941.18,45.92,666.08,1,939.03,46.88,637.09
T,1791292,1,353478994,-1178094328,626306,14106052,3,31,1,-9.858,0.412,0.244,0.009,-0.013,0.006,66.32,1,941.17,45.92,666.16,1,939.05,46.85,636.92
T,1792279,1,353478993,-1178094328,626262,14106052,3,31,1,-9.858,0.412,0.268,0.006,-0.012,0.005,66.26,1,941.24,45.91,665.54,1,939.02,46.82,637.18
T,1793272,1,353478991,-1178094335,626296,14106052,3,31,1,-9.858,0.431,0.306,0.006,-0.012,0.006,66.46,1,941.21,45.94,665.81,1,939.05,46.88,636.92
T,1794262,1,353478988,-1178094342,626364,14106052,3,31,1,-9.849,0.402,0.311,0.006,-0.013,0.006,66.52,1,941.22,45.99,665.72,1,939.03,46.93,637.09
T,1795248,1,353478987,-1178094345,626360,14106052,3,31,1,-9.849,0.431,0.340,0.006,-0.013,0.006,66.57,1,941.21,46.00,665.81,1,939.02,46.94,637.18
T,1796239,1,353478988,-1178094344,626358,14106052,3,31,1,-9.854,0.407,0.335,0.006,-0.013,0.006,66.61,1,941.21,46.00,665.81,1,939.04,46.99,637.00
T,1797235,1,353478994,-1178094341,626316,14106052,3,31,1,-9.854,0.416,0.335,0.006,-0.013,0.005,66.63,1,941.22,46.02,665.72,1,939.02,47.03,637.18
T,1798221,1,353479001,-1178094335,626224,14106052,3,31,1,-9.854,0.421,0.335,0.006,-0.013,0.006,66.66,1,941.22,46.04,665.72,1,939.03,47.07,637.09
T,1799312,1,353479005,-1178094328,626170,14106052,3,31,1,-9.854,0.407,0.335,0.007,-0.012,0.006,66.72,1,941.19,46.06,665.99,1,939.05,47.10,636.92
T,1800204,1,353479011,-1178094323,626129,14106052,3,31,1,-9.854,0.431,0.330,0.007,-0.012,0.006,66.66,1,941.23,46.07,665.63,1,939.08,47.09,636.65
T,1801293,1,353479014,-1178094321,626180,14106052,3,31,1,-9.858,0.421,0.330,0.009,-0.012,0.006,66.65,1,941.24,46.08,665.54,1,939.05,47.08,636.92
T,1802280,1,353479013,-1178094325,626359,14106052,3,31,1,-9.854,0.392,0.230,0.006,-0.013,0.006,66.37,1,941.23,46.03,665.63,1,939.06,46.96,636.83
T,1803265,1,353479011,-1178094326,626473,14106052,3,31,1,-9.863,0.383,0.211,0.006,-0.013,0.006,66.30,1,941.23,45.98,665.63,1,939.00,46.87,637.36
T,1804253,1,353479013,-1178094323,626522,14106052,3,31,1,-9.854,0.402,0.211,0.007,-0.013,0.006,66.36,1,941.21,45.99,665.81,1,939.06,46.84,636.83
T,1805240,1,353479017,-1178094318,626531,14106052,3,31,1,-9.854,0.416,0.282,0.005,-0.013,0.006,66.38,1,941.17,46.02,666.16,1,939.02,46.86,637.18
T,1806230,1,353479021,-1178094312,626483,14106052,3,31,1,-9.868,0.440,0.325,0.006,-0.012,0.006,66.54,1,941.20,46.05,665.90,1,939.05,46.92,636.92
T,1807225,1,353479024,-1178094308,626478,14106052,3,31,1,-9.858,0.407,0.297,0.007,-0.013,0.006,66.57,1,941.23,46.08,665.63,1,939.04,46.99,637.00
T,1808212,1,353479026,-1178094307,626459,14106052,3,31,1,-9.854,0.426,0.330,0.005,-0.012,0.007,66.53,1,941.24,46.07,665.54,1,939.07,46.97,636.74
T,1809197,1,353479028,-1178094309,626472,14106052,3,31,1,-9.858,0.431,0.335,0.007,-0.013,0.007,66.53,1,941.19,46.08,665.99,1,939.05,46.98,636.92
T,1810293,1,353479029,-1178094309,626501,14106052,3,31,1,-9.858,0.402,0.345,0.006,-0.013,0.006,66.58,1,941.19,46.09,665.99,1,939.02,47.01,637.18
T,1811346,1,353479026,-1178094313,626597,14106052,3,31,1,-9.858,0.440,0.316,0.007,-0.013,0.005,66.60,1,941.18,46.10,666.08,1,939.03,47.05,637.09
T,1812233,1,353479023,-1178094318,626755,14106052,3,30,1,-9.858,0.407,0.321,0.009,-0.013,0.005,66.68,1,941.16,46.11,666.25,1,939.01,47.06,637.27
T,1813219,1,353479024,-1178094323,626889,14106052,3,31,1,-9.873,0.416,0.292,0.006,-0.013,0.006,66.65,1,941.20,46.12,665.90,1,939.03,47.07,637.09
T,1814209,1,353479032,-1178094325,626933,14106052,3,31,1,-9.863,0.416,0.278,0.007,-0.013,0.006,66.59,1,941.22,46.12,665.72,1,939.02,47.03,637.18
T,1815197,1,353479037,-1178094327,627009,14106052,3,31,1,-9.858,0.435,0.278,0.007,-0.012,0.006,66.38,1,941.25,46.07,665.46,1,939.02,46.91,637.18
T,1816185,1,353479040,-1178094325,627104,14106052,3,31,1,-9.858,0.407,0.258,0.006,-0.013,0.006,66.43,1,941.22,46.08,665.72,1,939.02,46.95,637.18
T,1817273,1,353479040,-1178094326,627205,14106052,3,31,1,-9.858,0.435,0.311,0.007,-0.015,0.005,66.52,1,941.24,46.11,665.54,1,939.06,46.98,636.83
T,1818261,1,353479036,-1178094327,627352,14106052,3,31,1,-9.858,0.421,0.325,0.005,-0.015,0.006,66.62,1,941.21,46.13,665.81,1,939.05,47.02,636.92
T,1819252,1,353479037,-1178094327,627455,14106052,3,30,1,-9.863,0.421,0.335,0.006,-0.012,0.006,66.68,1,941.23,46.13,665.63,1,939.03,47.06,637.09
T,1820248,1,353479036,-1178094327,627566,14106052,3,31,1,-9.854,0.402,0.345,0.006,-0.013,0.006,66.71,1,941.20,46.14,665.90,1,939.04,47.09,637.00
T,1821235,1,353479034,-1178094329,627737,14106052,3,31,1,-9.873,0.397,0.345,0.007,-0.013,0.006,66.71,1,941.19,46.15,665.99,1,939.03,47.11,637.09
T,1822225,1,353479037,-1178094326,627779,14106052,3,31,1,-9.854,0.397,0.349,0.005,-0.013,0.006,66.76,1,941.22,46.15,665.72,1,939.05,47.12,636.92
T,1823212,1,353479038,-1178094323,627827,14106052,3,31,1,-9.854,0.402,0.196,0.005,-0.012,0.005,66.53,1,941.18,46.14,666.08,1,939.01,47.08,637.27
T,1824199,1,353479041,-1178094318,627832,14106052,3,31,1,-9.854,0.421,0.278,0.005,-0.013,0.006,66.52,1,941.21,46.10,665.81,1,939.03,47.03,637.09
T,1825287,1,353479043,-1178094316,627892,14106052,3,31,1,-9.863,0.388,0.211,0.006,-0.015,0.005,66.50,1,941.22,46.10,665.72,1,939.06,47.03,636.83
T,1826276,1,353479044,-1178094313,627922,14106052,3,31,1,-9.849,0.402,0.234,0.005,-0.012,0.006,66.23,1,941.20,45.97,665.90,1,939.06,46.92,636.83
T,1827261,1,353479047,-1178094309,627847,14106052,3,31,1,-9.854,0.402,0.191,0.005,-0.013,0.005,66.04,1,941.20,45.83,665.90,1,939.04,46.83,637.00
T,1828246,1,353479048,-1178094307,627853,14106052,3,31,1,-9.858,0.402,0.148,0.006,-0.012,0.005,65.96,1,941.24,45.79,665.54,1,939.02,46.72,637.18
T,1829233,1,353479050,-1178094303,627817,14106052,3,30,1,-9.849,0.383,0.124,0.007,-0.013,0.007,65.85,1,941.21,45.75,665.81,1,939.03,46.66,637.09
T,1830223,1,353479049,-1178094305,627877,14106052,3,31,1,-9.854,0.402,0.148,0.007,-0.012,0.006,65.82,1,941.18,45.70,666.08,1,939.05,46.67,636.92
T,1831311,1,353479047,-1178094308,627926,14106052,3,31,1,-9.858,0.402,0.177,0.009,-0.012,0.005,65.86,1,941.17,45.71,666.16,1,939.03,46.68,637.09
T,1832197,1,353479046,-1178094309,627829,14106052,3,31,1,-9.858,0.407,0.144,0.009,-0.013,0.005,65.73,1,941.18,45.69,666.08,1,939.04,46.65,637.00
T,1833287,1,353479047,-1178094314,627782,14106052,3,31,1,-9.854,0.397,0.077,0.005,-0.013,0.005,65.60,1,941.19,45.65,665.99,1,939.04,46.60,637.00
T,1834273,1,353479048,-1178094319,627709,14106052,3,31,1,-9.854,0.421,0.196,0.006,-0.013,0.005,65.76,1,941.22,45.69,665.72,1,939.08,46.64,636.65
T,1835259,1,353479051,-1178094321,627558,14106052,3,31,1,-9.854,0.402,0.287,0.006,-0.012,0.006,65.96,1,941.21,45.76,665.81,1,939.06,46.71,636.83
T,1836247,1,353479049,-1178094325,627498,14106052,3,32,1,-9.858,0.416,0.311,0.006,-0.012,0.006,66.23,1,941.23,45.82,665.63,1,939.05,46.76,636.92
T,1837237,1,353479050,-1178094326,627416,14106052,3,32,1,-9.858,0.421,0.311,0.007,-0.012,0.006,66.29,1,941.19,45.86,665.99,1,939.07,46.81,636.74
T,1838224,1,353479054,-1178094325,627369,14106052,3,32,1,-9.854,0.412,0.287,0.005,-0.013,0.005,66.27,1,941.21,45.86,665.81,1,939.02,46.80,637.18
T,1839211,1,353479058,-1178094325,627318,14106052,3,31,1,-9.858,0.388,0.278,0.009,-0.012,0.005,66.28,1,941.20,45.88,665.90,1,939.09,46.81,636.56
T,1840198,1,353479061,-1178094325,627272,14106052,3,31,1,-9.854,0.416,0.282,0.006,-0.013,0.006,66.24,1,941.23,45.89,665.63,1,939.06,46.81,636.83
T,1841182,1,353479066,-1178094323,627217,14106052,3,31,1,-9.854,0.421,0.282,0.006,-0.013,0.006,66.11,1,941.19,45.85,665.99,1,939.03,46.76,637.09
T,1842268,1,353479067,-1178094324,627243,14106052,3,31,1,-9.849,0.402,0.258,0.006,-0.013,0.006,66.10,1,941.17,45.85,666.16,1,939.05,46.73,636.92
T,1843257,1,353479068,-1178094326,627305,14106052,3,31,1,-9.849,0.431,0.292,0.007,-0.012,0.006,66.12,1,941.21,45.85,665.81,1,939.06,46.70,636.83
T,1844249,1,353479068,-1178094329,627369,14106052,3,31,1,-9.854,0.421,0.172,0.007,-0.013,0.006,65.96,1,941.20,45.79,665.90,1,939.05,46.65,636.92
T,1845235,1,353479073,-1178094325,627431,14106052,3,31,1,-9.844,0.392,0.177,0.006,-0.013,0.005,65.77,1,941.19,45.67,665.99,1,939.00,46.60,637.36
T,1846222,1,353479078,-1178094325,627486,14106052,3,32,1,-9.854,0.412,0.134,0.007,-0.013,0.005,65.85,1,941.19,45.67,665.99,1,939.03,46.59,637.09
T,1847215,1,353479085,-1178094325,627548,14106052,3,31,1,-9.858,0.388,0.196,0.005,-0.015,0.006,65.90,1,941.20,45.70,665.90,1,939.03,46.54,637.09
T,1848202,1,353479091,-1178094324,627636,14106052,3,31,1,-9.854,0.421,0.167,0.007,-0.012,0.005,65.78,1,941.20,45.69,665.90,1,939.05,46.46,636.92
T,1849189,1,353479098,-1178094321,627597,14106052,3,31,1,-9.858,0.407,0.301,0.009,-0.012,0.005,66.05,1,941.21,45.74,665.81,1,939.05,46.53,636.92
T,1850177,1,353479105,-1178094320,627571,14106052,3,31,1,-9.849,0.388,0.273,0.002,-0.012,0.006,66.21,1,941.19,45.80,665.99,1,939.06,46.66,636.83
T,1851271,1,353479107,-1178094321,627631,14106052,3,31,1,-9.858,0.431,0.273,0.007,-0.013,0.005,66.10,1,941.17,45.81,666.16,1,939.10,46.64,636.47
T,1852256,1,353479112,-1178094316,627617,14106052,3,31,1,-9.858,0.397,0.292,0.007,-0.012,0.006,66.19,1,941.22,45.81,665.72,1,939.03,46.64,637.09
T,1853247,1,353479110,-1178094323,627807,14106052,3,31,1,-9.854,0.416,0.330,0.005,-0.012,0.006,66.30,1,941.21,45.84,665.81,1,939.07,46.69,636.74
T,1854234,1,353479114,-1178094321,627795,14106052,3,31,1,-9.854,0.392,0.330,0.007,-0.013,0.006,66.32,1,941.18,45.86,666.08,1,939.04,46.72,637.00
T,1855221,1,353479116,-1178094319,627852,14106052,3,32,1,-9.868,0.383,0.345,0.006,-0.013,0.006,66.43,1,941.18,45.87,666.08,1,939.04,46.75,637.00
T,1856311,1,353479114,-1178094317,627989,14106052,3,32,1,-9.844,0.402,0.330,0.005,-0.013,0.006,66.45,1,941.19,45.90,665.99,1,939.03,46.79,637.09
T,1857301,1,353479112,-1178094317,628109,14106052,3,32,1,-9.858,0.407,0.335,0.006,-0.012,0.005,66.48,1,941.18,45.91,666.08,1,939.05,46.82,636.92
T,1858296,1,353479110,-1178094318,628220,14106052,3,32,1,-9.858,0.416,0.345,0.005,-0.012,0.005,66.48,1,941.19,45.91,665.99,1,939.07,46.85,636.74
T,1859286,1,353479109,-1178094320,628286,14106052,3,32,1,-9.849,0.412,0.335,0.006,-0.015,0.006,66.50,1,941.22,45.92,665.72,1,939.06,46.87,636.83
T,1860277,1,353479109,-1178094321,628326,14106052,3,32,1,-9.858,0.431,0.368,0.006,-0.013,0.006,66.52,1,941.22,45.94,665.72,1,939.08,46.88,636.65
T,1861268,1,353479109,-1178094326,628295,14106052,3,32,1,-9.863,0.421,0.340,0.004,-0.012,0.006,66.51,1,941.25,45.95,665.46,1,939.03,46.90,637.09
T,1862255,1,353479109,-1178094335,628293,14106052,3,31,1,-9.849,0.435,0.316,0.007,-0.011,0.006,66.49,1,941.23,45.95,665.63,1,939.06,46.91,636.83
T,1863243,1,353479107,-1178094341,628316,14106052,3,32,1,-9.849,0.392,0.321,0.004,-0.012,0.005,66.52,1,941.21,45.95,665.81,1,939.07,46.92,636.74
T,1864233,1,353479105,-1178094346,628268,14106052,3,32,1,-9.863,0.431,0.330,0.006,-0.012,0.006,66.54,1,941.22,45.96,665.72,1,939.04,46.95,637.00
T,1865219,1,353479104,-1178094352,628225,14106052,3,32,1,-9.868,0.392,0.345,0.006,-0.012,0.007,66.58,1,941.24,45.99,665.54,1,939.06,46.96,636.83
T,1866205,1,353479105,-1178094357,628191,14106052,3,32,1,-9.854,0.392,0.321,0.005,-0.013,0.006,66.59,1,941.21,46.00,665.81,1,939.08,46.98,636.65
T,1867298,1,353479106,-1178094365,628144,14106052,3,32,1,-9.849,0.431,0.335,0.010,-0.012,0.006,66.61,1,941.17,45.99,666.16,1,939.06,46.98,636.83
T,1868283,1,353479107,-1178094372,628072,14106052,3,32,1,-9.854,0.412,0.345,0.006,-0.013,0.005,66.59,1,941.23,46.00,665.63,1,939.05,46.99,636.92
T,1869271,1,353479110,-1178094377,628005,14106052,3,32,1,-9.854,0.426,0.335,0.006,-0.012,0.006,66.63,1,941.22,46.01,665.72,1,939.06,47.01,636.83
T,1870255,1,353479112,-1178094382,627939,14106052,3,32,1,-9.858,0.402,0.354,0.007,-0.013,0.005,66.68,1,941.20,46.03,665.90,1,939.06,47.02,636.83
T,1871253,1,353479115,-1178094388,627936,14106052,3,32,1,-9.868,0.412,0.354,0.006,-0.013,0.006,66.71,1,941.21,46.05,665.81,1,939.10,47.04,636.47
T,1872240,1,353479118,-1178094393,627908,14106052,3,32,1,-9.858,0.426,0.345,0.006,-0.012,0.006,66.71,1,941.23,46.06,665.63,1,939.06,47.04,636.83
T,1873233,1,353479122,-1178094396,627872,14106052,3,32,1,-9.863,0.402,0.354,0.005,-0.013,0.006,66.68,1,941.24,46.05,665.54,1,939.04,47.04,637.00
T,1874223,1,353479123,-1178094402,627836,14106052,3,32,1,-9.863,0.431,0.340,0.006,-0.013,0.006,66.70,1,941.18,46.05,666.08,1,939.07,47.05,636.74
T,1875211,1,353479124,-1178094406,627844,14106052,3,32,1,-9.854,0.426,0.349,0.007,-0.015,0.005,66.68,1,941.19,46.06,665.99,1,939.06,47.06,636.83
T,1876196,1,353479125,-1178094413,627806,14106052,3,32,1,-9.854,0.412,0.268,0.007,-0.013,0.006,66.55,1,941.22,46.03,665.72,1,939.04,46.98,637.00
T,1877283,1,353479125,-1178094419,627763,14106052,3,32,1,-9.858,0.392,0.335,0.006,-0.012,0.005,66.56,1,941.20,45.99,665.90,1,939.03,46.95,637.09
T,1878271,1,353479126,-1178094417,627672,14106052,3,32,1,-9.849,0.426,0.321,0.006,-0.013,0.006,66.63,1,941.22,46.02,665.72,1,939.04,46.98,637.00
T,1879257,1,353479129,-1178094413,627507,14106052,3,32,1,-9.854,0.416,0.325,0.007,-0.013,0.007,66.64,1,941.22,46.05,665.72,1,939.01,46.99,637.27
T,1880248,1,353479129,-1178094416,627407,14106052,3,32,1,-9.858,0.407,0.335,0.006,-0.012,0.006,66.66,1,941.23,46.06,665.63,1,939.01,46.99,637.27
T,1881240,1,353479130,-1178094415,627396,14106052,3,32,1,-9.854,0.421,0.325,0.009,-0.013,0.005,66.62,1,941.20,46.06,665.90,1,939.05,47.00,636.92
T,1882228,1,353479129,-1178094414,627371,14106052,3,32,1,-9.849,0.416,0.340,0.006,-0.012,0.007,66.65,1,941.24,46.07,665.54,1,939.02,47.02,637.18
T,1883213,1,353479129,-1178094411,627322,14106052,3,32,1,-9.858,0.407,0.340,0.007,-0.015,0.006,66.75,1,941.24,46.09,665.54,1,939.03,47.05,637.09
T,1884300,1,353479128,-1178094410,627299,14106052,3,32,1,-9.854,0.416,0.340,0.007,-0.012,0.006,66.75,1,941.25,46.10,665.46,1,939.05,47.07,636.92
T,1885287,1,353479127,-1178094413,627254,14106052,3,32,1,-9.854,0.421,0.345,0.006,-0.013,0.006,66.77,1,941.20,46.10,665.90,1,939.11,47.09,636.39
T,1886274,1,353479125,-1178094416,627300,14106052,3,32,1,-9.854,0.416,0.349,0.006,-0.015,0.005,66.75,1,941.19,46.10,665.99,1,939.04,47.10,637.00
T,1887261,1,353479125,-1178094417,627307,14106052,3,32,1,-9.858,0.412,0.354,0.007,-0.013,0.006,66.78,1,941.25,46.10,665.46,1,939.06,47.11,636.83
T,1888253,1,353479125,-1178094421,627339,14106052,3,32,1,-9.854,0.416,0.345,0.005,-0.015,0.006,66.77,1,941.21,46.09,665.81,1,939.04,47.10,637.00
T,1889238,1,353479124,-1178094424,627291,14106052,3,32,1,-9.858,0.416,0.340,0.006,-0.012,0.006,66.77,1,941.21,46.10,665.81,1,939.05,47.11,636.92
T,1890224,1,353479124,-1178094426,627261,14106052,3,32,1,-9.858,0.416,0.354,0.007,-0.013,0.006,66.75,1,941.27,46.10,665.28,1,939.06,47.11,636.83
T,1891211,1,353479126,-1178094427,627218,14106052,3,32,1,-9.854,0.407,0.373,0.005,-0.013,0.006,66.77,1,941.20,46.09,665.90,1,939.06,47.10,636.83
T,1892302,1,353479125,-1178094427,627201,14106052,3,31,1,-9.858,0.431,0.359,0.006,-0.013,0.005,66.78,1,941.19,46.07,665.99,1,939.05,47.09,636.92
T,1893291,1,353479126,-1178094425,627138,14106052,3,32,1,-9.858,0.402,0.368,0.007,-0.012,0.005,66.77,1,941.22,46.07,665.72,1,939.04,47.07,637.00
T,1894279,1,353479126,-1178094423,627116,14106052,3,32,1,-9.863,0.426,0.364,0.004,-0.013,0.007,66.74,1,941.19,46.05,665.99,1,939.05,47.05,636.92
T,1895274,1,353479124,-1178094420,627119,14106052,3,32,1,-9.863,0.407,0.349,0.007,-0.015,0.005,66.70,1,941.19,46.03,665.99,1,939.02,47.04,637.18
T,1896262,1,353479123,-1178094415,627150,14106052,3,31,1,-9.849,0.407,0.359,0.004,-0.013,0.006,66.70,1,941.21,46.02,665.81,1,939.06,47.06,636.83
T,1897251,1,353479123,-1178094410,627157,14106052,3,31,1,-9.858,0.431,0.330,0.005,-0.012,0.005,66.71,1,941.22,46.02,665.72,1,939.06,47.08,636.83
T,1898239,1,353479125,-1178094403,627134,14106052,3,31,1,-9.854,0.402,0.349,0.009,-0.015,0.005,66.68,1,941.21,46.03,665.81,1,939.03,47.09,637.09
T,1899235,1,353479124,-1178094400,627152,14106052,3,31,1,-9.858,0.431,0.330,0.006,-0.013,0.006,66.67,1,941.21,46.03,665.81,1,939.07,47.09,636.74
T,1900223,1,353479123,-1178094395,627193,14106052,3,31,1,-9.873,0.435,0.330,0.009,-0.013,0.006,66.60,1,941.19,46.00,665.99,1,939.01,47.06,637.27
T,1901212,1,353479122,-1178094391,627262,14106052,3,32,1,-9.858,0.416,0.345,0.006,-0.013,0.006,66.68,1,941.19,45.95,665.99,1,939.04,47.02,637.00
T,1902202,1,353479120,-1178094386,627310,14106052,3,32,1,-9.849,0.416,0.359,0.007,-0.013,0.005,66.67,1,941.20,45.93,665.90,1,939.07,47.02,636.74
T,1903290,1,353479119,-1178094382,627347,14106052,3,31,1,-9.854,0.431,0.359,0.006,-0.013,0.006,66.66,1,941.23,45.92,665.63,1,939.02,47.01,637.18
T,1904275,1,353479119,-1178094376,627394,14106052,3,32,1,-9.854,0.450,0.321,0.007,-0.012,0.006,66.64,1,941.19,45.90,665.99,1,939.05,47.03,636.92
T,1905265,1,353479118,-1178094371,627458,14106052,3,32,1,-9.863,0.416,0.373,0.006,-0.012,0.006,66.64,1,941.13,45.89,666.52,1,939.06,47.03,636.83
T,1906260,1,353479117,-1178094366,627508,14106052,3,31,1,-9.849,0.435,0.345,0.007,-0.013,0.006,66.57,1,941.22,45.88,665.72,1,939.03,47.01,637.09
T,1907251,1,353479116,-1178094361,627535,14106052,3,32,1,-9.849,0.431,0.340,0.005,-0.012,0.006,66.60,1,941.20,45.88,665.90,1,939.04,47.01,637.00
T,1908238,1,353479116,-1178094355,627587,14106052,3,32,1,-9.854,0.426,0.364,0.005,-0.013,0.007,66.61,1,941.24,45.86,665.54,1,939.07,47.00,636.74
T,1909228,1,353479115,-1178094352,627662,14106052,3,32,1,-9.849,0.445,0.345,0.005,-0.013,0.007,66.58,1,941.22,45.87,665.72,1,939.04,47.01,637.00
T,1910216,1,353479114,-1178094347,627658,14106052,3,32,1,-9.858,0.412,0.345,0.006,-0.013,0.005,66.60,1,941.18,45.87,666.08,1,939.06,47.02,636.83
T,1911307,1,353479112,-1178094342,627651,14106052,3,32,1,-9.863,0.421,0.340,0.006,-0.013,0.006,66.61,1,941.20,45.87,665.90,1,939.05,47.03,636.92
T,1912192,1,353479112,-1178094338,627643,14106052,3,32,1,-9.858,0.407,0.349,0.006,-0.013,0.006,66.62,1,941.21,45.88,665.81,1,939.06,47.04,636.83
T,1913283,1,353479109,-1178094336,627666,14106052,3,31,1,-9.854,0.416,0.340,0.006,-0.013,0.006,66.65,1,941.24,45.90,665.54,1,939.09,47.06,636.56
T,1914269,1,353479110,-1178094332,627658,14106052,3,31,1,-9.858,0.421,0.349,0.005,-0.013,0.006,66.61,1,941.19,45.91,665.99,1,939.05,47.07,636.92
T,1915257,1,353479108,-1178094331,627658,14106052,3,31,1,-9.863,0.431,0.364,0.006,-0.013,0.006,66.64,1,941.26,45.91,665.37,1,939.04,47.07,637.00
T,1916248,1,353479110,-1178094326,627601,14106052,3,31,1,-9.858,0.412,0.335,0.007,-0.012,0.005,66.62,1,941.19,45.91,665.99,1,939.03,47.05,637.09
T,1917233,1,353479111,-1178094321,627506,14106052,3,31,1,-9.854,0.412,0.340,0.004,-0.012,0.006,66.61,1,941.20,45.92,665.90,1,939.03,47.06,637.09
T,1918225,1,353479113,-1178094319,627360,14106052,3,31,1,-9.863,0.426,0.364,0.006,-0.013,0.006,66.63,1,941.25,45.91,665.46,1,939.08,47.05,636.65
T,1919223,1,353479115,-1178094314,627196,14106052,3,31,1,-9.849,0.426,0.354,0.007,-0.013,0.005,66.58,1,941.18,45.92,666.08,1,939.07,47.04,636.74
T,1920212,1,353479117,-1178094309,627041,14106052,3,32,1,-9.858,0.431,0.349,0.006,-0.013,0.006,66.59,1,941.19,45.91,665.99,1,939.08,47.05,636.65
T,1921203,1,353479119,-1178094309,626893,14106052,3,32,1,-9.854,0.412,0.330,0.006,-0.012,0.006,66.61,1,941.21,45.91,665.81,1,939.00,47.05,637.36
T,1922195,1,353479120,-1178094307,626810,14106052,3,31,1,-9.849,0.431,0.330,0.006,-0.013,0.006,66.58,1,941.21,45.93,665.81,1,939.07,47.03,636.74
T,1923285,1,353479121,-1178094306,626758,14106052,3,32,1,-9.849,0.416,0.306,0.007,-0.013,0.006,66.55,1,941.25,45.92,665.46,1,939.06,47.02,636.83
T,1924280,1,353479123,-1178094305,626719,14106052,3,32,1,-9.858,0.421,0.287,0.006,-0.013,0.006,66.45,1,941.20,45.89,665.90,1,939.06,46.96,636.83
T,1925266,1,353479127,-1178094305,626661,14106052,3,31,1,-9.854,0.407,0.311,0.006,-0.013,0.006,66.50,1,941.20,45.90,665.90,1,939.01,46.96,637.27
T,1926255,1,353479127,-1178094306,626642,14106052,3,32,1,-9.849,0.431,0.311,0.002,-0.013,0.005,66.52,1,941.18,45.92,666.08,1,939.03,46.98,637.09
T,1927257,1,353479129,-1178094312,626619,14106052,3,32,1,-9.854,0.421,0.301,0.005,-0.013,0.006,66.54,1,941.24,45.95,665.54,1,939.07,46.97,636.74
T,1928246,1,353479131,-1178094316,626578,14106052,3,31,1,-9.858,0.412,0.325,0.007,-0.013,0.005,66.53,1,941.20,45.95,665.90,1,939.09,46.97,636.56
T,1929231,1,353479134,-1178094320,626537,14106052,3,32,1,-9.854,0.416,0.340,0.007,-0.013,0.006,66.60,1,941.24,45.97,665.54,1,939.01,47.03,637.27
T,1930222,1,353479135,-1178094323,626518,14106052,3,32,1,-9.849,0.421,0.330,0.005,-0.013,0.007,66.62,1,941.19,45.99,665.99,1,939.05,47.07,636.92
T,1931309,1,353479139,-1178094326,626501,14106052,3,31,1,-9.854,0.416,0.359,0.006,-0.012,0.005,66.68,1,941.22,46.00,665.72,1,939.06,47.08,636.83
T,1932205,1,353479142,-1178094326,626514,14106052,3,32,1,-9.863,0.421,0.335,0.007,-0.012,0.006,66.71,1,941.20,46.01,665.90,1,939.06,47.09,636.83
T,1933296,1,353479143,-1178094331,626597,14106052,3,32,1,-9.868,0.402,0.292,0.006,-0.012,0.005,66.69,1,941.20,46.02,665.90,1,939.11,47.10,636.39
T,1934188,1,353479143,-1178094330,626682,14106052,3,32,1,-9.858,0.412,0.316,0.006,-0.013,0.005,66.66,1,941.21,46.03,665.81,1,939.03,47.06,637.09
T,1935276,1,353479146,-1178094332,626786,14106052,3,30,1,-9.858,0.421,0.282,0.006,-0.012,0.006,66.57,1,941.22,46.04,665.72,1,939.05,47.02,636.92
T,1936275,1,353479146,-1178094336,626857,14106052,3,32,1,-9.854,0.416,0.292,0.007,-0.013,0.006,66.55,1,941.22,46.04,665.72,1,939.06,46.99,636.83
T,1937273,1,353479146,-1178094341,626875,14106052,3,32,1,-9.858,0.421,0.301,0.005,-0.013,0.005,66.46,1,941.22,46.03,665.72,1,939.06,46.96,636.83
T,1938260,1,353479147,-1178094343,626862,14106052,3,32,1,-9.854,0.426,0.325,0.006,-0.013,0.006,66.56,1,941.20,46.04,665.90,1,939.05,46.98,636.92
T,1939245,1,353479149,-1178094345,626850,14106052,3,31,1,-9.854,0.416,0.340,0.006,-0.013,0.006,66.62,1,941.19,46.07,665.99,1,939.06,47.01,636.83
T,1940235,1,353479150,-1178094346,626830,14106052,3,32,1,-9.849,0.407,0.234,0.006,-0.013,0.006,66.67,1,941.22,46.09,665.72,1,939.02,47.04,637.18
T,1941223,1,353479152,-1178094346,626792,14106052,3,32,1,-9.858,0.416,0.244,0.007,-0.013,0.006,66.47,1,941.20,46.07,665.90,1,939.04,46.97,637.00
T,1942216,1,353479156,-1178094346,626710,14106052,3,32,1,-9.854,0.421,0.268,0.006,-0.015,0.006,66.40,1,941.20,46.03,665.90,1,939.05,46.92,636.92
T,1943202,1,353479155,-1178094347,626696,14106052,3,32,1,-9.858,0.426,0.273,0.006,-0.013,0.005,66.39,1,941.22,46.04,665.72,1,939.03,46.94,637.09
T,1944193,1,353479155,-1178094347,626668,14106052,3,32,1,-9.854,0.388,0.182,0.006,-0.013,0.007,66.30,1,941.21,46.05,665.81,1,939.06,46.94,636.83
T,1945281,1,353479148,-1178094359,626796,14106052,3,32,1,-9.854,0.402,0.148,0.007,-0.013,0.006,66.12,1,941.14,46.02,666.43,1,939.06,46.86,636.83
T,1946268,1,353479144,-1178094367,626847,14106052,3,32,1,-9.854,0.378,0.187,0.006,-0.012,0.006,66.13,1,941.17,46.01,666.16,1,939.01,46.83,637.27
T,1947255,1,353479139,-1178094371,626881,14106052,3,32,1,-9.854,0.407,0.187,0.006,-0.013,0.006,66.08,1,941.17,46.01,666.16,1,939.04,46.82,637.00
T,1948242,1,353479135,-1178094372,626908,14106052,3,32,1,-9.854,0.402,0.191,0.006,-0.013,0.007,66.21,1,941.21,46.00,665.81,1,939.02,46.78,637.18
T,1949236,1,353479130,-1178094376,626929,14106052,3,32,1,-9.863,0.402,0.225,0.006,-0.013,0.006,66.22,1,941.19,46.01,665.99,1,939.07,46.82,636.74
T,1950227,1,353479125,-1178094378,626974,14106052,3,32,1,-9.854,0.407,0.258,0.006,-0.015,0.005,66.27,1,941.21,46.03,665.81,1,939.07,46.84,636.74
T,1951217,1,353479118,-1178094384,627009,14106052,3,32,1,-9.863,0.407,0.292,0.006,-0.013,0.006,66.29,1,941.18,46.05,666.08,1,938.99,46.86,637.45
T,1952204,1,353479115,-1178094390,627056,14106052,3,32,1,-9.849,0.402,0.287,0.006,-0.013,0.006,66.43,1,941.22,46.06,665.72,1,939.02,46.88,637.18
T,1953192,1,353479111,-1178094392,627080,14106052,3,32,1,-9.858,0.431,0.278,0.007,-0.013,0.006,66.46,1,941.25,46.08,665.46,1,939.05,46.90,636.92
T,1954185,1,353479107,-1178094395,627095,14106052,3,32,1,-9.854,0.421,0.220,0.006,-0.013,0.006,66.33,1,941.20,46.09,665.90,1,939.07,46.89,636.74
T,1955273,1,353479106,-1178094392,627030,14106052,3,31,1,-9.854,0.397,0.153,0.007,-0.013,0.006,66.02,1,941.24,46.05,665.54,1,939.07,46.79,636.74
T,1956260,1,353479104,-1178094392,626970,14106052,3,32,1,-9.849,0.392,0.239,0.005,-0.015,0.005,66.19,1,941.18,46.02,666.08,1,939.04,46.77,637.00
T,1957249,1,353479103,-1178094395,626937,14106052,3,32,1,-9.854,0.397,0.297,0.006,-0.013,0.006,66.26,1,941.18,46.03,666.08,1,939.04,46.79,637.00
T,1958238,1,353479093,-1178094413,627141,14106052,3,32,1,-9.854,0.397,0.167,0.010,-0.013,0.006,66.06,1,941.21,46.02,665.81,1,939.04,46.75,637.00
T,1959222,1,353479088,-1178094420,627220,14106052,3,32,1,-9.844,0.378,0.234,0.004,-0.012,0.005,65.95,1,941.18,45.96,666.08,1,939.02,46.67,637.18
T,1960209,1,353479081,-1178094433,627361,14106052,3,32,1,-9.858,0.402,0.239,0.015,-0.013,0.007,66.08,1,941.19,45.96,665.99,1,939.02,46.69,637.18
T,1961201,1,353479077,-1178094445,627434,14106052,3,32,1,-9.849,0.392,0.148,0.009,-0.013,0.006,65.83,1,941.15,45.92,666.34,1,939.04,46.60,637.00
T,1962190,1,353479077,-1178094446,627335,14106052,3,31,1,-9.863,0.412,0.177,0.004,-0.013,0.006,65.68,1,941.19,45.86,665.99,1,939.05,46.49,636.92
T,1963176,1,353479077,-1178094445,627263,14106052,3,32,1,-9.854,0.402,0.000,0.002,-0.012,0.005,65.46,1,941.18,45.83,666.08,1,939.03,46.42,637.09
T,1964264,1,353479075,-1178094444,627193,14106052,3,32,1,-9.844,0.402,-0.048,0.001,-0.013,0.006,65.08,1,941.18,45.75,666.08,1,939.05,46.29,636.92
T,1965258,1,353479073,-1178094442,627094,14106052,3,31,1,-9.849,0.412,-0.086,0.010,-0.013,0.006,64.96,1,941.20,45.73,665.90,1,939.08,46.24,636.65
T,1966250,1,353479072,-1178094442,626981,14106052,3,32,1,-9.854,0.378,-0.053,0.005,-0.012,0.006,64.92,1,941.15,45.69,666.34,1,939.03,46.18,637.09
T,1967239,1,353479071,-1178094441,626918,14106052,3,32,1,-9.844,0.397,-0.038,0.005,-0.012,0.006,64.77,1,941.23,45.64,665.63,1,939.03,46.10,637.09
T,1968238,1,353479063,-1178094459,627103,14106052,3,32,1,-9.839,0.364,-0.077,0.009,-0.012,0.005,64.71,1,941.19,45.60,665.99,1,939.05,46.05,636.92
T,1969230,1,353479059,-1178094470,627176,14106052,3,32,1,-9.849,0.368,-0.029,0.007,-0.013,0.005,64.69,1,941.21,45.56,665.81,1,939.05,46.00,636.92
T,1970219,1,353479051,-1178094487,627352,14106052,3,32,1,-9.844,0.378,-0.077,0.006,-0.013,0.006,64.52,1,941.18,45.47,666.08,1,939.07,45.98,636.74
T,1971214,1,353479046,-1178094495,627389,14106052,3,32,1,-9.839,0.383,-0.005,0.006,-0.012,0.005,64.49,1,941.22,45.35,665.72,1,939.04,45.96,637.00
T,1972208,1,353479039,-1178094510,627479,14106052,3,32,1,-9.844,0.383,0.067,0.006,-0.013,0.006,64.61,1,941.17,45.26,666.16,1,939.02,45.90,637.18
T,1973210,1,353479030,-1178094527,627647,14106052,3,32,1,-9.854,0.402,0.081,0.006,-0.012,0.006,64.94,1,941.19,45.28,665.99,1,939.04,45.95,637.00
T,1974194,1,353479025,-1178094536,627756,14106052,3,32,1,-9.849,0.397,0.120,0.005,-0.013,0.006,64.91,1,941.21,45.30,665.81,1,939.04,45.99,637.00
T,1975281,1,353479020,-1178094544,627812,14106052,3,32,1,-9.854,0.402,0.196,0.005,-0.012,0.006,65.07,1,941.24,45.32,665.54,1,939.05,46.06,636.92
T,1976268,1,353479015,-1178094552,627928,14106052,3,32,1,-9.844,0.397,0.148,0.006,-0.012,0.006,65.24,1,941.20,45.35,665.90,1,939.06,46.12,636.83
T,1977253,1,353479011,-1178094560,628032,14106052,3,32,1,-9.858,0.407,0.167,0.005,-0.012,0.005,65.27,1,941.20,45.35,665.90,1,939.07,46.13,636.74
T,1978238,1,353479009,-1178094566,628107,14106052,3,32,1,-9.854,0.407,0.230,0.006,-0.013,0.006,65.31,1,941.19,45.38,665.99,1,939.06,46.14,636.83
T,1979228,1,353479007,-1178094569,628109,14106052,3,32,1,-9.854,0.412,0.297,0.007,-0.013,0.005,65.51,1,941.19,45.40,665.99,1,939.06,46.16,636.83
T,1980219,1,353479005,-1178094573,628083,14106052,3,32,1,-9.839,0.402,0.167,0.006,-0.012,0.005,65.52,1,941.23,45.42,665.63,1,939.05,46.20,636.92
T,1981216,1,353479003,-1178094575,628037,14106052,3,32,1,-9.849,0.431,0.325,0.006,-0.012,0.006,65.59,1,941.20,45.42,665.90,1,939.05,46.23,636.92
T,1982302,1,353479003,-1178094575,628056,14106052,3,32,1,-9.854,0.421,0.263,0.007,-0.012,0.005,65.62,1,941.20,45.44,665.90,1,939.05,46.26,636.92
T,1983188,1,353479000,-1178094574,628183,14106052,3,32,1,-9.854,0.412,0.287,0.007,-0.013,0.006,65.58,1,941.21,45.44,665.81,1,939.03,46.24,637.09
T,1984273,1,353478997,-1178094573,628307,14106052,3,32,1,-9.854,0.421,0.321,0.007,-0.012,0.006,65.75,1,941.22,45.44,665.72,1,939.04,46.26,637.00
T,1985258,1,353478995,-1178094570,628397,14106052,3,32,1,-9.863,0.416,0.335,0.007,-0.012,0.006,65.77,1,941.16,45.46,666.25,1,939.05,46.30,636.92
T,1986249,1,353478995,-1178094562,628425,14106052,3,32,1,-9.844,0.416,0.325,0.006,-0.015,0.006,65.80,1,941.20,45.47,665.90,1,939.05,46.34,636.92
T,1987246,1,353478994,-1178094557,628403,14106052,3,32,1,-9.863,0.416,0.321,0.006,-0.013,0.006,65.89,1,941.24,45.48,665.54,1,939.02,46.36,637.18
T,1988232,1,353478994,-1178094549,628406,14106052,3,32,1,-9.844,0.412,0.254,0.006,-0.013,0.006,65.82,1,941.21,45.50,665.81,1,939.09,46.38,636.56
T,1989228,1,353478995,-1178094544,628429,14106052,3,32,1,-9.858,0.416,0.306,0.006,-0.015,0.006,65.76,1,941.17,45.50,666.16,1,939.02,46.35,637.18
T,1990227,1,353478994,-1178094539,628459,14106052,3,32,1,-9.858,0.416,0.292,0.005,-0.012,0.006,65.76,1,941.20,45.51,665.90,1,939.05,46.36,636.92
T,1991212,1,353478993,-1178094535,628493,14106052,3,32,1,-9.849,0.412,0.278,0.006,-0.013,0.006,65.85,1,941.18,45.52,666.08,1,939.03,46.39,637.09
T,1992198,1,353478994,-1178094530,628468,14106052,3,32,1,-9.839,0.402,0.278,0.006,-0.013,0.005,65.78,1,941.20,45.54,665.90,1,939.05,46.40,636.92
T,1993192,1,353478993,-1178094525,628459,14106052,3,32,1,-9.863,0.407,0.316,0.006,-0.013,0.007,65.84,1,941.18,45.55,666.08,1,939.01,46.39,637.27
T,1994178,1,353478992,-1178094520,628438,14106052,3,32,1,-9.849,0.426,0.330,0.006,-0.012,0.006,65.96,1,941.21,45.57,665.81,1,939.03,46.42,637.09
T,1995271,1,353478988,-1178094514,628513,14106052,3,32,1,-9.858,0.421,0.335,0.007,-0.013,0.005,66.00,1,941.21,45.58,665.81,1,939.07,46.46,636.74
T,1996257,1,353478987,-1178094503,628702,14106052,3,32,1,-9.863,0.426,0.340,0.006,-0.013,0.006,66.01,1,941.21,45.58,665.81,1,939.04,46.48,637.00
T,1997248,1,353478982,-1178094500,628816,14106052,3,32,1,-9.854,0.421,0.349,0.007,-0.013,0.006,66.04,1,941.20,45.59,665.90,1,939.05,46.51,636.92
T,1998240,1,353478980,-1178094494,628919,14106052,3,31,1,-9.863,0.412,0.345,0.006,-0.012,0.005,66.06,1,941.20,45.60,665.90,1,939.03,46.52,637.09
T,1999226,1,353478975,-1178094490,628989,14106052,3,32,1,-9.854,0.412,0.335,0.007,-0.013,0.005,66.14,1,941.21,45.61,665.81,1,939.01,46.54,637.27
T,2000211,1,353478970,-1178094487,629016,14106052,3,32,1,-9.858,0.416,0.297,0.006,-0.012,0.005,66.03,1,941.17,45.62,666.16,1,939.02,46.54,637.18
T,2001199,1,353478967,-1178094485,629093,14106052,3,31,1,-9.858,0.412,0.340,0.007,-0.015,0.005,66.09,1,941.17,45.63,666.16,1,939.06,46.52,636.83
T,2002288,1,353478965,-1178094480,629166,14106052,3,32,1,-9.854,0.416,0.340,0.006,-0.013,0.005,66.14,1,941.18,45.64,666.08,1,939.02,46.54,637.18
T,2003274,1,353478965,-1178094477,629158,14106052,3,32,1,-9.835,0.392,0.163,0.007,-0.012,0.005,65.94,1,941.15,45.63,666.34,1,939.04,46.53,637.00
T,2004263,1,353478965,-1178094476,629097,14106052,3,31,1,-9.849,0.402,0.191,0.006,-0.013,0.006,65.74,1,941.20,45.59,665.90,1,939.04,46.46,637.00
T,2005250,1,353478966,-1178094475,629073,14106052,3,32,1,-9.858,0.431,0.311,0.006,-0.013,0.005,65.86,1,941.18,45.56,666.08,1,939.04,46.43,637.00
T,2006236,1,353478969,-1178094473,629091,14106052,3,32,1,-9.858,0.416,0.316,0.005,-0.012,0.006,66.02,1,941.20,45.60,665.90,1,939.02,46.48,637.18
T,2007223,1,353478970,-1178094472,629063,14106052,3,31,1,-9.844,0.435,0.301,0.005,-0.012,0.006,66.02,1,941.19,45.63,665.99,1,939.05,46.51,636.92
T,2008213,1,353478973,-1178094470,629018,14106052,3,32,1,-9.849,0.416,0.325,0.007,-0.013,0.005,66.10,1,941.18,45.65,666.08,1,939.00,46.54,637.36
T,2009201,1,353478976,-1178094468,628896,14106052,3,32,1,-9.858,0.421,0.340,0.005,-0.015,0.006,66.12,1,941.20,45.66,665.90,1,939.06,46.56,636.83
T,2010187,1,353478979,-1178094467,628809,14106052,3,31,1,-9.863,0.407,0.340,0.005,-0.012,0.006,66.20,1,941.19,45.67,665.99,1,939.02,46.59,637.18
T,2011275,1,353478982,-1178094460,628723,14106052,3,32,1,-9.863,0.407,0.345,0.006,-0.011,0.006,66.21,1,941.21,45.68,665.81,1,939.01,46.61,637.27
T,2012261,1,353478985,-1178094456,628672,14106052,3,32,1,-9.854,0.412,0.330,0.006,-0.012,0.005,66.24,1,941.20,45.69,665.90,1,939.03,46.63,637.09
T,2013252,1,353478983,-1178094440,628569,14106052,3,31,1,-9.849,0.416,0.345,0.006,-0.012,0.006,66.23,1,941.21,45.71,665.81,1,939.06,46.64,636.83
T,2014240,1,353478985,-1178094425,628442,14106052,3,32,1,-9.854,0.416,0.258,0.006,-0.013,0.006,66.19,1,941.17,45.72,666.16,1,939.02,46.66,637.18
T,2015228,1,353478987,-1178094415,628324,14106052,3,32,1,-9.858,0.412,0.287,0.006,-0.013,0.007,66.07,1,941.20,45.72,665.90,1,939.04,46.63,637.00
T,2016216,1,353478993,-1178094406,628194,14106052,3,32,1,-9.854,0.416,0.325,0.006,-0.015,0.005,66.16,1,941.18,45.71,666.08,1,939.04,46.62,637.00
T,2017203,1,353479000,-1178094396,628064,14106052,3,32,1,-9.863,0.416,0.297,0.006,-0.012,0.006,66.15,1,941.19,45.73,665.99,1,939.01,46.63,637.27
T,2018192,1,353479005,-1178094386,627913,14106052,3,32,1,-9.858,0.412,0.306,0.007,-0.012,0.005,66.12,1,941.21,45.74,665.81,1,939.03,46.62,637.09
T,2019185,1,353479010,-1178094372,627774,14106052,3,32,1,-9.854,0.402,0.282,0.007,-0.013,0.006,66.11,1,941.17,45.75,666.16,1,939.02,46.63,637.18
T,2020182,1,353479014,-1178094362,627689,14106052,3,32,1,-9.858,0.412,0.278,0.005,-0.012,0.005,66.08,1,941.18,45.75,666.08,1,938.99,46.61,637.45
T,2021166,1,353479014,-1178094355,627611,14106052,3,32,1,-9.863,0.421,0.311,0.006,-0.012,0.006,66.05,1,941.11,45.75,666.69,1,939.01,46.58,637.27
T,2022261,1,353479017,-1178094348,627551,14106052,3,32,1,-9.849,0.416,0.321,0.007,-0.012,0.006,66.20,1,941.14,45.77,666.43,1,939.01,46.62,637.27
T,2023248,1,353479020,-1178094345,627508,14106052,3,32,1,-9.849,0.412,0.292,0.006,-0.013,0.006,66.18,1,941.21,45.77,665.81,1,939.02,46.63,637.18
T,2024236,1,353479020,-1178094341,627464,14106052,3,32,1,-9.858,0.416,0.325,0.007,-0.015,0.006,66.19,1,941.17,45.78,666.16,1,939.02,46.64,637.18
T,2025226,1,353479021,-1178094335,627411,14106052,3,32,1,-9.863,0.412,0.340,0.005,-0.013,0.006,66.24,1,941.21,45.80,665.81,1,939.01,46.66,637.27
T,2026211,1,353479023,-1178094330,627387,14106052,3,32,1,-9.863,0.416,0.321,0.007,-0.013,0.007,66.24,1,941.12,45.80,666.60,1,939.00,46.68,637.36
T,2027195,1,353479023,-1178094331,627415,14106052,3,32,1,-9.858,0.416,0.268,0.006,-0.013,0.006,66.23,1,941.18,45.81,666.08,1,938.99,46.67,637.45
T,2028182,1,353479025,-1178094329,627421,14106052,3,32,1,-9.844,0.407,0.201,0.007,-0.012,0.006,66.11,1,941.18,45.79,666.08,1,939.04,46.62,637.00
T,2029274,1,353479025,-1178094327,627469,14106052,3,32,1,-9.849,0.407,0.191,0.006,-0.013,0.006,65.86,1,941.18,45.76,666.08,1,939.04,46.53,637.00
T,2030263,1,353479025,-1178094328,627497,14106052,3,32,1,-9.854,0.392,0.144,0.006,-0.013,0.006,65.63,1,941.16,45.70,666.25,1,939.03,46.42,637.09
T,2031249,1,353479027,-1178094321,627488,14106052,3,31,1,-9.849,0.383,0.077,0.007,-0.013,0.007,65.46,1,941.15,45.64,666.34,1,939.02,46.31,637.18
T,2032237,1,353479029,-1178094305,627437,14106052,3,32,1,-9.849,0.392,0.153,0.006,-0.013,0.005,65.39,1,941.14,45.60,666.43,1,939.02,46.25,637.18
T,2033223,1,353479032,-1178094290,627366,14106052,3,32,1,-9.854,0.392,0.115,0.006,-0.012,0.006,65.41,1,941.17,45.58,666.16,1,939.00,46.27,637.36
T,2034214,1,353479033,-1178094289,627354,14106052,3,32,1,-9.839,0.373,0.048,0.006,-0.012,0.006,65.30,1,941.19,45.55,665.99,1,938.98,46.19,637.54
T,2035205,1,353479034,-1178094288,627319,14106052,3,32,1,-9.849,0.392,0.091,0.007,-0.012,0.006,65.27,1,941.14,45.54,666.43,1,938.99,46.16,637.45
T,2036266,1,353479036,-1178094281,627165,14106052,3,32,1,-9.849,0.407,0.201,0.006,-0.013,0.005,65.48,1,941.16,45.54,666.25,1,939.00,46.18,637.36
T,2037253,1,353479037,-1178094270,627144,14106052,3,32,1,-9.849,0.407,0.220,0.006,-0.013,0.006,65.64,1,941.16,45.53,666.25,1,939.02,46.22,637.18
T,2038238,1,353479037,-1178094263,627111,14106052,3,32,1,-9.849,0.407,0.230,0.007,-0.012,0.006,65.62,1,941.16,45.52,666.25,1,939.03,46.18,637.09
T,2039229,1,353479041,-1178094258,627031,14106052,3,32,1,-9.854,0.426,0.287,0.006,-0.012,0.005,65.73,1,941.14,45.50,666.43,1,938.98,46.22,637.54
T,2040213,1,353479045,-1178094247,626949,14106052,3,32,1,-9.849,0.412,0.321,0.007,-0.013,0.006,65.91,1,941.15,45.55,666.34,1,939.00,46.33,637.36
T,2041200,1,353479051,-1178094236,626831,14106052,3,31,1,-9.854,0.388,0.172,0.007,-0.012,0.005,65.92,1,941.12,45.55,666.60,1,939.02,46.35,637.18
T,2042199,1,353479054,-1178094228,626788,14106052,3,32,1,-9.854,0.397,0.201,0.006,-0.013,0.005,65.65,1,941.15,45.53,666.34,1,939.02,46.33,637.18
T,2043196,1,353479060,-1178094216,626726,14106052,3,32,1,-9.854,0.416,0.297,0.006,-0.012,0.005,65.62,1,941.17,45.49,666.16,1,939.01,46.33,637.27
T,2044183,1,353479067,-1178094209,626652,14106052,3,32,1,-9.849,0.416,0.316,0.006,-0.012,0.006,65.88,1,941.13,45.50,666.52,1,939.02,46.35,637.18
T,2045272,1,353479073,-1178094203,626610,14106052,3,32,1,-9.854,0.402,0.230,0.006,-0.012,0.006,65.91,1,941.18,45.53,666.08,1,939.00,46.39,637.36
T,2046271,1,353479079,-1178094199,626618,14106052,3,32,1,-9.863,0.426,0.311,0.005,-0.013,0.006,65.82,1,941.14,45.46,666.43,1,939.02,46.31,637.18
T,2047258,1,353479084,-1178094197,626620,14106052,3,32,1,-9.854,0.412,0.292,0.006,-0.013,0.005,65.79,1,941.16,45.44,666.25,1,939.03,46.29,637.09
T,2048251,1,353479092,-1178094192,626612,14106052,3,32,1,-9.844,0.407,0.177,0.005,-0.012,0.007,65.51,1,941.21,45.37,665.81,1,939.03,46.24,637.09
T,2049243,1,353479096,-1178094190,626606,14106052,3,32,1,-9.849,0.416,0.254,0.004,-0.013,0.006,65.41,1,941.13,45.33,666.52,1,939.00,46.24,637.36
T,2050243,1,353479101,-1178094184,626585,14106052,3,32,1,-9.849,0.421,0.278,0.006,-0.012,0.006,65.60,1,941.12,45.33,666.60,1,939.01,46.25,637.27
T,2051230,1,353479105,-1178094184,626613,14106052,3,32,1,-9.854,0.412,0.301,0.006,-0.013,0.005,65.73,1,941.18,45.33,666.08,1,939.00,46.24,637.36
T,2052217,1,353479107,-1178094186,626662,14106052,3,31,1,-9.839,0.407,0.144,0.006,-0.012,0.006,65.72,1,941.17,45.36,666.16,1,939.03,46.24,637.09
T,2053209,1,353479111,-1178094185,626659,14106052,3,32,1,-9.849,0.407,0.172,0.007,-0.013,0.007,65.50,1,941.13,45.33,666.52,1,939.03,46.25,637.09
T,2054212,1,353479115,-1178094186,626633,14106052,3,31,1,-9.839,0.397,0.172,0.006,-0.012,0.005,65.41,1,941.16,45.26,666.25,1,939.00,46.21,637.36
T,2055198,1,353479117,-1178094191,626606,14106052,3,32,1,-9.854,0.402,0.158,0.007,-0.012,0.007,65.26,1,941.15,45.21,666.34,1,939.04,46.20,637.00
T,2056188,1,353479120,-1178094194,626568,14106052,3,32,1,-9.844,0.402,0.187,0.006,-0.013,0.006,65.29,1,941.15,45.16,666.34,1,939.02,46.15,637.18
T,2057279,1,353479120,-1178094202,626632,14106052,3,32,1,-9.858,0.388,0.215,0.006,-0.013,0.005,65.32,1,941.18,45.12,666.08,1,938.97,46.09,637.63
T,2058276,1,353479118,-1178094210,626667,14106052,3,32,1,-9.844,0.412,0.187,0.006,-0.012,0.005,65.27,1,941.21,45.11,665.81,1,939.02,46.06,637.18
T,2059263,1,353479118,-1178094217,626683,14106052,3,32,1,-9.858,0.397,0.177,0.006,-0.013,0.005,65.30,1,941.20,45.12,665.90,1,939.04,46.09,637.00
T,2060252,1,353479116,-1178094226,626734,14106052,3,32,1,-9.854,0.402,0.215,0.005,-0.011,0.006,65.26,1,941.17,45.10,666.16,1,939.04,46.10,637.00
T,2061241,1,353479115,-1178094235,626777,14106052,3,32,1,-9.854,0.416,0.268,0.007,-0.013,0.005,65.48,1,941.14,45.15,666.43,1,939.03,46.14,637.09
T,2062238,1,353479116,-1178094241,626770,14106052,3,31,1,-9.849,0.412,0.182,0.004,-0.012,0.006,65.41,1,941.14,45.16,666.43,1,939.00,46.15,637.36
T,2063225,1,353479117,-1178094248,626799,14106052,3,32,1,-9.844,0.416,0.220,0.006,-0.012,0.005,65.30,1,941.11,45.13,666.69,1,939.03,46.14,637.09
T,2064210,1,353479117,-1178094255,626782,14106052,3,32,1,-9.849,0.388,0.139,0.006,-0.013,0.006,65.29,1,941.16,45.15,666.25,1,938.96,46.14,637.71
T,2065197,1,353479114,-1178094266,626819,14106052,3,32,1,-9.844,0.407,0.196,0.006,-0.013,0.005,65.38,1,941.18,45.15,666.08,1,938.97,46.11,637.63
T,2066186,1,353479112,-1178094272,626833,14106052,3,32,1,-9.854,0.412,0.230,0.009,-0.012,0.006,65.31,1,941.16,45.12,666.25,1,938.98,46.11,637.54
T,2067174,1,353479108,-1178094281,626905,14106052,3,32,1,-9.844,0.426,0.311,0.006,-0.012,0.005,65.45,1,941.18,45.09,666.08,1,938.99,46.08,637.45
T,2068268,1,353479104,-1178094291,627034,14106052,3,32,1,-9.858,0.402,0.325,0.006,-0.013,0.005,65.52,1,941.15,45.11,666.34,1,939.01,46.09,637.27
T,2069256,1,353479101,-1178094298,627136,14106052,3,32,1,-9.854,0.445,0.273,0.017,-0.015,0.005,65.55,1,941.18,45.14,666.08,1,939.00,46.08,637.36
T,2070246,1,353479098,-1178094305,627197,14106052,3,32,1,-9.849,0.397,0.249,0.006,-0.012,0.006,65.67,1,941.21,45.16,665.81,1,939.01,46.08,637.27
T,2071232,1,353479097,-1178094309,627198,14106052,3,32,1,-9.844,0.407,0.292,0.011,-0.013,0.006,65.73,1,941.16,45.16,666.25,1,939.01,46.10,637.27
T,2072219,1,353479093,-1178094311,627242,14106052,3,31,1,-9.854,0.392,0.321,0.004,-0.013,0.005,65.73,1,941.19,45.19,665.99,1,939.00,46.16,637.36
T,2073210,1,353479092,-1178094313,627290,14106052,3,32,1,-9.849,0.469,0.278,0.005,-0.011,0.006,65.47,1,941.22,45.16,665.72,1,939.03,46.14,637.09
T,2074199,1,353479089,-1178094315,627324,14106052,3,31,1,-9.844,0.440,0.177,0.006,-0.012,0.007,65.36,1,941.18,45.09,666.08,1,939.02,46.11,637.18
T,2075186,1,353479088,-1178094313,627347,14106052,3,32,1,-9.844,0.392,0.191,0.007,-0.012,0.005,65.34,1,941.20,45.10,665.90,1,939.03,46.12,637.09
T,2076274,1,353479085,-1178094312,627361,14106052,3,32,1,-9.854,0.407,0.239,0.002,-0.013,0.006,65.39,1,941.19,45.11,665.99,1,939.03,46.13,637.09
T,2077260,1,353479081,-1178094316,627399,14106052,3,32,1,-9.844,0.407,0.311,0.007,-0.013,0.006,65.49,1,941.20,45.14,665.90,1,939.05,46.14,636.92
T,2078249,1,353479077,-1178094318,627417,14106052,3,31,1,-9.844,0.388,0.211,0.005,-0.013,0.006,65.42,1,941.13,45.16,666.52,1,939.01,46.17,637.27
T,2079237,1,353479071,-1178094316,627441,14106052,3,31,1,-9.844,0.402,0.191,0.005,-0.012,0.006,65.29,1,941.20,45.09,665.90,1,939.03,46.12,637.09
T,2080233,1,353479066,-1178094314,627447,14106052,3,32,1,-9.849,0.388,0.148,0.007,-0.011,0.005,65.29,1,941.14,45.04,666.43,1,938.99,46.09,637.45
T,2081221,1,353479062,-1178094312,627435,14106052,3,31,1,-9.854,0.402,0.177,0.006,-0.013,0.006,65.22,1,941.15,45.02,666.34,1,939.00,46.03,637.36
T,2082207,1,353479059,-1178094308,627424,14106052,3,31,1,-9.839,0.402,0.029,0.004,-0.012,0.005,64.93,1,941.18,45.01,666.08,1,939.02,45.95,637.18
T,2083195,1,353479055,-1178094304,627405,14106052,3,32,1,-9.854,0.373,0.086,0.007,-0.012,0.005,65.23,1,941.17,45.05,666.16,1,939.08,46.00,636.65
T,2084184,1,353479051,-1178094301,627383,14106052,3,32,1,-9.854,0.412,0.297,0.005,-0.012,0.006,65.31,1,941.18,45.10,666.08,1,939.06,46.01,636.83
T,2085274,1,353479050,-1178094301,627338,14106052,3,31,1,-9.863,0.435,0.254,0.007,-0.013,0.005,65.47,1,941.16,45.16,666.25,1,939.00,46.08,637.36
T,2086261,1,353479050,-1178094300,627236,14106052,3,31,1,-9.849,0.407,0.301,0.011,-0.013,0.005,65.52,1,941.21,45.18,665.81,1,939.08,46.07,636.65
T,2087251,1,353479053,-1178094293,627174,14106052,3,31,1,-9.858,0.378,0.206,0.010,-0.011,0.005,65.27,1,941.19,45.19,665.99,1,939.00,46.03,637.36
T,2088239,1,353479055,-1178094287,627123,14106052,3,32,1,-9.849,0.426,0.191,0.002,-0.013,0.006,65.23,1,941.19,45.20,665.99,1,939.05,46.04,636.92
T,2089227,1,353479057,-1178094282,627052,14106052,3,32,1,-9.858,0.407,0.225,0.009,-0.013,0.005,65.37,1,941.18,45.22,666.08,1,939.05,46.06,636.92
T,2090213,1,353479060,-1178094278,627016,14106052,3,32,1,-9.854,0.416,0.249,0.001,-0.012,0.006,65.42,1,941.20,45.25,665.90,1,939.03,46.08,637.09
T,2091201,1,353479064,-1178094274,626989,14106052,3,32,1,-9.849,0.412,0.120,0.007,-0.012,0.005,65.32,1,941.18,45.25,666.08,1,939.02,46.07,637.18
T,2092188,1,353479067,-1178094273,626967,14106052,3,32,1,-9.858,0.402,0.153,0.007,-0.013,0.006,65.01,1,941.13,45.19,666.52,1,939.02,45.97,637.18
T,2093173,1,353479069,-1178094276,626900,14106052,3,32,1,-9.844,0.388,0.182,0.006,-0.012,0.005,64.98,1,941.12,45.12,666.60,1,938.99,45.88,637.45
T,2094270,1,353479071,-1178094277,626863,14106052,3,32,1,-9.839,0.416,0.096,0.005,-0.013,0.005,64.96,1,941.17,45.12,666.16,1,938.99,45.85,637.45
T,2095258,1,353479073,-1178094281,626807,14106052,3,32,1,-9.854,0.402,0.273,0.005,-0.012,0.006,65.25,1,941.19,45.15,665.99,1,939.00,45.94,637.36
T,2096245,1,353479075,-1178094284,626770,14106052,3,31,1,-9.854,0.397,0.153,0.005,-0.013,0.005,65.23,1,941.15,45.19,666.34,1,939.00,45.98,637.36
T,2097230,1,353479081,-1178094285,626719,14106052,3,32,1,-9.849,0.416,0.115,0.006,-0.012,0.006,65.08,1,941.18,45.20,666.08,1,939.06,45.95,636.83
T,2098215,1,353479087,-1178094283,626639,14106052,3,32,1,-9.854,0.416,0.273,0.004,-0.012,0.006,65.23,1,941.23,45.19,665.63,1,939.03,45.94,637.09
T,2099202,1,353479099,-1178094276,626512,14106052,3,32,1,-9.849,0.412,0.292,0.007,-0.012,0.006,65.39,1,941.14,45.22,666.43,1,939.03,46.00,637.09
T,2100186,1,353479111,-1178094269,626327,14106052,3,30,1,-9.844,0.416,0.325,0.005,-0.013,0.006,65.55,1,941.15,45.26,666.34,1,939.02,46.04,637.18
T,2101271,1,353479127,-1178094256,626203,14106052,3,31,1,-9.858,0.440,0.349,0.005,-0.012,0.004,65.63,1,941.21,45.28,665.81,1,939.01,46.06,637.27
T,2102258,1,353479140,-1178094243,626180,14106052,3,32,1,-9.849,0.416,0.234,0.006,-0.013,0.005,65.59,1,941.20,45.30,665.90,1,939.01,46.09,637.27
T,2103244,1,353479154,-1178094228,626038,14106052,3,32,1,-9.849,0.426,0.249,0.005,-0.013,0.006,65.52,1,941.15,45.30,666.34,1,939.03,46.08,637.09
T,2104234,1,353479168,-1178094215,625967,14106052,3,32,1,-9.849,0.397,0.311,0.005,-0.012,0.005,65.60,1,941.20,45.31,665.90,1,939.02,46.08,637.18
T,2105218,1,353479179,-1178094205,625957,14106052,3,31,1,-9.854,0.412,0.301,0.010,-0.012,0.005,65.68,1,941.21,45.33,665.81,1,939.05,46.12,636.92
T,2106207,1,353479184,-1178094202,626017,14106052,3,32,1,-9.854,0.412,0.301,0.006,-0.013,0.006,65.64,1,941.21,45.35,665.81,1,939.03,46.14,637.09
T,2107292,1,353479190,-1178094200,626076,14106052,3,32,1,-9.849,0.416,0.244,0.007,-0.013,0.006,65.48,1,941.18,45.35,666.08,1,939.00,46.12,637.36
T,2108278,1,353479193,-1178094196,626223,14106052,3,32,1,-9.854,0.407,0.268,0.006,-0.013,0.006,65.54,1,941.21,45.35,665.81,1,939.04,46.12,637.00
T,2109265,1,353479196,-1178094195,626393,14106052,3,32,1,-9.858,0.421,0.258,0.005,-0.011,0.005,65.58,1,941.17,45.36,666.16,1,939.03,46.11,637.09
T,2110251,1,353479194,-1178094209,626537,14106052,3,32,1,-9.849,0.412,0.268,0.007,-0.012,0.005,65.59,1,941.18,45.36,666.08,1,939.03,46.12,637.09
T,2111240,1,353479197,-1178094211,626563,14106052,3,31,1,-9.858,0.388,0.172,0.006,-0.013,0.005,65.52,1,941.15,45.36,666.34,1,939.02,46.10,637.18
T,2112222,1,353479200,-1178094209,626543,14106052,3,32,1,-9.854,0.407,0.187,0.005,-0.013,0.007,65.39,1,941.19,45.36,665.99,1,938.99,46.08,637.45
T,2113208,1,353479203,-1178094206,626575,14106052,3,32,1,-9.854,0.397,0.230,0.006,-0.013,0.006,65.45,1,941.13,45.36,666.52,1,939.03,46.08,637.09
T,2114193,1,353479204,-1178094202,626766,14106052,3,32,1,-9.858,0.407,0.211,0.006,-0.012,0.006,65.38,1,941.17,45.34,666.16,1,939.05,46.05,636.92
T,2115179,1,353479206,-1178094200,626870,14106052,3,32,1,-9.849,0.392,0.258,0.005,-0.012,0.005,65.46,1,941.17,45.34,666.16,1,939.03,46.05,637.09
T,2116164,1,353479210,-1178094198,626921,14106052,3,31,1,-9.854,0.416,0.273,0.006,-0.012,0.007,65.51,1,941.16,45.36,666.25,1,938.99,46.07,637.45
T,2117251,1,353479216,-1178094195,627007,14106052,3,31,1,-9.849,0.402,0.263,0.009,-0.013,0.005,65.46,1,941.14,45.37,666.43,1,939.05,46.08,636.92
T,2118233,1,353479217,-1178094194,626971,14106052,3,32,1,-9.849,0.412,0.301,0.007,-0.012,0.006,65.56,1,941.14,45.39,666.43,1,939.00,46.12,637.36
T,2119221,1,353479220,-1178094190,627038,14106052,3,31,1,-9.844,0.402,0.268,0.006,-0.013,0.006,65.58,1,941.16,45.39,666.25,1,938.97,46.13,637.63
T,2120208,1,353479225,-1178094185,627072,14106052,3,32,1,-9.849,0.421,0.258,0.007,-0.013,0.005,65.59,1,941.20,45.40,665.90,1,939.00,46.12,637.36
T,2121198,1,353479228,-1178094182,627090,14106052,3,32,1,-9.854,0.416,0.316,0.009,-0.012,0.006,65.56,1,941.18,45.41,666.08,1,939.02,46.13,637.18
T,2122187,1,353479230,-1178094179,627118,14106052,3,31,1,-9.844,0.412,0.282,0.007,-0.012,0.005,65.65,1,941.16,45.42,666.25,1,939.04,46.15,637.00
T,2123276,1,353479233,-1178094179,627107,14106052,3,32,1,-9.854,0.416,0.330,0.002,-0.013,0.006,65.72,1,941.12,45.42,666.60,1,938.99,46.15,637.45
T,2124264,1,353479240,-1178094175,626996,14106052,3,31,1,-9.854,0.407,0.263,0.011,-0.013,0.005,65.77,1,941.20,45.45,665.90,1,939.01,46.19,637.27
T,2125250,1,353479246,-1178094170,626907,14106052,3,31,1,-9.863,0.412,0.297,0.004,-0.013,0.006,65.61,1,941.14,45.40,666.43,1,938.99,46.15,637.45
T,2126235,1,353479249,-1178094170,626852,14106052,3,32,1,-9.854,0.426,0.354,0.009,-0.013,0.005,65.80,1,941.13,45.40,666.52,1,939.00,46.16,637.36
T,2127223,1,353479252,-1178094168,626792,14106052,3,32,1,-9.844,0.426,0.325,0.001,-0.013,0.006,65.82,1,941.15,45.44,666.34,1,939.00,46.20,637.36
T,2128211,1,353479256,-1178094163,626753,14106052,3,31,1,-9.858,0.426,0.311,0.009,-0.011,0.005,65.77,1,941.13,45.44,666.52,1,938.97,46.20,637.63
T,2129297,1,353479256,-1178094162,626747,14106052,3,32,1,-9.854,0.421,0.230,0.005,-0.013,0.006,65.71,1,941.14,45.42,666.43,1,939.01,46.19,637.27
T,2130285,1,353479253,-1178094168,626829,14106052,3,32,1,-9.849,0.426,0.335,0.005,-0.013,0.006,65.76,1,941.16,45.43,666.25,1,939.02,46.19,637.18
T,2131271,1,353479253,-1178094169,626847,14106052,3,31,1,-9.849,0.445,0.297,0.009,-0.012,0.007,65.82,1,941.14,45.45,666.43,1,938.98,46.25,637.54
T,2132255,1,353479256,-1178094167,626806,14106052,3,31,1,-9.849,0.416,0.321,0.009,-0.012,0.005,65.85,1,941.14,45.47,666.43,1,939.03,46.28,637.09
T,2133241,1,353479261,-1178094163,626675,14106052,3,32,1,-9.854,0.421,0.340,0.005,-0.013,0.007,65.95,1,941.15,45.49,666.34,1,939.01,46.30,637.27
T,2134226,1,353479263,-1178094163,626644,14106052,3,31,1,-9.844,0.388,0.349,0.011,-0.016,0.006,65.93,1,941.15,45.50,666.34,1,938.99,46.34,637.45
T,2135312,1,353479261,-1178094168,626704,14106052,3,31,1,-9.863,0.550,0.345,0.005,-0.015,0.005,65.97,1,941.15,45.52,666.34,1,939.03,46.37,637.09
T,2136196,1,353479264,-1178094166,626649,14106052,3,32,1,-9.863,0.397,0.402,0.002,-0.015,0.005,65.97,1,941.15,45.53,666.34,1,938.98,46.39,637.54
T,2137286,1,353479271,-1178094162,626505,14106052,3,31,1,-9.825,0.388,0.378,0.001,-0.013,0.007,65.98,1,941.10,45.54,666.78,1,939.01,46.40,637.27
T,2138274,1,353479269,-1178094168,626554,14106052,3,32,1,-9.854,0.455,0.354,0.006,-0.015,0.007,66.03,1,941.16,45.55,666.25,1,939.00,46.42,637.36
T,2139261,1,353479272,-1178094169,626538,14106052,3,32,1,-9.858,0.474,0.340,0.005,-0.016,0.007,65.99,1,941.13,45.55,666.52,1,939.00,46.42,637.36
T,2140246,1,353479269,-1178094177,626611,14106052,3,31,1,-9.868,0.364,0.340,0.001,-0.015,0.006,66.06,1,941.16,45.55,666.25,1,939.00,46.43,637.36
T,2141233,1,353479266,-1178094183,626734,14106052,3,32,1,-9.863,0.440,0.402,0.006,-0.011,0.005,66.07,1,941.14,45.56,666.43,1,938.99,46.45,637.45
T,2142216,1,353479264,-1178094187,626766,14106052,3,32,1,-9.858,0.416,0.340,0.006,-0.012,0.006,66.10,1,941.10,45.58,666.78,1,938.98,46.47,637.54
T,2143211,1,353479272,-1178094182,626623,14106052,3,30,1,-9.854,0.412,0.316,0.005,-0.012,0.005,66.14,1,941.18,45.59,666.08,1,938.99,46.49,637.45
T,2144198,1,353479277,-1178094180,626485,14106052,3,32,1,-9.854,0.416,0.325,0.009,-0.013,0.005,66.14,1,941.20,45.61,665.90,1,938.97,46.51,637.63
T,2145188,1,353479282,-1178094176,626300,14106052,3,32,1,-9.854,0.431,0.383,0.009,-0.013,0.006,66.12,1,941.17,45.62,666.16,1,939.00,46.53,637.36
T,2146275,1,353479285,-1178094175,626168,14106052,3,31,1,-9.849,0.421,0.368,0.006,-0.012,0.006,66.13,1,941.14,45.61,666.43,1,939.03,46.54,637.09
T,2147271,1,353479288,-1178094175,626062,14106052,3,32,1,-9.858,0.426,0.325,0.006,-0.012,0.006,66.15,1,941.11,45.61,666.69,1,939.02,46.54,637.18
T,2148262,1,353479290,-1178094172,625967,14106052,3,32,1,-9.849,0.407,0.254,0.006,-0.013,0.005,66.03,1,941.11,45.61,666.69,1,938.99,46.51,637.45
T,2149264,1,353479291,-1178094169,625906,14106052,3,31,1,-9.858,0.407,0.287,0.006,-0.013,0.006,65.96,1,941.15,45.58,666.34,1,938.97,46.42,637.63
T,2150251,1,353479290,-1178094171,625864,14106052,3,32,1,-9.863,0.435,0.297,0.006,-0.013,0.006,65.94,1,941.12,45.58,666.60,1,938.99,46.40,637.45
T,2151239,1,353479287,-1178094175,625896,14106052,3,32,1,-9.858,0.412,0.287,0.006,-0.012,0.006,65.98,1,941.14,45.59,666.43,1,939.03,46.42,637.09
T,2152230,1,353479283,-1178094182,625958,14106052,3,31,1,-9.849,0.426,0.258,0.004,-0.012,0.006,66.00,1,941.17,45.61,666.16,1,939.00,46.43,637.36
T,2153216,1,353479280,-1178094186,626022,14106052,3,32,1,-9.854,0.416,0.306,0.010,-0.012,0.006,66.01,1,941.16,45.63,666.25,1,938.98,46.44,637.54
T,2154205,1,353479278,-1178094188,626120,14106052,3,32,1,-9.863,0.435,0.378,0.011,-0.013,0.005,66.08,1,941.16,45.65,666.25,1,938.99,46.45,637.45
T,2155297,1,353479275,-1178094194,626246,14106052,3,31,1,-9.858,0.383,0.273,0.007,-0.013,0.007,65.97,1,941.17,45.65,666.16,1,938.99,46.43,637.45
T,2156283,1,353479274,-1178094197,626356,14106052,3,32,1,-9.849,0.412,0.225,0.005,-0.013,0.004,65.92,1,941.16,45.65,666.25,1,938.99,46.42,637.45
T,2157266,1,353479269,-1178094203,626494,14106052,3,32,1,-9.849,0.421,0.263,0.005,-0.013,0.006,65.90,1,941.13,45.65,666.52,1,938.98,46.40,637.54
T,2158254,1,353479266,-1178094206,626616,14106052,3,31,1,-9.858,0.440,0.254,0.006,-0.012,0.006,65.97,1,941.18,45.65,666.08,1,939.00,46.40,637.36
T,2159242,1,353479263,-1178094208,626853,14106052,3,32,1,-9.858,0.421,0.249,0.005,-0.013,0.005,65.77,1,941.13,45.62,666.52,1,938.99,46.35,637.45
T,2160228,1,353479261,-1178094209,627048,14106052,3,32,1,-9.858,0.349,0.172,0.010,-0.012,0.006,65.61,1,941.16,45.61,666.25,1,938.98,46.31,637.54
T,2161213,1,353479258,-1178094213,627173,14106052,3,31,1,-9.844,0.383,0.158,0.002,-0.011,0.005,65.61,1,941.14,45.62,666.43,1,938.99,46.30,637.45
T,2162200,1,353479256,-1178094215,627306,14106052,3,32,1,-9.849,0.407,0.153,0.001,-0.013,0.006,65.60,1,941.11,45.63,666.69,1,938.98,46.31,637.54
T,2163287,1,353479253,-1178094219,627399,14106052,3,32,1,-9.854,0.392,0.206,0.006,-0.013,0.005,65.71,1,941.21,45.62,665.81,1,939.01,46.31,637.27
T,2164272,1,353479251,-1178094221,627570,14106052,3,31,1,-9.858,0.340,0.297,0.015,-0.013,0.005,65.75,1,941.16,45.64,666.25,1,939.00,46.33,637.36
T,2165260,1,353479250,-1178094223,627645,14106052,3,32,1,-9.849,0.335,0.378,0.004,-0.013,0.005,65.97,1,941.12,45.65,666.60,1,938.99,46.37,637.45
T,2166246,1,353479249,-1178094225,627705,14106052,3,32,1,-9.854,0.426,0.325,0.005,-0.012,0.005,66.00,1,941.17,45.65,666.16,1,938.97,46.40,637.63
T,2167236,1,353479248,-1178094227,627773,14106052,3,30,1,-9.858,0.407,0.335,0.009,-0.013,0.006,66.06,1,941.14,45.68,666.43,1,938.96,46.44,637.71
T,2168231,1,353479247,-1178094229,627812,14106052,3,32,1,-9.849,0.388,0.325,0.011,-0.013,0.006,66.16,1,941.14,45.70,666.43,1,939.00,46.50,637.36
T,2169221,1,353479248,-1178094231,627783,14106052,3,31,1,-9.858,0.397,0.330,0.007,-0.013,0.006,66.19,1,941.20,45.70,665.90,1,938.95,46.54,637.80
T,2170206,1,353479234,-1178094239,627732,14106052,3,32,1,-9.858,0.450,0.249,0.010,-0.012,0.007,66.14,1,941.13,45.69,666.52,1,938.98,46.54,637.54
T,2171195,1,353479221,-1178094248,627675,14106052,3,31,1,-9.854,0.416,0.172,0.000,-0.012,0.005,65.60,1,941.14,45.64,666.43,1,939.03,46.41,637.09
T,2172191,1,353479212,-1178094254,627608,14106052,3,32,1,-9.849,0.359,0.072,0.005,-0.013,0.006,65.30,1,941.09,45.58,666.87,1,939.01,46.28,637.27
T,2173276,1,353479203,-1178094261,627535,14106052,3,31,1,-9.844,0.402,0.024,0.006,-0.013,0.006,65.19,1,941.21,45.56,665.81,1,939.03,46.19,637.09
T,2174262,1,353479196,-1178094267,627445,14106052,3,31,1,-9.858,0.388,0.096,0.007,-0.015,0.005,65.19,1,941.17,45.55,666.16,1,938.93,46.16,637.98
T,2175251,1,353479188,-1178094273,627428,14106052,3,32,1,-9.839,0.397,-0.029,0.007,-0.013,0.006,64.98,1,941.17,45.50,666.16,1,939.00,46.06,637.36
T,2176242,1,353479182,-1178094275,627381,14106052,3,30,1,-9.844,0.402,0.000,0.005,-0.012,0.006,64.97,1,941.12,45.49,666.60,1,938.98,46.07,637.54
T,2177229,1,353479177,-1178094277,627339,14106052,3,32,1,-9.844,0.292,-0.086,0.006,-0.011,0.006,64.95,1,941.12,45.49,666.60,1,938.98,46.07,637.54
T,2178219,1,353479173,-1178094278,627255,14106052,3,31,1,-9.854,0.426,0.072,0.004,-0.012,0.006,64.77,1,941.14,45.45,666.43,1,939.00,45.99,637.36
T,2179212,1,353479171,-1178094278,627226,14106052,3,32,1,-9.849,0.392,0.110,0.010,-0.012,0.005,64.92,1,941.10,45.45,666.78,1,939.03,46.02,637.09
T,2180198,1,353479170,-1178094277,627260,14106052,3,32,1,-9.854,0.397,0.086,0.006,-0.013,0.006,64.91,1,941.13,45.44,666.52,1,938.96,46.01,637.71
T,2181284,1,353479169,-1178094278,627172,14106052,3,32,1,-9.854,0.402,0.163,0.002,-0.011,0.007,64.98,1,941.13,45.39,666.52,1,939.01,45.95,637.27
T,2182269,1,353479168,-1178094280,627091,14106052,3,32,1,-9.854,0.316,0.196,0.006,-0.013,0.005,65.04,1,941.14,45.33,666.43,1,939.02,45.85,637.18
T,2183254,1,353479167,-1178094283,627035,14106052,3,32,1,-9.844,0.383,0.105,0.007,-0.013,0.006,65.06,1,941.15,45.32,666.34,1,938.97,45.86,637.63
T,2184245,1,353479168,-1178094286,626994,14106052,3,32,1,-9.849,0.407,0.139,0.007,-0.012,0.006,65.00,1,941.10,45.30,666.78,1,938.99,45.86,637.45
T,2185231,1,353479169,-1178094288,626972,14106052,3,32,1,-9.849,0.412,0.124,0.002,-0.013,0.005,64.81,1,941.15,45.25,666.34,1,938.99,45.81,637.45
T,2186218,1,353479170,-1178094292,626974,14106052,3,32,1,-9.854,0.421,0.086,0.009,-0.013,0.006,64.78,1,941.15,45.18,666.34,1,938.98,45.73,637.54
T,2187206,1,353479173,-1178094292,626909,14106052,3,31,1,-9.844,0.431,0.010,0.001,-0.012,0.006,64.82,1,941.14,45.20,666.43,1,938.98,45.76,637.54
T,2188195,1,353479175,-1178094293,626874,14106052,3,32,1,-9.854,0.388,0.100,0.009,-0.011,0.006,64.78,1,941.12,45.21,666.60,1,938.99,45.74,637.45
T,2189282,1,353479177,-1178094293,626829,14106052,3,32,1,-9.844,0.349,0.057,0.011,-0.013,0.006,64.67,1,941.13,45.19,666.52,1,939.00,45.67,637.36
T,2190273,1,353479177,-1178094294,626781,14106052,3,32,1,-9.849,0.392,0.105,0.005,-0.012,0.007,64.48,1,941.16,45.17,666.25,1,938.99,45.62,637.45
T,2191259,1,353479179,-1178094289,626681,14106052,3,31,1,-9.844,0.402,0.057,0.012,-0.013,0.005,64.54,1,941.10,45.15,666.78,1,938.99,45.59,637.45
T,2192254,1,353479180,-1178094288,626682,14106052,3,32,1,-9.849,0.397,0.033,0.002,-0.013,0.006,64.46,1,941.19,45.10,665.99,1,938.99,45.53,637.45
T,2193244,1,353479179,-1178094288,626670,14106052,3,32,1,-9.844,0.397,0.144,0.001,-0.012,0.005,64.66,1,941.18,45.12,666.08,1,938.99,45.57,637.45
T,2194240,1,353479178,-1178094289,626683,14106052,3,32,1,-9.854,0.388,0.129,0.006,-0.013,0.006,64.89,1,941.15,45.16,666.34,1,939.02,45.66,637.18
T,2195225,1,353479178,-1178094291,626698,14106052,3,32,1,-9.854,0.455,0.206,0.010,-0.012,0.006,64.95,1,941.14,45.17,666.43,1,939.00,45.69,637.36
T,2196210,1,353479180,-1178094290,626777,14106052,3,32,1,-9.849,0.440,0.225,0.002,-0.013,0.005,65.05,1,941.13,45.17,666.52,1,939.03,45.74,637.09
T,2197197,1,353479181,-1178094289,626763,14106052,3,30,1,-9.868,0.416,0.263,0.000,-0.012,0.005,65.14,1,941.11,45.19,666.69,1,938.99,45.77,637.45
T,2198184,1,353479180,-1178094287,626734,14106052,3,32,1,-9.854,0.392,0.297,0.002,-0.013,0.004,65.16,1,941.14,45.20,666.43,1,939.01,45.79,637.27
T,2199271,1,353479177,-1178094285,626727,14106052,3,32,1,-9.854,0.368,0.292,0.005,-0.013,0.006,65.24,1,941.14,45.21,666.43,1,939.03,45.79,637.09
T,2200258,1,353479175,-1178094285,626737,14106052,3,31,1,-9.858,0.426,0.163,0.006,-0.013,0.005,65.23,1,941.18,45.22,666.08,1,939.02,45.81,637.18
T,2201246,1,353479173,-1178094286,626750,14106052,3,32,1,-9.858,0.373,0.287,0.006,-0.015,0.006,65.27,1,941.14,45.23,666.43,1,938.99,45.83,637.45
T,2202231,1,353479172,-1178094288,626794,14106052,3,32,1,-9.863,0.392,0.340,0.005,-0.013,0.006,65.37,1,941.15,45.24,666.34,1,938.97,45.87,637.63
T,2203220,1,353479171,-1178094287,626856,14106052,3,32,1,-9.844,0.359,0.234,-0.004,-0.011,0.006,65.36,1,941.12,45.25,666.60,1,938.95,45.89,637.80
T,2204222,1,353479172,-1178094285,626961,14106052,3,32,1,-9.839,0.407,0.067,0.010,-0.013,0.006,64.86,1,941.19,45.21,665.99,1,939.00,45.82,637.36
T,2205207,1,353479174,-1178094280,627196,14106052,3,32,1,-9.839,0.421,0.220,0.009,-0.013,0.006,65.11,1,941.20,45.20,665.90,1,939.03,45.81,637.09
T,2206197,1,353479172,-1178094283,627426,14106052,3,32,1,-9.854,0.421,0.292,0.007,-0.013,0.005,65.24,1,941.17,45.21,666.16,1,939.00,45.84,637.36
T,2207287,1,353479171,-1178094282,627635,14106052,3,32,1,-9.844,0.388,0.278,0.005,-0.013,0.007,65.39,1,941.15,45.22,666.34,1,939.01,45.87,637.27
T,2208277,1,353479171,-1178094278,627732,14106052,3,32,1,-9.854,0.416,0.282,0.005,-0.015,0.006,65.36,1,941.14,45.22,666.43,1,938.99,45.86,637.45
T,2209275,1,353479171,-1178094276,627756,14106052,3,31,1,-9.858,0.455,0.278,0.002,-0.013,0.005,65.30,1,941.15,45.21,666.34,1,938.96,45.87,637.71
T,2210260,1,353479172,-1178094274,627809,14106052,3,32,1,-9.854,0.349,0.378,0.009,-0.013,0.005,65.32,1,941.15,45.20,666.34,1,939.02,45.86,637.18
T,2211251,1,353479169,-1178094276,627848,14106052,3,32,1,-9.863,0.431,0.254,0.010,-0.013,0.005,65.27,1,941.14,45.20,666.43,1,939.00,45.88,637.36
T,2212242,1,353479167,-1178094277,627865,14106052,3,32,1,-9.835,0.402,0.278,-0.002,-0.013,0.006,65.37,1,941.14,45.21,666.43,1,938.96,45.89,637.71
T,2213231,1,353479165,-1178094279,627912,14106052,3,32,1,-9.854,0.445,0.368,0.000,-0.012,0.006,65.39,1,941.14,45.22,666.43,1,938.98,45.88,637.54
T,2214218,1,353479164,-1178094278,627961,14106052,3,32,1,-9.863,0.359,0.273,-0.005,-0.010,0.005,65.37,1,941.14,45.24,666.43,1,938.97,45.88,637.63
T,2215210,1,353479160,-1178094280,627984,14106052,3,31,1,-9.830,0.445,0.220,0.012,-0.013,0.005,65.39,1,941.14,45.25,666.43,1,939.01,45.88,637.27
T,2216195,1,353479157,-1178094283,628021,14106052,3,32,1,-9.835,0.373,0.163,0.015,-0.013,0.005,65.23,1,941.11,45.26,666.69,1,938.97,45.88,637.63
T,2217182,1,353479156,-1178094285,628039,14106052,3,32,1,-9.844,0.483,0.081,0.005,-0.013,0.005,65.04,1,941.15,45.23,666.34,1,939.01,45.85,637.27
T,2218269,1,353479153,-1178094287,628013,14106052,3,32,1,-9.849,0.397,0.187,0.006,-0.013,0.006,65.05,1,941.16,45.23,666.25,1,938.96,45.87,637.71
T,2219254,1,353479151,-1178094289,627979,14106052,3,32,1,-9.835,0.416,0.215,0.004,-0.012,0.006,65.24,1,941.16,45.22,666.25,1,939.00,45.87,637.36
T,2220241,1,353479150,-1178094292,627991,14106052,3,32,1,-9.835,0.402,-0.029,0.004,-0.013,0.006,64.84,1,941.17,45.21,666.16,1,938.99,45.86,637.45
T,2221234,1,353479148,-1178094296,628002,14106052,3,32,1,-9.835,0.368,0.010,0.005,-0.013,0.005,64.68,1,941.17,45.18,666.16,1,938.99,45.78,637.45
T,2222220,1,353479145,-1178094299,627982,14106052,3,32,1,-9.858,0.402,0.172,0.007,-0.012,0.006,64.75,1,941.09,45.12,666.87,1,938.97,45.69,637.63
T,2223309,1,353479141,-1178094300,627962,14106052,3,32,1,-9.844,0.388,0.077,0.006,-0.013,0.005,64.75,1,941.13,45.10,666.52,1,938.97,45.63,637.63
T,2224192,1,353479139,-1178094302,627983,14106052,3,32,1,-9.849,0.407,0.215,0.006,-0.013,0.005,64.77,1,941.09,45.09,666.87,1,938.98,45.63,637.54
T,2225281,1,353479136,-1178094304,628041,14106052,3,32,1,-9.849,0.416,0.239,0.005,-0.012,0.005,65.06,1,941.09,45.14,666.87,1,939.02,45.73,637.18
T,2226267,1,353479133,-1178094307,628088,14106052,3,32,1,-9.839,0.407,0.153,0.010,-0.013,0.005,64.88,1,941.14,45.16,666.43,1,939.00,45.73,637.36
T,2227253,1,353479130,-1178094306,628085,14106052,3,32,1,-9.835,0.392,0.105,0.007,-0.013,0.006,64.74,1,941.13,45.13,666.52,1,938.99,45.69,637.45
T,2228245,1,353479129,-1178094309,628125,14106052,3,32,1,-9.849,0.392,0.120,0.007,-0.013,0.005,64.71,1,941.10,45.12,666.78,1,939.01,45.68,637.27
T,2229231,1,353479128,-1178094310,628168,14106052,3,32,1,-9.854,0.412,0.187,0.009,-0.012,0.005,64.70,1,941.11,45.12,666.69,1,938.98,45.66,637.54
T,2230217,1,353479124,-1178094315,628236,14106052,3,32,1,-9.849,0.416,0.153,0.005,-0.013,0.006,64.85,1,941.14,45.13,666.43,1,938.99,45.73,637.45
T,2231205,1,353479120,-1178094320,628292,14106052,3,32,1,-9.839,0.402,-0.038,0.007,-0.013,0.006,64.46,1,941.12,45.09,666.60,1,938.99,45.69,637.45
T,2232204,1,353479117,-1178094324,628324,14106052,3,32,1,-9.844,0.397,0.000,0.006,-0.012,0.005,64.40,1,941.13,45.04,666.52,1,938.93,45.63,637.98
T,2233291,1,353479114,-1178094326,628332,14106052,3,31,1,-9.854,0.392,0.105,0.006,-0.013,0.005,64.35,1,941.16,45.03,666.25,1,938.99,45.59,637.45
T,2234281,1,353479110,-1178094322,628376,14106052,3,32,1,-9.844,0.383,0.124,0.006,-0.012,0.005,64.54,1,941.11,45.04,666.69,1,939.01,45.63,637.27
T,2235274,1,353479109,-1178094322,628388,14106052,3,32,1,-9.839,0.407,0.038,0.006,-0.012,0.006,64.53,1,941.16,45.04,666.25,1,938.97,45.63,637.63
T,2236261,1,353479108,-1178094321,628427,14106052,3,32,1,-9.835,0.397,0.067,0.006,-0.012,0.005,64.51,1,941.12,45.04,666.60,1,938.95,45.63,637.80
T,2237247,1,353479106,-1178094325,628481,14106052,3,32,1,-9.849,0.402,0.115,0.004,-0.012,0.005,64.39,1,941.14,45.01,666.43,1,938.99,45.58,637.45
T,2238235,1,353479106,-1178094326,628540,14106052,3,31,1,-9.844,0.407,0.062,0.005,-0.012,0.005,64.23,1,941.10,44.91,666.78,1,938.93,45.49,637.98
T,2239224,1,353479105,-1178094326,628543,14106052,3,32,1,-9.839,0.378,0.096,0.004,-0.013,0.006,64.20,1,941.11,44.87,666.69,1,938.97,45.43,637.63
T,2240207,1,353479104,-1178094325,628588,14106052,3,32,1,-9.844,0.388,0.014,0.002,-0.012,0.005,64.07,1,941.17,44.84,666.16,1,938.94,45.39,637.89
T,2241194,1,353479104,-1178094322,628671,14106052,3,32,1,-9.849,0.392,0.038,0.009,-0.012,0.005,64.11,1,941.14,44.81,666.43,1,938.99,45.40,637.45
T,2242183,1,353479103,-1178094321,628778,14106052,3,32,1,-9.849,0.402,0.029,0.006,-0.012,0.005,64.04,1,941.11,44.79,666.69,1,938.99,45.33,637.45
T,2243272,1,353479103,-1178094320,628862,14106052,3,32,1,-9.839,0.416,0.110,0.005,-0.013,0.006,64.05,1,941.07,44.78,667.05,1,938.97,45.25,637.63
T,2244255,1,353479102,-1178094319,628963,14106052,3,31,1,-9.849,0.383,0.091,0.010,-0.013,0.005,64.21,1,941.14,44.77,666.43,1,938.99,45.23,637.45
T,2245244,1,353479102,-1178094318,629075,14106052,3,31,1,-9.849,0.368,0.062,0.009,-0.012,0.006,64.17,1,941.16,44.77,666.25,1,938.99,45.23,637.45
T,2246234,1,353479102,-1178094319,629194,14106052,3,32,1,-9.849,0.359,-0.057,0.007,-0.012,0.006,63.79,1,941.13,44.75,666.52,1,939.01,45.14,637.27
T,2247234,1,353479104,-1178094315,629277,14106052,3,32,1,-9.839,0.378,-0.014,0.004,-0.012,0.006,63.53,1,941.12,44.70,666.60,1,938.98,45.04,637.54
T,2248229,1,353479106,-1178094309,629414,14106052,3,32,1,-9.844,0.421,-0.033,0.006,-0.012,0.005,63.76,1,941.11,44.68,666.69,1,939.00,45.08,637.36
T,2249227,1,353479108,-1178094304,629583,14106052,3,31,1,-9.844,0.364,0.072,0.001,-0.013,0.005,63.71,1,941.12,44.64,666.60,1,938.99,45.11,637.45
T,2250213,1,353479110,-1178094292,629698,14106052,3,32,1,-9.839,0.392,0.005,0.007,-0.012,0.006,63.70,1,941.11,44.62,666.69,1,938.97,45.12,637.63
T,2251200,1,353479111,-1178094282,629812,14106052,3,32,1,-9.839,0.392,0.067,0.002,-0.013,0.006,63.63,1,941.12,44.57,666.60,1,938.97,45.07,637.63
T,2252186,1,353479112,-1178094273,629956,14106052,3,32,1,-9.830,0.397,0.019,0.015,-0.015,0.005,63.81,1,941.12,44.57,666.60,1,938.98,45.09,637.54
T,2253280,1,353479112,-1178094268,630011,14106052,3,32,1,-9.849,0.349,0.206,0.000,-0.012,0.006,63.75,1,941.13,44.54,666.52,1,938.95,45.07,637.80
T,2254265,1,353479111,-1178094262,629986,14106052,3,32,1,-9.863,0.273,0.086,0.010,-0.012,0.005,63.75,1,941.12,44.52,666.60,1,938.93,44.99,637.98
T,2255249,1,353479110,-1178094258,629988,14106052,3,32,1,-9.844,0.388,-0.019,0.004,-0.012,0.005,63.62,1,941.12,44.50,666.60,1,938.94,44.93,637.89
T,2256242,1,353479108,-1178094252,629980,14106052,3,32,1,-9.858,0.392,0.014,0.002,-0.012,0.006,63.50,1,941.14,44.47,666.43,1,938.98,44.87,637.54
T,2257225,1,353479108,-1178094248,629956,14106052,3,32,1,-9.844,0.493,0.033,0.016,-0.013,0.006,63.64,1,941.10,44.46,666.78,1,938.99,44.87,637.45
T,2258211,1,353479106,-1178094245,629938,14106052,3,32,1,-9.844,0.512,0.144,0.010,-0.012,0.006,63.78,1,941.11,44.49,666.69,1,938.97,44.95,637.63
T,2259197,1,353479104,-1178094242,629928,14106052,3,32,1,-9.858,0.354,0.148,-0.005,-0.012,0.005,64.08,1,941.10,44.52,666.78,1,938.99,44.99,637.45
T,2260361,1,353479101,-1178094242,629915,14106052,3,32,1,-9.844,0.426,0.292,0.017,-0.015,0.005,64.23,1,941.15,44.54,666.34,1,939.01,45.05,637.27
T,2261248,1,353479097,-1178094242,629886,14106052,3,32,1,-9.854,0.330,0.268,-0.004,-0.013,0.005,64.27,1,941.10,44.57,666.78,1,938.96,45.09,637.71
T,2262241,1,353479093,-1178094243,629820,14106052,3,32,1,-9.858,0.373,0.177,0.004,-0.012,0.005,64.30,1,941.12,44.52,666.60,1,938.98,45.06,637.54
T,2263228,1,353479092,-1178094242,629806,14106052,3,32,1,-9.858,0.531,0.196,-0.005,-0.011,0.006,64.43,1,941.11,44.50,666.69,1,938.99,45.08,637.45
T,2264219,1,353479089,-1178094240,629827,14106052,3,32,1,-9.854,0.512,0.249,-0.002,-0.012,0.006,64.55,1,941.10,44.55,666.78,1,938.99,45.13,637.45
T,2265216,1,353479086,-1178094242,629886,14106052,3,32,1,-9.844,0.388,0.239,0.004,-0.012,0.005,64.51,1,941.16,44.57,666.25,1,938.99,45.16,637.45
T,2266213,1,353479085,-1178094243,629990,14106052,3,32,1,-9.849,0.383,0.316,0.004,-0.013,0.005,64.50,1,941.16,44.59,666.25,1,939.00,45.18,637.36
T,2267203,1,353479082,-1178094244,630073,14106052,3,32,1,-9.854,0.368,0.263,0.010,-0.013,0.006,64.54,1,941.13,44.60,666.52,1,938.95,45.21,637.80
T,2268190,1,353479082,-1178094246,630122,14106052,3,32,1,-9.849,0.483,0.297,0.004,-0.013,0.006,64.66,1,941.15,44.62,666.34,1,938.99,45.24,637.45
T,2269277,1,353479081,-1178094251,630175,14106052,3,32,1,-9.844,0.402,0.244,0.004,-0.012,0.006,64.63,1,941.12,44.64,666.60,1,938.93,45.24,637.98
T,2270264,1,353479081,-1178094257,630186,14106052,3,32,1,-9.854,0.431,0.378,0.004,-0.011,0.006,64.76,1,941.10,44.65,666.78,1,938.97,45.28,637.63
T,2271251,1,353479080,-1178094263,630247,14106052,3,32,1,-9.858,0.416,0.325,0.007,-0.012,0.005,64.83,1,941.10,44.68,666.78,1,938.98,45.35,637.54
T,2272241,1,353479081,-1178094270,630284,14106052,3,32,1,-9.849,0.426,0.340,0.009,-0.013,0.006,64.91,1,941.15,44.69,666.34,1,938.97,45.40,637.63
T,2273236,1,353479081,-1178094277,630407,14106052,3,32,1,-9.839,0.388,0.359,0.007,-0.012,0.005,64.94,1,941.13,44.71,666.52,1,938.99,45.44,637.45
T,2274224,1,353479083,-1178094285,630489,14106052,3,32,1,-9.849,0.397,0.349,0.007,-0.012,0.005,64.90,1,941.13,44.72,666.52,1,938.94,45.45,637.89
T,2275206,1,353479085,-1178094292,630587,14106052,3,32,1,-9.858,0.407,0.239,0.007,-0.012,0.005,64.86,1,941.14,44.71,666.43,1,938.97,45.40,637.63
T,2276294,1,353479084,-1178094297,630622,14106052,3,32,1,-9.854,0.426,0.268,0.007,-0.013,0.006,64.73,1,941.10,44.71,666.78,1,938.94,45.37,637.89
T,2277279,1,353479085,-1178094302,630774,14106052,3,32,1,-9.854,0.407,0.234,0.005,-0.012,0.006,64.71,1,941.13,44.66,666.52,1,938.99,45.31,637.45
T,2278266,1,353479084,-1178094308,630842,14106052,3,32,1,-9.858,0.426,0.287,0.010,-0.015,0.006,64.68,1,941.12,44.65,666.60,1,938.98,45.29,637.54
T,2279257,1,353479084,-1178094308,630934,14106052,3,32,1,-9.854,0.407,0.325,0.005,-0.013,0.006,64.84,1,941.11,44.68,666.69,1,938.98,45.34,637.54
T,2280244,1,353479084,-1178094310,631012,14106052,3,32,1,-9.854,0.412,0.330,0.006,-0.012,0.005,64.98,1,941.11,44.72,666.69,1,938.95,45.43,637.80
T,2281229,1,353479083,-1178094310,631087,14106052,3,32,1,-9.839,0.435,0.316,0.004,-0.013,0.006,65.04,1,941.14,44.76,666.43,1,939.00,45.49,637.36
T,2282213,1,353479083,-1178094314,631176,14106052,3,32,1,-9.858,0.412,0.335,0.002,-0.013,0.006,65.09,1,941.10,44.78,666.78,1,938.95,45.53,637.80
T,2283299,1,353479082,-1178094317,631235,14106052,3,32,1,-9.844,0.450,0.311,0.004,-0.012,0.005,65.11,1,941.14,44.79,666.43,1,938.95,45.57,637.80
T,2284287,1,353479082,-1178094318,631270,14106052,3,32,1,-9.858,0.402,0.340,0.009,-0.013,0.005,65.13,1,941.13,44.80,666.52,1,938.97,45.59,637.63
T,2285273,1,353479084,-1178094320,631304,14106052,3,32,1,-9.849,0.388,0.378,0.002,-0.012,0.006,65.17,1,941.04,44.81,667.31,1,938.96,45.61,637.71
T,2286260,1,353479086,-1178094320,631309,14106052,3,32,1,-9.858,0.426,0.321,0.004,-0.012,0.006,65.19,1,941.10,44.82,666.78,1,938.99,45.64,637.45
T,2287248,1,353479085,-1178094329,631365,14106052,3,32,1,-9.863,0.412,0.311,0.009,-0.012,0.005,65.21,1,941.10,44.86,666.78,1,938.97,45.66,637.63
T,2288237,1,353479083,-1178094333,631364,14106052,3,32,1,-9.863,0.421,0.354,0.007,-0.013,0.005,65.26,1,941.08,44.88,666.96,1,938.94,45.67,637.89
T,2289221,1,353479080,-1178094339,631489,14106052,3,30,1,-9.858,0.364,0.368,0.015,-0.013,0.005,65.23,1,941.12,44.89,666.60,1,938.97,45.69,637.63
T,2290308,1,353479081,-1178094340,631496,14106052,3,31,1,-9.849,0.378,0.354,0.002,-0.012,0.006,65.26,1,941.05,44.92,667.22,1,938.96,45.71,637.71
T,2291296,1,353479083,-1178094338,631527,14106052,3,31,1,-9.849,0.416,0.301,0.005,-0.011,0.006,65.29,1,941.10,44.93,666.78,1,938.92,45.73,638.07
T,2292281,1,353479075,-1178094349,631752,14106052,3,31,1,-9.854,0.435,0.330,0.007,-0.013,0.006,65.27,1,941.13,44.94,666.52,1,938.95,45.75,637.80
T,2293266,1,353479076,-1178094352,631847,14106052,3,31,1,-9.844,0.435,0.311,0.006,-0.012,0.005,65.26,1,941.12,44.94,666.60,1,939.00,45.75,637.36
T,2294250,1,353479080,-1178094350,631908,14106052,3,31,1,-9.849,0.455,0.330,0.000,-0.013,0.006,65.33,1,941.06,44.95,667.13,1,938.97,45.74,637.63
T,2295240,1,353479085,-1178094346,631941,14106052,3,31,1,-9.849,0.412,0.306,0.007,-0.013,0.006,65.29,1,941.11,44.96,666.69,1,938.96,45.76,637.71
T,2296231,1,353479086,-1178094344,632085,14106052,3,31,1,-9.849,0.426,0.301,0.000,-0.013,0.006,65.34,1,941.11,44.98,666.69,1,938.95,45.76,637.80
T,2297317,1,353479090,-1178094339,632084,14106052,3,31,1,-9.854,0.445,0.316,-0.004,-0.012,0.006,65.37,1,941.11,44.99,666.69,1,938.96,45.77,637.71
T,2298209,1,353479092,-1178094338,632119,14106052,3,31,1,-9.854,0.335,0.364,0.006,-0.013,0.006,65.44,1,941.11,45.00,666.69,1,938.98,45.79,637.54
T,2299298,1,353479094,-1178094338,632212,14106052,3,31,1,-9.863,0.431,0.364,0.006,-0.013,0.006,65.40,1,941.11,45.01,666.69,1,938.99,45.82,637.45
T,2300283,1,353479095,-1178094336,632161,14106052,3,31,1,-9.854,0.421,0.325,0.011,-0.013,0.006,65.45,1,941.15,45.03,666.34,1,938.99,45.85,637.45
T,2301267,1,353479096,-1178094338,632252,14106052,3,31,1,-9.854,0.440,0.311,0.011,-0.015,0.005,65.46,1,941.17,45.04,666.16,1,938.96,45.87,637.71
T,2302257,1,353479089,-1178094347,632429,14106052,3,31,1,-9.854,0.426,0.325,0.010,-0.012,0.006,65.48,1,941.12,45.07,666.60,1,938.98,45.88,637.54
T,2303249,1,353479084,-1178094354,632559,14106052,3,31,1,-9.854,0.412,0.349,0.006,-0.013,0.006,65.48,1,941.14,45.08,666.43,1,938.96,45.91,637.71
T,2304234,1,353479087,-1178094352,632621,14106052,3,31,1,-9.858,0.426,0.325,0.006,-0.012,0.006,65.51,1,941.16,45.09,666.25,1,938.97,45.92,637.63
T,2305221,1,353479087,-1178094346,632564,14106052,3,31,1,-9.854,0.412,0.301,0.004,-0.012,0.005,65.45,1,941.13,45.08,666.52,1,939.00,45.85,637.36
T,2306209,1,353479093,-1178094336,632525,14106052,3,31,1,-9.844,0.421,0.340,0.004,-0.013,0.005,65.45,1,941.08,45.06,666.96,1,938.97,45.81,637.63
T,2307200,1,353479100,-1178094323,632566,14106052,3,31,1,-9.858,0.431,0.311,0.017,-0.013,0.005,65.39,1,941.07,45.05,667.05,1,938.97,45.82,637.63
T,2308287,1,353479105,-1178094315,632625,14106052,3,31,1,-9.868,0.345,0.321,0.010,-0.013,0.005,65.42,1,941.12,45.06,666.60,1,938.98,45.80,637.54
T,2309277,1,353479109,-1178094307,632674,14106052,3,32,1,-9.854,0.383,0.263,-0.001,-0.013,0.006,65.32,1,941.09,45.03,666.87,1,938.96,45.76,637.71
T,2310268,1,353479112,-1178094301,632585,14106052,3,32,1,-9.863,0.459,0.249,0.013,-0.012,0.004,65.34,1,941.07,45.03,667.05,1,938.95,45.77,637.80
T,2311254,1,353479114,-1178094296,632561,14106052,3,32,1,-9.849,0.526,0.201,0.001,-0.013,0.006,65.38,1,941.11,45.05,666.69,1,938.98,45.79,637.54
T,2312240,1,353479110,-1178094294,632493,14106052,3,32,1,-9.849,0.498,0.201,0.006,-0.012,0.004,65.33,1,941.14,45.07,666.43,1,938.96,45.81,637.71
T,2313227,1,353479113,-1178094292,632484,14106052,3,32,1,-9.882,0.148,0.263,0.016,-0.012,0.004,65.21,1,941.06,45.06,667.13,1,938.97,45.77,637.63
T,2314226,1,353479109,-1178094291,632412,14106052,3,32,1,-9.835,0.622,0.182,0.009,-0.013,0.006,65.21,1,941.15,45.04,666.34,1,938.95,45.73,637.80
T,2315213,1,353479106,-1178094290,632400,14106052,3,32,1,-9.854,0.541,0.263,0.006,-0.012,0.007,65.27,1,941.15,45.06,666.34,1,938.94,45.75,637.89
T,2316200,1,353479104,-1178094295,632341,14106052,3,32,1,-9.858,0.368,0.287,0.009,-0.013,0.005,65.44,1,941.15,45.10,666.34,1,938.93,45.83,637.98
T,2317288,1,353479101,-1178094297,632336,14106052,3,32,1,-9.854,0.416,0.316,0.001,-0.013,0.006,65.48,1,941.11,45.12,666.69,1,938.94,45.88,637.89
T,2318271,1,353479103,-1178094302,632216,14106052,3,31,1,-9.854,0.440,0.321,0.001,-0.012,0.005,65.49,1,941.13,45.13,666.52,1,938.95,45.93,637.80
T,2319256,1,353479104,-1178094307,632181,14106052,3,32,1,-9.854,0.426,0.349,0.010,-0.013,0.006,65.54,1,941.13,45.15,666.52,1,938.92,45.97,638.07
T,2320244,1,353479104,-1178094310,632136,14106052,3,32,1,-9.858,0.407,0.349,0.009,-0.015,0.006,65.58,1,941.09,45.16,666.87,1,938.94,45.99,637.89
T,2321238,1,353479103,-1178094311,632017,14106052,3,31,1,-9.854,0.421,0.330,0.005,-0.011,0.006,65.64,1,941.05,45.18,667.22,1,938.95,46.00,637.80
T,2322222,1,353479104,-1178094310,631995,14106052,3,31,1,-9.844,0.421,0.345,0.009,-0.013,0.006,65.68,1,941.07,45.19,667.05,1,938.97,46.03,637.63
T,2323209,1,353479105,-1178094310,632019,14106052,3,32,1,-9.858,0.412,0.287,0.007,-0.015,0.006,65.59,1,941.11,45.20,666.69,1,938.96,46.05,637.71
T,2324294,1,353479102,-1178094317,632223,14106052,3,31,1,-9.858,0.402,0.311,0.007,-0.015,0.006,65.58,1,941.10,45.18,666.78,1,938.96,45.98,637.71
T,2325279,1,353479106,-1178094310,632233,14106052,3,32,1,-9.858,0.416,0.234,0.000,-0.011,0.005,65.49,1,941.09,45.17,666.87,1,938.92,45.93,638.07
T,2326263,1,353479106,-1178094315,632421,14106052,3,32,1,-9.854,0.388,0.297,0.009,-0.013,0.004,65.51,1,941.10,45.16,666.78,1,938.95,45.91,637.80
T,2327256,1,353479104,-1178094323,632608,14106052,3,31,1,-9.844,0.479,0.287,0.012,-0.013,0.006,65.49,1,941.13,45.18,666.52,1,938.97,45.90,637.63
T,2328243,1,353479104,-1178094327,632617,14106052,3,32,1,-9.849,0.421,0.258,0.009,-0.013,0.005,65.54,1,941.09,45.19,666.87,1,938.96,45.90,637.71
T,2329226,1,353479100,-1178094340,632814,14106052,3,32,1,-9.844,0.311,0.354,0.013,-0.013,0.006,65.55,1,941.09,45.20,666.87,1,938.97,45.93,637.63
T,2330217,1,353479103,-1178094348,632855,14106052,3,31,1,-9.863,0.450,0.402,0.018,-0.013,0.005,65.61,1,941.14,45.22,666.43,1,938.97,45.98,637.63
T,2331204,1,353479102,-1178094360,632988,14106052,3,32,1,-9.835,0.747,0.392,-0.007,-0.011,0.007,65.56,1,941.07,45.22,667.05,1,938.93,45.99,637.98
T,2332295,1,353479107,-1178094364,633036,14106052,3,32,1,-9.849,0.435,0.206,0.007,-0.012,0.006,65.50,1,941.10,45.21,666.78,1,938.96,45.95,637.71
T,2333281,1,353479111,-1178094368,633136,14106052,3,31,1,-9.844,0.751,0.268,0.060,-0.015,0.005,65.50,1,941.14,45.22,666.43,1,938.95,45.96,637.80
T,2334269,1,353479113,-1178094375,633208,14106052,3,32,1,-9.868,0.187,0.048,0.020,-0.013,0.002,65.49,1,941.07,45.24,667.05,1,938.96,45.96,637.71
T,2335251,1,353479116,-1178094383,633324,14106052,3,32,1,-9.854,0.349,0.392,0.010,-0.013,0.005,65.53,1,941.09,45.25,666.87,1,938.91,45.97,638.16
T,2336235,1,353479119,-1178094387,633412,14106052,3,31,1,-9.849,0.421,0.258,-0.004,-0.011,0.005,65.58,1,941.11,45.26,666.69,1,938.96,45.98,637.71
T,2337231,1,353479122,-1178094397,633450,14106052,3,32,1,-9.844,0.407,0.297,0.012,-0.013,0.006,65.57,1,941.11,45.27,666.69,1,939.00,45.99,637.36
T,2338215,1,353479126,-1178094405,633491,14106052,3,31,1,-9.844,0.402,0.301,0.006,-0.013,0.006,65.57,1,941.12,45.27,666.60,1,938.92,46.01,638.07
T,2339200,1,353479128,-1178094415,633622,14106052,3,31,1,-9.849,0.431,0.321,0.002,-0.013,0.006,65.57,1,941.10,45.28,666.78,1,938.92,46.01,638.07
T,2340287,1,353479123,-1178094430,633864,14106052,3,32,1,-9.849,0.397,0.258,0.005,-0.012,0.006,65.52,1,941.15,45.26,666.34,1,938.96,45.99,637.71
T,2341272,1,353479125,-1178094433,633939,14106052,3,31,1,-9.849,0.421,0.316,0.006,-0.012,0.005,65.63,1,941.09,45.23,666.87,1,938.93,45.97,637.98
T,2342256,1,353479127,-1178094433,633958,14106052,3,31,1,-9.849,0.421,0.311,0.005,-0.012,0.006,65.60,1,941.11,45.25,666.69,1,938.92,46.00,638.07
T,2343243,1,353479123,-1178094437,634136,14106052,3,32,1,-9.858,0.435,0.330,0.010,-0.013,0.007,65.68,1,941.09,45.28,666.87,1,938.96,46.05,637.71
T,2344242,1,353479119,-1178094438,634319,14106052,3,32,1,-9.854,0.435,0.330,0.004,-0.013,0.005,65.73,1,941.09,45.29,666.87,1,938.94,46.09,637.89
T,2345227,1,353479108,-1178094442,634329,14106052,3,32,1,-9.844,0.412,0.330,0.007,-0.015,0.005,65.75,1,941.10,45.31,666.78,1,938.94,46.12,637.89
T,2346213,1,353479096,-1178094443,634394,14106052,3,32,1,-9.854,0.416,0.330,0.010,-0.013,0.005,65.75,1,941.10,45.32,666.78,1,938.95,46.15,637.80
T,2347302,1,353479086,-1178094441,634330,14106052,3,32,1,-9.849,0.435,0.340,0.005,-0.013,0.006,65.77,1,941.11,45.34,666.69,1,938.92,46.17,638.07
T,2348289,1,353479076,-1178094443,634268,14106052,3,32,1,-9.849,0.412,0.335,0.006,-0.013,0.006,65.80,1,941.12,45.35,666.60,1,938.94,46.19,637.89
T,2349274,1,353479075,-1178094434,634147,14106052,3,32,1,-9.854,0.421,0.340,0.009,-0.013,0.006,65.81,1,941.10,45.36,666.78,1,938.94,46.18,637.89
T,2350259,1,353479070,-1178094434,633984,14106052,3,31,1,-9.849,0.421,0.340,0.004,-0.013,0.006,65.84,1,941.06,45.37,667.13,1,938.91,46.18,638.16
T,2351246,1,353479068,-1178094430,633812,14106052,3,32,1,-9.854,0.407,0.330,0.009,-0.013,0.005,65.85,1,941.09,45.37,666.87,1,938.93,46.21,637.98
T,2352230,1,353479068,-1178094421,633743,14106052,3,32,1,-9.854,0.407,0.345,0.004,-0.013,0.006,65.89,1,941.11,45.37,666.69,1,938.92,46.23,638.07
T,2353215,1,353479068,-1178094410,633643,14106052,3,32,1,-9.863,0.416,0.345,0.013,-0.013,0.006,65.93,1,941.06,45.39,667.13,1,938.94,46.26,637.89
T,2354213,1,353479068,-1178094399,633496,14106052,3,32,1,-9.858,0.426,0.325,0.009,-0.012,0.005,65.93,1,941.11,45.39,666.69,1,938.91,46.27,638.16
T,2355300,1,353479063,-1178094398,633514,20989990,3,32,1,-9.858,0.412,0.340,0.004,-0.015,0.006,65.95,1,941.08,45.39,666.96,1,938.95,46.28,637.80
T,2356283,1,353479062,-1178094392,633437,20989990,3,32,1,-9.849,0.416,0.349,0.006,-0.013,0.005,65.94,1,941.08,45.41,666.96,1,938.98,46.30,637.54
T,2357270,1,353479060,-1178094387,633379,20989990,3,32,1,-9.858,0.426,0.321,0.011,-0.012,0.006,65.93,1,941.05,45.43,667.22,1,938.96,46.31,637.71
T,2358256,1,353479055,-1178094383,633299,20989990,3,32,1,-9.854,0.426,0.340,0.004,-0.013,0.006,65.99,1,941.10,45.43,666.78,1,938.93,46.33,637.98
T,2359240,1,353479055,-1178094378,633196,20989990,3,32,1,-9.849,0.416,0.297,0.007,-0.012,0.005,65.96,1,941.10,45.44,666.78,1,938.97,46.32,637.63
T,2360226,1,353479055,-1178094374,633074,20989990,3,32,1,-9.863,0.426,0.297,0.006,-0.012,0.006,65.91,1,941.09,45.43,666.87,1,938.91,46.27,638.16
T,2361211,1,353479057,-1178094370,632979,20989990,3,31,1,-9.854,0.407,0.325,0.007,-0.013,0.006,65.97,1,941.11,45.43,666.69,1,938.88,46.27,638.42
T,2362198,1,353479060,-1178094367,632859,20989990,3,32,1,-9.849,0.392,0.330,0.011,-0.013,0.005,66.00,1,941.11,45.45,666.69,1,938.95,46.33,637.80
T,2363290,1,353479060,-1178094366,632772,20989990,3,31,1,-9.849,0.392,0.301,0.006,-0.013,0.005,66.00,1,941.06,45.48,667.13,1,938.93,46.34,637.98
T,2364277,1,353479063,-1178094363,632693,20989990,3,32,1,-9.854,0.421,0.330,0.005,-0.012,0.005,66.00,1,941.08,45.48,666.96,1,938.92,46.36,638.07
T,2365263,1,353479070,-1178094360,632446,20989990,3,32,1,-9.858,0.402,0.335,0.009,-0.012,0.006,66.02,1,941.11,45.48,666.69,1,938.93,46.38,637.98
T,2366249,1,353479074,-1178094358,632280,20989990,3,31,1,-9.844,0.435,0.316,-0.002,-0.015,0.006,66.04,1,941.08,45.48,666.96,1,938.91,46.38,638.16
T,2367237,1,353479081,-1178094356,631993,20989990,3,32,1,-9.854,0.383,0.335,0.009,-0.013,0.006,66.02,1,941.06,45.50,667.13,1,938.95,46.39,637.80
T,2368221,1,353479087,-1178094354,631737,20989990,3,32,1,-9.844,0.402,0.311,0.007,-0.012,0.006,66.06,1,941.11,45.52,666.69,1,938.90,46.38,638.24
T,2369308,1,353479092,-1178094354,631488,20989990,3,32,1,-9.844,0.445,0.282,0.006,-0.012,0.006,66.02,1,941.07,45.50,667.05,1,938.91,46.33,638.16
T,2370297,1,353479101,-1178094355,631142,20989990,3,32,1,-9.849,0.459,0.311,0.004,-0.012,0.005,66.06,1,941.02,45.51,667.49,1,938.91,46.35,638.16
T,2371282,1,353479107,-1178094357,630859,20989990,3,32,1,-9.844,0.378,0.354,0.011,-0.015,0.006,66.05,1,941.09,45.53,666.87,1,938.91,46.39,638.16
T,2372268,1,353479111,-1178094361,630654,20989990,3,32,1,-9.854,0.421,0.340,0.000,-0.013,0.006,66.08,1,941.05,45.54,667.22,1,938.91,46.42,638.16
T,2373254,1,353479119,-1178094365,630414,20989990,3,32,1,-9.835,0.416,0.335,0.011,-0.015,0.006,66.12,1,941.10,45.54,666.78,1,938.93,46.44,637.98
T,2374237,1,353479130,-1178094366,630147,20989990,3,32,1,-9.854,0.431,0.340,0.009,-0.013,0.005,66.10,1,941.08,45.54,666.96,1,938.90,46.45,638.24
T,2375221,1,353479140,-1178094368,629905,20989990,3,32,1,-9.863,0.373,0.321,0.015,-0.012,0.005,66.17,1,941.07,45.55,667.05,1,938.94,46.46,637.89
T,2376209,1,353479147,-1178094372,629710,20989990,3,32,1,-9.868,0.464,0.239,0.006,-0.016,0.002,66.12,1,941.10,45.55,666.78,1,938.90,46.47,638.24
T,2377299,1,353479154,-1178094378,629514,20989990,3,32,1,-9.835,0.421,0.421,-0.004,-0.013,0.009,66.13,1,941.13,45.56,666.52,1,938.93,46.45,637.98
T,2378288,1,353479159,-1178094384,629332,20989990,3,32,1,-9.858,0.407,0.335,-0.004,-0.012,0.006,66.16,1,941.10,45.57,666.78,1,938.93,46.47,637.98
T,2379291,1,353479162,-1178094391,629171,20989990,3,32,1,-9.873,0.321,0.388,0.020,-0.015,0.005,66.12,1,941.04,45.57,667.31,1,938.92,46.50,638.07
T,2380288,1,353479164,-1178094400,629018,20989990,3,32,1,-9.849,0.421,0.373,0.009,-0.015,0.006,66.19,1,941.06,45.59,667.13,1,938.91,46.52,638.16
T,2381272,1,353479166,-1178094408,628844,20989990,3,32,1,-9.863,0.440,0.306,0.011,-0.012,0.006,66.04,1,941.06,45.57,667.13,1,938.95,46.47,637.80
T,2382256,1,353479168,-1178094416,628691,20989990,3,32,1,-9.858,0.426,0.311,0.004,-0.011,0.005,66.11,1,941.09,45.56,666.87,1,938.98,46.45,637.54
T,2383247,1,353479170,-1178094424,628562,20989990,3,32,1,-9.844,0.407,0.244,0.005,-0.012,0.006,66.10,1,941.08,45.58,666.96,1,938.92,46.49,638.07
T,2384235,1,353479171,-1178094432,628458,20989990,3,32,1,-9.854,0.397,0.306,0.006,-0.013,0.006,66.02,1,941.11,45.60,666.69,1,938.93,46.45,637.98
T,2385219,1,353479171,-1178094442,628393,20989990,3,32,1,-9.854,0.435,0.354,0.004,-0.011,0.005,66.19,1,941.07,45.62,667.05,1,938.92,46.46,638.07
T,2386206,1,353479173,-1178094447,628343,20989990,3,32,1,-9.858,0.440,0.301,0.007,-0.012,0.005,66.14,1,941.06,45.64,667.13,1,938.92,46.49,638.07
T,2387291,1,353479174,-1178094452,628294,20989990,3,32,1,-9.854,0.407,0.311,0.009,-0.012,0.006,66.19,1,941.05,45.65,667.22,1,938.91,46.50,638.16
T,2388274,1,353479176,-1178094460,628177,20989990,3,31,1,-9.854,0.407,0.306,0.002,-0.015,0.006,66.18,1,941.07,45.67,667.05,1,938.94,46.52,637.89
T,2389260,1,353479175,-1178094467,628084,20989990,3,32,1,-9.854,0.431,0.258,0.006,-0.013,0.006,66.08,1,941.11,45.66,666.69,1,938.91,46.48,638.16
T,2390253,1,353479175,-1178094471,627971,20989990,3,32,1,-9.854,0.402,0.335,0.011,-0.013,0.005,66.20,1,941.06,45.66,667.13,1,938.92,46.47,638.07
T,2391239,1,353479173,-1178094476,627824,20989990,3,32,1,-9.854,0.416,0.325,0.002,-0.012,0.006,66.22,1,941.09,45.68,666.87,1,938.89,46.53,638.33
T,2392225,1,353479172,-1178094475,627696,20989990,3,32,1,-9.854,0.426,0.345,0.009,-0.013,0.006,66.25,1,941.09,45.69,666.87,1,938.93,46.57,637.98
T,2393314,1,353479169,-1178094477,627531,20989990,3,32,1,-9.854,0.450,0.325,0.004,-0.013,0.006,66.27,1,941.07,45.70,667.05,1,938.90,46.59,638.24
T,2394206,1,353479165,-1178094483,627352,20989990,3,32,1,-9.854,0.440,0.349,0.005,-0.012,0.006,66.27,1,941.08,45.72,666.96,1,938.92,46.60,638.07
T,2395291,1,353479164,-1178094484,627049,20989990,3,32,1,-9.849,0.412,0.330,0.007,-0.013,0.006,66.29,1,941.09,45.73,666.87,1,938.93,46.62,637.98
T,2396282,1,353479163,-1178094485,626854,20989990,3,32,1,-9.854,0.435,0.321,0.002,-0.012,0.006,66.32,1,941.08,45.74,666.96,1,938.92,46.63,638.07
T,2397269,1,353479166,-1178094478,626771,20989990,3,32,1,-9.849,0.426,0.306,0.011,-0.013,0.005,66.23,1,941.08,45.76,666.96,1,938.92,46.62,638.07
T,2398254,1,353479168,-1178094470,626689,20989990,3,32,1,-9.858,0.435,0.335,0.007,-0.013,0.005,66.27,1,941.09,45.76,666.87,1,938.91,46.61,638.16
T,2399238,1,353479170,-1178094459,626635,20989990,3,31,1,-9.854,0.426,0.316,0.009,-0.012,0.006,66.28,1,941.08,45.76,666.96,1,938.91,46.62,638.16
T,2400223,1,353479170,-1178094453,626585,20989990,3,32,1,-9.849,0.431,0.273,0.011,-0.015,0.006,66.32,1,941.10,45.77,666.78,1,938.89,46.66,638.33
T,2401308,1,353479167,-1178094448,626568,20989990,3,32,1,-9.858,0.407,0.354,0.010,-0.013,0.006,66.24,1,941.06,45.78,667.13,1,938.91,46.63,638.16
T,2402296,1,353479165,-1178094443,626482,20989990,3,32,1,-9.844,0.421,0.278,0.004,-0.013,0.006,66.21,1,941.06,45.76,667.13,1,938.92,46.57,638.07
T,2403278,1,353479164,-1178094439,626393,20989990,3,32,1,-9.849,0.474,0.287,-0.006,-0.011,0.007,66.16,1,941.09,45.76,666.87,1,938.94,46.56,637.89
T,2404270,1,353479160,-1178094439,626326,20989990,3,32,1,-9.858,0.507,0.273,0.012,-0.013,0.006,66.27,1,941.06,45.78,667.13,1,938.90,46.59,638.24
T,2405256,1,353479158,-1178094438,626209,20989990,3,31,1,-9.854,0.397,0.354,0.015,-0.013,0.005,66.32,1,941.08,45.80,666.96,1,938.85,46.63,638.69
T,2406248,1,353479157,-1178094435,626183,20989990,3,32,1,-9.858,0.412,0.349,0.006,-0.013,0.006,66.32,1,941.04,45.79,667.31,1,938.90,46.65,638.24
T,2407234,1,353479156,-1178094432,626195,20989990,3,31,1,-9.849,0.431,0.368,0.002,-0.012,0.006,66.37,1,941.06,45.77,667.13,1,938.89,46.66,638.33
T,2408219,1,353479153,-1178094431,626235,20989990,3,32,1,-9.858,0.407,0.335,0.001,-0.012,0.005,66.25,1,941.05,45.70,667.22,1,938.89,46.61,638.33
T,2409204,1,353479150,-1178094430,626157,20989990,3,32,1,-9.844,0.445,0.306,0.011,-0.013,0.007,66.21,1,941.09,45.66,666.87,1,938.91,46.56,638.16
T,2410190,1,353479148,-1178094429,626127,20989990,3,32,1,-9.849,0.440,0.364,0.007,-0.015,0.006,66.24,1,941.10,45.62,666.78,1,938.90,46.51,638.24
T,2411279,1,353479147,-1178094425,626108,20989990,3,31,1,-9.854,0.426,0.349,0.010,-0.012,0.006,66.21,1,941.06,45.60,667.13,1,938.89,46.48,638.33
T,2412264,1,353479146,-1178094419,626107,20989990,3,32,1,-9.849,0.421,0.373,0.009,-0.012,0.006,66.11,1,941.09,45.57,666.87,1,938.88,46.47,638.42
T,2413250,1,353479145,-1178094412,626149,20989990,3,32,1,-9.863,0.421,0.354,0.004,-0.013,0.006,66.09,1,941.07,45.54,667.05,1,938.91,46.45,638.16
T,2414239,1,353479144,-1178094407,626199,20989990,3,32,1,-9.858,0.431,0.340,0.005,-0.012,0.005,66.07,1,941.07,45.52,667.05,1,938.89,46.46,638.33
T,2415224,1,353479141,-1178094404,626214,20989990,3,32,1,-9.849,0.421,0.359,0.009,-0.012,0.006,66.07,1,941.09,45.51,666.87,1,938.93,46.47,637.98
T,2416207,1,353479139,-1178094401,626215,20989990,3,32,1,-9.854,0.407,0.349,0.001,-0.012,0.007,66.02,1,941.08,45.50,666.96,1,938.91,46.47,638.16
T,2417300,1,353479137,-1178094401,626227,20989990,3,31,1,-9.854,0.402,0.373,0.002,-0.013,0.006,65.98,1,941.08,45.49,666.96,1,938.94,46.46,637.89
T,2418192,1,353479134,-1178094403,626255,20989990,3,32,1,-9.858,0.397,0.383,0.007,-0.012,0.006,66.00,1,941.07,45.44,667.05,1,938.95,46.42,637.80
T,2419280,1,353479130,-1178094407,626324,20989990,3,32,1,-9.854,0.426,0.349,0.009,-0.012,0.005,66.00,1,941.03,45.42,667.40,1,938.86,46.43,638.60
T,2420264,1,353479127,-1178094410,626323,20989990,3,32,1,-9.858,0.402,0.368,0.007,-0.015,0.006,65.96,1,941.10,45.39,666.78,1,938.94,46.42,637.89
T,2421254,1,353479124,-1178094417,626376,20989990,3,32,1,-9.849,0.426,0.345,0.004,-0.013,0.006,65.92,1,941.05,45.37,667.22,1,938.90,46.43,638.24
T,2422248,1,353479122,-1178094419,626445,20989990,3,32,1,-9.849,0.397,0.354,0.004,-0.013,0.006,65.94,1,941.09,45.37,666.87,1,938.94,46.44,637.89
T,2423236,1,353479120,-1178094419,626472,20989990,3,32,1,-9.858,0.435,0.368,0.005,-0.012,0.006,66.00,1,941.06,45.36,667.13,1,938.90,46.44,638.24
T,2424222,1,353479116,-1178094422,626572,20989990,3,32,1,-9.854,0.402,0.368,0.007,-0.012,0.005,65.96,1,941.05,45.34,667.22,1,938.91,46.44,638.16
T,2425312,1,353479113,-1178094424,626614,20989990,3,31,1,-9.858,0.416,0.349,0.006,-0.013,0.006,65.93,1,941.08,45.34,666.96,1,938.85,46.43,638.69
T,2426197,1,353479107,-1178094430,626741,20989990,3,32,1,-9.849,0.455,0.345,0.007,-0.011,0.006,65.96,1,941.10,45.32,666.78,1,938.90,46.42,638.24
T,2427284,1,353479104,-1178094435,626750,20989990,3,32,1,-9.854,0.421,0.349,0.011,-0.013,0.005,65.95,1,941.11,45.32,666.69,1,938.91,46.41,638.16
T,2428270,1,353479101,-1178094440,626778,20989990,3,32,1,-9.854,0.392,0.349,0.010,-0.013,0.005,65.90,1,941.09,45.31,666.87,1,938.91,46.39,638.16
T,2429254,1,353479097,-1178094446,626798,20989990,3,31,1,-9.854,0.402,0.364,0.004,-0.013,0.006,65.91,1,941.09,45.31,666.87,1,938.88,46.39,638.42
T,2430238,1,353479097,-1178094445,626782,20989990,3,30,1,-9.844,0.440,0.330,0.007,-0.012,0.005,65.96,1,941.04,45.31,667.31,1,938.92,46.40,638.07
T,2431223,1,353479094,-1178094452,626812,20989990,3,32,1,-9.844,0.426,0.345,0.007,-0.013,0.006,65.92,1,941.07,45.32,667.05,1,938.93,46.41,637.98
T,2432215,1,353479089,-1178094459,626859,20989990,3,32,1,-9.854,0.402,0.364,0.012,-0.012,0.005,65.95,1,941.06,45.34,667.13,1,938.91,46.41,638.16
T,2433198,1,353479086,-1178094464,626901,20989990,3,32,1,-9.863,0.450,0.345,0.005,-0.013,0.005,65.99,1,941.10,45.34,666.78,1,938.89,46.40,638.33
T,2434182,1,353479082,-1178094473,626954,20989990,3,32,1,-9.858,0.392,0.373,0.005,-0.012,0.006,65.96,1,941.11,45.35,666.69,1,938.90,46.40,638.24
T,2435275,1,353479081,-1178094477,626935,20989990,3,31,1,-9.858,0.416,0.340,0.006,-0.012,0.005,65.94,1,941.06,45.36,667.13,1,938.89,46.40,638.33
T,2436259,1,353479078,-1178094480,626887,20989990,3,30,1,-9.854,0.440,0.335,0.006,-0.013,0.006,65.96,1,941.08,45.37,666.96,1,938.89,46.41,638.33
T,2437244,1,353479077,-1178094479,626889,20989990,3,30,1,-9.854,0.426,0.330,0.010,-0.015,0.006,65.95,1,941.10,45.38,666.78,1,938.90,46.42,638.24
T,2438230,1,353479076,-1178094481,626882,20989990,3,31,1,-9.854,0.421,0.325,0.007,-0.013,0.005,65.98,1,941.06,45.41,667.13,1,938.93,46.44,637.98
T,2439236,1,353479072,-1178094486,626815,20989990,3,31,1,-9.854,0.416,0.354,0.006,-0.012,0.006,66.01,1,941.09,45.43,666.87,1,938.88,46.46,638.42
T,2440221,1,353479067,-1178094491,626770,20989990,3,31,1,-9.858,0.412,0.345,0.006,-0.012,0.005,66.01,1,941.08,45.45,666.96,1,938.92,46.46,638.07
T,2441207,1,353479058,-1178094501,626798,20989990,3,32,1,-9.854,0.407,0.359,0.010,-0.013,0.005,66.03,1,941.07,45.46,667.05,1,938.95,46.48,637.80
T,2442299,1,353479051,-1178094508,626806,20989990,3,32,1,-9.854,0.426,0.349,0.005,-0.013,0.006,66.06,1,941.08,45.46,666.96,1,938.93,46.50,637.98
T,2443291,1,353479044,-1178094513,626737,20989990,3,30,1,-9.849,0.474,0.306,0.009,-0.013,0.005,66.05,1,941.05,45.49,667.22,1,938.90,46.51,638.24
T,2444275,1,353479033,-1178094527,626825,20989990,3,32,1,-9.858,0.407,0.373,0.006,-0.013,0.006,66.10,1,941.01,45.50,667.58,1,938.92,46.51,638.07
T,2445261,1,353479028,-1178094529,626836,20989990,3,32,1,-9.854,0.421,0.325,0.005,-0.012,0.006,66.10,1,941.04,45.51,667.31,1,938.91,46.53,638.16
T,2446253,1,353479027,-1178094523,626789,20989990,3,30,1,-9.858,0.402,0.373,0.002,-0.012,0.006,66.10,1,941.05,45.51,667.22,1,938.87,46.52,638.51
T,2447252,1,353479026,-1178094513,626697,20989990,3,32,1,-9.863,0.459,0.311,0.013,-0.013,0.006,66.11,1,941.04,45.51,667.31,1,938.90,46.53,638.24
T,2448237,1,353479025,-1178094504,626615,20989990,3,32,1,-9.839,0.359,0.368,0.018,-0.013,0.005,66.09,1,941.05,45.55,667.22,1,938.91,46.55,638.16
T,2449226,1,353479026,-1178094496,626562,20989990,3,32,1,-9.854,0.416,0.349,-0.002,-0.012,0.006,66.15,1,941.04,45.57,667.31,1,938.90,46.57,638.24
T,2450217,1,353479026,-1178094488,626508,20989990,3,32,1,-9.858,0.402,0.354,0.006,-0.012,0.006,66.14,1,941.06,45.58,667.13,1,938.91,46.59,638.16
T,2451301,1,353479029,-1178094476,626364,20989990,3,32,1,-9.858,0.407,0.345,0.009,-0.013,0.005,66.17,1,941.04,45.59,667.31,1,938.93,46.60,637.98
T,2452285,1,353479025,-1178094473,626398,20989990,3,32,1,-9.849,0.431,0.349,0.011,-0.013,0.006,66.21,1,941.02,45.60,667.49,1,938.90,46.61,638.24
T,2453275,1,353479019,-1178094474,626450,20989990,3,32,1,-9.858,0.388,0.364,0.006,-0.013,0.007,66.21,1,941.04,45.60,667.31,1,938.91,46.62,638.16
T,2454258,1,353479017,-1178094470,626428,20989990,3,32,1,-9.854,0.421,0.349,0.001,-0.015,0.006,66.21,1,941.06,45.61,667.13,1,938.89,46.63,638.33
T,2455242,1,353479014,-1178094477,626423,20989990,3,31,1,-9.854,0.392,0.373,0.006,-0.013,0.006,66.23,1,941.05,45.62,667.22,1,938.87,46.62,638.51
T,2456228,1,353479008,-1178094487,626471,20989990,3,31,1,-9.858,0.431,0.311,0.006,-0.012,0.006,66.23,1,941.08,45.63,666.96,1,938.86,46.63,638.60
T,2457215,1,353479005,-1178094489,626439,20989990,3,32,1,-9.849,0.402,0.359,0.005,-0.013,0.005,66.23,1,941.05,45.63,667.22,1,938.87,46.63,638.51
T,2458199,1,353479004,-1178094488,626426,20989990,3,31,1,-9.854,0.426,0.345,0.010,-0.013,0.005,66.23,1,941.07,45.63,667.05,1,938.86,46.64,638.60
T,2459184,1,353479000,-1178094490,626425,20989990,3,32,1,-9.858,0.435,0.330,0.009,-0.013,0.006,66.27,1,941.06,45.63,667.13,1,938.89,46.65,638.33
T,2460280,1,353478994,-1178094495,626418,20989990,3,32,1,-9.854,0.402,0.349,0.009,-0.013,0.005,66.24,1,941.09,45.65,666.87,1,938.86,46.65,638.60
T,2461267,1,353478989,-1178094487,626456,20989990,3,32,1,-9.854,0.445,0.345,0.005,-0.012,0.006,66.25,1,941.08,45.66,666.96,1,938.89,46.67,638.33
T,2462253,1,353478987,-1178094469,626474,20989990,3,32,1,-9.863,0.431,0.345,0.009,-0.013,0.006,66.27,1,941.08,45.66,666.96,1,938.91,46.69,638.16
T,2463245,1,353478982,-1178094474,626422,20989990,3,30,1,-9.863,0.407,0.340,0.002,-0.013,0.006,66.27,1,941.09,45.67,666.87,1,938.87,46.69,638.51
T,2464233,1,353478977,-1178094481,626373,20989990,3,31,1,-9.844,0.407,0.345,0.004,-0.013,0.006,66.25,1,941.06,45.69,667.13,1,938.91,46.69,638.16
T,2465221,1,353478972,-1178094486,626326,20989990,3,32,1,-9.863,0.421,0.325,0.002,-0.012,0.007,66.32,1,941.06,45.69,667.13,1,938.91,46.71,638.16
T,2466207,1,353478971,-1178094463,626278,20989990,3,31,1,-9.854,0.416,0.335,0.004,-0.012,0.006,66.36,1,941.04,45.69,667.31,1,938.89,46.72,638.33
T,2467302,1,353478968,-1178094447,626228,20989990,3,31,1,-9.854,0.435,0.330,0.004,-0.013,0.005,66.32,1,941.02,45.70,667.49,1,938.88,46.73,638.42
T,2468298,1,353478967,-1178094440,626209,20989990,3,31,1,-9.863,0.397,0.345,0.010,-0.013,0.005,66.30,1,941.11,45.70,666.69,1,938.92,46.74,638.07
T,2469281,1,353478968,-1178094431,626197,20989990,3,32,1,-9.863,0.407,0.373,0.006,-0.012,0.005,66.38,1,941.09,45.71,666.87,1,938.85,46.74,638.69
T,2470269,1,353478970,-1178094427,626206,20989990,3,31,1,-9.849,0.426,0.330,-0.004,-0.011,0.006,66.33,1,941.02,45.71,667.49,1,938.89,46.74,638.33
T,2471261,1,353478971,-1178094425,626197,20989990,3,32,1,-9.849,0.426,0.311,0.010,-0.011,0.006,66.38,1,941.08,45.71,666.96,1,938.90,46.74,638.24
T,2472256,1,353478971,-1178094425,626218,20989990,3,31,1,-9.858,0.373,0.373,0.006,-0.013,0.005,66.37,1,941.05,45.72,667.22,1,938.91,46.76,638.16
T,2473242,1,353478973,-1178094423,626259,20989990,3,32,1,-9.854,0.416,0.340,0.005,-0.012,0.006,66.33,1,941.05,45.72,667.22,1,938.89,46.77,638.33
T,2474230,1,353478975,-1178094427,626294,20989990,3,32,1,-9.849,0.426,0.345,0.010,-0.012,0.006,66.37,1,941.06,45.74,667.13,1,938.90,46.77,638.24
T,2475215,1,353478976,-1178094427,626319,20989990,3,31,1,-9.854,0.364,0.383,0.009,-0.012,0.007,66.36,1,941.09,45.74,666.87,1,938.90,46.78,638.24
T,2476202,1,353478977,-1178094425,626338,20989990,3,32,1,-9.868,0.392,0.349,0.002,-0.013,0.006,66.39,1,941.09,45.73,666.87,1,938.87,46.79,638.51
T,2477290,1,353478980,-1178094424,626387,20989990,3,32,1,-9.858,0.550,0.292,0.006,-0.012,0.006,66.42,1,941.08,45.72,666.96,1,938.87,46.79,638.51
T,2478276,1,353478981,-1178094426,626442,20989990,3,32,1,-9.849,0.455,0.311,0.002,-0.012,0.007,66.46,1,941.05,45.72,667.22,1,938.89,46.80,638.33
T,2479264,1,353478984,-1178094422,626527,20989990,3,32,1,-9.854,0.431,0.340,0.010,-0.012,0.006,66.39,1,941.04,45.72,667.31,1,938.86,46.80,638.60
T,2480249,1,353478988,-1178094420,626591,20989990,3,32,1,-9.858,0.397,0.354,0.005,-0.013,0.006,66.45,1,941.05,45.73,667.22,1,938.90,46.80,638.24
T,2481234,1,353478992,-1178094419,626744,20989990,3,32,1,-9.849,0.378,0.335,0.000,-0.012,0.006,66.26,1,941.00,45.74,667.67,1,938.88,46.73,638.42
T,2482219,1,353478994,-1178094420,626806,20989990,3,32,1,-9.858,0.431,0.316,0.009,-0.015,0.006,66.35,1,941.05,45.76,667.22,1,938.89,46.73,638.33
T,2483204,1,353478994,-1178094422,626910,20989990,3,32,1,-9.849,0.397,0.325,0.004,-0.012,0.006,66.27,1,941.04,45.76,667.31,1,938.91,46.69,638.16
T,2484265,1,353478998,-1178094418,626947,20989990,3,32,1,-9.854,0.421,0.321,0.009,-0.013,0.006,66.27,1,941.05,45.78,667.22,1,938.90,46.71,638.24
T,2485253,1,353478999,-1178094418,627042,20989990,3,32,1,-9.858,0.407,0.301,0.007,-0.012,0.005,66.30,1,941.06,45.79,667.13,1,938.87,46.72,638.51
T,2486239,1,353479001,-1178094416,627062,20989990,3,32,1,-9.854,0.421,0.340,0.010,-0.013,0.006,66.30,1,941.02,45.76,667.49,1,938.90,46.71,638.24
T,2487223,1,353479002,-1178094415,627054,20989990,3,32,1,-9.849,0.416,0.330,0.006,-0.012,0.006,66.36,1,941.09,45.78,666.87,1,938.91,46.75,638.16
T,2488215,1,353479004,-1178094417,627018,20989990,3,32,1,-9.854,0.416,0.364,0.004,-0.012,0.005,66.40,1,941.04,45.80,667.31,1,938.88,46.80,638.42
T,2489202,1,353479006,-1178094420,626914,20989990,3,32,1,-9.849,0.431,0.311,0.005,-0.013,0.006,66.39,1,941.04,45.79,667.31,1,938.92,46.75,638.07
T,2490291,1,353479006,-1178094427,626864,20989990,3,32,1,-9.858,0.402,0.330,0.004,-0.012,0.006,66.42,1,941.06,45.80,667.13,1,938.92,46.76,638.07
T,2491284,1,353479004,-1178094435,626835,20989990,3,32,1,-9.849,0.426,0.345,0.007,-0.013,0.006,66.49,1,941.08,45.82,666.96,1,938.91,46.80,638.16
T,2492272,1,353479004,-1178094436,626785,20989990,3,32,1,-9.858,0.397,0.311,0.004,-0.013,0.005,66.43,1,941.02,45.83,667.49,1,938.89,46.82,638.33
T,2493259,1,353479004,-1178094438,626772,20989990,3,32,1,-9.854,0.431,0.321,0.007,-0.013,0.006,66.36,1,941.04,45.82,667.31,1,938.89,46.78,638.33
T,2494245,1,353479005,-1178094430,626761,20989990,3,32,1,-9.858,0.392,0.340,0.005,-0.015,0.006,66.43,1,941.07,45.83,667.05,1,938.92,46.78,638.07
T,2495237,1,353479005,-1178094424,626775,20989990,3,31,1,-9.854,0.426,0.335,0.005,-0.013,0.006,66.46,1,941.04,45.84,667.31,1,938.90,46.78,638.24
T,2496231,1,353479004,-1178094422,626733,20989990,3,32,1,-9.863,0.407,0.239,0.009,-0.013,0.006,66.27,1,941.08,45.83,666.96,1,938.92,46.72,638.07
T,2497217,1,353479002,-1178094424,626719,20989990,3,31,1,-9.858,0.416,0.268,0.007,-0.013,0.006,66.28,1,941.07,45.83,667.05,1,938.85,46.72,638.69
T,2498207,1,353479001,-1178094424,626711,20989990,3,32,1,-9.854,0.416,0.306,0.010,-0.013,0.005,66.33,1,941.06,45.80,667.13,1,938.92,46.72,638.07
T,2499298,1,353478999,-1178094431,626660,20989990,3,32,1,-9.863,0.412,0.292,0.006,-0.013,0.005,66.30,1,941.08,45.83,666.96,1,938.93,46.71,637.98
T,2500283,1,353478997,-1178094439,626614,20989990,3,32,1,-9.854,0.412,0.278,0.006,-0.011,0.005,66.29,1,941.05,45.85,667.22,1,938.93,46.70,637.98
T,2501269,1,353478995,-1178094447,626617,20989990,3,31,1,-9.858,0.383,0.301,0.007,-0.012,0.006,66.33,1,941.07,45.87,667.05,1,938.92,46.71,638.07
T,2502258,1,353478995,-1178094452,626603,20989990,3,29,1,-9.854,0.407,0.345,0.005,-0.013,0.006,66.47,1,941.06,45.89,667.13,1,938.92,46.74,638.07
T,2503247,1,353478994,-1178094460,626549,20989990,3,30,1,-9.849,0.426,0.335,0.010,-0.013,0.006,66.47,1,941.09,45.91,666.87,1,938.93,46.80,637.98
T,2504233,1,353478993,-1178094465,626491,20989990,3,30,1,-9.858,0.435,0.345,0.001,-0.012,0.006,66.52,1,941.08,45.92,666.96,1,938.91,46.84,638.16
T,2505220,1,353478993,-1178094466,626432,20989990,3,30,1,-9.863,0.412,0.359,0.011,-0.012,0.006,66.52,1,941.05,45.92,667.22,1,938.91,46.87,638.16
T,2506207,1,353478992,-1178094469,626402,20989990,3,31,1,-9.863,0.388,0.325,0.007,-0.012,0.005,66.55,1,941.11,45.93,666.69,1,938.90,46.88,638.24
T,2507295,1,353478991,-1178094471,626339,20989990,3,31,1,-9.858,0.464,0.316,0.010,-0.012,0.006,66.52,1,941.10,45.94,666.78,1,938.93,46.87,637.98
T,2508178,1,353478989,-1178094477,626328,20989990,3,29,1,-9.854,0.469,0.287,0.004,-0.012,0.006,66.55,1,941.07,45.96,667.05,1,938.89,46.87,638.33
T,2509268,1,353478987,-1178094482,626289,20989990,3,31,1,-9.858,0.392,0.354,0.011,-0.015,0.006,66.49,1,941.06,45.97,667.13,1,938.95,46.86,637.80
T,2510261,1,353478985,-1178094485,626228,20989990,3,31,1,-9.858,0.407,0.345,0.002,-0.013,0.005,66.53,1,941.07,45.98,667.05,1,938.91,46.88,638.16
T,2511247,1,353478982,-1178094489,626141,20989990,3,31,1,-9.854,0.435,0.330,0.007,-0.012,0.006,66.54,1,941.09,45.99,666.87,1,938.88,46.87,638.42
T,2512233,1,353478982,-1178094493,626041,20989990,3,31,1,-9.858,0.412,0.321,0.005,-0.012,0.006,66.55,1,941.13,46.00,666.52,1,938.93,46.89,637.98
T,2513221,1,353478981,-1178094496,625966,20989990,3,31,1,-9.854,0.407,0.373,0.010,-0.013,0.006,66.57,1,941.10,46.00,666.78,1,938.87,46.92,638.51
T,2514207,1,353478980,-1178094502,625895,20989990,3,31,1,-9.863,0.435,0.330,0.002,-0.012,0.006,66.61,1,941.05,46.01,667.22,1,938.94,46.94,637.89
T,2515196,1,353478979,-1178094510,625839,20989990,3,30,1,-9.858,0.392,0.373,0.006,-0.013,0.006,66.62,1,941.05,46.01,667.22,1,938.89,46.96,638.33
T,2516285,1,353478979,-1178094516,625827,20989990,3,31,1,-9.854,0.445,0.321,0.007,-0.012,0.005,66.58,1,941.07,46.02,667.05,1,938.92,46.97,638.07
T,2517277,1,353478979,-1178094520,625825,20989990,3,31,1,-9.849,0.388,0.373,0.006,-0.012,0.005,66.61,1,941.02,46.03,667.49,1,938.91,46.97,638.16
T,2518262,1,353478981,-1178094523,625818,20989990,3,31,1,-9.858,0.440,0.340,0.005,-0.012,0.007,66.61,1,941.07,46.03,667.05,1,938.92,46.99,638.07
T,2519251,1,353478984,-1178094520,625790,20989990,3,31,1,-9.868,0.412,0.340,0.006,-0.012,0.005,66.58,1,941.08,46.04,666.96,1,938.89,46.98,638.33
T,2520237,1,353478987,-1178094521,625765,20989990,3,31,1,-9.849,0.368,0.335,0.007,-0.013,0.005,66.61,1,941.08,46.05,666.96,1,938.90,46.97,638.24
T,2521223,1,353478989,-1178094519,625749,20989990,3,31,1,-9.849,0.388,0.349,0.006,-0.013,0.006,66.64,1,941.06,46.05,667.13,1,938.94,46.99,637.89
T,2522209,1,353478994,-1178094512,625693,20989990,3,31,1,-9.858,0.388,0.354,0.001,-0.015,0.005,66.55,1,941.09,46.06,666.87,1,938.94,46.96,637.89
T,2523296,1,353478998,-1178094508,625640,20989990,3,30,1,-9.854,0.421,0.306,0.006,-0.012,0.006,66.55,1,941.07,46.06,667.05,1,938.91,46.94,638.16
T,2524286,1,353479003,-1178094501,625612,20989990,3,30,1,-9.858,0.407,0.301,0.005,-0.012,0.006,66.62,1,941.05,46.07,667.22,1,938.89,46.94,638.33
T,2525271,1,353479008,-1178094495,625585,20989990,3,31,1,-9.854,0.373,0.196,0.005,-0.013,0.007,66.40,1,941.04,46.07,667.31,1,938.91,46.93,638.16
T,2526258,1,353479011,-1178094490,625577,20989990,3,31,1,-9.839,0.383,0.148,0.007,-0.012,0.007,66.08,1,941.08,45.98,666.96,1,938.91,46.81,638.16
T,2527242,1,353479016,-1178094486,625541,20989990,3,31,1,-9.849,0.388,0.077,0.006,-0.012,0.005,65.83,1,941.05,45.89,667.22,1,938.93,46.68,637.98
T,2528228,1,353479019,-1178094485,625485,20989990,3,30,1,-9.849,0.412,0.014,0.005,-0.012,0.006,65.52,1,941.02,45.84,667.49,1,938.91,46.52,638.16
T,2529215,1,353479024,-1178094484,625464,20989990,3,30,1,-9.849,0.402,0.153,0.009,-0.013,0.006,65.73,1,941.06,45.82,667.13,1,938.87,46.47,638.51
T,2530203,1,353479027,-1178094479,625455,20989990,3,32,1,-9.854,0.402,0.115,0.009,-0.012,0.005,65.51,1,941.10,45.83,666.78,1,938.90,46.44,638.24
T,2531296,1,353479033,-1178094477,625454,20989990,3,32,1,-9.858,0.373,0.105,0.004,-0.012,0.005,65.46,1,941.03,45.81,667.40,1,938.90,46.40,638.24
T,2532197,1,353479039,-1178094474,625429,20989990,3,32,1,-9.854,0.407,0.057,0.007,-0.012,0.007,65.54,1,941.05,45.80,667.22,1,938.89,46.41,638.33
T,2533185,1,353479044,-1178094473,625421,20989990,3,32,1,-9.849,0.397,0.091,0.005,-0.013,0.005,65.74,1,941.12,45.83,666.60,1,938.91,46.49,638.16
T,2534271,1,353479048,-1178094468,625444,20989990,3,32,1,-9.858,0.402,0.100,0.005,-0.013,0.006,65.58,1,941.08,45.80,666.96,1,938.92,46.50,638.07
T,2535257,1,353479054,-1178094466,625411,20989990,3,30,1,-9.849,0.421,0.014,0.004,-0.012,0.005,65.39,1,941.07,45.75,667.05,1,938.94,46.41,637.89
T,2536244,1,353479061,-1178094462,625328,20989990,3,31,1,-9.830,0.364,-0.029,0.009,-0.012,0.006,65.30,1,941.10,45.74,666.78,1,938.94,46.37,637.89
T,2537238,1,353479068,-1178094462,625242,20989990,3,31,1,-9.854,0.330,0.024,0.007,-0.012,0.006,65.23,1,941.07,45.69,667.05,1,938.90,46.35,638.24
T,2538222,1,353479074,-1178094464,625120,20989990,3,31,1,-9.863,0.397,0.014,0.001,-0.012,0.004,65.39,1,941.05,45.68,667.22,1,938.91,46.33,638.16
T,2539207,1,353479079,-1178094470,625047,20989990,3,31,1,-9.849,0.407,0.081,-0.002,-0.012,0.007,65.16,1,941.07,45.63,667.05,1,938.89,46.21,638.33
T,2540300,1,353479081,-1178094475,624964,20989990,3,31,1,-9.849,0.392,0.091,0.006,-0.012,0.005,65.18,1,941.03,45.64,667.40,1,938.89,46.20,638.33
T,2541285,1,353479083,-1178094480,624907,20989990,3,30,1,-9.839,0.421,-0.091,0.004,-0.012,0.005,64.95,1,941.09,45.59,666.87,1,938.93,46.11,637.98
T,2542277,1,353479087,-1178094480,624845,20989990,3,31,1,-9.849,0.373,-0.024,0.006,-0.012,0.006,64.79,1,941.08,45.53,666.96,1,938.91,46.02,638.16
T,2543271,1,353479095,-1178094474,624714,20989990,3,31,1,-9.830,0.364,-0.048,0.004,-0.012,0.006,64.76,1,941.06,45.54,667.13,1,938.95,46.02,637.80
T,2544273,1,353479102,-1178094470,624722,20989990,3,31,1,-9.839,0.373,0.110,0.007,-0.013,0.005,65.04,1,941.08,45.54,666.96,1,938.91,46.10,638.16
T,2545259,1,353479107,-1178094466,624668,20989990,3,31,1,-9.844,0.378,0.057,0.000,-0.012,0.006,65.00,1,941.11,45.54,666.69,1,938.93,46.12,637.98
T,2546243,1,353479111,-1178094466,624623,20989990,3,31,1,-9.849,0.388,0.024,0.009,-0.011,0.005,64.99,1,941.12,45.53,666.60,1,938.92,46.11,638.07
T,2547230,1,353479116,-1178094465,624593,20989990,3,31,1,-9.844,0.378,-0.053,0.006,-0.012,0.006,64.70,1,941.07,45.49,667.05,1,938.95,46.03,637.80
T,2548223,1,353479120,-1178094464,624576,20989990,3,31,1,-9.844,0.364,0.053,0.006,-0.012,0.005,64.71,1,941.04,45.46,667.31,1,938.95,45.94,637.80
T,2549311,1,353479121,-1178094469,624584,20989990,3,30,1,-9.849,0.364,-0.010,0.009,-0.012,0.006,64.49,1,941.04,45.43,667.31,1,938.94,45.90,637.89
T,2550201,1,353479123,-1178094470,624553,20989990,3,31,1,-9.844,0.412,0.048,0.009,-0.012,0.006,64.73,1,941.07,45.40,667.05,1,938.92,45.88,638.07
T,2551289,1,353479124,-1178094473,624498,20989990,3,31,1,-9.844,0.402,-0.010,0.007,-0.012,0.006,64.69,1,941.08,45.40,666.96,1,938.94,45.91,637.89
T,2552278,1,353479124,-1178094476,624438,20989990,3,31,1,-9.849,0.407,-0.010,0.009,-0.012,0.005,64.71,1,941.11,45.40,666.69,1,938.91,45.92,638.16
T,2553267,1,353479124,-1178094478,624394,20989990,3,31,1,-9.854,0.388,0.062,0.007,-0.015,0.006,64.61,1,941.05,45.38,667.22,1,938.90,45.88,638.24
T,2554253,1,353479124,-1178094479,624368,20989990,3,30,1,-9.849,0.416,0.053,0.005,-0.012,0.006,64.47,1,941.05,45.32,667.22,1,938.91,45.77,638.16
T,2555246,1,353479125,-1178094486,624327,20989990,3,30,1,-9.844,0.412,-0.029,0.007,-0.012,0.006,64.33,1,941.09,45.26,666.87,1,938.87,45.67,638.51
T,2556237,1,353479128,-1178094488,624312,20989990,3,31,1,-9.839,0.368,-0.043,0.006,-0.013,0.005,64.23,1,941.02,45.20,667.49,1,938.88,45.58,638.42
T,2557229,1,353479129,-1178094487,624309,20989990,3,31,1,-9.844,0.402,0.067,0.009,-0.012,0.006,64.17,1,941.03,45.15,667.40,1,938.93,45.51,637.98
T,2558216,1,353479130,-1178094486,624326,20989990,3,31,1,-9.849,0.392,-0.010,0.010,-0.013,0.005,64.20,1,941.04,45.11,667.31,1,938.86,45.46,638.60
T,2559316,1,353479135,-1178094483,624247,20989990,3,30,1,-9.849,0.412,0.062,0.002,-0.013,0.006,64.26,1,941.05,45.07,667.22,1,938.91,45.43,638.16
T,2560211,1,353479137,-1178094483,624173,20989990,3,31,1,-9.835,0.421,-0.014,0.004,-0.013,0.006,64.23,1,941.06,44.95,667.13,1,938.87,45.48,638.51
T,2561308,1,353479138,-1178094490,624024,20989990,3,30,1,-9.854,0.383,0.096,0.005,-0.012,0.006,64.23,1,941.08,44.87,666.96,1,938.88,45.49,638.42
T,2562193,1,353479138,-1178094497,623910,20989990,3,31,1,-9.844,0.364,-0.053,0.010,-0.012,0.006,64.06,1,941.07,44.78,667.05,1,938.95,45.44,637.80
T,2563286,1,353479136,-1178094502,623929,20989990,3,31,1,-9.830,0.316,-0.053,0.002,-0.012,0.006,63.81,1,941.11,44.71,666.69,1,938.91,45.36,638.16
T,2564282,1,353479136,-1178094505,623902,20989990,3,30,1,-9.849,0.388,-0.010,0.006,-0.015,0.006,64.02,1,941.07,44.67,667.05,1,938.92,45.31,638.07
T,2565283,1,353479135,-1178094508,623905,20989990,3,31,1,-9.863,0.397,0.105,0.006,-0.013,0.005,63.94,1,941.05,44.63,667.22,1,938.91,45.30,638.16
T,2566271,1,353479139,-1178094508,623865,20989990,3,30,1,-9.839,0.402,0.062,0.001,-0.012,0.005,64.18,1,941.02,44.61,667.49,1,938.92,45.30,638.07
T,2567257,1,353479140,-1178094509,623903,20989990,3,31,1,-9.839,0.388,0.067,0.011,-0.012,0.006,64.22,1,941.05,44.65,667.22,1,938.89,45.35,638.33
T,2568245,1,353479144,-1178094505,623894,20989990,3,31,1,-9.835,0.330,0.043,0.009,-0.013,0.006,64.05,1,941.03,44.60,667.40,1,938.94,45.33,637.89
T,2569238,1,353479146,-1178094501,623930,20989990,3,30,1,-9.844,0.431,0.129,0.009,-0.013,0.005,64.15,1,941.03,44.54,667.40,1,938.94,45.27,637.89
T,2570222,1,353479147,-1178094496,623984,20989990,3,30,1,-9.830,0.378,-0.115,0.007,-0.013,0.005,63.71,1,941.09,44.48,666.87,1,938.96,45.18,637.71
T,2571317,1,353479148,-1178094492,624033,20989990,3,30,1,-9.820,0.426,-0.115,0.002,-0.012,0.005,63.66,1,941.05,44.43,667.22,1,938.90,45.13,638.24
T,2572208,1,353479146,-1178094488,624091,20989990,3,28,1,-9.825,0.388,-0.105,0.009,-0.013,0.004,63.58,1,941.05,44.38,667.22,1,938.92,45.09,638.07
T,2573200,1,353479145,-1178094486,624164,20989990,3,30,1,-9.854,0.388,-0.077,0.005,-0.012,0.006,63.66,1,941.07,44.36,667.05,1,938.92,45.08,638.07
T,2574210,1,353479149,-1178094476,624080,20989990,3,30,1,-9.835,0.392,0.057,0.001,-0.013,0.006,63.72,1,941.05,44.33,667.22,1,938.88,45.07,638.42
T,2575298,1,353479144,-1178094481,624089,20989990,3,30,1,-9.844,0.373,0.129,-0.001,-0.013,0.006,63.96,1,941.05,44.31,667.22,1,938.86,45.06,638.60
T,2576288,1,353479142,-1178094475,624147,20989990,3,30,1,-9.849,0.435,0.158,0.009,-0.013,0.005,64.06,1,941.03,44.30,667.40,1,938.87,45.07,638.51
T,2577284,1,353479142,-1178094471,624116,20989990,3,29,1,-9.849,0.354,0.191,0.005,-0.012,0.006,64.04,1,941.05,44.28,667.22,1,938.89,45.12,638.33
T,2578271,1,353479147,-1178094460,624107,20989990,3,29,1,-9.858,0.402,0.196,0.002,-0.012,0.005,64.10,1,941.01,44.24,667.58,1,938.87,45.10,638.51
T,2579259,1,353479149,-1178094450,624110,20989990,3,30,1,-9.844,0.421,0.134,0.011,-0.013,0.006,64.20,1,941.07,44.28,667.05,1,938.86,45.14,638.60
T,2580245,1,353479151,-1178094442,624098,20989990,3,30,1,-9.844,0.397,0.225,0.002,-0.013,0.005,64.16,1,941.05,44.26,667.22,1,938.90,45.16,638.24
T,2581229,1,353479147,-1178094440,624191,20989990,3,30,1,-9.854,0.378,0.196,0.009,-0.013,0.006,64.16,1,941.04,44.23,667.31,1,938.94,45.15,637.89
T,2582218,1,353479148,-1178094432,624276,20989990,3,29,1,-9.849,0.407,0.187,0.001,-0.013,0.006,64.11,1,941.00,44.21,667.67,1,938.89,45.15,638.33
T,2583205,1,353479141,-1178094429,624456,20989990,3,30,1,-9.849,0.402,0.211,0.011,-0.013,0.005,64.20,1,941.01,44.23,667.58,1,938.84,45.17,638.78
T,2584190,1,353479140,-1178094425,624492,20989990,3,30,1,-9.844,0.397,0.139,0.007,-0.012,0.006,64.13,1,941.02,44.23,667.49,1,938.87,45.17,638.51
T,2585278,1,353479134,-1178094428,624642,20989990,3,30,1,-9.844,0.392,0.215,0.004,-0.013,0.005,64.20,1,941.03,44.24,667.40,1,938.84,45.20,638.78
T,2586267,1,353479133,-1178094436,624567,20989990,3,30,1,-9.844,0.407,0.201,0.005,-0.013,0.006,64.18,1,941.01,44.27,667.58,1,938.88,45.22,638.42
T,2587253,1,353479135,-1178094441,624405,20989990,3,30,1,-9.835,0.412,0.091,0.006,-0.013,0.005,63.95,1,941.05,44.23,667.22,1,938.90,45.20,638.24
T,2588245,1,353479140,-1178094435,624225,20989990,3,30,1,-9.858,0.359,0.254,0.006,-0.013,0.006,64.13,1,941.02,44.18,667.49,1,938.88,45.15,638.42
T,2589240,1,353479142,-1178094429,624245,20989990,3,29,1,-9.863,0.421,0.115,-0.001,-0.012,0.005,63.96,1,941.02,44.14,667.49,1,938.91,45.11,638.16
T,2590231,1,353479143,-1178094426,624197,20989990,3,29,1,-9.844,0.388,0.134,0.010,-0.013,0.005,64.11,1,941.07,44.16,667.05,1,938.87,45.15,638.51
T,2591217,1,353479140,-1178094419,624306,20989990,3,29,1,-9.839,0.402,0.153,0.002,-0.013,0.006,64.11,1,941.03,44.13,667.40,1,938.90,45.15,638.24
T,2592206,1,353479133,-1178094416,624647,20989990,3,30,1,-9.844,0.392,0.244,0.004,-0.012,0.006,64.17,1,941.00,44.17,667.67,1,938.87,45.18,638.51
T,2593296,1,353479127,-1178094416,624842,20989990,3,30,1,-9.844,0.431,0.187,0.011,-0.012,0.005,64.30,1,941.05,44.18,667.22,1,938.91,45.17,638.16
T,2594282,1,353479131,-1178094412,624755,20989990,3,29,1,-9.849,0.392,0.191,0.007,-0.013,0.005,64.20,1,940.97,44.16,667.93,1,938.86,45.13,638.60
T,2595269,1,353479135,-1178094409,624608,20989990,3,30,1,-9.854,0.407,0.244,0.005,-0.013,0.006,64.23,1,941.02,44.15,667.49,1,938.88,45.13,638.42
T,2596256,1,353479138,-1178094408,624452,20989990,3,30,1,-9.844,0.431,0.163,0.002,-0.012,0.006,64.20,1,941.06,44.15,667.13,1,938.88,45.16,638.42
T,2597247,1,353479134,-1178094407,624517,20989990,3,30,1,-9.844,0.392,0.182,0.009,-0.013,0.005,64.29,1,941.01,44.18,667.58,1,938.85,45.18,638.69
T,2598238,1,353479135,-1178094406,624440,20989990,3,29,1,-9.849,0.392,0.215,0.006,-0.012,0.005,64.33,1,941.03,44.19,667.40,1,938.86,45.18,638.60
T,2599225,1,353479138,-1178094403,624313,20989990,3,30,1,-9.849,0.412,0.263,0.005,-0.013,0.006,64.36,1,941.02,44.16,667.49,1,938.89,45.18,638.33
T,2600217,1,353479138,-1178094403,624262,20989990,3,30,1,-9.849,0.407,0.225,0.010,-0.013,0.005,64.34,1,941.05,44.14,667.22,1,938.86,45.18,638.60
T,2601204,1,353479141,-1178094402,624186,20989990,3,29,1,-9.854,0.421,0.263,0.007,-0.012,0.006,64.47,1,941.04,44.18,667.31,1,938.87,45.21,638.51
T,2602292,1,353479143,-1178094402,624197,20989990,3,30,1,-9.839,0.359,0.230,0.004,-0.013,0.006,64.45,1,941.03,44.20,667.40,1,938.85,45.21,638.69
T,2603280,1,353479146,-1178094400,624082,20989990,3,30,1,-9.844,0.416,0.182,0.005,-0.012,0.006,64.41,1,941.03,44.17,667.40,1,938.89,45.21,638.33
T,2604267,1,353479150,-1178094398,624006,20989990,3,29,1,-9.839,0.392,0.139,0.007,-0.011,0.005,64.26,1,941.01,44.16,667.58,1,938.86,45.14,638.60
T,2605255,1,353479155,-1178094398,623883,20989990,3,30,1,-9.844,0.397,0.134,0.006,-0.013,0.005,64.16,1,941.05,44.15,667.22,1,938.87,45.05,638.51
T,2606245,1,353479156,-1178094400,623803,20989990,3,30,1,-9.830,0.392,0.067,0.004,-0.013,0.006,63.98,1,941.02,44.11,667.49,1,938.85,45.03,638.69
T,2607245,1,353479157,-1178094402,623698,20989990,3,29,1,-9.849,0.402,0.239,0.006,-0.013,0.005,64.30,1,941.00,44.14,667.67,1,938.88,45.13,638.42
T,2608235,1,353479158,-1178094405,623589,20989990,3,30,1,-9.854,0.407,0.249,0.007,-0.012,0.005,64.41,1,941.03,44.17,667.40,1,938.88,45.16,638.42
T,2609230,1,353479158,-1178094408,623505,20989990,3,30,1,-9.849,0.416,0.254,0.006,-0.013,0.006,64.46,1,940.96,44.21,668.02,1,938.84,45.21,638.78
T,2610223,1,353479160,-1178094407,623424,20989990,3,29,1,-9.858,0.416,0.254,0.007,-0.013,0.005,64.48,1,941.00,44.23,667.67,1,938.84,45.20,638.78
T,2611212,1,353479162,-1178094405,623334,20989990,3,30,1,-9.849,0.407,0.230,0.006,-0.013,0.005,64.44,1,941.02,44.22,667.49,1,938.86,45.14,638.60
T,2612201,1,353479166,-1178094406,623250,20989990,3,29,1,-9.849,0.421,0.215,0.006,-0.012,0.005,64.38,1,941.04,44.23,667.31,1,938.84,45.19,638.78
T,2613297,1,353479156,-1178094409,623554,20989990,3,30,1,-9.854,0.412,0.234,0.005,-0.012,0.006,64.37,1,941.02,44.21,667.49,1,938.85,45.20,638.69
T,2614287,1,353479148,-1178094412,623774,20989990,3,30,1,-9.854,0.421,0.187,0.004,-0.013,0.006,64.31,1,940.99,44.21,667.75,1,938.83,45.14,638.86
T,2615275,1,353479149,-1178094413,623655,20989990,3,29,1,-9.844,0.402,0.215,0.005,-0.012,0.006,64.33,1,941.02,44.21,667.49,1,938.83,45.13,638.86
T,2616263,1,353479151,-1178094414,623561,20989990,3,29,1,-9.858,0.407,0.215,0.005,-0.012,0.006,64.27,1,941.01,44.20,667.58,1,938.84,45.17,638.78
T,2617256,1,353479155,-1178094413,623462,20989990,3,29,1,-9.835,0.402,0.244,0.005,-0.012,0.006,64.41,1,940.99,44.18,667.75,1,938.81,45.18,639.04
T,2618242,1,353479149,-1178094414,623714,20989990,3,29,1,-9.844,0.407,0.153,0.005,-0.012,0.006,64.23,1,941.00,44.14,667.67,1,938.87,45.15,638.51
T,2619235,1,353479138,-1178094415,624108,20989990,3,30,1,-9.844,0.416,0.167,0.005,-0.013,0.006,64.18,1,941.02,44.12,667.49,1,938.84,45.16,638.78
T,2620228,1,353479130,-1178094413,624417,20989990,3,29,1,-9.849,0.416,0.187,0.004,-0.012,0.005,64.21,1,941.05,44.15,667.22,1,938.87,45.17,638.51
T,2621218,1,353479124,-1178094410,624719,20989990,3,29,1,-9.854,0.397,0.244,0.007,-0.012,0.006,64.25,1,941.01,44.15,667.58,1,938.85,45.15,638.69
T,2622206,1,353479118,-1178094407,624979,20989990,3,30,1,-9.839,0.392,0.134,0.005,-0.013,0.006,64.20,1,940.99,44.16,667.75,1,938.83,45.15,638.86
T,2623300,1,353479113,-1178094409,625217,20989990,3,30,1,-9.844,0.383,0.124,0.009,-0.012,0.005,64.35,1,941.05,44.18,667.22,1,938.86,45.18,638.60
T,2624287,1,353479107,-1178094410,625426,20989990,3,30,1,-9.830,0.359,-0.029,0.009,-0.012,0.006,64.11,1,941.03,44.18,667.40,1,938.87,45.19,638.51
T,2625278,1,353479101,-1178094410,625620,20989990,3,30,1,-9.854,0.402,0.067,0.007,-0.012,0.006,64.00,1,941.02,44.15,667.49,1,938.87,45.16,638.51
T,2626265,1,353479097,-1178094410,625717,20989990,3,29,1,-9.849,0.392,-0.057,0.006,-0.013,0.006,63.70,1,941.02,44.09,667.49,1,938.87,45.03,638.51
T,2627259,1,353479093,-1178094409,625788,20989990,3,29,1,-9.844,0.378,0.000,0.006,-0.012,0.005,63.68,1,941.01,44.07,667.58,1,938.86,44.92,638.60
T,2628249,1,353479088,-1178094411,625880,20989990,3,30,1,-9.858,0.383,0.005,0.011,-0.015,0.006,63.66,1,941.07,44.08,667.05,1,938.86,44.88,638.60
T,2629239,1,353479083,-1178094414,625953,20989990,3,30,1,-9.844,0.416,0.148,0.005,-0.012,0.006,63.88,1,941.05,44.13,667.22,1,938.88,44.94,638.42
T,2630226,1,353479078,-1178094417,626005,20989990,3,30,1,-9.839,0.373,0.067,0.006,-0.013,0.006,63.72,1,941.03,44.17,667.40,1,938.87,44.96,638.51
T,2631215,1,353479073,-1178094419,625999,20989990,3,28,1,-9.849,0.388,0.086,0.007,-0.013,0.005,63.82,1,941.01,44.19,667.58,1,938.90,44.96,638.24
T,2632202,1,353479068,-1178094422,626001,20989990,3,30,1,-9.844,0.378,0.019,0.006,-0.013,0.006,63.94,1,941.06,44.22,667.13,1,938.88,45.02,638.42
T,2633294,1,353479065,-1178094425,626007,20989990,3,29,1,-9.830,0.364,-0.110,0.007,-0.015,0.005,63.64,1,941.04,44.21,667.31,1,938.89,45.00,638.33
T,2634287,1,353479062,-1178094429,625998,20989990,3,29,1,-9.830,0.402,-0.100,0.007,-0.012,0.006,63.20,1,941.04,44.13,667.31,1,938.90,44.86,638.24
T,2635278,1,353479060,-1178094430,625981,20989990,3,29,1,-9.839,0.354,-0.086,0.004,-0.013,0.006,63.14,1,941.06,44.07,667.13,1,938.90,44.78,638.24
T,2636269,1,353479057,-1178094434,625962,20989990,3,30,1,-9.839,0.388,-0.129,0.005,-0.012,0.005,63.11,1,941.04,44.01,667.31,1,938.87,44.79,638.51
T,2637263,1,353479056,-1178094440,625869,20989990,3,30,1,-9.849,0.383,0.124,0.006,-0.013,0.005,63.24,1,941.06,43.99,667.13,1,938.84,44.81,638.78
T,2638254,1,353479055,-1178094443,625890,20989990,3,29,1,-9.844,0.397,0.062,0.011,-0.012,0.005,63.46,1,941.03,43.95,667.40,1,938.89,44.77,638.33
T,2639243,1,353479052,-1178094448,625926,20989990,3,29,1,-9.849,0.383,0.067,0.009,-0.012,0.007,63.49,1,941.04,43.93,667.31,1,938.88,44.73,638.42
T,2640231,1,353479050,-1178094452,626002,20989990,3,29,1,-9.854,0.407,0.206,0.006,-0.012,0.006,63.59,1,941.05,43.95,667.22,1,938.92,44.78,638.07
T,2641218,1,353479048,-1178094453,626068,20989990,3,30,1,-9.844,0.364,0.163,0.006,-0.013,0.006,63.68,1,941.06,44.00,667.13,1,938.89,44.86,638.33
T,2642205,1,353479045,-1178094457,626147,20989990,3,30,1,-9.825,0.416,0.067,0.007,-0.013,0.005,63.74,1,941.04,43.98,667.31,1,938.89,44.84,638.33
T,2643291,1,353479044,-1178094459,626237,20989990,3,29,1,-9.835,0.407,-0.043,0.005,-0.013,0.005,63.40,1,941.01,43.93,667.58,1,938.89,44.81,638.33
T,2644287,1,353479042,-1178094459,626315,20989990,3,30,1,-9.863,0.392,0.057,0.010,-0.012,0.006,63.47,1,941.06,43.88,667.13,1,938.88,44.73,638.42
T,2645284,1,353479040,-1178094459,626321,20989990,3,30,1,-9.844,0.426,0.158,0.006,-0.012,0.006,63.41,1,940.99,43.85,667.75,1,938.90,44.70,638.24
T,2646272,1,353479037,-1178094456,626308,20989990,3,29,1,-9.854,0.388,0.086,0.002,-0.012,0.006,63.38,1,940.99,43.75,667.75,1,938.85,44.67,638.69
T,2647258,1,353479036,-1178094451,626259,20989990,3,29,1,-9.858,0.440,0.187,0.005,-0.011,0.006,63.41,1,941.00,43.69,667.67,1,938.84,44.62,638.78
T,2648244,1,353479037,-1178094446,626209,20989990,3,29,1,-9.844,0.402,0.096,0.007,-0.012,0.005,63.62,1,940.99,43.78,667.75,1,938.87,44.62,638.51
T,2649238,1,353479036,-1178094446,626227,20989990,3,29,1,-9.849,0.421,0.091,0.005,-0.012,0.006,63.66,1,941.02,43.84,667.49,1,938.86,44.62,638.60
T,2650224,1,353479035,-1178094447,626265,20989990,3,29,1,-9.854,0.416,0.129,0.010,-0.013,0.004,63.55,1,940.99,43.86,667.75,1,938.87,44.60,638.51
T,2651211,1,353479033,-1178094448,626234,20989990,3,29,1,-9.839,0.340,-0.043,0.005,-0.012,0.005,63.36,1,941.00,43.88,667.67,1,938.87,44.57,638.51
T,2652200,1,353479034,-1178094447,626134,20989990,3,29,1,-9.858,0.345,-0.005,0.005,-0.012,0.005,63.11,1,941.04,43.79,667.31,1,938.86,44.47,638.60
T,2653291,1,353479034,-1178094448,626122,20989990,3,28,1,-9.844,0.359,0.038,-0.001,-0.012,0.006,63.12,1,941.04,43.78,667.31,1,938.84,44.43,638.78
T,2654182,1,353479035,-1178094445,626074,20989990,3,29,1,-9.839,0.388,0.014,0.002,-0.012,0.006,63.04,1,941.04,43.77,667.31,1,938.92,44.39,638.07
T,2655270,1,353479035,-1178094445,626058,20989990,3,29,1,-9.830,0.407,-0.182,0.001,-0.012,0.005,63.07,1,941.07,43.82,667.05,1,938.92,44.45,638.07
T,2656268,1,353479034,-1178094446,626027,20989990,3,28,1,-9.830,0.412,-0.067,0.006,-0.011,0.005,62.87,1,941.09,43.78,666.87,1,938.90,44.48,638.24
T,2657266,1,353479033,-1178094452,626065,20989990,3,28,1,-9.830,0.335,-0.129,0.002,-0.013,0.005,62.97,1,941.07,43.79,667.05,1,938.94,44.49,637.89
T,2658256,1,353479032,-1178094457,626078,20989990,3,28,1,-9.830,0.354,-0.062,0.005,-0.013,0.005,62.89,1,941.07,43.79,667.05,1,938.86,44.51,638.60
T,2659249,1,353479033,-1178094458,626063,20989990,3,28,1,-9.839,0.354,-0.144,0.004,-0.011,0.005,62.50,1,941.05,43.74,667.22,1,938.89,44.42,638.33
T,2660243,1,353479035,-1178094457,626013,20989990,3,28,1,-9.835,0.392,-0.100,0.005,-0.013,0.006,62.51,1,941.06,43.70,667.13,1,938.89,44.31,638.33
T,2661241,1,353479036,-1178094459,626045,20989990,3,28,1,-9.835,0.349,-0.230,0.007,-0.012,0.005,62.56,1,941.09,43.70,666.87,1,938.89,44.27,638.33
T,2662240,1,353479036,-1178094460,626109,20989990,3,29,1,-9.835,0.378,-0.158,0.001,-0.012,0.006,62.28,1,941.09,43.68,666.87,1,938.93,44.28,637.98
T,2663235,1,353479037,-1178094461,626197,20989990,3,29,1,-9.825,0.364,-0.230,0.006,-0.013,0.005,62.32,1,941.03,43.66,667.40,1,938.86,44.26,638.60
T,2664227,1,353479039,-1178094462,626159,20989990,3,28,1,-9.835,0.397,-0.196,0.006,-0.012,0.006,62.25,1,941.03,43.63,667.40,1,938.88,44.22,638.42
T,2665218,1,353479039,-1178094462,626138,20989990,3,29,1,-9.835,0.359,-0.043,0.002,-0.012,0.005,62.38,1,941.03,43.61,667.40,1,938.94,44.27,637.89
T,2666312,1,353479038,-1178094464,626173,20989990,3,30,1,-9.825,0.359,-0.120,0.009,-0.011,0.005,62.35,1,941.07,43.57,667.05,1,938.89,44.30,638.33
T,2667305,1,353479036,-1178094466,626124,20989990,3,30,1,-9.849,0.416,0.062,0.001,-0.012,0.004,62.64,1,941.04,43.54,667.31,1,938.90,44.32,638.24
T,2668294,1,353479037,-1178094467,626038,20989990,3,30,1,-9.825,0.440,-0.077,0.007,-0.013,0.005,62.87,1,941.03,43.58,667.40,1,938.87,44.39,638.51
T,2669285,1,353479036,-1178094470,626020,20989990,3,30,1,-9.839,0.392,-0.029,0.005,-0.012,0.005,62.72,1,940.98,43.56,667.84,1,938.90,44.34,638.24
T,2670288,1,353479039,-1178094471,625953,20989990,3,30,1,-9.844,0.407,-0.115,0.005,-0.013,0.005,62.48,1,941.02,43.52,667.49,1,938.93,44.25,637.98
T,2671283,1,353479039,-1178094472,625914,20989990,3,31,1,-9.830,0.416,-0.043,-0.002,-0.013,0.005,62.59,1,941.05,43.47,667.22,1,938.88,44.15,638.42
T,2672277,1,353479040,-1178094473,625885,20989990,3,31,1,-9.844,0.335,0.072,0.002,-0.013,0.005,62.63,1,941.03,43.46,667.40,1,938.88,44.15,638.42
T,2673265,1,353479041,-1178094471,625900,20989990,3,31,1,-9.858,0.268,-0.081,0.006,-0.013,0.004,62.50,1,940.99,43.41,667.75,1,938.83,44.08,638.86
T,2674257,1,353479045,-1178094470,625906,20989990,3,31,1,-9.844,0.392,0.010,0.007,-0.013,0.006,62.61,1,941.02,43.43,667.49,1,938.89,44.11,638.33
T,2675252,1,353479046,-1178094471,625890,20989990,3,31,1,-9.868,0.316,-0.005,0.007,-0.013,0.006,62.81,1,940.98,43.49,667.84,1,938.90,44.15,638.24
T,2676242,1,353479047,-1178094469,625905,20989990,3,31,1,-9.839,0.316,-0.010,0.005,-0.013,0.005,62.66,1,941.02,43.50,667.49,1,938.89,44.11,638.33
T,2677241,1,353479047,-1178094466,625862,20989990,3,31,1,-9.835,0.340,0.134,0.006,-0.012,0.005,62.88,1,941.00,43.51,667.67,1,938.86,44.15,638.60
T,2678227,1,353479046,-1178094465,625879,20989990,3,31,1,-9.849,0.421,0.096,0.006,-0.012,0.005,62.80,1,941.05,43.49,667.22,1,938.91,44.15,638.16
T,2679217,1,353479046,-1178094464,625853,20989990,3,31,1,-9.839,0.412,-0.091,0.004,-0.012,0.005,62.41,1,941.05,43.47,667.22,1,938.91,44.11,638.16
T,2680212,1,353479045,-1178094462,625803,20989990,3,31,1,-9.839,0.402,0.067,0.005,-0.013,0.005,62.59,1,941.00,43.46,667.67,1,938.86,44.13,638.60
T,2681301,1,353479044,-1178094461,625820,20989990,3,31,1,-9.844,0.349,0.000,0.009,-0.010,0.004,62.66,1,941.06,43.49,667.13,1,938.86,44.14,638.60
T,2682188,1,353479043,-1178094461,625813,20989990,3,30,1,-9.839,0.301,-0.187,0.002,-0.013,0.006,62.47,1,941.05,43.50,667.22,1,938.87,44.11,638.51
T,2683279,1,353479041,-1178094461,625814,20989990,3,30,1,-9.858,0.373,-0.043,0.005,-0.013,0.006,62.38,1,941.05,43.46,667.22,1,938.87,44.05,638.51
T,2684274,1,353479042,-1178094458,625777,20989990,3,30,1,-9.839,0.364,-0.005,0.010,-0.015,0.004,62.39,1,941.09,43.34,666.87,1,938.89,44.03,638.33
T,2685266,1,353479041,-1178094456,625825,20989990,3,30,1,-9.835,0.464,-0.225,0.010,-0.011,0.006,62.16,1,941.01,43.25,667.58,1,938.90,43.97,638.24
T,2686261,1,353479043,-1178094450,625830,20989990,3,30,1,-9.835,0.278,-0.043,0.002,-0.011,0.004,62.28,1,941.04,43.22,667.31,1,938.80,43.98,639.13
T,2687259,1,353479045,-1178094444,625849,20989990,3,30,1,-9.839,0.392,0.144,-0.007,-0.015,0.004,62.33,1,941.02,43.19,667.49,1,938.90,43.98,638.24
T,2688260,1,353479046,-1178094438,625865,20989990,3,29,1,-9.820,0.479,-0.100,0.002,-0.010,0.006,62.15,1,940.96,43.19,668.02,1,938.92,43.87,638.07
T,2689252,1,353479048,-1178094432,625822,20989990,3,30,1,-9.839,0.330,-0.263,0.006,-0.013,0.006,61.89,1,941.08,43.18,666.96,1,938.95,43.82,637.80
T,2690242,1,353479049,-1178094430,625767,20989990,3,29,1,-9.844,0.364,-0.311,0.005,-0.013,0.006,61.68,1,941.06,43.11,667.13,1,938.95,43.83,637.80
T,2691236,1,353479050,-1178094426,625734,20989990,3,30,1,-9.815,0.397,-0.373,0.009,-0.011,0.007,61.39,1,941.05,43.03,667.22,1,938.91,43.79,638.16
T,2692231,1,353479051,-1178094423,625689,20989990,3,30,1,-9.835,0.378,-0.273,0.010,-0.011,0.005,61.37,1,941.07,42.98,667.05,1,938.92,43.76,638.07
T,2693224,1,353479053,-1178094416,625623,20989990,3,30,1,-9.830,0.349,-0.206,0.001,-0.011,0.005,61.21,1,941.09,42.94,666.87,1,938.92,43.72,638.07
T,2694319,1,353479056,-1178094412,625594,20989990,3,30,1,-9.830,0.359,-0.177,0.006,-0.012,0.006,61.31,1,941.10,42.93,666.78,1,938.90,43.71,638.24
T,2695311,1,353479057,-1178094409,625627,20989990,3,30,1,-9.820,0.392,-0.278,0.012,-0.015,0.004,61.39,1,941.09,42.95,666.87,1,938.94,43.70,637.89
T,2696304,1,353479057,-1178094406,625594,20989990,3,30,1,-9.830,0.426,-0.024,0.005,-0.015,0.005,61.41,1,941.04,42.91,667.31,1,938.90,43.66,638.24
T,2697297,1,353479056,-1178094405,625611,20989990,3,30,1,-9.854,0.345,-0.211,0.005,-0.012,0.004,61.36,1,941.03,42.87,667.40,1,938.89,43.57,638.33
T,2698291,1,353479055,-1178094403,625611,20989990,3,31,1,-9.835,0.416,-0.244,0.001,-0.011,0.006,61.15,1,941.08,42.82,666.96,1,938.88,43.49,638.42
T,2699279,1,353479055,-1178094401,625605,20989990,3,31,1,-9.830,0.388,-0.340,-0.006,-0.013,0.005,60.99,1,941.05,42.73,667.22,1,938.93,43.47,637.98
T,2700270,1,353479056,-1178094399,625655,20989990,3,31,1,-9.806,0.383,-0.354,0.010,-0.015,0.006,60.82,1,941.08,42.65,666.96,1,938.93,43.39,637.98
T,2701263,1,353479059,-1178094394,625688,20989990,3,31,1,-9.825,0.392,-0.297,0.012,-0.015,0.005,60.60,1,941.07,42.59,667.05,1,938.96,43.32,637.71
T,2702257,1,353479062,-1178094389,625705,20989990,3,31,1,-9.815,0.383,-0.230,0.011,-0.012,0.006,60.82,1,941.05,42.58,667.22,1,938.92,43.34,638.07
T,2703249,1,353479063,-1178094387,625665,20989990,3,31,1,-9.830,0.397,-0.206,0.004,-0.013,0.006,61.07,1,941.08,42.56,666.96,1,938.91,43.31,638.16
T,2704242,1,353479063,-1178094386,625625,20989990,3,31,1,-9.849,0.373,-0.225,0.002,-0.010,0.005,61.13,1,941.04,42.53,667.31,1,938.90,43.24,638.24
T,2705236,1,353479065,-1178094383,625581,20989990,3,31,1,-9.839,0.383,-0.345,0.009,-0.012,0.005,61.07,1,941.07,42.53,667.05,1,938.91,43.20,638.16
T,2706226,1,353479067,-1178094378,625555,20989990,3,31,1,-9.825,0.349,-0.091,0.006,-0.012,0.004,61.12,1,941.05,42.48,667.22,1,938.95,43.14,637.80
T,2707217,1,353479069,-1178094376,625505,20989990,3,31,1,-9.830,0.421,-0.096,0.007,-0.015,0.006,60.95,1,941.03,42.45,667.40,1,938.88,43.11,638.42
T,2708275,1,353479070,-1178094376,625452,20989990,3,32,1,-9.830,0.464,0.100,0.013,-0.012,0.006,61.53,1,941.02,42.44,667.49,1,938.86,43.16,638.60
T,2709262,1,353479071,-1178094374,625476,20989990,3,32,1,-9.839,0.354,-0.105,-0.001,-0.010,0.005,61.43,1,941.04,42.45,667.31,1,938.80,43.21,639.13
T,2710254,1,353479073,-1178094372,625478,20989990,3,32,1,-9.868,0.268,-0.019,-0.001,-0.015,0.005,61.62,1,941.03,42.46,667.40,1,938.86,43.28,638.60
T,2711247,1,353479075,-1178094371,625480,20989990,3,32,1,-9.815,0.426,0.014,0.006,-0.013,0.005,61.34,1,941.05,42.43,667.22,1,938.89,43.29,638.33
T,2712235,1,353479076,-1178094370,625487,20989990,3,32,1,-9.820,0.325,0.091,0.010,-0.013,0.005,61.23,1,941.03,42.32,667.40,1,938.89,43.25,638.33
T,2713323,1,353479078,-1178094366,625543,20989990,3,32,1,-9.844,0.292,-0.158,-0.011,-0.012,0.005,61.39,1,941.03,42.31,667.40,1,938.84,43.27,638.78
T,2714212,1,353479078,-1178094362,625608,20989990,3,32,1,-9.849,0.383,-0.014,-0.002,-0.012,0.006,61.46,1,941.01,42.31,667.58,1,938.89,43.28,638.33
T,2715329,1,353479079,-1178094361,625636,20989990,3,32,1,-9.820,0.364,0.048,0.018,-0.015,0.006,61.32,1,941.01,42.30,667.58,1,938.94,43.28,637.89
T,2716316,1,353479079,-1178094358,625646,20989990,3,31,1,-9.844,0.263,0.144,0.013,-0.011,0.004,61.37,1,941.08,42.28,666.96,1,938.89,43.29,638.33
T,2717301,1,353479079,-1178094355,625675,20989990,3,32,1,-9.839,0.278,0.043,0.000,-0.011,0.006,61.43,1,941.06,42.27,667.13,1,938.86,43.26,638.60
T,2718289,1,353479080,-1178094350,625727,20989990,3,31,1,-9.820,0.455,0.072,-0.002,-0.012,0.007,61.29,1,941.04,42.21,667.31,1,938.90,43.23,638.24
T,2719283,1,353479083,-1178094344,625677,20989990,3,31,1,-9.820,0.459,0.005,0.004,-0.013,0.005,61.34,1,941.04,42.23,667.31,1,938.87,43.26,638.51
T,2720270,1,353479086,-1178094337,625670,20989990,3,32,1,-9.835,0.416,0.234,0.011,-0.015,0.006,61.60,1,941.03,42.23,667.40,1,938.87,43.26,638.51
T,2721254,1,353479088,-1178094333,625686,20989990,3,32,1,-9.835,0.488,0.158,0.010,-0.011,0.005,61.73,1,941.03,42.27,667.40,1,938.87,43.28,638.51
T,2722240,1,353479091,-1178094325,625689,20989990,3,31,1,-9.839,0.345,0.292,0.001,-0.015,0.006,61.88,1,941.06,42.33,667.13,1,938.85,43.34,638.69
T,2723230,1,353479098,-1178094309,625704,20989990,3,32,1,-9.825,0.378,0.091,0.009,-0.012,0.005,61.84,1,941.02,42.33,667.49,1,938.88,43.34,638.42
T,2724218,1,353479104,-1178094294,625720,20989990,3,32,1,-9.825,0.421,0.062,0.007,-0.015,0.005,61.62,1,941.07,42.35,667.05,1,938.94,43.37,637.89
T,2725204,1,353479110,-1178094280,625741,20989990,3,32,1,-9.868,0.330,-0.230,0.005,-0.010,0.006,61.50,1,941.07,42.30,667.05,1,938.93,43.34,637.98
T,2726299,1,353479116,-1178094266,625766,20989990,3,31,1,-9.830,0.488,-0.091,0.005,-0.010,0.005,61.61,1,941.04,42.34,667.31,1,938.87,43.37,638.51
T,2727295,1,353479122,-1178094253,625788,20989990,3,32,1,-9.839,0.345,-0.024,0.006,-0.015,0.005,61.37,1,941.05,42.31,667.22,1,938.92,43.36,638.07
T,2728287,1,353479127,-1178094241,625815,20989990,3,31,1,-9.835,0.435,0.086,0.006,-0.013,0.005,61.33,1,941.07,42.23,667.05,1,938.89,43.32,638.33
T,2729273,1,353479129,-1178094233,625877,20989990,3,32,1,-9.825,0.325,-0.053,0.001,-0.013,0.005,61.43,1,941.07,42.26,667.05,1,938.95,43.35,637.80
T,2730263,1,353479133,-1178094224,625899,20989990,3,32,1,-9.815,0.378,0.029,0.007,-0.011,0.005,61.56,1,941.03,42.27,667.40,1,938.87,43.34,638.51
T,2731249,1,353479137,-1178094215,625925,20989990,3,32,1,-9.844,0.354,0.120,0.010,-0.012,0.004,61.84,1,941.06,42.30,667.13,1,938.88,43.37,638.42
T,2732236,1,353479141,-1178094208,625923,20989990,3,31,1,-9.835,0.392,0.091,0.006,-0.012,0.006,61.87,1,941.06,42.34,667.13,1,938.85,43.39,638.69
T,2733224,1,353479143,-1178094203,625992,20989990,3,32,1,-9.854,0.431,0.278,0.004,-0.012,0.006,62.29,1,941.01,42.37,667.58,1,938.81,43.43,639.04
T,2734212,1,353479146,-1178094197,625992,20989990,3,31,1,-9.849,0.412,0.335,0.002,-0.013,0.005,62.67,1,940.97,42.46,667.93,1,938.81,43.51,639.04
T,2735297,1,353479148,-1178094193,626007,20989990,3,32,1,-9.844,0.431,0.340,0.007,-0.013,0.006,62.86,1,940.97,42.51,667.93,1,938.80,43.57,639.13
T,2736285,1,353479146,-1178094196,626109,20989990,3,32,1,-9.858,0.464,0.345,0.005,-0.012,0.005,62.96,1,940.99,42.56,667.75,1,938.83,43.62,638.86
T,2737271,1,353479145,-1178094196,626184,20989990,3,32,1,-9.854,0.445,0.349,0.009,-0.013,0.005,63.05,1,940.98,42.60,667.84,1,938.81,43.68,639.04
T,2738258,1,353479142,-1178094200,626304,20989990,3,32,1,-9.854,0.412,0.364,0.005,-0.015,0.005,63.09,1,940.93,42.64,668.28,1,938.84,43.72,638.78
T,2739254,1,353479140,-1178094205,626376,20989990,3,32,1,-9.849,0.416,0.368,0.005,-0.013,0.005,63.13,1,940.97,42.68,667.93,1,938.81,43.78,639.04
T,2740243,1,353479139,-1178094206,626419,20989990,3,32,1,-9.863,0.445,0.335,0.006,-0.012,0.005,63.19,1,940.98,42.71,667.84,1,938.80,43.82,639.13
T,2741229,1,353479137,-1178094210,626477,20989990,3,32,1,-9.858,0.431,0.325,0.006,-0.013,0.006,63.22,1,940.92,42.77,668.37,1,938.82,43.88,638.95
T,2742318,1,353479139,-1178094209,626425,20989990,3,31,1,-9.849,0.416,0.321,0.009,-0.012,0.005,63.30,1,940.97,42.78,667.93,1,938.83,43.90,638.86
T,2743305,1,353479140,-1178094210,626376,20989990,3,32,1,-9.858,0.426,0.330,0.006,-0.013,0.005,63.30,1,940.99,42.82,667.75,1,938.83,43.94,638.86
T,2744292,1,353479141,-1178094211,626364,20989990,3,32,1,-9.835,0.402,0.292,0.005,-0.013,0.005,63.08,1,940.98,42.77,667.84,1,938.83,43.86,638.86
T,2745276,1,353479134,-1178094218,626518,20989990,3,32,1,-9.844,0.402,0.091,0.007,-0.012,0.005,62.73,1,940.98,42.71,667.84,1,938.79,43.84,639.22
T,2746268,1,353479127,-1178094225,626672,20989990,3,32,1,-9.830,0.388,0.077,0.006,-0.013,0.006,62.45,1,940.97,42.64,667.93,1,938.86,43.78,638.60
T,2747255,1,353479123,-1178094229,626751,20989990,3,32,1,-9.844,0.435,0.144,0.007,-0.013,0.006,62.32,1,941.01,42.58,667.58,1,938.84,43.76,638.78
T,2748244,1,353479118,-1178094231,626843,20989990,3,32,1,-9.839,0.426,0.038,0.009,-0.012,0.005,62.25,1,941.00,42.57,667.67,1,938.82,43.73,638.95
T,2749231,1,353479115,-1178094234,626862,20989990,3,31,1,-9.849,0.416,0.268,0.010,-0.013,0.005,62.67,1,940.93,42.63,668.28,1,938.84,43.76,638.78
T,2750217,1,353479114,-1178094234,626848,20989990,3,31,1,-9.849,0.421,0.230,0.005,-0.012,0.005,63.08,1,940.97,42.75,667.93,1,938.81,43.85,639.04
T,2751203,1,353479111,-1178094235,626800,20989990,3,31,1,-9.858,0.407,0.321,0.005,-0.012,0.005,63.02,1,940.99,42.77,667.75,1,938.88,43.88,638.42
T,2752292,1,353479110,-1178094234,626801,20989990,3,31,1,-9.844,0.426,0.249,0.006,-0.012,0.005,62.94,1,940.97,42.75,667.93,1,938.83,43.86,638.86
T,2753282,1,353479108,-1178094234,626803,20989990,3,31,1,-9.835,0.383,0.244,0.006,-0.013,0.005,63.02,1,940.99,42.80,667.75,1,938.84,43.89,638.78
T,2754270,1,353479108,-1178094231,626742,20989990,3,32,1,-9.854,0.397,0.191,0.005,-0.012,0.006,62.93,1,941.02,42.82,667.49,1,938.83,43.92,638.86
T,2755256,1,353479106,-1178094230,626709,20989990,3,32,1,-9.849,0.416,0.177,0.001,-0.011,0.005,62.73,1,941.00,42.81,667.67,1,938.80,43.90,639.13
T,2756241,1,353479103,-1178094231,626719,20989990,3,32,1,-9.844,0.392,0.297,0.004,-0.012,0.005,62.97,1,940.92,42.80,668.37,1,938.80,43.90,639.13
T,2757229,1,353479101,-1178094230,626783,20989990,3,32,1,-9.839,0.345,0.239,0.010,-0.013,0.004,62.86,1,940.98,42.82,667.84,1,938.85,43.93,638.69
T,2758215,1,353479099,-1178094229,626826,20989990,3,31,1,-9.835,0.340,0.067,0.012,-0.012,0.005,62.69,1,940.96,42.80,668.02,1,938.85,43.91,638.69
T,2759201,1,353479097,-1178094230,626867,20989990,3,32,1,-9.835,0.402,0.057,0.012,-0.013,0.006,62.49,1,940.97,42.73,667.93,1,938.81,43.86,639.04
T,2760292,1,353479094,-1178094232,626866,20989990,3,32,1,-9.849,0.397,0.091,0.005,-0.013,0.005,62.53,1,940.98,42.72,667.84,1,938.88,43.82,638.42
T,2761279,1,353479093,-1178094233,626859,20989990,3,32,1,-9.844,0.421,0.134,0.002,-0.012,0.004,62.43,1,940.96,42.72,668.02,1,938.87,43.83,638.51
T,2762263,1,353479091,-1178094232,626897,20989990,3,32,1,-9.844,0.407,0.206,0.006,-0.012,0.005,62.47,1,941.00,42.70,667.67,1,938.86,43.81,638.60
T,2763249,1,353479090,-1178094230,626868,20989990,3,31,1,-9.835,0.392,0.053,0.005,-0.012,0.006,62.37,1,941.01,42.67,667.58,1,938.81,43.80,639.04
T,2764237,1,353479091,-1178094227,626845,20989990,3,32,1,-9.844,0.421,0.062,0.007,-0.011,0.005,62.29,1,941.00,42.68,667.67,1,938.88,43.81,638.42
T,2765222,1,353479092,-1178094220,626835,20989990,3,32,1,-9.854,0.412,0.163,0.002,-0.013,0.006,62.46,1,941.01,42.67,667.58,1,938.87,43.80,638.51
T,2766209,1,353479094,-1178094211,626808,20989990,3,32,1,-9.849,0.388,0.139,0.007,-0.013,0.006,62.66,1,940.96,42.70,668.02,1,938.83,43.79,638.86
T,2767196,1,353479096,-1178094205,626765,20989990,3,32,1,-9.835,0.412,0.110,0.010,-0.012,0.004,62.66,1,940.99,42.72,667.75,1,938.84,43.82,638.78
T,2768288,1,353479100,-1178094192,626722,20989990,3,31,1,-9.844,0.383,0.129,0.002,-0.012,0.005,62.45,1,941.01,42.74,667.58,1,938.84,43.85,638.78
T,2769275,1,353479102,-1178094182,626665,20989990,3,32,1,-9.839,0.392,0.167,0.004,-0.012,0.005,62.59,1,940.98,42.72,667.84,1,938.83,43.84,638.86
T,2770259,1,353479105,-1178094171,626609,20989990,3,32,1,-9.849,0.368,0.201,0.005,-0.013,0.005,62.61,1,940.95,42.72,668.11,1,938.83,43.84,638.86
T,2771249,1,353479109,-1178094158,626585,20989990,3,32,1,-9.835,0.402,0.158,0.009,-0.012,0.006,62.64,1,941.00,42.71,667.67,1,938.83,43.82,638.86
T,2772236,1,353479108,-1178094160,626538,20989990,3,32,1,-9.839,0.388,0.177,0.012,-0.013,0.005,62.64,1,941.01,42.70,667.58,1,938.85,43.82,638.69
T,2773220,1,353479107,-1178094163,626511,20989990,3,31,1,-9.849,0.435,0.129,0.007,-0.013,0.005,62.59,1,940.98,42.68,667.84,1,938.82,43.79,638.95
T,2774215,1,353479110,-1178094157,626429,20989990,3,32,1,-9.849,0.407,0.144,0.000,-0.013,0.006,62.53,1,941.03,42.70,667.40,1,938.84,43.81,638.78
T,2775202,1,353479112,-1178094151,626304,20989990,3,32,1,-9.830,0.407,0.010,0.001,-0.012,0.006,62.43,1,940.99,42.70,667.75,1,938.86,43.81,638.60
T,2776188,1,353479111,-1178094155,626137,20989990,3,32,1,-9.835,0.445,0.010,0.005,-0.013,0.006,62.37,1,940.99,42.74,667.75,1,938.84,43.85,638.78
T,2777280,1,353479110,-1178094158,626024,20989990,3,32,1,-9.844,0.364,0.201,0.009,-0.013,0.005,62.40,1,940.97,42.75,667.93,1,938.82,43.86,638.95
T,2778272,1,353479109,-1178094162,625929,20989990,3,31,1,-9.839,0.426,0.062,0.001,-0.013,0.006,62.15,1,941.04,42.68,667.31,1,938.87,43.81,638.51
T,2779258,1,353479109,-1178094166,625847,20989990,3,32,1,-9.825,0.368,0.029,0.010,-0.013,0.005,62.09,1,941.01,42.64,667.58,1,938.84,43.79,638.78
T,2780246,1,353479110,-1178094169,625736,20989990,3,32,1,-9.825,0.368,0.048,0.001,-0.012,0.006,62.19,1,941.00,42.63,667.67,1,938.85,43.78,638.69
T,2781231,1,353479111,-1178094170,625730,20989990,3,32,1,-9.830,0.345,0.134,0.006,-0.012,0.005,62.14,1,940.99,42.60,667.75,1,938.81,43.76,639.04
T,2782220,1,353479112,-1178094172,625645,20989990,3,32,1,-9.830,0.373,0.062,0.002,-0.012,0.005,62.26,1,941.00,42.62,667.67,1,938.86,43.78,638.60
T,2783207,1,353479113,-1178094173,625651,20989990,3,32,1,-9.849,0.368,0.077,0.009,-0.015,0.005,62.39,1,941.02,42.68,667.49,1,938.86,43.80,638.60
T,2784205,1,353479115,-1178094173,625666,20989990,3,31,1,-9.844,0.335,0.096,0.002,-0.013,0.005,62.14,1,940.99,42.67,667.75,1,938.90,43.71,638.24
T,2785297,1,353479117,-1178094173,625730,20989990,3,32,1,-9.849,0.464,-0.019,0.011,-0.015,0.006,62.13,1,941.00,42.64,667.67,1,938.86,43.68,638.60
T,2786290,1,353479117,-1178094175,625798,20989990,3,32,1,-9.858,0.392,0.172,-0.001,-0.013,0.007,62.16,1,941.03,42.62,667.40,1,938.88,43.66,638.42
T,2787282,1,353479118,-1178094175,625822,20989990,3,32,1,-9.858,0.407,-0.033,0.002,-0.013,0.004,62.13,1,941.02,42.62,667.49,1,938.83,43.63,638.86
T,2788272,1,353479118,-1178094181,625834,20989990,3,32,1,-9.839,0.306,0.043,0.009,-0.012,0.005,62.26,1,941.04,42.65,667.31,1,938.88,43.66,638.42
T,2789259,1,353479121,-1178094184,625813,20989990,3,31,1,-9.839,0.421,0.100,0.007,-0.013,0.005,61.98,1,941.04,42.66,667.31,1,938.89,43.62,638.33
T,2790251,1,353479120,-1178094200,625631,20989990,3,32,1,-9.839,0.440,-0.057,-0.002,-0.013,0.007,62.04,1,941.03,42.64,667.40,1,938.86,43.57,638.60
T,2791245,1,353479120,-1178094217,625487,20989990,3,32,1,-9.835,0.402,-0.177,0.002,-0.010,0.006,61.83,1,941.03,42.62,667.40,1,938.90,43.53,638.24
T,2792238,1,353479121,-1178094228,625398,20989990,3,32,1,-9.830,0.345,-0.244,0.006,-0.011,0.005,61.62,1,940.97,42.59,667.93,1,938.90,43.54,638.24
T,2793232,1,353479122,-1178094243,625345,20989990,3,32,1,-9.844,0.321,-0.005,0.013,-0.011,0.005,61.57,1,941.04,42.55,667.31,1,938.86,43.49,638.60
T,2794225,1,353479124,-1178094249,625437,20989990,3,32,1,-9.839,0.321,-0.268,0.001,-0.011,0.007,61.51,1,941.03,42.55,667.40,1,938.87,43.44,638.51
T,2795217,1,353479129,-1178094250,625473,20989990,3,32,1,-9.844,0.345,-0.182,0.005,-0.011,0.005,61.61,1,940.98,42.55,667.84,1,938.82,43.44,638.95
T,2796211,1,353479133,-1178094252,625505,20989990,3,32,1,-9.835,0.402,-0.105,0.011,-0.012,0.005,61.66,1,941.03,42.53,667.40,1,938.85,43.44,638.69
T,2797201,1,353479140,-1178094252,625515,20989990,3,32,1,-9.839,0.349,0.033,0.009,-0.012,0.005,61.66,1,940.99,42.49,667.75,1,938.84,43.46,638.78
T,2798187,1,353479148,-1178094250,625489,20989990,3,32,1,-9.835,0.383,-0.033,0.005,-0.012,0.005,61.61,1,940.96,42.51,668.02,1,938.86,43.40,638.60
T,2799281,1,353479152,-1178094254,625461,20989990,3,32,1,-9.839,0.373,-0.206,0.010,-0.012,0.005,61.45,1,941.00,42.50,667.67,1,938.84,43.31,638.78
T,2800273,1,353479158,-1178094255,625416,20989990,3,32,1,-9.825,0.383,-0.268,0.009,-0.012,0.005,61.19,1,941.00,42.49,667.67,1,938.83,43.24,638.86
T,2801262,1,353479163,-1178094255,625356,20989990,3,32,1,-9.825,0.373,-0.191,0.006,-0.015,0.004,61.20,1,941.04,42.43,667.31,1,938.83,43.18,638.86
T,2802253,1,353479169,-1178094256,625298,20989990,3,32,1,-9.849,0.364,-0.129,0.002,-0.012,0.005,61.30,1,940.96,42.39,668.02,1,938.86,43.15,638.60
T,2803244,1,353479174,-1178094257,625252,20989990,3,32,1,-9.825,0.421,-0.129,0.006,-0.012,0.006,61.36,1,941.02,42.37,667.49,1,938.89,43.10,638.33
T,2804236,1,353479176,-1178094262,625239,20989990,3,31,1,-9.835,0.397,-0.100,0.006,-0.012,0.005,61.25,1,941.02,42.37,667.49,1,938.86,43.16,638.60
T,2805227,1,353479179,-1178094263,625286,20989990,3,32,1,-9.844,0.397,0.005,0.015,-0.012,0.005,61.58,1,940.95,42.40,668.11,1,938.84,43.25,638.78
T,2806214,1,353479181,-1178094261,625430,20989990,3,32,1,-9.835,0.550,-0.072,0.005,-0.012,0.005,61.57,1,941.04,42.39,667.31,1,938.91,43.23,638.16
T,2807307,1,353479183,-1178094265,625555,20989990,3,32,1,-9.830,0.450,-0.053,0.007,-0.012,0.005,61.43,1,941.01,42.37,667.58,1,938.85,43.24,638.69
T,2808197,1,353479181,-1178094277,625713,20989990,3,32,1,-9.820,0.388,0.033,0.002,-0.012,0.006,61.53,1,940.96,42.37,668.02,1,938.86,43.27,638.60
T,2809285,1,353479182,-1178094284,625875,20989990,3,32,1,-9.844,0.392,-0.029,0.005,-0.013,0.006,61.55,1,941.02,42.34,667.49,1,938.86,43.26,638.60
T,2810277,1,353479184,-1178094285,626002,20989990,3,32,1,-9.825,0.498,0.014,0.007,-0.012,0.004,61.38,1,941.03,42.33,667.40,1,938.84,43.24,638.78
T,2811263,1,353479186,-1178094282,626015,20989990,3,32,1,-9.839,0.402,0.081,0.005,-0.013,0.005,61.54,1,941.01,42.30,667.58,1,938.86,43.22,638.60
T,2812248,1,353479188,-1178094278,626052,20989990,3,32,1,-9.830,0.392,-0.100,0.005,-0.012,0.004,61.38,1,940.99,42.27,667.75,1,938.84,43.14,638.78
T,2813239,1,353479191,-1178094275,626092,20989990,3,32,1,-9.820,0.450,-0.062,0.002,-0.013,0.005,61.06,1,941.04,42.23,667.31,1,938.87,43.06,638.51
T,2814231,1,353479192,-1178094272,626098,20989990,3,32,1,-9.830,0.354,-0.182,0.012,-0.012,0.007,61.09,1,941.01,42.21,667.58,1,938.89,43.10,638.33
T,2815220,1,353479194,-1178094269,626142,20989990,3,32,1,-9.844,0.335,-0.144,0.001,-0.012,0.005,61.09,1,941.05,42.20,667.22,1,938.88,43.13,638.42
T,2816215,1,353479195,-1178094262,626169,20989990,3,32,1,-9.820,0.455,-0.177,0.009,-0.012,0.005,60.92,1,941.02,42.18,667.49,1,938.85,43.07,638.69
T,2817208,1,353479197,-1178094259,626281,20989990,3,32,1,-9.839,0.392,-0.024,0.007,-0.012,0.006,61.09,1,940.96,42.19,668.02,1,938.84,43.07,638.78
T,2818198,1,353479197,-1178094256,626377,20989990,3,32,1,-9.854,0.359,0.053,0.009,-0.015,0.006,61.19,1,940.96,42.18,668.02,1,938.84,43.00,638.78
T,2819183,1,353479201,-1178094249,626500,20989990,3,31,1,-9.815,0.402,-0.134,0.002,-0.012,0.005,61.09,1,941.03,42.15,667.40,1,938.91,42.95,638.16
T,2820280,1,353479204,-1178094235,626597,20989990,3,32,1,-9.835,0.412,-0.043,0.009,-0.012,0.004,61.03,1,941.01,42.10,667.58,1,938.85,42.92,638.69
T,2821271,1,353479205,-1178094227,626712,20989990,3,32,1,-9.830,0.368,-0.010,0.010,-0.012,0.005,60.96,1,941.01,42.09,667.58,1,938.85,42.96,638.69
T,2822260,1,353479208,-1178094215,626809,20989990,3,32,1,-9.844,0.474,0.067,0.006,-0.013,0.005,61.12,1,940.95,42.06,668.11,1,938.85,42.97,638.69
T,2823244,1,353479208,-1178094208,626874,20989990,3,32,1,-9.858,0.306,0.148,0.004,-0.012,0.004,61.30,1,941.00,42.04,667.67,1,938.82,42.94,638.95
T,2824232,1,353479207,-1178094203,626919,20989990,3,32,1,-9.825,0.435,0.010,0.028,-0.016,0.002,61.37,1,940.95,42.06,668.11,1,938.84,43.00,638.78
T,2825219,1,353479207,-1178094195,626988,20989990,3,32,1,-9.825,0.416,-0.067,0.004,-0.012,0.006,61.34,1,940.95,42.11,668.11,1,938.79,43.06,639.22
T,2826210,1,353479209,-1178094185,627026,20989990,3,32,1,-9.830,0.330,0.010,0.005,-0.012,0.005,61.14,1,940.99,42.07,667.75,1,938.82,43.05,638.95
T,2827200,1,353479212,-1178094177,626944,20989990,3,32,1,-9.830,0.373,0.077,0.006,-0.012,0.005,61.15,1,941.02,42.03,667.49,1,938.85,43.03,638.69
T,2828190,1,353479212,-1178094173,626894,20989990,3,32,1,-9.830,0.273,0.345,0.024,-0.015,0.005,61.36,1,940.95,42.00,668.11,1,938.81,43.00,639.04
T,2829277,1,353479213,-1178094169,626925,20989990,3,32,1,-9.839,0.335,0.120,0.002,-0.011,0.007,61.36,1,940.98,41.98,667.84,1,938.82,42.98,638.95
T,2830262,1,353479214,-1178094166,626924,20989990,3,32,1,-9.815,0.526,-0.033,-0.006,-0.011,0.006,61.35,1,940.96,41.96,668.02,1,938.88,42.97,638.42
T,2831257,1,353479216,-1178094165,626939,20989990,3,32,1,-9.839,0.330,0.019,0.013,-0.013,0.004,61.31,1,941.04,41.96,667.31,1,938.88,42.99,638.42
T,2832242,1,353479215,-1178094165,626865,20989990,3,31,1,-9.844,0.426,0.201,0.006,-0.013,0.005,61.36,1,941.02,41.95,667.49,1,938.85,42.98,638.69
T,2833229,1,353479214,-1178094167,626755,20989990,3,32,1,-9.863,0.445,0.014,0.004,-0.012,0.004,61.33,1,941.00,41.96,667.67,1,938.81,42.98,639.04
T,2834320,1,353479212,-1178094176,626704,20989990,3,32,1,-9.849,0.368,0.005,0.009,-0.011,0.006,61.35,1,940.99,41.95,667.75,1,938.87,42.98,638.51
T,2835309,1,353479211,-1178094184,626709,20989990,3,32,1,-9.825,0.440,0.124,-0.001,-0.013,0.005,61.41,1,940.99,41.93,667.75,1,938.84,42.97,638.78
T,2836299,1,353479211,-1178094193,626786,20989990,3,32,1,-9.830,0.416,0.053,0.005,-0.012,0.005,61.66,1,940.98,41.97,667.84,1,938.85,43.02,638.69
T,2837286,1,353479205,-1178094203,626854,20989990,3,32,1,-9.835,0.459,0.057,0.007,-0.013,0.005,61.45,1,941.02,42.00,667.49,1,938.86,43.05,638.60
T,2838278,1,353479197,-1178094224,626967,20989990,3,32,1,-9.854,0.402,0.187,0.004,-0.012,0.005,61.81,1,941.00,42.03,667.67,1,938.85,43.08,638.69
T,2839281,1,353479191,-1178094235,626971,20989990,3,32,1,-9.825,0.373,0.091,0.004,-0.012,0.005,61.77,1,940.98,42.08,667.84,1,938.88,43.11,638.42
T,2840269,1,353479186,-1178094241,627028,20989990,3,32,1,-9.839,0.397,0.120,0.005,-0.013,0.006,61.59,1,940.95,42.06,668.11,1,938.84,43.12,638.78
T,2841256,1,353479179,-1178094250,627210,20989990,3,32,1,-9.844,0.383,0.211,0.009,-0.013,0.006,61.70,1,940.96,42.03,668.02,1,938.83,43.10,638.86
T,2842248,1,353479178,-1178094249,627130,20989990,3,30,1,-9.835,0.397,0.153,0.006,-0.012,0.004,61.79,1,940.98,42.06,667.84,1,938.83,43.12,638.86
T,2843235,1,353479175,-1178094249,627053,20989990,3,32,1,-9.835,0.445,0.120,0.005,-0.012,0.005,61.72,1,941.01,42.04,667.58,1,938.84,43.12,638.78
T,2844236,1,353479170,-1178094250,626943,20989990,3,32,1,-9.830,0.512,0.067,0.007,-0.012,0.006,61.71,1,941.04,42.03,667.31,1,938.88,43.12,638.42
T,2845226,1,353479162,-1178094253,626992,20989990,3,31,1,-9.830,0.450,0.043,0.010,-0.011,0.005,61.65,1,940.98,42.04,667.84,1,938.83,43.13,638.86
T,2846212,1,353479156,-1178094257,626967,20989990,3,32,1,-9.839,0.431,0.072,0.011,-0.012,0.006,61.62,1,940.98,42.05,667.84,1,938.85,43.15,638.69
T,2847198,1,353479153,-1178094258,626870,20989990,3,32,1,-9.839,0.364,0.072,0.006,-0.013,0.004,61.61,1,940.98,42.05,667.84,1,938.87,43.15,638.51
T,2848297,1,353479151,-1178094260,626782,20989990,3,31,1,-9.849,0.378,0.105,0.007,-0.013,0.005,61.68,1,941.01,42.11,667.58,1,938.88,43.20,638.42
T,2849179,1,353479148,-1178094262,626659,20989990,3,32,1,-9.873,0.354,0.081,0.002,-0.010,0.004,61.61,1,941.03,42.13,667.40,1,938.90,43.21,638.24
T,2850267,1,353479147,-1178094262,626528,20989990,3,32,1,-9.835,0.407,0.024,0.006,-0.011,0.006,61.70,1,941.00,42.07,667.67,1,938.87,43.14,638.51
T,2851252,1,353479145,-1178094263,626419,20989990,3,31,1,-9.820,0.373,0.057,0.001,-0.013,0.006,61.45,1,941.00,42.03,667.67,1,938.84,43.11,638.78
T,2852255,1,353479143,-1178094263,626245,20989990,3,32,1,-9.854,0.455,0.177,0.005,-0.013,0.005,61.79,1,941.00,42.02,667.67,1,938.82,43.11,638.95
T,2853242,1,353479134,-1178094272,626305,20989990,3,32,1,-9.854,0.450,0.177,0.000,-0.011,0.006,61.96,1,941.04,42.09,667.31,1,938.84,43.14,638.78
T,2854228,1,353479132,-1178094273,626169,20989990,3,31,1,-9.825,0.435,0.220,0.009,-0.013,0.005,62.09,1,940.95,42.12,668.11,1,938.77,43.17,639.40
T,2855222,1,353479128,-1178094275,626076,20989990,3,32,1,-9.839,0.354,0.077,0.001,-0.013,0.006,62.11,1,941.01,42.17,667.58,1,938.88,43.21,638.42
T,2856208,1,353479123,-1178094276,625910,20989990,3,32,1,-9.839,0.388,0.096,0.005,-0.012,0.006,61.83,1,940.95,42.13,668.11,1,938.82,43.21,638.95
T,2857296,1,353479120,-1178094279,625781,20989990,3,31,1,-9.844,0.359,0.191,0.006,-0.012,0.005,61.89,1,940.95,42.12,668.11,1,938.77,43.21,639.40
T,2858282,1,353479116,-1178094289,625767,20989990,3,32,1,-9.849,0.354,0.196,0.010,-0.013,0.004,62.18,1,940.99,42.16,667.75,1,938.83,43.22,638.86
T,2859270,1,353479114,-1178094300,625747,20989990,3,32,1,-9.854,0.416,0.182,0.002,-0.013,0.005,62.04,1,940.97,42.17,667.93,1,938.86,43.19,638.60
T,2860256,1,353479108,-1178094314,625812,20989990,3,30,1,-9.835,0.412,-0.062,0.002,-0.011,0.006,61.62,1,941.02,42.13,667.49,1,938.91,43.17,638.16
T,2861247,1,353479107,-1178094319,625747,20989990,3,32,1,-9.801,0.321,0.120,0.001,-0.013,0.002,61.34,1,941.00,42.06,667.67,1,938.88,43.15,638.42
T,2862245,1,353479108,-1178094321,625653,20989990,3,32,1,-9.844,0.479,0.005,0.009,-0.013,0.005,61.38,1,941.00,42.07,667.67,1,938.88,43.16,638.42
T,2863233,1,353479108,-1178094326,625536,20989990,3,31,1,-9.839,0.412,0.077,0.013,-0.013,0.005,61.55,1,941.00,42.14,667.67,1,938.87,43.20,638.51
T,2864218,1,353479107,-1178094329,625462,20989990,3,32,1,-9.830,0.335,-0.053,0.000,-0.011,0.005,61.41,1,941.01,42.14,667.58,1,938.86,43.21,638.60
T,2865308,1,353479107,-1178094328,625392,20989990,3,32,1,-9.844,0.388,0.096,0.007,-0.016,0.004,61.49,1,941.03,42.11,667.40,1,938.89,43.20,638.33
T,2866207,1,353479107,-1178094330,625325,20989990,3,30,1,-9.835,0.426,0.043,0.004,-0.012,0.007,61.55,1,940.98,42.08,667.84,1,938.90,43.18,638.24
T,2867296,1,353479106,-1178094334,625311,20989990,3,31,1,-9.820,0.368,0.067,0.013,-0.018,0.005,61.29,1,941.04,42.08,667.31,1,938.89,43.18,638.33
T,2868279,1,353479105,-1178094336,625281,20989990,3,32,1,-9.835,0.431,0.220,0.012,-0.017,0.004,61.32,1,941.05,42.07,667.22,1,938.90,43.18,638.24
T,2869266,1,353479102,-1178094339,625282,20989990,3,31,1,-9.825,0.459,0.115,-0.004,-0.012,0.004,61.46,1,941.04,42.02,667.31,1,938.86,43.14,638.60
T,2870262,1,353479102,-1178094337,625210,20989990,3,31,1,-9.835,0.349,0.167,0.015,-0.015,0.004,61.55,1,940.96,42.04,668.02,1,938.84,43.16,638.78
T,2871251,1,353479102,-1178094340,625157,20989990,3,32,1,-9.830,0.402,0.038,0.013,-0.012,0.004,61.38,1,941.08,42.01,666.96,1,938.89,43.15,638.33
T,2872237,1,353479103,-1178094341,625049,20989990,3,30,1,-9.844,0.431,0.153,0.005,-0.012,0.005,61.36,1,941.00,41.96,667.67,1,938.79,43.10,639.22
T,2873223,1,353479103,-1178094342,624949,20989990,3,32,1,-9.887,0.345,-0.187,0.010,-0.011,0.000,61.62,1,941.05,42.00,667.22,1,938.86,43.14,638.60
T,2874215,1,353479102,-1178094341,624882,20989990,3,32,1,-9.892,0.254,-0.086,-0.007,-0.012,0.005,61.40,1,941.03,42.01,667.40,1,938.90,43.15,638.24
T,2875203,1,353479101,-1178094343,624828,20989990,3,31,1,-9.820,0.345,0.057,-0.005,-0.011,0.005,61.21,1,941.04,41.95,667.31,1,938.87,43.12,638.51
T,2876198,1,353479101,-1178094346,624778,20989990,3,32,1,-9.873,0.263,0.014,0.009,-0.013,0.004,61.20,1,940.99,41.94,667.75,1,938.89,43.11,638.33
T,2877187,1,353479104,-1178094346,624734,20989990,3,31,1,-9.830,0.268,-0.215,0.007,-0.011,0.004,61.12,1,941.02,41.94,667.49,1,938.85,43.10,638.69
T,2878280,1,353479107,-1178094347,624673,20989990,3,31,1,-9.830,0.397,0.124,0.009,-0.013,0.005,61.29,1,941.03,41.97,667.40,1,938.89,43.11,638.33
T,2879266,1,353479109,-1178094348,624618,20989990,3,31,1,-9.815,0.416,0.086,0.004,-0.016,0.005,61.24,1,941.09,42.00,666.87,1,938.88,43.11,638.42
T,2880256,1,353479112,-1178094349,624548,20989990,3,32,1,-9.830,0.392,0.010,0.001,-0.013,0.005,61.30,1,941.06,42.02,667.13,1,938.85,43.13,638.69
T,2881248,1,353479111,-1178094351,624538,20989990,3,31,1,-9.815,0.450,0.167,0.001,-0.015,0.005,61.52,1,941.05,42.05,667.22,1,938.87,43.16,638.51
T,2882234,1,353479111,-1178094349,624514,20989990,3,31,1,-9.801,0.560,0.134,0.017,-0.013,0.006,61.43,1,941.01,42.04,667.58,1,938.86,43.16,638.60
T,2883224,1,353479112,-1178094347,624482,20989990,3,32,1,-9.849,0.148,-0.388,0.002,-0.013,0.006,61.09,1,941.03,41.95,667.40,1,938.92,43.09,638.07
T,2884219,1,353479114,-1178094344,624407,20989990,3,31,1,-9.858,0.345,-0.526,0.023,-0.007,0.002,60.68,1,941.06,41.86,667.13,1,938.90,43.03,638.24
T,2885312,1,353479116,-1178094343,624415,20989990,3,32,1,-9.811,0.560,-0.005,-0.002,-0.020,0.010,60.65,1,941.04,41.82,667.31,1,938.85,43.01,638.69
T,2886202,1,353479117,-1178094340,624407,20989990,3,32,1,-9.729,0.498,0.383,-0.012,-0.018,0.009,60.67,1,941.04,41.84,667.31,1,938.93,43.02,637.98
T,2887295,1,353479119,-1178094340,624433,20989990,3,31,1,-9.763,0.512,0.455,-0.009,-0.023,0.007,60.93,1,941.03,41.86,667.40,1,938.88,43.03,638.42
T,2888286,1,353479120,-1178094340,624459,20989990,3,32,1,-9.925,0.215,-0.402,-0.001,-0.010,0.005,61.15,1,941.05,41.91,667.22,1,938.87,43.06,638.51
T,2889277,1,353479120,-1178094340,624455,20989990,3,31,1,-9.806,0.373,0.072,0.024,-0.010,0.002,61.10,1,941.08,41.93,666.96,1,938.89,43.06,638.33
T,2890269,1,353479121,-1178094337,624414,20989990,3,30,1,-9.815,0.459,0.187,0.006,-0.011,0.005,61.04,1,941.02,41.92,667.49,1,938.93,43.06,637.98
T,2891255,1,353479123,-1178094334,624384,20989990,3,31,1,-9.878,0.321,-0.574,0.000,-0.011,0.009,60.63,1,941.10,41.83,666.78,1,938.91,43.01,638.16
T,2892245,1,353479124,-1178094332,624391,20989990,3,31,1,-9.835,0.392,-0.153,0.018,-0.005,0.004,60.65,1,941.00,41.79,667.67,1,938.89,42.98,638.33
T,2893236,1,353479127,-1178094327,624373,20989990,3,30,1,-9.763,0.531,0.268,0.004,-0.016,0.006,60.52,1,941.03,41.78,667.40,1,938.91,42.97,638.16
T,2894223,1,353479129,-1178094322,624265,20989990,3,31,1,-9.863,0.258,-0.311,0.010,-0.007,0.002,60.36,1,941.05,41.70,667.22,1,938.91,42.91,638.16
T,2895320,1,353479129,-1178094319,624198,20989990,3,32,1,-9.777,0.536,0.048,0.009,-0.007,0.009,60.27,1,941.09,41.67,666.87,1,938.90,42.88,638.24
T,2896205,1,353479130,-1178094316,624077,20989990,3,30,1,-9.911,0.201,-0.474,0.009,-0.010,0.002,60.26,1,941.05,41.60,667.22,1,938.91,42.83,638.16
T,2897299,1,353479128,-1178094317,624013,20989990,3,32,1,-9.811,0.517,0.220,0.013,-0.010,0.005,60.59,1,941.06,41.64,667.13,1,938.88,42.85,638.42
T,2898299,1,353479126,-1178094318,623911,20989990,3,31,1,-9.830,0.368,-0.110,0.011,-0.009,0.004,60.92,1,941.06,41.73,667.13,1,938.88,42.91,638.42
T,2899293,1,353479120,-1178094327,623896,20989990,3,30,1,-9.787,0.541,0.368,0.004,-0.013,0.006,61.10,1,941.03,41.77,667.40,1,938.87,42.94,638.51
T,2900278,1,353479117,-1178094333,623915,20989990,3,31,1,-9.921,0.268,-0.498,0.007,-0.007,0.004,60.81,1,941.08,41.76,666.96,1,938.88,42.93,638.42
T,2901275,1,353479114,-1178094335,623887,20989990,3,30,1,-9.849,0.354,-0.469,0.005,-0.005,0.004,60.56,1,941.02,41.65,667.49,1,938.90,42.86,638.24
T,2902263,1,353479109,-1178094340,623835,20989990,3,30,1,-9.815,0.474,-0.019,0.013,-0.011,0.004,60.43,1,941.02,41.59,667.49,1,938.88,42.82,638.42
T,2903255,1,353479106,-1178094345,623714,20989990,3,32,1,-9.748,0.459,0.225,-0.004,-0.022,0.006,60.46,1,941.03,41.58,667.40,1,938.92,42.81,638.07
T,2904248,1,353479101,-1178094351,623697,20989990,3,32,1,-9.744,0.536,0.416,0.004,-0.020,0.007,60.50,1,941.04,41.54,667.31,1,938.89,42.80,638.33
T,2905233,1,353479097,-1178094354,623623,20989990,3,31,1,-9.844,0.263,0.110,0.016,-0.010,0.002,60.69,1,941.06,41.57,667.13,1,938.89,42.81,638.33
T,2906223,1,353479092,-1178094361,623581,20989990,3,32,1,-9.806,0.541,0.335,0.020,-0.009,0.005,60.94,1,941.03,41.62,667.40,1,938.92,42.84,638.07
T,2907213,1,353479087,-1178094368,623579,20989990,3,31,1,-9.830,0.392,0.100,0.017,-0.010,0.002,61.12,1,941.01,41.70,667.58,1,938.87,42.89,638.51
T,2908303,1,353479083,-1178094374,623590,20989990,3,31,1,-9.796,0.498,0.388,0.001,-0.011,0.005,61.07,1,941.07,41.71,667.05,1,938.91,42.89,638.16
T,2909291,1,353479077,-1178094379,623585,20989990,3,31,1,-9.906,0.263,-0.153,0.001,-0.017,0.005,61.13,1,941.01,41.69,667.58,1,938.86,42.88,638.60
T,2910283,1,353479073,-1178094382,623600,20989990,3,32,1,-9.839,0.378,0.010,0.009,-0.009,0.005,61.30,1,941.02,41.67,667.49,1,938.82,42.90,638.95
T,2911269,1,353479071,-1178094382,623559,20989990,3,31,1,-9.768,0.507,0.455,0.016,-0.012,0.005,61.14,1,940.99,41.59,667.75,1,938.88,42.85,638.42
T,2912257,1,353479070,-1178094379,623560,20989990,3,30,1,-9.787,0.431,0.292,0.002,-0.018,0.006,61.07,1,941.03,41.55,667.40,1,938.89,42.83,638.33
T,2913246,1,353479070,-1178094375,623544,20989990,3,32,1,-9.882,0.340,-0.072,-0.006,-0.017,0.006,61.08,1,941.04,41.53,667.31,1,938.87,42.81,638.51
T,2914238,1,353479069,-1178094371,623476,20989990,3,31,1,-9.892,0.287,-0.340,0.010,-0.010,0.005,61.12,1,941.05,41.56,667.22,1,938.88,42.84,638.42
T,2915233,1,353479066,-1178094369,623374,20989990,3,31,1,-9.844,0.450,0.062,0.017,-0.009,0.004,61.09,1,941.05,41.56,667.22,1,938.88,42.83,638.42
T,2916218,1,353479062,-1178094368,623340,20989990,3,32,1,-9.763,0.512,0.383,0.001,-0.012,0.007,60.76,1,941.02,41.51,667.49,1,938.81,42.80,639.04
T,2917204,1,353479058,-1178094369,623275,20989990,3,30,1,-9.882,0.249,-0.397,0.002,-0.007,0.006,60.77,1,941.00,41.54,667.67,1,938.88,42.80,638.42
T,2918196,1,353479053,-1178094369,623235,20989990,3,32,1,-9.791,0.488,0.263,0.001,-0.010,0.005,60.98,1,941.02,41.61,667.49,1,938.93,42.84,637.98
T,2919285,1,353479049,-1178094372,623254,20989990,3,32,1,-9.768,0.450,0.435,0.002,-0.020,0.006,61.11,1,941.06,41.62,667.13,1,938.94,42.84,637.89
T,2920270,1,353479045,-1178094373,623321,20989990,3,31,1,-9.858,0.206,-0.187,0.016,-0.009,0.004,60.88,1,941.02,41.60,667.49,1,938.92,42.84,638.07
T,2921266,1,353479044,-1178094372,623368,20989990,3,31,1,-9.854,0.488,0.177,0.006,-0.011,0.005,61.11,1,940.95,41.56,668.11,1,938.82,42.80,638.95
T,2922256,1,353479043,-1178094372,623372,20989990,3,32,1,-9.796,0.546,0.766,0.011,-0.016,0.006,61.71,1,940.91,41.64,668.46,1,938.84,42.86,638.78
T,2923241,1,353479044,-1178094368,623394,20989990,3,30,1,-9.882,0.325,-0.005,0.010,-0.012,0.005,62.00,1,940.92,41.74,668.37,1,938.81,42.94,639.04
T,2924233,1,353479044,-1178094365,623425,20989990,3,31,1,-9.806,0.455,0.589,0.010,-0.013,0.005,62.11,1,941.01,41.82,667.58,1,938.83,43.03,638.86
T,2925221,1,353479046,-1178094360,623358,20989990,3,31,1,-9.863,0.321,0.110,-0.002,-0.012,0.006,62.01,1,940.99,41.82,667.75,1,938.86,43.05,638.60
T,2926212,1,353479046,-1178094357,623296,20989990,3,30,1,-9.839,0.378,0.124,0.000,-0.010,0.005,61.68,1,940.95,41.75,668.11,1,938.78,42.98,639.31
T,2927196,1,353479046,-1178094357,623266,20989990,3,31,1,-9.858,0.321,0.402,-0.004,-0.013,0.006,61.97,1,940.92,41.79,668.37,1,938.82,42.99,638.95
T,2928298,1,353479045,-1178094358,623303,20989990,3,32,1,-9.854,0.440,0.278,0.004,-0.013,0.006,62.24,1,941.01,41.86,667.58,1,938.79,43.08,639.22
T,2929283,1,353479045,-1178094357,623304,20989990,3,30,1,-9.868,0.435,0.335,0.006,-0.012,0.006,62.29,1,940.96,41.89,668.02,1,938.81,43.07,639.04
T,2930270,1,353479043,-1178094359,623366,20989990,3,32,1,-9.863,0.354,0.345,-0.001,-0.013,0.005,62.17,1,940.98,41.90,667.84,1,938.82,43.06,638.95
T,2931260,1,353479041,-1178094363,623366,20989990,3,32,1,-9.854,0.464,0.325,0.005,-0.012,0.005,62.43,1,940.96,41.95,668.02,1,938.80,43.13,639.13
T,2932317,1,353479044,-1178094368,623746,20989990,3,31,1,-9.854,0.383,0.359,0.002,-0.013,0.005,62.39,1,940.96,42.00,668.02,1,938.82,43.19,638.95
T,2933203,1,353479045,-1178094371,624035,20989990,3,32,1,-9.854,0.402,0.383,0.005,-0.013,0.005,62.53,1,941.00,41.98,667.67,1,938.87,43.16,638.51
T,2934192,1,353479047,-1178094375,624303,20989990,3,31,1,-9.839,0.450,0.053,0.006,-0.012,0.005,61.87,1,941.03,41.94,667.40,1,938.86,43.11,638.60
T,2935280,1,353479048,-1178094382,624557,20989990,3,31,1,-9.825,0.397,0.067,0.007,-0.012,0.006,61.63,1,940.97,41.93,667.93,1,938.85,43.12,638.69
T,2936268,1,353479048,-1178094387,624804,20989990,3,31,1,-9.839,0.412,-0.005,0.007,-0.015,0.005,61.55,1,941.01,41.90,667.58,1,938.87,43.11,638.51
T,2937260,1,353479049,-1178094387,625040,20989990,3,32,1,-9.839,0.435,-0.005,0.005,-0.012,0.006,61.66,1,941.03,41.85,667.40,1,938.89,43.08,638.33
T,2938257,1,353479049,-1178094389,625219,20989990,3,32,1,-9.844,0.373,0.014,0.005,-0.013,0.005,61.68,1,941.04,41.87,667.31,1,938.86,43.07,638.60
T,2939244,1,353479051,-1178094388,625412,20989990,3,32,1,-9.844,0.354,0.091,0.009,-0.012,0.005,61.71,1,940.98,41.88,667.84,1,938.86,43.00,638.60
T,2940230,1,353479051,-1178094388,625600,20989990,3,32,1,-9.835,0.330,0.115,0.010,-0.012,0.004,61.65,1,940.99,41.88,667.75,1,938.85,42.97,638.69
T,2941216,1,353479053,-1178094389,625669,20989990,3,32,1,-9.839,0.364,-0.086,0.010,-0.013,0.005,61.46,1,940.99,41.85,667.75,1,938.86,42.95,638.60
T,2942207,1,353479055,-1178094387,625708,20989990,3,32,1,-9.844,0.306,0.148,0.011,-0.015,0.005,61.50,1,941.07,41.85,667.05,1,938.90,42.91,638.24
T,2943297,1,353479057,-1178094386,625711,20989990,3,31,1,-9.835,0.464,0.081,0.009,-0.012,0.005,61.37,1,941.01,41.83,667.58,1,938.90,42.89,638.24
T,2944283,1,353479059,-1178094387,625795,20989990,3,32,1,-9.844,0.321,0.081,0.011,-0.012,0.006,61.41,1,941.01,41.83,667.58,1,938.87,42.90,638.51
T,2945274,1,353479061,-1178094386,625871,20989990,3,31,1,-9.854,0.416,-0.043,0.011,-0.011,0.005,61.29,1,941.02,41.79,667.49,1,938.85,42.90,638.69
T,2946275,1,353479062,-1178094386,625931,20989990,3,32,1,-9.849,0.407,0.172,0.010,-0.012,0.005,61.58,1,941.05,41.82,667.22,1,938.87,42.93,638.51
T,2947261,1,353479064,-1178094385,625987,20989990,3,32,1,-9.844,0.469,0.234,0.004,-0.012,0.006,62.03,1,941.02,41.93,667.49,1,938.85,43.04,638.69
T,2948247,1,353479065,-1178094387,626008,20989990,3,32,1,-9.839,0.412,0.167,0.002,-0.013,0.006,61.95,1,941.03,41.96,667.40,1,938.83,43.08,638.86
T,2949230,1,353479066,-1178094385,626049,20989990,3,32,1,-9.854,0.421,0.263,0.005,-0.013,0.005,62.12,1,940.95,42.00,668.11,1,938.81,43.11,639.04
T,2950230,1,353479069,-1178094382,626039,20989990,3,32,1,-9.844,0.402,0.325,0.004,-0.013,0.005,62.33,1,940.98,42.04,667.84,1,938.82,43.14,638.95
T,2951217,1,353479070,-1178094379,626027,20989990,3,32,1,-9.854,0.354,0.191,0.005,-0.012,0.005,62.12,1,941.01,42.05,667.58,1,938.84,43.15,638.78
T,2952205,1,353479070,-1178094377,626039,20989990,3,31,1,-9.844,0.368,0.086,0.001,-0.012,0.005,61.86,1,941.03,41.97,667.40,1,938.86,43.09,638.60
T,2953294,1,353479071,-1178094375,626043,20989990,3,32,1,-9.849,0.392,0.134,0.004,-0.012,0.005,61.83,1,940.99,41.95,667.75,1,938.81,43.05,639.04
T,2954278,1,353479071,-1178094372,626072,20989990,3,32,1,-9.844,0.373,0.048,0.005,-0.012,0.006,61.66,1,941.01,41.95,667.58,1,938.83,42.93,638.86
T,2955265,1,353479073,-1178094370,626108,20989990,3,31,1,-9.849,0.416,0.163,0.002,-0.013,0.005,61.74,1,941.03,41.95,667.40,1,938.86,42.93,638.60
T,2956255,1,353479075,-1178094364,626150,20989990,3,32,1,-9.849,0.373,0.129,0.005,-0.013,0.005,61.66,1,941.04,41.94,667.31,1,938.88,42.99,638.42
T,2957249,1,353479077,-1178094358,626175,20989990,3,32,1,-9.820,0.407,0.120,0.005,-0.012,0.006,61.73,1,941.02,41.99,667.49,1,938.84,43.06,638.78
T,2958232,1,353479078,-1178094353,626199,20989990,3,32,1,-9.844,0.426,0.096,0.005,-0.013,0.005,61.75,1,941.00,42.04,667.67,1,938.84,43.11,638.78
T,2959217,1,353479080,-1178094350,626223,20989990,3,32,1,-9.825,0.450,0.110,0.001,-0.011,0.010,61.55,1,940.98,42.03,667.84,1,938.84,43.10,638.78
T,2960207,1,353479083,-1178094344,626232,20989990,3,31,1,-9.839,0.479,-0.024,0.004,-0.015,0.007,61.38,1,941.02,41.95,667.49,1,938.81,43.05,639.04
T,2961300,1,353479084,-1178094340,626269,20989990,3,31,1,-9.854,0.325,-0.043,-0.001,-0.013,0.006,61.44,1,940.99,41.89,667.75,1,938.89,43.01,638.33
T,2962293,1,353479086,-1178094337,626309,20989990,3,32,1,-9.873,0.301,-0.019,-0.005,-0.012,0.002,61.09,1,941.00,41.81,667.67,1,938.90,42.94,638.24
T,2963284,1,353479087,-1178094335,626349,20989990,3,31,1,-9.945,0.306,-0.234,0.004,-0.011,0.001,61.07,1,941.02,41.78,667.49,1,938.93,42.92,637.98
T,2964276,1,353479086,-1178094333,626387,20989990,3,32,1,-9.892,0.464,-0.220,-0.015,-0.011,0.005,60.99,1,941.04,41.79,667.31,1,938.86,42.91,638.60
T,2965267,1,353479086,-1178094332,626472,20989990,3,32,1,-9.839,0.502,0.086,0.017,-0.015,-0.001,60.89,1,941.00,41.75,667.67,1,938.87,42.87,638.51
T,2966260,1,353479083,-1178094333,626563,20989990,3,32,1,-9.863,0.483,-0.268,0.024,-0.011,0.004,61.12,1,940.95,41.72,668.11,1,938.76,42.86,639.49
T,2967255,1,353479080,-1178094336,626631,20989990,3,31,1,-9.815,0.426,0.349,0.018,-0.011,0.005,61.82,1,940.85,41.82,668.99,1,938.70,42.95,640.02
T,2968242,1,353479077,-1178094341,626669,20989990,3,32,1,-9.887,0.368,0.220,-0.005,-0.018,0.005,62.26,1,940.86,41.94,668.90,1,938.69,43.05,640.10
T,2969238,1,353479074,-1178094347,626652,20989990,3,32,1,-9.916,0.249,-0.292,0.000,-0.005,0.006,61.88,1,941.09,41.99,666.87,1,938.87,43.11,638.51
T,2970230,1,353479073,-1178094353,626610,20989990,3,31,1,-9.844,0.488,0.230,0.033,-0.011,0.006,61.36,1,940.87,41.90,668.82,1,938.84,43.02,638.78
T,2971218,1,353479070,-1178094360,626590,20989990,3,32,1,-9.820,0.522,0.641,0.009,-0.013,0.004,61.99,1,940.92,41.92,668.37,1,938.79,43.04,639.22
T,2972218,1,353479067,-1178094364,626574,20989990,3,32,1,-9.825,0.550,0.603,0.001,-0.013,0.005,62.38,1,940.90,42.00,668.55,1,938.75,43.11,639.57
T,2973214,1,353479058,-1178094376,626661,20989990,3,32,1,-9.806,0.459,0.455,-0.004,-0.012,0.006,62.54,1,940.92,42.08,668.37,1,938.77,43.18,639.40
T,2974208,1,353479057,-1178094376,626612,20989990,3,32,1,-9.873,0.340,-0.019,0.002,-0.010,0.005,62.55,1,940.84,42.11,669.08,1,938.80,43.22,639.13
T,2975200,1,353479047,-1178094387,626718,20989990,3,32,1,-9.811,0.416,0.770,0.000,-0.017,0.012,62.67,1,940.90,42.15,668.55,1,938.70,43.28,640.02
T,2976187,1,353479044,-1178094388,626723,20989990,3,32,1,-9.863,0.483,0.311,-0.002,-0.013,0.005,62.66,1,940.88,42.21,668.73,1,938.72,43.34,639.84
T,2977276,1,353479041,-1178094389,626730,20989990,3,32,1,-9.835,0.292,0.435,0.009,-0.021,0.002,62.81,1,940.91,42.24,668.46,1,938.75,43.38,639.57
T,2978262,1,353479041,-1178094386,626685,20989990,3,32,1,-9.844,0.407,0.292,-0.004,-0.011,0.004,62.66,1,941.00,42.27,667.67,1,938.77,43.40,639.40
T,2979273,1,353479040,-1178094386,626648,20989990,3,32,1,-9.858,0.455,0.292,0.001,-0.013,0.007,62.51,1,940.89,42.22,668.64,1,938.83,43.32,638.86
T,2980260,1,353479039,-1178094384,626591,20989990,3,32,1,-9.940,0.345,-0.412,0.007,-0.007,0.005,62.25,1,940.88,42.16,668.73,1,938.78,43.19,639.31
T,2981264,1,353479038,-1178094386,626564,20989990,3,32,1,-9.830,0.617,0.608,0.009,-0.018,0.002,62.43,1,940.93,42.16,668.28,1,938.73,43.18,639.75
T,2982257,1,353479036,-1178094388,626541,20989990,3,32,1,-9.868,0.258,0.100,0.000,-0.013,0.002,62.42,1,940.90,42.18,668.55,1,938.75,43.20,639.57
T,2983245,1,353479034,-1178094390,626488,20989990,3,32,1,-9.949,0.153,0.440,-0.011,-0.024,0.005,62.44,1,941.00,42.20,667.67,1,938.73,43.20,639.75
T,2984238,1,353479030,-1178094393,626426,20989990,3,32,1,-9.768,0.627,0.536,0.000,-0.021,0.012,62.34,1,940.89,42.21,668.64,1,938.79,43.23,639.22
T,2985226,1,353479026,-1178094397,626394,20989990,3,32,1,-9.791,0.225,0.239,-0.018,-0.011,0.005,61.88,1,941.10,42.16,666.78,1,938.92,43.16,638.07
T,2986217,1,353479022,-1178094402,626378,20989990,3,32,1,-9.835,-0.057,0.000,0.011,-0.011,0.000,61.16,1,940.98,41.96,667.84,1,938.79,43.02,639.22
T,2987309,1,353479012,-1178094414,626501,20989990,3,32,1,-9.820,0.421,0.292,0.001,-0.021,0.006,61.75,1,940.89,41.98,668.64,1,938.81,43.01,639.04
T,2988295,1,353479002,-1178094426,626576,20989990,3,32,1,-9.811,0.455,0.297,0.018,-0.013,0.004,61.91,1,941.01,42.04,667.58,1,938.84,43.07,638.78
T,2989281,1,353478994,-1178094435,626637,20989990,3,31,1,-9.868,0.345,-0.335,0.007,-0.012,0.007,62.18,1,941.14,42.10,666.43,1,938.98,43.15,637.54
T,2990272,1,353478989,-1178094440,626636,20989990,3,32,1,-9.830,0.402,0.196,0.021,-0.007,0.004,61.74,1,941.06,42.08,667.13,1,938.93,43.14,637.98
T,2991259,1,353478986,-1178094442,626631,20989990,3,32,1,-9.830,0.536,0.421,0.002,-0.018,0.005,61.86,1,941.09,42.08,666.87,1,938.97,43.15,637.63
T,2992244,1,353478981,-1178094445,626671,20989990,3,32,1,-9.811,0.431,-0.029,0.009,-0.012,0.005,61.67,1,941.09,42.09,666.87,1,938.94,43.15,637.89
T,2993233,1,353478979,-1178094443,626666,20989990,3,32,1,-9.811,0.407,0.268,-0.005,-0.015,0.005,61.56,1,941.07,42.02,667.05,1,938.93,43.11,637.98
T,2994223,1,353478979,-1178094439,626657,20989990,3,32,1,-9.801,0.469,0.263,0.007,-0.013,0.006,61.59,1,941.06,42.00,667.13,1,938.89,43.10,638.33
T,2995216,1,353478978,-1178094437,626660,20989990,3,32,1,-9.854,0.306,0.077,0.002,-0.016,0.005,61.75,1,941.06,42.04,667.13,1,938.91,43.14,638.16
T,2996199,1,353478980,-1178094432,626630,20989990,3,32,1,-9.811,0.440,0.364,-0.002,-0.020,0.007,61.74,1,941.04,42.07,667.31,1,938.93,43.15,637.98
T,2997188,1,353478977,-1178094430,626664,20989990,3,32,1,-9.768,0.522,0.555,0.001,-0.017,0.007,61.72,1,941.07,42.01,667.05,1,938.92,43.10,638.07
T,2998173,1,353478978,-1178094426,626656,20989990,3,32,1,-9.878,0.292,-0.105,0.007,-0.010,0.005,61.59,1,941.06,41.98,667.13,1,938.96,43.09,637.71
T,2999263,1,353478979,-1178094420,626638,20989990,3,32,1,-9.839,0.435,0.096,0.007,-0.012,0.006,61.58,1,941.03,41.96,667.40,1,938.90,43.08,638.24
T,3000246,1,353478978,-1178094421,626659,20989990,3,32,1,-9.830,0.316,0.033,0.004,-0.013,0.006,61.51,1,941.07,41.97,667.05,1,938.92,43.09,638.07
T,3001230,1,353478979,-1178094416,626663,20989990,3,32,1,-9.825,0.368,0.096,0.002,-0.012,0.004,61.37,1,941.08,41.92,666.96,1,938.89,43.07,638.33
T,3002219,1,353478979,-1178094413,626667,20989990,3,32,1,-9.830,0.397,0.062,0.006,-0.013,0.005,61.50,1,941.05,41.96,667.22,1,938.88,43.08,638.42
T,3003205,1,353478982,-1178094408,626625,20989990,3,32,1,-9.839,0.407,0.110,0.006,-0.012,0.005,61.62,1,941.01,41.95,667.58,1,938.93,43.08,637.98
T,3004191,1,353478985,-1178094403,626568,20989990,3,32,1,-9.835,0.407,0.139,0.004,-0.012,0.004,61.65,1,941.08,41.98,666.96,1,938.88,43.10,638.42
T,3005280,1,353478988,-1178094398,626527,20989990,3,32,1,-9.844,0.440,0.129,0.005,-0.013,0.005,61.82,1,941.06,41.98,667.13,1,938.90,43.11,638.24
T,3006264,1,353478990,-1178094397,626507,20989990,3,32,1,-9.844,0.378,0.144,0.005,-0.012,0.006,61.70,1,941.07,41.95,667.05,1,938.92,43.07,638.07
T,3007248,1,353478992,-1178094395,626466,20989990,3,32,1,-9.854,0.392,0.110,0.005,-0.012,0.005,61.71,1,941.02,41.89,667.49,1,938.89,43.00,638.33
T,3008236,1,353478994,-1178094393,626405,20989990,3,32,1,-9.849,0.412,0.091,0.010,-0.012,0.005,61.61,1,941.06,41.88,667.13,1,938.86,42.95,638.60
T,3009225,1,353478996,-1178094390,626339,20989990,3,32,1,-9.839,0.412,0.182,0.005,-0.012,0.005,61.64,1,941.02,41.90,667.49,1,938.87,42.93,638.51
T,3010208,1,353478998,-1178094388,626303,20989990,3,32,1,-9.825,0.373,0.048,0.006,-0.012,0.005,61.71,1,941.06,41.90,667.13,1,938.86,42.99,638.60
T,3011293,1,353479000,-1178094385,626250,20989990,3,32,1,-9.854,0.345,0.110,0.007,-0.013,0.005,61.72,1,941.07,41.91,667.05,1,938.89,43.00,638.33
T,3012278,1,353479002,-1178094385,626179,20989990,3,32,1,-9.835,0.407,-0.072,0.009,-0.011,0.005,61.46,1,941.03,41.91,667.40,1,938.90,42.98,638.24
T,3013267,1,353478999,-1178094391,626217,20989990,3,32,1,-9.844,0.354,0.105,0.006,-0.012,0.006,61.66,1,940.98,41.92,667.84,1,938.84,43.00,638.78
T,3014257,1,353478998,-1178094399,626237,20989990,3,32,1,-9.849,0.378,0.120,0.007,-0.012,0.004,61.75,1,941.05,41.92,667.22,1,938.87,43.02,638.51
T,3015243,1,353478999,-1178094403,626189,20989990,3,32,1,-9.839,0.416,0.120,0.010,-0.012,0.004,61.88,1,941.00,41.95,667.67,1,938.89,43.03,638.33
T,3016231,1,353478999,-1178094407,626153,20989990,3,32,1,-9.839,0.388,0.187,0.004,-0.012,0.005,61.78,1,941.04,41.94,667.31,1,938.85,43.01,638.69
T,3017215,1,353479001,-1178094411,626144,20989990,3,32,1,-9.835,0.378,0.067,0.005,-0.011,0.005,61.82,1,941.02,41.91,667.49,1,938.90,43.00,638.24
T,3018201,1,353478991,-1178094431,626336,20989990,3,32,1,-9.839,0.412,0.215,0.005,-0.015,0.006,61.96,1,941.02,41.97,667.49,1,938.91,43.06,638.16
T,3019288,1,353478992,-1178094437,626367,20989990,3,32,1,-9.849,0.431,0.258,0.002,-0.013,0.005,62.23,1,941.03,42.05,667.40,1,938.89,43.15,638.33
T,3020274,1,353478994,-1178094442,626404,20989990,3,32,1,-9.839,0.412,0.206,0.007,-0.012,0.006,62.23,1,941.04,42.11,667.31,1,938.87,43.20,638.51
T,3021260,1,353478994,-1178094451,626441,20989990,3,32,1,-9.863,0.407,0.301,0.009,-0.012,0.005,62.29,1,941.01,42.14,667.58,1,938.87,43.22,638.51
T,3022247,1,353478996,-1178094457,626447,20989990,3,32,1,-9.849,0.416,0.325,0.007,-0.013,0.006,62.49,1,940.98,42.18,667.84,1,938.87,43.27,638.51
T,3023235,1,353478989,-1178094473,626616,20989990,3,32,1,-9.849,0.416,0.330,0.007,-0.013,0.005,62.61,1,940.93,42.23,668.28,1,938.86,43.32,638.60
T,3024226,1,353478983,-1178094490,626761,20989990,3,32,1,-9.849,0.407,0.335,0.007,-0.012,0.005,62.71,1,941.00,42.27,667.67,1,938.87,43.36,638.51
T,3025211,1,353478980,-1178094497,626827,20989990,3,32,1,-9.844,0.416,0.340,0.007,-0.011,0.004,62.70,1,941.03,42.31,667.40,1,938.88,43.40,638.42
T,3026300,1,353478975,-1178094505,626961,20989990,3,32,1,-9.854,0.421,0.321,0.007,-0.012,0.006,62.68,1,941.02,42.34,667.49,1,938.91,43.42,638.16
T,3027188,1,353478975,-1178094504,626960,20989990,3,31,1,-9.854,0.388,0.306,0.005,-0.013,0.006,62.77,1,941.03,42.38,667.40,1,938.82,43.42,638.95
T,3028272,1,353478967,-1178094515,627070,20989990,3,32,1,-9.849,0.426,0.330,0.004,-0.013,0.005,62.79,1,940.99,42.42,667.75,1,938.88,43.43,638.42
T,3029258,1,353478967,-1178094513,627021,20989990,3,31,1,-9.854,0.431,0.325,0.006,-0.012,0.005,62.79,1,940.95,42.46,668.11,1,938.84,43.46,638.78
T,3030245,1,353478968,-1178094511,627058,20989990,3,31,1,-9.844,0.445,0.311,0.011,-0.013,0.006,62.86,1,941.01,42.50,667.58,1,938.81,43.47,639.04
T,3031234,1,353478970,-1178094514,627002,20989990,3,30,1,-9.849,0.407,0.321,0.002,-0.013,0.005,62.94,1,941.00,42.53,667.67,1,938.84,43.49,638.78
T,3032237,1,353478970,-1178094515,626958,20989990,3,32,1,-9.849,0.407,0.349,0.006,-0.011,0.005,62.95,1,940.99,42.56,667.75,1,938.82,43.50,638.95
T,3033221,1,353478971,-1178094517,626881,20989990,3,32,1,-9.854,0.383,0.311,0.009,-0.013,0.005,62.88,1,940.93,42.52,668.28,1,938.81,43.47,639.04
T,3034209,1,353478973,-1178094515,626863,20989990,3,30,1,-9.844,0.412,0.301,0.007,-0.012,0.005,62.91,1,940.97,42.55,667.93,1,938.83,43.51,638.86
T,3035294,1,353478973,-1178094514,626849,20989990,3,32,1,-9.854,0.392,0.249,0.009,-0.013,0.005,62.80,1,940.93,42.58,668.28,1,938.81,43.51,639.04
T,3036282,1,353478974,-1178094510,626834,20989990,3,31,1,-9.863,0.412,0.301,0.004,-0.013,0.006,62.88,1,940.99,42.60,667.75,1,938.81,43.52,639.04
T,3037270,1,353478974,-1178094509,626831,20989990,3,31,1,-9.854,0.435,0.263,0.002,-0.012,0.006,62.97,1,940.99,42.64,667.75,1,938.81,43.59,639.04
T,3038255,1,353478975,-1178094509,626774,20989990,3,32,1,-9.858,0.412,0.282,0.002,-0.012,0.006,62.87,1,940.97,42.65,667.93,1,938.77,43.55,639.40
T,3039247,1,353478976,-1178094510,626765,20989990,3,32,1,-9.863,0.407,0.330,0.004,-0.013,0.004,62.84,1,940.94,42.65,668.20,1,938.80,43.53,639.13
T,3040234,1,353478976,-1178094515,626760,20989990,3,31,1,-9.858,0.416,0.254,0.005,-0.012,0.005,62.67,1,941.00,42.64,667.67,1,938.81,43.48,639.04
T,3041220,1,353478979,-1178094520,626637,20989990,3,32,1,-9.844,0.407,0.124,0.005,-0.011,0.005,62.40,1,940.99,42.63,667.75,1,938.84,43.42,638.78
T,3042311,1,353478982,-1178094525,626575,20989990,3,32,1,-9.844,0.335,0.120,0.001,-0.015,0.006,62.21,1,941.01,42.62,667.58,1,938.85,43.37,638.69
T,3043295,1,353478982,-1178094522,626631,20989990,3,32,1,-9.849,0.431,0.182,0.005,-0.013,0.005,62.38,1,941.01,42.64,667.58,1,938.82,43.43,638.95
T,3044282,1,353478985,-1178094525,626544,20989990,3,31,1,-9.854,0.388,0.211,0.007,-0.013,0.006,62.61,1,940.99,42.64,667.75,1,938.88,43.49,638.42
T,3045270,1,353478988,-1178094520,626447,20989990,3,32,1,-9.849,0.364,0.191,0.006,-0.012,0.005,62.48,1,940.99,42.61,667.75,1,938.84,43.51,638.78
T,3046256,1,353478990,-1178094517,626389,20989990,3,32,1,-9.844,0.368,0.115,0.011,-0.012,0.004,62.34,1,940.94,42.57,668.20,1,938.81,43.49,639.04
T,3047252,1,353478995,-1178094499,626396,20989990,3,32,1,-9.849,0.407,0.301,0.006,-0.013,0.005,62.66,1,940.93,42.58,668.28,1,938.80,43.52,639.13
T,3048240,1,353478999,-1178094482,626358,20989990,3,32,1,-9.849,0.426,0.330,0.006,-0.013,0.006,62.91,1,940.94,42.62,668.20,1,938.82,43.56,638.95
T,3049226,1,353479003,-1178094469,626286,20989990,3,32,1,-9.849,0.421,0.364,0.004,-0.013,0.006,63.06,1,940.94,42.64,668.20,1,938.82,43.60,638.95
T,3050216,1,353479007,-1178094459,626178,20989990,3,32,1,-9.854,0.421,0.335,0.006,-0.013,0.005,63.11,1,941.01,42.65,667.58,1,938.83,43.62,638.86
T,3051220,1,353479012,-1178094449,626040,20989990,3,32,1,-9.854,0.431,0.306,0.002,-0.012,0.006,63.08,1,940.98,42.66,667.84,1,938.80,43.64,639.13
T,3052204,1,353479017,-1178094441,625919,20989990,3,32,1,-9.844,0.416,0.297,0.009,-0.013,0.004,63.09,1,941.01,42.69,667.58,1,938.85,43.66,638.69
T,3053188,1,353479020,-1178094436,625826,20989990,3,32,1,-9.844,0.388,0.287,0.000,-0.013,0.005,62.98,1,940.97,42.66,667.93,1,938.86,43.58,638.60
T,3054283,1,353479024,-1178094429,625688,20989990,3,32,1,-9.844,0.412,0.254,0.006,-0.013,0.005,62.77,1,941.01,42.63,667.58,1,938.84,43.53,638.78
T,3055269,1,353479030,-1178094419,625549,20989990,3,32,1,-9.839,0.388,0.201,0.004,-0.013,0.005,62.62,1,940.98,42.61,667.84,1,938.80,43.48,639.13
T,3056252,1,353479037,-1178094412,625404,20989990,3,32,1,-9.839,0.402,0.167,0.007,-0.012,0.005,62.77,1,940.98,42.64,667.84,1,938.81,43.54,639.04
T,3057237,1,353479041,-1178094405,625346,20989990,3,32,1,-9.858,0.407,0.268,0.004,-0.012,0.006,62.68,1,940.99,42.65,667.75,1,938.84,43.50,638.78
T,3058226,1,353479047,-1178094400,625230,20989990,3,32,1,-9.849,0.421,0.268,0.006,-0.012,0.005,62.78,1,940.99,42.64,667.75,1,938.85,43.47,638.69
T,3059211,1,353479052,-1178094394,625124,20989990,3,32,1,-9.844,0.397,0.215,0.007,-0.012,0.006,62.70,1,940.97,42.66,667.93,1,938.83,43.46,638.86
T,3060195,1,353479055,-1178094387,625039,20989990,3,32,1,-9.839,0.392,0.163,0.004,-0.013,0.005,62.62,1,941.00,42.64,667.67,1,938.87,43.42,638.51
T,3061288,1,353479058,-1178094381,624995,20989990,3,32,1,-9.858,0.392,0.167,0.006,-0.012,0.005,62.46,1,940.96,42.58,668.02,1,938.82,43.38,638.95
T,3062275,1,353479062,-1178094376,624951,20989990,3,32,1,-9.844,0.416,0.278,0.005,-0.012,0.005,62.71,1,940.94,42.62,668.20,1,938.80,43.41,639.13
T,3063257,1,353479063,-1178094372,624923,20989990,3,32,1,-9.844,0.421,0.321,0.006,-0.012,0.005,62.94,1,940.98,42.68,667.84,1,938.78,43.51,639.31
T,3064242,1,353479065,-1178094367,624891,20989990,3,32,1,-9.839,0.416,0.349,0.005,-0.015,0.005,63.15,1,940.96,42.75,668.02,1,938.84,43.61,638.78
T,3065229,1,353479068,-1178094362,624852,20989990,3,32,1,-9.854,0.397,0.230,0.004,-0.013,0.005,63.15,1,940.97,42.78,667.93,1,938.85,43.66,638.69
T,3066211,1,353479073,-1178094357,624666,20989990,3,31,1,-9.858,0.397,0.225,0.006,-0.012,0.006,62.84,1,940.97,42.75,667.93,1,938.81,43.57,639.04
T,3067194,1,353479076,-1178094350,624588,20989990,3,32,1,-9.854,0.407,0.263,0.006,-0.013,0.005,62.94,1,940.97,42.74,667.93,1,938.77,43.55,639.40
T,3068180,1,353479081,-1178094344,624544,20989990,3,31,1,-9.849,0.402,0.191,0.005,-0.012,0.005,62.82,1,940.96,42.68,668.02,1,938.84,43.47,638.78
T,3069270,1,353479083,-1178094341,624528,20989990,3,32,1,-9.849,0.397,0.172,0.006,-0.012,0.006,62.62,1,940.98,42.65,667.84,1,938.83,43.41,638.86
T,3070264,1,353479085,-1178094340,624518,20989990,3,31,1,-9.839,0.397,0.215,0.005,-0.012,0.006,62.58,1,940.99,42.63,667.75,1,938.82,43.39,638.95
T,3071252,1,353479081,-1178094340,624484,20989990,3,32,1,-9.844,0.368,0.244,0.004,-0.013,0.005,62.66,1,941.00,42.62,667.67,1,938.82,43.41,638.95
T,3072240,1,353479076,-1178094344,624468,20989990,3,32,1,-9.854,0.407,0.234,0.006,-0.012,0.005,62.62,1,940.97,42.55,667.93,1,938.82,43.41,638.95
T,3073227,1,353479074,-1178094346,624411,20989990,3,32,1,-9.839,0.388,0.201,0.006,-0.013,0.006,62.77,1,941.01,42.56,667.58,1,938.87,43.44,638.51
T,3074212,1,353479074,-1178094344,624406,20989990,3,31,1,-9.854,0.435,0.273,0.006,-0.013,0.005,62.78,1,940.96,42.60,668.02,1,938.82,43.45,638.95
T,3075197,1,353479072,-1178094344,624395,20989990,3,32,1,-9.844,0.402,0.263,0.006,-0.013,0.005,63.06,1,941.00,42.64,667.67,1,938.87,43.51,638.51
T,3076188,1,353479072,-1178094345,624325,20989990,3,32,1,-9.854,0.421,0.321,0.004,-0.015,0.006,63.12,1,941.00,42.67,667.67,1,938.87,43.56,638.51
T,3077272,1,353479071,-1178094346,624151,20989990,3,32,1,-9.844,0.392,0.196,0.007,-0.013,0.004,62.69,1,940.97,42.61,667.93,1,938.85,43.52,638.69
T,3078262,1,353479069,-1178094347,623994,20989990,3,32,1,-9.844,0.421,0.215,0.005,-0.013,0.005,62.61,1,940.97,42.55,667.93,1,938.82,43.49,638.95
T,3079255,1,353479067,-1178094347,623872,20989990,3,32,1,-9.835,0.407,0.144,0.006,-0.013,0.006,62.53,1,941.01,42.54,667.58,1,938.81,43.49,639.04
T,3080238,1,353479062,-1178094350,623718,20989990,3,32,1,-9.835,0.373,0.163,0.004,-0.012,0.005,62.35,1,941.01,42.50,667.58,1,938.85,43.46,638.69
T,3081223,1,353479059,-1178094349,623558,20989990,3,32,1,-9.839,0.368,0.120,0.002,-0.012,0.005,62.26,1,941.04,42.47,667.31,1,938.81,43.46,639.04
T,3082208,1,353479057,-1178094346,623422,20989990,3,32,1,-9.844,0.397,0.148,0.007,-0.012,0.005,62.35,1,940.98,42.50,667.84,1,938.88,43.49,638.42
T,3083196,1,353479050,-1178094342,623378,20989990,3,32,1,-9.844,0.368,0.148,0.005,-0.012,0.006,62.30,1,941.04,42.50,667.31,1,938.85,43.50,638.69
T,3084282,1,353479045,-1178094339,623343,20989990,3,32,1,-9.835,0.412,0.081,0.005,-0.013,0.005,62.15,1,940.98,42.48,667.84,1,938.87,43.49,638.51
T,3085267,1,353479042,-1178094331,623338,20989990,3,32,1,-9.844,0.392,0.148,0.004,-0.013,0.005,62.04,1,940.97,42.42,667.93,1,938.80,43.46,639.13
T,3086256,1,353479041,-1178094324,623339,20989990,3,32,1,-9.854,0.402,0.273,0.006,-0.013,0.006,62.56,1,940.97,42.48,667.93,1,938.81,43.51,639.04
T,3087243,1,353479039,-1178094318,623372,20989990,3,31,1,-9.863,0.378,0.263,0.002,-0.012,0.006,62.68,1,940.97,42.52,667.93,1,938.87,43.50,638.51
T,3088235,1,353479037,-1178094314,623375,20989990,3,31,1,-9.854,0.416,0.359,0.010,-0.013,0.004,62.91,1,940.93,42.58,668.28,1,938.83,43.54,638.86
T,3089221,1,353479039,-1178094306,623261,20989990,3,32,1,-9.858,0.416,0.330,0.005,-0.012,0.006,63.12,1,940.92,42.62,668.37,1,938.86,43.62,638.60
T,3090207,1,353479044,-1178094292,623121,20989990,3,32,1,-9.858,0.416,0.301,0.005,-0.012,0.005,63.21,1,940.94,42.66,668.20,1,938.83,43.67,638.86
T,3091294,1,353479049,-1178094282,622915,20989990,3,32,1,-9.849,0.416,0.330,0.005,-0.012,0.005,63.26,1,940.99,42.72,667.75,1,938.80,43.74,639.13
T,3092280,1,353479052,-1178094267,622824,20989990,3,32,1,-9.849,0.407,0.345,0.004,-0.013,0.005,63.24,1,941.01,42.75,667.58,1,938.83,43.79,638.86
T,3093267,1,353479055,-1178094254,622664,20989990,3,31,1,-9.844,0.397,0.330,0.004,-0.013,0.005,63.22,1,940.98,42.77,667.84,1,938.83,43.80,638.86
T,3094252,1,353479057,-1178094241,622554,20989990,3,32,1,-9.849,0.392,0.316,0.007,-0.013,0.005,63.14,1,940.92,42.72,668.37,1,938.84,43.75,638.78
T,3095242,1,353479062,-1178094231,622413,20989990,3,32,1,-9.835,0.402,0.206,0.005,-0.012,0.006,63.11,1,940.95,42.68,668.11,1,938.85,43.69,638.69
T,3096227,1,353479063,-1178094224,622299,20989990,3,32,1,-9.849,0.426,0.273,0.006,-0.013,0.006,63.02,1,940.93,42.66,668.28,1,938.84,43.65,638.78
T,3097214,1,353479064,-1178094214,622287,20989990,3,32,1,-9.854,0.421,0.335,0.006,-0.012,0.005,63.21,1,940.96,42.71,668.02,1,938.84,43.68,638.78
T,3098198,1,353479068,-1178094202,622170,20989990,3,31,1,-9.849,0.431,0.316,0.005,-0.012,0.005,63.26,1,940.94,42.74,668.20,1,938.86,43.73,638.60
T,3099183,1,353479072,-1178094191,622176,20989990,3,32,1,-9.844,0.407,0.383,0.005,-0.012,0.005,63.37,1,940.97,42.80,667.93,1,938.81,43.78,639.04
T,3100269,1,353479076,-1178094183,622191,20989990,3,32,1,-9.854,0.421,0.345,0.004,-0.013,0.005,63.43,1,940.95,42.85,668.11,1,938.83,43.85,638.86
T,3101255,1,353479081,-1178094174,622115,20989990,3,32,1,-9.858,0.421,0.335,0.009,-0.012,0.006,63.46,1,940.97,42.89,667.93,1,938.83,43.90,638.86
T,3102244,1,353479085,-1178094167,622027,20989990,3,32,1,-9.844,0.407,0.368,0.005,-0.012,0.005,63.52,1,940.96,42.90,668.02,1,938.81,43.94,639.04
T,3103228,1,353479089,-1178094161,621963,20989990,3,31,1,-9.849,0.440,0.325,0.007,-0.013,0.005,63.60,1,940.96,42.93,668.02,1,938.81,43.98,639.04
T,3104214,1,353479093,-1178094160,621919,20989990,3,32,1,-9.854,0.397,0.349,0.004,-0.012,0.005,63.56,1,940.96,42.97,668.02,1,938.86,44.01,638.60
T,3105303,1,353479090,-1178094163,622041,20989990,3,31,1,-9.844,0.392,0.297,0.005,-0.013,0.006,63.53,1,941.01,42.99,667.58,1,938.85,44.04,638.69
T,3106188,1,353479090,-1178094160,622148,20989990,3,32,1,-9.858,0.412,0.292,0.009,-0.012,0.006,63.36,1,940.95,42.98,668.11,1,938.81,44.02,639.04
T,3107276,1,353479090,-1178094156,622211,20989990,3,32,1,-9.849,0.407,0.325,0.006,-0.013,0.005,63.42,1,940.96,42.94,668.02,1,938.82,43.96,638.95
T,3108262,1,353479090,-1178094153,622321,20989990,3,31,1,-9.844,0.416,0.273,0.002,-0.013,0.005,63.51,1,940.96,42.98,668.02,1,938.79,44.02,639.22
T,3109253,1,353479091,-1178094148,622422,20989990,3,31,1,-9.839,0.397,0.201,0.006,-0.013,0.005,63.25,1,940.98,43.00,667.84,1,938.83,44.02,638.86
T,3110238,1,353479091,-1178094145,622549,20989990,3,31,1,-9.835,0.392,0.187,0.005,-0.012,0.005,63.11,1,941.00,42.96,667.67,1,938.82,43.99,638.95
T,3111225,1,353479089,-1178094143,622693,20989990,3,31,1,-9.844,0.407,0.249,0.006,-0.013,0.005,63.17,1,940.99,42.94,667.75,1,938.81,43.97,639.04
T,3112211,1,353479088,-1178094141,622721,20989990,3,31,1,-9.854,0.421,0.263,0.006,-0.012,0.004,63.24,1,940.95,42.96,668.11,1,938.83,43.98,638.86
T,3113197,1,353479088,-1178094138,622810,20989990,3,32,1,-9.854,0.407,0.316,0.005,-0.012,0.005,63.45,1,940.93,43.01,668.28,1,938.83,44.02,638.86
T,3114283,1,353479088,-1178094137,622927,20989990,3,32,1,-9.854,0.412,0.316,0.006,-0.013,0.005,63.43,1,940.96,43.01,668.02,1,938.82,44.02,638.95
T,3115268,1,353479087,-1178094138,623045,20989990,3,32,1,-9.854,0.412,0.325,0.006,-0.012,0.005,63.55,1,940.94,43.04,668.20,1,938.79,44.06,639.22
T,3116252,1,353479090,-1178094135,623062,20989990,3,32,1,-9.839,0.407,0.325,0.007,-0.013,0.006,63.61,1,940.99,43.06,667.75,1,938.83,44.09,638.86
T,3117237,1,353479088,-1178094132,623219,20989990,3,31,1,-9.844,0.426,0.321,0.006,-0.012,0.005,63.62,1,940.98,43.08,667.84,1,938.82,44.11,638.95
T,3118224,1,353479090,-1178094127,623317,20989990,3,32,1,-9.854,0.416,0.330,0.007,-0.012,0.006,63.65,1,940.99,43.11,667.75,1,938.79,44.14,639.22
T,3119210,1,353479088,-1178094127,623499,20989990,3,32,1,-9.849,0.407,0.335,0.004,-0.013,0.005,63.70,1,940.98,43.13,667.84,1,938.80,44.17,639.13
T,3120193,1,353479090,-1178094124,623571,20989990,3,32,1,-9.849,0.412,0.349,0.007,-0.013,0.005,63.71,1,940.94,43.16,668.20,1,938.78,44.16,639.31
T,3121280,1,353479093,-1178094122,623666,20989990,3,32,1,-9.839,0.412,0.316,0.005,-0.013,0.005,63.73,1,940.95,43.18,668.11,1,938.78,44.19,639.31
T,3122266,1,353479092,-1178094124,623808,20989990,3,32,1,-9.858,0.416,0.340,0.007,-0.015,0.005,63.76,1,940.97,43.20,667.93,1,938.84,44.21,638.78
T,3123251,1,353479091,-1178094129,623974,20989990,3,32,1,-9.844,0.421,0.368,0.005,-0.013,0.005,63.82,1,940.93,43.22,668.28,1,938.81,44.24,639.04
T,3124238,1,353479089,-1178094135,624154,20989990,3,32,1,-9.854,0.407,0.359,0.006,-0.012,0.006,63.83,1,940.95,43.24,668.11,1,938.77,44.26,639.40
T,3125225,1,353479087,-1178094141,624364,20989990,3,32,1,-9.854,0.431,0.354,0.004,-0.012,0.005,63.89,1,940.91,43.25,668.46,1,938.77,44.28,639.40
T,3126212,1,353479088,-1178094145,624634,20989990,3,32,1,-9.849,0.412,0.349,0.005,-0.015,0.005,63.87,1,940.91,43.25,668.46,1,938.76,44.25,639.49
T,3127204,1,353479089,-1178094149,624809,20989990,3,32,1,-9.849,0.426,0.349,0.007,-0.013,0.005,63.95,1,940.98,43.28,667.84,1,938.78,44.27,639.31
T,3128293,1,353479089,-1178094155,624941,20989990,3,32,1,-9.849,0.421,0.325,0.004,-0.013,0.004,63.91,1,940.93,43.32,668.28,1,938.79,44.33,639.22
T,3129279,1,353479087,-1178094160,625076,20989990,3,32,1,-9.863,0.397,0.368,0.010,-0.013,0.006,63.97,1,940.87,43.33,668.82,1,938.77,44.34,639.40
T,3130269,1,353479087,-1178094162,625180,20989990,3,32,1,-9.849,0.407,0.368,0.004,-0.013,0.005,63.98,1,940.93,43.34,668.28,1,938.77,44.35,639.40
T,3131255,1,353479088,-1178094162,625293,20989990,3,32,1,-9.863,0.416,0.325,0.004,-0.013,0.006,63.95,1,940.95,43.35,668.11,1,938.80,44.38,639.13
T,3132243,1,353479088,-1178094164,625421,20989990,3,32,1,-9.849,0.455,0.373,0.007,-0.013,0.006,63.97,1,940.92,43.33,668.37,1,938.75,44.37,639.57
T,3133228,1,353479088,-1178094165,625546,20989990,3,32,1,-9.863,0.373,0.311,0.009,-0.012,0.005,63.97,1,940.91,43.34,668.46,1,938.76,44.39,639.49
T,3134216,1,353479087,-1178094167,625686,20989990,3,32,1,-9.858,0.359,0.359,0.006,-0.012,0.004,64.00,1,940.90,43.36,668.55,1,938.77,44.42,639.40
T,3135306,1,353479085,-1178094172,625789,20989990,3,32,1,-9.854,0.397,0.368,0.000,-0.013,0.005,64.05,1,940.88,43.35,668.73,1,938.79,44.43,639.22
T,3136198,1,353479085,-1178094177,625892,20989990,3,32,1,-9.849,0.397,0.364,0.004,-0.012,0.005,63.98,1,940.93,43.33,668.28,1,938.78,44.41,639.31
T,3137289,1,353479084,-1178094184,625999,20989990,3,31,1,-9.849,0.435,0.368,0.002,-0.013,0.005,64.06,1,940.90,43.35,668.55,1,938.79,44.43,639.22
T,3138274,1,353479083,-1178094194,626079,20989990,3,32,1,-9.849,0.412,0.364,0.012,-0.013,0.005,64.05,1,940.93,43.37,668.28,1,938.78,44.45,639.31
T,3139261,1,353479081,-1178094199,626138,20989990,3,32,1,-9.849,0.421,0.330,0.007,-0.011,0.005,64.10,1,940.92,43.38,668.37,1,938.78,44.47,639.31
T,3140257,1,353479081,-1178094202,626253,20989990,3,31,1,-9.849,0.416,0.392,0.007,-0.012,0.005,64.12,1,940.92,43.39,668.37,1,938.81,44.46,639.04
T,3141243,1,353479082,-1178094203,626302,20989990,3,32,1,-9.854,0.378,0.364,0.004,-0.013,0.006,64.13,1,940.95,43.38,668.11,1,938.79,44.46,639.22
T,3142231,1,353479083,-1178094204,626413,20989990,3,32,1,-9.849,0.450,0.373,0.005,-0.013,0.005,64.11,1,940.93,43.40,668.28,1,938.77,44.49,639.40
T,3143214,1,353479084,-1178094204,626533,20989990,3,32,1,-9.854,0.435,0.301,0.012,-0.013,0.005,64.13,1,940.96,43.40,668.02,1,938.81,44.51,639.04
T,3144200,1,353479086,-1178094201,626679,20989990,3,32,1,-9.854,0.412,0.383,0.004,-0.013,0.006,64.14,1,940.88,43.40,668.73,1,938.78,44.50,639.31
T,3145190,1,353479090,-1178094195,626765,20989990,3,32,1,-9.858,0.431,0.378,0.010,-0.013,0.005,64.12,1,940.91,43.39,668.46,1,938.77,44.48,639.40
T,3146279,1,353479094,-1178094189,626816,20989990,3,31,1,-9.863,0.378,0.349,0.010,-0.012,0.005,64.17,1,940.98,43.38,667.84,1,938.83,44.49,638.86
T,3147265,1,353479096,-1178094189,626901,20989990,3,32,1,-9.849,0.421,0.340,0.007,-0.013,0.006,63.91,1,940.96,43.31,668.02,1,938.82,44.40,638.95
T,3148250,1,353479097,-1178094190,627003,20989990,3,32,1,-9.868,0.373,0.263,0.006,-0.013,0.004,63.85,1,940.95,43.29,668.11,1,938.81,44.32,639.04
T,3149240,1,353479102,-1178094187,627054,20989990,3,32,1,-9.839,0.378,0.086,0.005,-0.015,0.006,63.43,1,941.00,43.26,667.67,1,938.79,44.24,639.22
T,3150225,1,353479105,-1178094184,627109,20989990,3,32,1,-9.849,0.397,0.249,0.006,-0.012,0.005,63.58,1,940.92,43.21,668.37,1,938.79,44.19,639.22
T,3151208,1,353479106,-1178094185,627217,20989990,3,32,1,-9.849,0.474,0.297,0.006,-0.012,0.006,63.83,1,940.90,43.25,668.55,1,938.78,44.25,639.31
T,3152299,1,353479104,-1178094189,627392,20989990,3,32,1,-9.849,0.431,0.349,0.006,-0.013,0.006,64.00,1,940.93,43.33,668.28,1,938.82,44.37,638.95
T,3153287,1,353479101,-1178094195,627559,20989990,3,32,1,-9.854,0.421,0.383,0.004,-0.013,0.005,64.06,1,940.95,43.36,668.11,1,938.75,44.44,639.57
T,3154270,1,353479097,-1178094202,627746,20989990,3,32,1,-9.844,0.383,0.325,0.006,-0.013,0.005,64.05,1,940.92,43.41,668.37,1,938.76,44.46,639.49
T,3155253,1,353479094,-1178094210,627878,20989990,3,32,1,-9.844,0.450,0.340,0.005,-0.012,0.005,64.11,1,940.90,43.40,668.55,1,938.78,44.44,639.31
T,3156324,1,353479093,-1178094216,627955,20989990,3,32,1,-9.854,0.469,0.325,0.009,-0.011,0.006,64.17,1,940.94,43.45,668.20,1,938.80,44.50,639.13
T,3157209,1,353479092,-1178094219,628055,20989990,3,32,1,-9.854,0.426,0.345,0.009,-0.013,0.005,64.20,1,940.96,43.48,668.02,1,938.79,44.53,639.22
T,3158194,1,353479091,-1178094224,628160,20989990,3,32,1,-9.830,0.431,0.124,0.004,-0.013,0.006,63.60,1,940.98,43.40,667.84,1,938.82,44.49,638.95
T,3159280,1,353479091,-1178094230,628263,20989990,3,32,1,-9.844,0.397,0.053,0.005,-0.012,0.004,63.30,1,940.98,43.25,667.84,1,938.81,44.33,639.04
T,3160268,1,353479089,-1178094240,628362,20989990,3,32,1,-9.844,0.368,0.230,0.005,-0.012,0.005,63.46,1,940.94,43.24,668.20,1,938.80,44.27,639.13
T,3161254,1,353479090,-1178094243,628415,20989990,3,32,1,-9.849,0.412,0.215,0.005,-0.012,0.005,63.55,1,940.93,43.28,668.28,1,938.79,44.28,639.22
T,3162241,1,353479090,-1178094248,628465,20989990,3,32,1,-9.844,0.421,0.292,0.005,-0.012,0.006,63.71,1,940.93,43.31,668.28,1,938.79,44.30,639.22
T,3163229,1,353479091,-1178094252,628502,20989990,3,32,1,-9.854,0.421,0.206,0.006,-0.013,0.006,63.58,1,940.97,43.32,667.93,1,938.83,44.33,638.86
T,3164215,1,353479092,-1178094256,628535,20989990,3,32,1,-9.854,0.412,0.278,0.005,-0.012,0.005,63.49,1,940.99,43.25,667.75,1,938.80,44.27,639.13
T,3165306,1,353479093,-1178094257,628553,20989990,3,32,1,-9.854,0.373,0.278,0.007,-0.013,0.005,63.71,1,940.94,43.28,668.20,1,938.79,44.30,639.22
T,3166301,1,353479094,-1178094256,628603,20989990,3,32,1,-9.844,0.407,0.239,0.006,-0.013,0.005,63.82,1,940.95,43.31,668.11,1,938.79,44.35,639.22
T,3167296,1,353479095,-1178094256,628649,20989990,3,32,1,-9.849,0.392,0.278,0.005,-0.012,0.006,63.72,1,940.97,43.33,667.93,1,938.82,44.36,638.95
T,3168182,1,353479095,-1178094255,628671,20989990,3,32,1,-9.849,0.402,0.316,0.007,-0.012,0.006,63.80,1,940.98,43.35,667.84,1,938.79,44.39,639.22
T,3169271,1,353479095,-1178094255,628672,20989990,3,32,1,-9.844,0.416,0.316,0.006,-0.013,0.005,63.90,1,940.98,43.36,667.84,1,938.80,44.40,639.13
T,3170259,1,353479095,-1178094257,628724,20989990,3,32,1,-9.844,0.407,0.345,0.006,-0.013,0.006,64.01,1,940.94,43.37,668.20,1,938.82,44.42,638.95
T,3171243,1,353479095,-1178094260,628726,20989990,3,32,1,-9.844,0.388,0.167,0.004,-0.012,0.005,63.95,1,940.96,43.39,668.02,1,938.84,44.46,638.78
T,3172228,1,353479093,-1178094264,628744,20989990,3,32,1,-9.844,0.388,0.254,0.009,-0.012,0.007,63.82,1,940.94,43.36,668.20,1,938.83,44.42,638.86
T,3173222,1,353479092,-1178094270,628750,20989990,3,32,1,-9.830,0.421,0.220,0.001,-0.013,0.006,63.74,1,940.99,43.36,667.75,1,938.80,44.42,639.13
T,3174210,1,353479090,-1178094278,628744,20989990,3,32,1,-9.849,0.412,0.187,0.006,-0.013,0.005,63.57,1,941.00,43.31,667.67,1,938.79,44.37,639.22
T,3175305,1,353479089,-1178094285,628718,20989990,3,31,1,-9.835,0.397,0.153,0.004,-0.012,0.006,63.46,1,940.94,43.29,668.20,1,938.83,44.34,638.86
T,3176288,1,353479088,-1178094291,628706,20989990,3,32,1,-9.854,0.412,0.163,0.001,-0.012,0.006,63.46,1,940.96,43.28,668.02,1,938.81,44.33,639.04
T,3177275,1,353479089,-1178094293,628664,20989990,3,32,1,-9.849,0.349,0.206,0.004,-0.012,0.005,63.50,1,940.96,43.28,668.02,1,938.81,44.33,639.04
T,3178259,1,353479089,-1178094293,628678,20989990,3,32,1,-9.849,0.340,0.201,0.010,-0.013,0.005,63.38,1,940.97,43.27,667.93,1,938.79,44.33,639.22
T,3179245,1,353479087,-1178094292,628671,20989990,3,32,1,-9.849,0.378,0.201,0.002,-0.013,0.006,63.41,1,940.92,43.27,668.37,1,938.82,44.33,638.95
T,3180229,1,353479086,-1178094289,628627,20989990,3,32,1,-9.854,0.450,0.201,0.006,-0.012,0.006,63.41,1,940.98,43.26,667.84,1,938.78,44.33,639.31
T,3181217,1,353479087,-1178094287,628564,20989990,3,32,1,-9.844,0.392,0.187,0.004,-0.012,0.006,63.38,1,940.99,43.22,667.75,1,938.81,44.29,639.04
T,3182308,1,353479089,-1178094284,628548,20989990,3,31,1,-9.854,0.412,0.268,0.006,-0.013,0.005,63.45,1,940.98,43.20,667.84,1,938.78,44.24,639.31
T,3183193,1,353479090,-1178094284,628514,20989990,3,32,1,-9.858,0.397,0.258,0.011,-0.012,0.005,63.67,1,940.96,43.25,668.02,1,938.80,44.29,639.13
T,3184283,1,353479090,-1178094283,628519,20989990,3,32,1,-9.849,0.412,0.306,0.005,-0.013,0.005,63.67,1,941.00,43.24,667.67,1,938.83,44.25,638.86
T,3185269,1,353479090,-1178094281,628508,20989990,3,32,1,-9.849,0.335,0.053,0.000,-0.013,0.007,63.48,1,940.97,43.23,667.93,1,938.83,44.25,638.86
T,3186261,1,353479090,-1178094281,628480,20989990,3,32,1,-9.844,0.412,0.225,0.006,-0.013,0.006,63.30,1,940.92,43.16,668.37,1,938.78,44.23,639.31
T,3187245,1,353479090,-1178094279,628445,20989990,3,32,1,-9.854,0.392,0.144,0.006,-0.012,0.006,63.16,1,940.96,43.13,668.02,1,938.82,44.20,638.95
T,3188231,1,353479090,-1178094277,628392,20989990,3,31,1,-9.854,0.421,0.278,0.007,-0.012,0.006,63.34,1,940.96,43.11,668.02,1,938.78,44.17,639.31
T,3189222,1,353479088,-1178094275,628390,20989990,3,30,1,-9.854,0.397,0.340,0.004,-0.013,0.006,63.72,1,940.92,43.18,668.37,1,938.77,44.24,639.40
T,3190220,1,353479089,-1178094272,628318,20989990,3,31,1,-9.858,0.407,0.321,0.007,-0.012,0.006,63.83,1,940.94,43.22,668.20,1,938.82,44.28,638.95
T,3191206,1,353479088,-1178094270,628270,20989990,3,32,1,-9.854,0.402,0.325,0.005,-0.013,0.006,63.95,1,940.96,43.29,668.02,1,938.77,44.37,639.40
T,3192190,1,353479087,-1178094266,628245,20989990,3,32,1,-9.849,0.421,0.368,0.004,-0.013,0.006,63.98,1,940.93,43.32,668.28,1,938.79,44.40,639.22
T,3193278,1,353479086,-1178094263,628211,20989990,3,32,1,-9.849,0.345,0.364,0.002,-0.012,0.006,64.03,1,940.94,43.36,668.20,1,938.79,44.44,639.22
T,3194263,1,353479086,-1178094260,628176,20989990,3,32,1,-9.854,0.421,0.354,0.002,-0.013,0.005,64.05,1,940.97,43.38,667.93,1,938.79,44.43,639.22
T,3195255,1,353479088,-1178094256,628067,20989990,3,32,1,-9.844,0.388,0.316,0.011,-0.011,0.006,64.08,1,940.96,43.39,668.02,1,938.76,44.46,639.49
T,3196242,1,353479088,-1178094255,628003,20989990,3,32,1,-9.844,0.407,0.330,0.004,-0.012,0.005,64.09,1,940.97,43.41,667.93,1,938.79,44.48,639.22
T,3197230,1,353479086,-1178094256,627938,20989990,3,32,1,-9.839,0.412,0.292,0.000,-0.013,0.006,64.01,1,940.95,43.43,668.11,1,938.80,44.51,639.13
T,3198221,1,353479085,-1178094259,627854,20989990,3,32,1,-9.849,0.388,0.321,0.011,-0.012,0.005,63.98,1,940.95,43.39,668.11,1,938.82,44.46,638.95
T,3199207,1,353479085,-1178094262,627770,20989990,3,32,1,-9.849,0.388,0.306,0.011,-0.013,0.006,63.88,1,940.94,43.37,668.20,1,938.78,44.43,639.31
T,3200193,1,353479086,-1178094266,627633,20989990,3,31,1,-9.844,0.421,0.230,0.007,-0.015,0.006,63.88,1,941.01,43.39,667.58,1,938.80,44.43,639.13
T,3201283,1,353479085,-1178094271,627558,20989990,3,32,1,-9.849,0.392,0.325,0.005,-0.012,0.006,64.01,1,940.94,43.42,668.20,1,938.77,44.45,639.40
T,3202271,1,353479084,-1178094276,627477,20989990,3,32,1,-9.854,0.407,0.345,0.001,-0.012,0.006,64.13,1,940.92,43.48,668.37,1,938.81,44.50,639.04
T,3203259,1,353479085,-1178094278,627357,20989990,3,32,1,-9.849,0.421,0.359,0.006,-0.013,0.006,64.17,1,941.01,43.53,667.58,1,938.78,44.56,639.31
T,3204246,1,353479086,-1178094279,627215,20989990,3,32,1,-9.849,0.402,0.359,0.010,-0.013,0.006,64.21,1,940.93,43.55,668.28,1,938.79,44.61,639.22
T,3205235,1,353479085,-1178094280,627174,20989990,3,32,1,-9.854,0.407,0.354,0.004,-0.012,0.006,64.22,1,940.93,43.57,668.28,1,938.79,44.63,639.22
T,3206222,1,353479085,-1178094280,627102,20989990,3,32,1,-9.854,0.440,0.325,0.006,-0.012,0.005,64.27,1,940.96,43.60,668.02,1,938.82,44.65,638.95
T,3207208,1,353479084,-1178094283,627020,20989990,3,32,1,-9.844,0.412,0.345,0.006,-0.013,0.005,64.30,1,940.94,43.63,668.20,1,938.77,44.69,639.40
T,3208195,1,353479081,-1178094290,626935,20989990,3,32,1,-9.863,0.397,0.354,0.011,-0.015,0.005,64.29,1,940.88,43.66,668.73,1,938.82,44.71,638.95
T,3209287,1,353479079,-1178094299,626878,20989990,3,32,1,-9.858,0.383,0.368,0.005,-0.013,0.006,64.38,1,940.95,43.68,668.11,1,938.77,44.74,639.40
T,3210274,1,353479078,-1178094306,626776,20989990,3,31,1,-9.854,0.421,0.340,0.005,-0.012,0.006,64.38,1,940.94,43.70,668.20,1,938.77,44.76,639.40
T,3211261,1,353479077,-1178094312,626679,20989990,3,32,1,-9.854,0.426,0.330,0.009,-0.013,0.006,64.41,1,940.95,43.72,668.11,1,938.76,44.78,639.49
T,3212250,1,353479075,-1178094316,626639,20989990,3,32,1,-9.849,0.402,0.364,0.007,-0.012,0.005,64.44,1,940.95,43.74,668.11,1,938.80,44.79,639.13
T,3213236,1,353479073,-1178094322,626599,20989990,3,32,1,-9.863,0.440,0.325,0.006,-0.012,0.006,64.43,1,940.93,43.76,668.28,1,938.77,44.81,639.40
T,3214223,1,353479074,-1178094326,626488,20989990,3,32,1,-9.858,0.416,0.359,0.006,-0.013,0.005,64.42,1,940.94,43.78,668.20,1,938.79,44.83,639.22
T,3215208,1,353479073,-1178094329,626434,20989990,3,32,1,-9.849,0.402,0.345,0.007,-0.013,0.005,64.45,1,940.93,43.79,668.28,1,938.76,44.84,639.49
T,3216196,1,353479071,-1178094330,626397,20989990,3,32,1,-9.854,0.416,0.359,0.006,-0.011,0.006,64.48,1,940.98,43.81,667.84,1,938.81,44.86,639.04
T,3217181,1,353479070,-1178094330,626330,20989990,3,32,1,-9.858,0.421,0.325,0.006,-0.013,0.006,64.48,1,940.93,43.84,668.28,1,938.79,44.89,639.22
T,3218269,1,353479068,-1178094332,626306,20989990,3,32,1,-9.854,0.397,0.325,0.004,-0.012,0.006,64.55,1,940.93,43.86,668.28,1,938.77,44.91,639.40
T,3219255,1,353479068,-1178094334,626227,20989990,3,30,1,-9.854,0.431,0.325,0.002,-0.011,0.005,64.56,1,940.96,43.88,668.02,1,938.80,44.93,639.13
T,3220241,1,353479066,-1178094332,626151,20989990,3,31,1,-9.854,0.426,0.311,0.007,-0.012,0.005,64.55,1,940.94,43.89,668.20,1,938.79,44.94,639.22
T,3221227,1,353479064,-1178094333,626081,20989990,3,31,1,-9.849,0.402,0.306,0.006,-0.013,0.006,64.43,1,940.91,43.84,668.46,1,938.77,44.86,639.40
T,3222218,1,353479060,-1178094331,626025,20989990,3,31,1,-9.863,0.397,0.278,0.007,-0.013,0.005,64.42,1,940.93,43.82,668.28,1,938.81,44.83,639.04
T,3223207,1,353479056,-1178094331,625968,20989990,3,31,1,-9.858,0.407,0.297,0.005,-0.012,0.006,64.43,1,940.95,43.83,668.11,1,938.75,44.80,639.57
T,3224295,1,353479052,-1178094332,625954,20989990,3,32,1,-9.858,0.431,0.335,0.006,-0.012,0.006,64.46,1,940.92,43.88,668.37,1,938.81,44.83,639.04
T,3225281,1,353479048,-1178094332,625926,20989990,3,31,1,-9.849,0.416,0.335,0.006,-0.012,0.005,64.52,1,940.92,43.91,668.37,1,938.78,44.88,639.31
T,3226273,1,353479042,-1178094335,625947,20989990,3,32,1,-9.858,0.402,0.325,0.006,-0.013,0.006,64.54,1,940.90,43.92,668.55,1,938.74,44.85,639.66
T,3227259,1,353479033,-1178094341,626018,20989990,3,32,1,-9.858,0.407,0.316,0.006,-0.012,0.004,64.54,1,940.97,43.95,667.93,1,938.75,44.89,639.57
T,3228246,1,353479027,-1178094344,626005,20989990,3,31,1,-9.849,0.407,0.330,0.006,-0.013,0.005,64.58,1,940.94,43.98,668.20,1,938.76,44.92,639.49
T,3229237,1,353479023,-1178094345,625977,20989990,3,31,1,-9.854,0.402,0.292,0.006,-0.013,0.006,64.53,1,940.92,43.99,668.37,1,938.77,44.90,639.40
T,3230227,1,353479017,-1178094346,625971,20989990,3,31,1,-9.854,0.416,0.330,0.007,-0.012,0.006,64.54,1,940.90,44.00,668.55,1,938.79,44.92,639.22
T,3231213,1,353479013,-1178094346,625979,20989990,3,31,1,-9.858,0.402,0.321,0.007,-0.013,0.005,64.58,1,940.93,44.02,668.28,1,938.75,44.92,639.57
T,3232198,1,353479006,-1178094350,626018,20989990,3,31,1,-9.854,0.402,0.282,0.007,-0.013,0.006,64.41,1,940.93,43.98,668.28,1,938.77,44.83,639.40
T,3233287,1,353478998,-1178094355,626115,20989990,3,32,1,-9.854,0.421,0.306,0.006,-0.012,0.006,64.43,1,940.92,43.95,668.37,1,938.79,44.79,639.22
T,3234273,1,353478993,-1178094357,626107,20989990,3,31,1,-9.858,0.421,0.316,0.006,-0.013,0.006,64.46,1,940.89,43.97,668.64,1,938.74,44.80,639.66
T,3235258,1,353478984,-1178094361,626165,20989990,3,31,1,-9.849,0.416,0.263,0.005,-0.013,0.006,64.48,1,940.92,44.01,668.37,1,938.78,44.83,639.31
T,3236248,1,353478975,-1178094368,626286,20989990,3,31,1,-9.849,0.402,0.325,0.006,-0.013,0.005,64.44,1,940.95,43.99,668.11,1,938.74,44.84,639.66
T,3237237,1,353478962,-1178094376,626465,20989990,3,32,1,-9.863,0.412,0.330,0.007,-0.012,0.006,64.59,1,940.87,44.02,668.82,1,938.74,44.91,639.66
T,3238223,1,353478954,-1178094379,626534,20989990,3,32,1,-9.854,0.402,0.364,0.006,-0.013,0.006,64.66,1,940.93,44.06,668.28,1,938.79,44.96,639.22
T,3239208,1,353478945,-1178094385,626622,20989990,3,32,1,-9.839,0.431,0.340,0.006,-0.013,0.006,64.66,1,940.97,44.09,667.93,1,938.77,44.99,639.40
T,3240195,1,353478940,-1178094385,626665,20989990,3,32,1,-9.849,0.412,0.306,0.006,-0.012,0.005,64.54,1,940.92,44.09,668.37,1,938.78,44.92,639.31
T,3241281,1,353478937,-1178094385,626665,20989990,3,31,1,-9.849,0.397,0.297,0.005,-0.013,0.005,64.53,1,940.91,44.08,668.46,1,938.73,44.93,639.75
T,3242268,1,353478934,-1178094384,626713,20989990,3,32,1,-9.844,0.435,0.335,0.007,-0.013,0.005,64.54,1,940.88,44.09,668.73,1,938.75,44.93,639.57
T,3243257,1,353478933,-1178094381,626743,20989990,3,32,1,-9.849,0.421,0.311,0.006,-0.013,0.005,64.68,1,940.94,44.12,668.20,1,938.77,44.99,639.40
T,3244251,1,353478932,-1178094380,626742,20989990,3,32,1,-9.839,0.431,0.321,0.006,-0.012,0.007,64.69,1,940.89,44.15,668.64,1,938.78,45.03,639.31
T,3245237,1,353478929,-1178094381,626803,20989990,3,32,1,-9.854,0.412,0.311,0.006,-0.012,0.004,64.64,1,940.90,44.14,668.55,1,938.77,45.01,639.40
T,3246223,1,353478929,-1178094381,626832,20989990,3,32,1,-9.854,0.412,0.340,0.006,-0.012,0.006,64.62,1,940.92,44.14,668.37,1,938.79,45.02,639.22
T,3247209,1,353478926,-1178094384,626880,20989990,3,31,1,-9.849,0.412,0.345,0.006,-0.015,0.005,64.71,1,940.93,44.17,668.28,1,938.77,45.07,639.40
T,3248195,1,353478925,-1178094385,626872,20989990,3,32,1,-9.849,0.412,0.325,0.005,-0.012,0.006,64.83,1,940.88,44.19,668.73,1,938.76,45.11,639.49
T,3249281,1,353478924,-1178094384,626897,20989990,3,32,1,-9.858,0.412,0.345,0.007,-0.013,0.006,64.83,1,940.94,44.21,668.20,1,938.78,45.14,639.31
T,3250271,1,353478922,-1178094385,626912,20989990,3,32,1,-9.858,0.416,0.335,0.005,-0.012,0.005,64.83,1,940.94,44.24,668.20,1,938.76,45.17,639.49
T,3251263,1,353478921,-1178094386,626951,20989990,3,32,1,-9.858,0.412,0.297,0.006,-0.013,0.006,64.71,1,940.93,44.23,668.28,1,938.80,45.13,639.13
T,3252248,1,353478920,-1178094385,627025,20989990,3,31,1,-9.854,0.412,0.301,0.005,-0.012,0.005,64.66,1,940.88,44.14,668.73,1,938.73,45.05,639.75
T,3253233,1,353478920,-1178094383,627115,20989990,3,32,1,-9.849,0.402,0.282,0.005,-0.015,0.005,64.58,1,940.87,44.11,668.82,1,938.74,45.01,639.66
T,3254221,1,353478921,-1178094382,627198,20989990,3,32,1,-9.849,0.416,0.249,0.006,-0.013,0.006,64.60,1,940.90,44.13,668.55,1,938.72,45.04,639.84
T,3255308,1,353478922,-1178094380,627264,20989990,3,32,1,-9.854,0.421,0.321,0.006,-0.012,0.006,64.68,1,940.90,44.16,668.55,1,938.73,45.05,639.75
T,3256192,1,353478922,-1178094379,627361,20989990,3,32,1,-9.854,0.412,0.335,0.006,-0.013,0.006,64.80,1,940.91,44.21,668.46,1,938.78,45.13,639.31
T,3257285,1,353478921,-1178094379,627455,20989990,3,32,1,-9.849,0.412,0.349,0.005,-0.013,0.006,64.84,1,940.91,44.24,668.46,1,938.77,45.16,639.40
T,3258274,1,353478921,-1178094380,627529,20989990,3,32,1,-9.854,0.416,0.349,0.006,-0.013,0.006,64.91,1,940.88,44.27,668.73,1,938.72,45.20,639.84
T,3259262,1,353478920,-1178094382,627596,20989990,3,32,1,-9.863,0.421,0.345,0.005,-0.013,0.006,64.89,1,940.93,44.29,668.28,1,938.76,45.23,639.49
T,3260247,1,353478920,-1178094385,627689,20989990,3,32,1,-9.858,0.421,0.349,0.007,-0.013,0.006,64.95,1,940.90,44.31,668.55,1,938.77,45.25,639.40
T,3261235,1,353478920,-1178094386,627789,20989990,3,32,1,-9.849,0.407,0.345,0.006,-0.013,0.005,64.96,1,940.84,44.32,669.08,1,938.72,45.27,639.84
T,3262235,1,353478923,-1178094385,627813,20989990,3,32,1,-9.849,0.421,0.349,0.006,-0.012,0.006,64.96,1,940.94,44.34,668.20,1,938.72,45.30,639.84
T,3263219,1,353478925,-1178094385,627858,20989990,3,32,1,-9.854,0.421,0.345,0.007,-0.012,0.005,65.00,1,940.93,44.35,668.28,1,938.75,45.32,639.57
T,3264205,1,353478927,-1178094385,627882,20989990,3,32,1,-9.858,0.412,0.349,0.006,-0.013,0.006,64.97,1,940.89,44.33,668.64,1,938.78,45.29,639.31
T,3265192,1,353478927,-1178094386,627930,20989990,3,32,1,-9.858,0.426,0.373,0.006,-0.012,0.005,65.02,1,940.89,44.36,668.64,1,938.74,45.31,639.66
T,3266178,1,353478925,-1178094390,627986,20989990,3,32,1,-9.858,0.412,0.354,0.006,-0.012,0.006,65.09,1,940.95,44.38,668.11,1,938.75,45.34,639.57
T,3267266,1,353478926,-1178094395,628021,20989990,3,32,1,-9.854,0.392,0.354,0.006,-0.013,0.006,65.03,1,940.87,44.40,668.82,1,938.73,45.37,639.75
T,3268253,1,353478925,-1178094401,628090,20989990,3,32,1,-9.858,0.412,0.345,0.006,-0.013,0.006,65.09,1,940.87,44.42,668.82,1,938.74,45.38,639.66
T,3269242,1,353478924,-1178094407,628181,20989990,3,31,1,-9.858,0.412,0.345,0.006,-0.013,0.006,65.13,1,940.91,44.43,668.46,1,938.76,45.40,639.49
T,3270231,1,353478922,-1178094415,628221,20989990,3,32,1,-9.854,0.416,0.354,0.006,-0.012,0.006,65.13,1,940.90,44.44,668.55,1,938.75,45.41,639.57
T,3271218,1,353478920,-1178094426,628388,20989990,3,32,1,-9.854,0.416,0.359,0.005,-0.015,0.006,65.10,1,940.89,44.44,668.64,1,938.80,45.42,639.13
T,3272207,1,353478920,-1178094434,628512,20989990,3,32,1,-9.858,0.426,0.335,0.006,-0.012,0.005,65.17,1,940.91,44.45,668.46,1,938.74,45.43,639.66
T,3273194,1,353478918,-1178094440,628654,20989990,3,32,1,-9.858,0.407,0.354,0.006,-0.012,0.005,65.18,1,940.87,44.47,668.82,1,938.76,45.45,639.49
T,3274281,1,353478919,-1178094444,628754,20989990,3,32,1,-9.854,0.407,0.354,0.007,-0.013,0.006,65.21,1,940.90,44.50,668.55,1,938.76,45.47,639.49
T,3275267,1,353478921,-1178094447,628823,20989990,3,32,1,-9.854,0.412,0.345,0.006,-0.013,0.005,65.21,1,940.92,44.52,668.37,1,938.76,45.49,639.49
T,3276260,1,353478922,-1178094449,628922,20989990,3,32,1,-9.858,0.407,0.354,0.007,-0.013,0.005,65.23,1,940.89,44.54,668.64,1,938.77,45.51,639.40
T,3277248,1,353478924,-1178094450,628956,20989990,3,32,1,-9.858,0.407,0.345,0.007,-0.012,0.005,65.21,1,940.90,44.55,668.55,1,938.73,45.53,639.75
T,3278235,1,353478926,-1178094449,628977,20989990,3,32,1,-9.858,0.407,0.354,0.006,-0.013,0.005,65.25,1,940.88,44.56,668.73,1,938.76,45.55,639.49
T,3279224,1,353478925,-1178094454,629041,20989990,3,32,1,-9.849,0.416,0.349,0.006,-0.012,0.006,65.26,1,940.85,44.57,668.99,1,938.74,45.56,639.66
T,3280213,1,353478927,-1178094455,629108,20989990,3,32,1,-9.849,0.421,0.340,0.006,-0.013,0.006,65.29,1,940.91,44.58,668.46,1,938.72,45.57,639.84
T,3281203,1,353478932,-1178094451,629087,20989990,3,31,1,-9.854,0.407,0.345,0.005,-0.013,0.005,65.27,1,940.90,44.59,668.55,1,938.74,45.58,639.66
T,3282290,1,353478937,-1178094445,629065,20989990,3,32,1,-9.858,0.431,0.345,0.006,-0.013,0.006,65.27,1,940.93,44.61,668.28,1,938.74,45.59,639.66
T,3283278,1,353478938,-1178094444,628984,20989990,3,32,1,-9.858,0.426,0.335,0.005,-0.013,0.006,65.31,1,940.91,44.62,668.46,1,938.72,45.61,639.84
T,3284265,1,353478936,-1178094444,628844,20989990,3,32,1,-9.849,0.412,0.345,0.007,-0.012,0.005,65.32,1,940.90,44.64,668.55,1,938.72,45.62,639.84
T,3285251,1,353478936,-1178094443,628680,20989990,3,32,1,-9.849,0.421,0.340,0.006,-0.012,0.006,65.36,1,940.89,44.65,668.64,1,938.68,45.64,640.19
T,3286238,1,353478936,-1178094442,628576,20989990,3,32,1,-9.849,0.407,0.340,0.005,-0.013,0.006,65.35,1,940.88,44.67,668.73,1,938.76,45.65,639.49
T,3287225,1,353478936,-1178094439,628504,20989990,3,32,1,-9.854,0.412,0.354,0.006,-0.012,0.006,65.38,1,940.89,44.68,668.64,1,938.72,45.66,639.84
T,3288215,1,353478940,-1178094436,628473,20989990,3,32,1,-9.863,0.412,0.335,0.007,-0.012,0.006,65.41,1,940.92,44.70,668.37,1,938.72,45.67,639.84
T,3289210,1,353478940,-1178094438,628529,20989990,3,30,1,-9.854,0.416,0.354,0.006,-0.012,0.005,65.39,1,940.90,44.71,668.55,1,938.75,45.69,639.57
T,3290196,1,353478943,-1178094437,628535,20989990,3,32,1,-9.858,0.431,0.345,0.005,-0.012,0.007,65.42,1,940.90,44.72,668.55,1,938.69,45.69,640.10
T,3291283,1,353478949,-1178094434,628549,20989990,3,31,1,-9.849,0.407,0.354,0.005,-0.015,0.006,65.44,1,940.90,44.74,668.55,1,938.74,45.71,639.66
T,3292289,1,353478952,-1178094432,628495,20989990,3,31,1,-9.844,0.431,0.340,0.006,-0.012,0.005,65.39,1,940.84,44.74,669.08,1,938.72,45.72,639.84
T,3293277,1,353478949,-1178094432,628413,20989990,3,31,1,-9.849,0.431,0.349,0.006,-0.012,0.005,65.49,1,940.87,44.76,668.82,1,938.74,45.73,639.66
T,3294169,1,353478958,-1178094422,628344,20989990,3,31,1,-9.858,0.412,0.354,0.006,-0.012,0.006,65.48,1,940.89,44.77,668.64,1,938.73,45.75,639.75
T,3295256,1,353478964,-1178094416,628330,20989990,3,32,1,-9.858,0.412,0.359,0.006,-0.012,0.005,65.48,1,940.87,44.78,668.82,1,938.69,45.77,640.10
T,3296243,1,353478968,-1178094414,628341,20989990,3,32,1,-9.858,0.421,0.340,0.005,-0.013,0.005,65.51,1,940.87,44.80,668.82,1,938.72,45.78,639.84
T,3297233,1,353478957,-1178094415,628264,20989990,3,32,1,-9.854,0.412,0.359,0.007,-0.012,0.006,65.52,1,940.89,44.82,668.64,1,938.71,45.79,639.93
T,3298217,1,353478951,-1178094413,628088,20989990,3,32,1,-9.854,0.416,0.354,0.006,-0.013,0.005,65.48,1,940.87,44.84,668.82,1,938.73,45.80,639.75
T,3299331,1,353478947,-1178094411,627974,20989990,3,31,1,-9.849,0.435,0.349,0.005,-0.012,0.005,65.48,1,940.86,44.85,668.90,1,938.75,45.82,639.57
T,3300225,1,353478943,-1178094410,627781,20989990,3,32,1,-9.854,0.412,0.345,0.007,-0.013,0.005,65.50,1,940.85,44.86,668.99,1,938.74,45.84,639.66
T,3301212,1,353478935,-1178094408,627676,20989990,3,32,1,-9.854,0.412,0.349,0.006,-0.013,0.006,65.53,1,940.88,44.87,668.73,1,938.70,45.84,640.02
T,3302198,1,353478930,-1178094408,627507,20989990,3,31,1,-9.849,0.431,0.340,0.007,-0.013,0.006,65.55,1,940.86,44.88,668.90,1,938.69,45.86,640.10
T,3303186,1,353478927,-1178094412,627362,20989990,3,32,1,-9.854,0.416,0.354,0.009,-0.013,0.005,65.57,1,940.86,44.88,668.90,1,938.71,45.88,639.93
T,3304177,1,353478926,-1178094413,627216,20989990,3,32,1,-9.854,0.416,0.345,0.007,-0.011,0.006,65.59,1,940.87,44.89,668.82,1,938.71,45.90,639.93
T,3305266,1,353478926,-1178094416,627159,20989990,3,32,1,-9.844,0.407,0.354,0.004,-0.013,0.006,65.61,1,940.84,44.89,669.08,1,938.72,45.90,639.84
T,3306251,1,353478928,-1178094411,627110,20989990,3,31,1,-9.854,0.416,0.349,0.009,-0.013,0.006,65.59,1,940.88,44.91,668.73,1,938.72,45.91,639.84
T,3307240,1,353478930,-1178094407,627117,20989990,3,32,1,-9.858,0.435,0.354,0.007,-0.013,0.006,65.65,1,940.87,44.91,668.82,1,938.69,45.93,640.10
T,3308227,1,353478928,-1178094409,627232,20989990,3,32,1,-9.858,0.416,0.354,0.009,-0.013,0.006,65.64,1,940.85,44.92,668.99,1,938.73,45.94,639.75
T,3309213,1,353478931,-1178094405,627332,20989990,3,32,1,-9.849,0.416,0.354,0.007,-0.013,0.006,65.70,1,940.84,44.93,669.08,1,938.68,45.95,640.19
T,3310202,1,353478935,-1178094400,627346,20989990,3,32,1,-9.854,0.407,0.330,0.005,-0.013,0.006,65.68,1,940.89,44.95,668.64,1,938.72,45.96,639.84
T,3311189,1,353478943,-1178094393,627385,20989990,3,31,1,-9.854,0.426,0.364,0.004,-0.013,0.006,65.70,1,940.87,44.96,668.82,1,938.70,45.97,640.02
T,3312174,1,353478953,-1178094383,627393,20989990,3,32,1,-9.858,0.431,0.349,0.009,-0.013,0.007,65.71,1,940.87,44.97,668.82,1,938.72,45.99,639.84
T,3313263,1,353478961,-1178094374,627405,20989990,3,32,1,-9.858,0.412,0.354,0.009,-0.012,0.006,65.71,1,940.88,44.98,668.73,1,938.70,45.99,640.02
T,3314256,1,353478968,-1178094366,627407,20989990,3,32,1,-9.858,0.431,0.335,0.005,-0.013,0.005,65.71,1,940.88,44.99,668.73,1,938.74,46.01,639.66
T,3315249,1,353478973,-1178094364,627478,20989990,3,31,1,-9.854,0.412,0.349,0.006,-0.013,0.005,65.70,1,940.87,45.00,668.82,1,938.74,46.00,639.66
T,3316235,1,353478982,-1178094360,627402,20989990,3,32,1,-9.858,0.416,0.349,0.004,-0.012,0.006,65.71,1,940.85,45.01,668.99,1,938.70,45.99,640.02
T,3317222,1,353478988,-1178094356,627470,20989990,3,31,1,-9.863,0.421,0.340,0.002,-0.012,0.005,65.75,1,940.86,45.02,668.90,1,938.70,46.01,640.02
T,3318209,1,353478991,-1178094356,627532,20989990,3,31,1,-9.849,0.416,0.354,0.007,-0.011,0.006,65.75,1,940.87,45.03,668.82,1,938.70,46.03,640.02
T,3319195,1,353478997,-1178094355,627486,20989990,3,32,1,-9.849,0.407,0.359,0.006,-0.013,0.006,65.75,1,940.81,45.03,669.35,1,938.74,46.04,639.66
T,3320182,1,353479003,-1178094357,627483,20989990,3,32,1,-9.858,0.416,0.359,0.005,-0.013,0.006,65.74,1,940.84,45.04,669.08,1,938.71,46.05,639.93
T,3321274,1,353479010,-1178094355,627455,20989990,3,32,1,-9.849,0.421,0.345,0.005,-0.013,0.006,65.78,1,940.93,45.05,668.28,1,938.69,46.06,640.10
T,3322264,1,353479016,-1178094352,627492,20989990,3,31,1,-9.858,0.421,0.354,0.007,-0.013,0.006,65.77,1,940.87,45.05,668.82,1,938.71,46.06,639.93
T,3323255,1,353479024,-1178094349,627464,20989990,3,32,1,-9.858,0.397,0.364,0.006,-0.012,0.006,65.81,1,940.85,45.07,668.99,1,938.68,46.07,640.19
T,3324247,1,353479030,-1178094344,627474,20989990,3,32,1,-9.849,0.421,0.330,0.007,-0.012,0.006,65.81,1,940.84,45.08,669.08,1,938.70,46.08,640.02
T,3325235,1,353479036,-1178094340,627496,20989990,3,32,1,-9.858,0.421,0.345,0.006,-0.013,0.006,65.79,1,940.86,45.10,668.90,1,938.70,46.08,640.02
T,3326226,1,353479039,-1178094338,627585,20989990,3,31,1,-9.854,0.407,0.349,0.005,-0.012,0.006,65.81,1,940.87,45.10,668.82,1,938.74,46.10,639.66
T,3327217,1,353479045,-1178094338,627640,20989990,3,32,1,-9.854,0.421,0.354,0.006,-0.013,0.006,65.84,1,940.86,45.11,668.90,1,938.73,46.11,639.75
T,3328207,1,353479050,-1178094339,627720,20989990,3,32,1,-9.849,0.426,0.340,0.006,-0.012,0.005,65.88,1,940.85,45.13,668.99,1,938.69,46.12,640.10
T,3329294,1,353479056,-1178094337,627793,20989990,3,32,1,-9.854,0.431,0.340,0.004,-0.012,0.006,65.83,1,940.82,45.14,669.26,1,938.70,46.13,640.02
T,3330180,1,353479062,-1178094336,627877,20989990,3,32,1,-9.854,0.416,0.335,0.007,-0.013,0.005,65.89,1,940.88,45.15,668.73,1,938.74,46.14,639.66
T,3331272,1,353479069,-1178094335,627930,20989990,3,32,1,-9.849,0.412,0.345,0.005,-0.012,0.005,65.96,1,940.88,45.17,668.73,1,938.67,46.15,640.28
T,3332259,1,353479076,-1178094334,627977,20989990,3,32,1,-9.849,0.416,0.354,0.006,-0.013,0.006,65.89,1,940.85,45.18,668.99,1,938.72,46.16,639.84
T,3333247,1,353479080,-1178094336,628072,20989990,3,32,1,-9.854,0.426,0.345,0.007,-0.013,0.006,65.90,1,940.86,45.18,668.90,1,938.70,46.17,640.02
T,3334235,1,353479082,-1178094335,628181,20989990,3,32,1,-9.849,0.426,0.340,0.007,-0.012,0.005,65.94,1,940.85,45.19,668.99,1,938.71,46.19,639.93
T,3335228,1,353479090,-1178094329,628235,20989990,3,32,1,-9.858,0.407,0.364,0.006,-0.012,0.006,65.93,1,940.86,45.19,668.90,1,938.70,46.19,640.02
T,3336213,1,353479092,-1178094330,628336,20989990,3,32,1,-9.854,0.416,0.335,0.005,-0.013,0.006,65.96,1,940.86,45.20,668.90,1,938.71,46.20,639.93
T,3337199,1,353479093,-1178094330,628445,20989990,3,32,1,-9.858,0.416,0.359,0.006,-0.012,0.006,65.96,1,940.87,45.22,668.82,1,938.73,46.21,639.75
T,3338294,1,353479096,-1178094327,628506,20989990,3,32,1,-9.858,0.416,0.340,0.006,-0.011,0.006,65.96,1,940.82,45.24,669.26,1,938.67,46.22,640.28
T,3339280,1,353479098,-1178094327,628601,20989990,3,32,1,-9.854,0.421,0.345,0.007,-0.013,0.006,66.00,1,940.82,45.25,669.26,1,938.70,46.24,640.02
T,3340267,1,353479098,-1178094329,628707,20989990,3,31,1,-9.854,0.407,0.354,0.005,-0.015,0.005,65.99,1,940.88,45.27,668.73,1,938.70,46.25,640.02
T,3341252,1,353479098,-1178094330,628823,20989990,3,32,1,-9.854,0.426,0.345,0.006,-0.013,0.006,65.99,1,940.89,45.27,668.64,1,938.69,46.26,640.10
T,3342241,1,353479099,-1178094332,628917,20989990,3,32,1,-9.863,0.407,0.345,0.006,-0.013,0.005,66.00,1,940.82,45.28,669.26,1,938.71,46.27,639.93
T,3343228,1,353479102,-1178094332,628954,20989990,3,31,1,-9.854,0.412,0.354,0.005,-0.012,0.005,66.02,1,940.85,45.29,668.99,1,938.69,46.27,640.10
T,3344213,1,353479104,-1178094334,629018,20989990,3,32,1,-9.854,0.416,0.349,0.006,-0.012,0.006,66.02,1,940.85,45.30,668.99,1,938.70,46.29,640.02
T,3345307,1,353479108,-1178094325,629017,20989990,3,32,1,-9.858,0.426,0.349,0.007,-0.013,0.006,66.02,1,940.85,45.31,668.99,1,938.72,46.30,639.84
T,3346196,1,353479110,-1178094324,629094,20989990,3,31,1,-9.844,0.421,0.345,0.006,-0.013,0.005,66.04,1,940.83,45.31,669.17,1,938.68,46.31,640.19
T,3347283,1,353479117,-1178094320,629047,20989990,3,31,1,-9.858,0.412,0.349,0.006,-0.013,0.005,66.07,1,940.87,45.32,668.82,1,938.68,46.31,640.19
T,3348271,1,353479122,-1178094317,628973,20989990,3,31,1,-9.854,0.421,0.359,0.005,-0.013,0.006,66.09,1,940.88,45.33,668.73,1,938.69,46.33,640.10
T,3349261,1,353479126,-1178094313,628923,20989990,3,31,1,-9.839,0.421,0.354,0.007,-0.011,0.007,66.09,1,940.86,45.33,668.90,1,938.66,46.34,640.37
T,3350252,1,353479127,-1178094312,628938,20989990,3,32,1,-9.854,0.431,0.359,0.007,-0.013,0.006,66.09,1,940.85,45.34,668.99,1,938.68,46.35,640.19
T,3351238,1,353479127,-1178094314,628989,20989990,3,31,1,-9.854,0.416,0.345,0.006,-0.012,0.006,66.12,1,940.87,45.35,668.82,1,938.67,46.35,640.28
T,3352227,1,353479129,-1178094313,628957,20989990,3,30,1,-9.854,0.416,0.325,0.006,-0.013,0.006,66.15,1,940.85,45.36,668.99,1,938.70,46.36,640.02
T,3353215,1,353479132,-1178094311,628862,20989990,3,31,1,-9.858,0.421,0.349,0.005,-0.012,0.005,66.12,1,940.86,45.37,668.90,1,938.73,46.37,639.75
T,3354306,1,353479138,-1178094309,628789,20989990,3,30,1,-9.854,0.421,0.354,0.005,-0.015,0.005,66.14,1,940.85,45.38,668.99,1,938.68,46.38,640.19
T,3355194,1,353479143,-1178094309,628761,20989990,3,30,1,-9.854,0.421,0.359,0.005,-0.013,0.006,66.18,1,940.85,45.39,668.99,1,938.70,46.39,640.02
T,3356285,1,353479148,-1178094310,628691,20989990,3,31,1,-9.849,0.416,0.349,0.006,-0.013,0.006,66.14,1,940.86,45.40,668.90,1,938.68,46.39,640.19
T,3357276,1,353479153,-1178094313,628613,20989990,3,31,1,-9.854,0.407,0.354,0.006,-0.013,0.006,66.18,1,940.90,45.40,668.55,1,938.73,46.40,639.75
T,3358262,1,353479152,-1178094322,628716,20989990,3,30,1,-9.854,0.421,0.340,0.006,-0.013,0.006,66.13,1,940.88,45.42,668.73,1,938.67,46.41,640.28
T,3359252,1,353479152,-1178094329,628777,20989990,3,31,1,-9.854,0.421,0.340,0.007,-0.013,0.007,66.16,1,940.88,45.43,668.73,1,938.69,46.42,640.10
T,3360239,1,353479149,-1178094335,628855,20989990,3,31,1,-9.854,0.426,0.354,0.006,-0.013,0.005,66.22,1,940.86,45.44,668.90,1,938.74,46.43,639.66
T,3361228,1,353479149,-1178094334,628864,20989990,3,31,1,-9.854,0.431,0.349,0.006,-0.013,0.006,66.21,1,940.84,45.44,669.08,1,938.65,46.44,640.46
T,3362218,1,353479149,-1178094333,628878,20989990,3,31,1,-9.844,0.421,0.345,0.007,-0.012,0.006,66.20,1,940.85,45.45,668.99,1,938.69,46.45,640.10
T,3363217,1,353479147,-1178094334,628949,20989990,3,31,1,-9.858,0.421,0.349,0.006,-0.015,0.006,66.24,1,940.88,45.46,668.73,1,938.67,46.47,640.28
T,3364203,1,353479145,-1178094333,629018,20989990,3,31,1,-9.844,0.435,0.345,0.005,-0.013,0.005,66.23,1,940.87,45.48,668.82,1,938.68,46.48,640.19
T,3365193,1,353479143,-1178094334,629083,20989990,3,31,1,-9.858,0.426,0.335,0.005,-0.013,0.006,66.25,1,940.83,45.49,669.17,1,938.66,46.49,640.37
T,3366282,1,353479141,-1178094333,629075,20989990,3,31,1,-9.858,0.416,0.340,0.007,-0.012,0.005,66.26,1,940.87,45.50,668.82,1,938.67,46.50,640.28
T,3367275,1,353479142,-1178094330,629056,20989990,3,31,1,-9.849,0.416,0.345,0.007,-0.013,0.006,66.27,1,940.83,45.51,669.17,1,938.71,46.51,639.93
T,3368269,1,353479141,-1178094332,629114,20989990,3,29,1,-9.854,0.407,0.349,0.005,-0.013,0.006,66.27,1,940.85,45.52,668.99,1,938.70,46.52,640.02
T,3369257,1,353479140,-1178094330,629105,20989990,3,31,1,-9.839,0.412,0.354,0.007,-0.012,0.007,66.26,1,940.83,45.53,669.17,1,938.66,46.52,640.37
T,3370247,1,353479141,-1178094326,629067,20989990,3,31,1,-9.854,0.421,0.340,0.007,-0.015,0.006,66.32,1,940.86,45.54,668.90,1,938.70,46.53,640.02
T,3371237,1,353479139,-1178094327,629105,20989990,3,31,1,-9.858,0.421,0.349,0.005,-0.012,0.006,66.29,1,940.89,45.55,668.64,1,938.74,46.54,639.66
T,3372225,1,353479137,-1178094327,629137,20989990,3,31,1,-9.844,0.426,0.349,0.006,-0.013,0.005,66.30,1,940.83,45.55,669.17,1,938.67,46.54,640.28
T,3373212,1,353479135,-1178094328,629133,20989990,3,31,1,-9.854,0.397,0.345,0.007,-0.015,0.006,66.32,1,940.80,45.56,669.43,1,938.66,46.55,640.37
T,3374199,1,353479132,-1178094327,629088,20989990,3,30,1,-9.849,0.416,0.340,0.007,-0.013,0.006,66.32,1,940.89,45.57,668.64,1,938.70,46.56,640.02
T,3375298,1,353479128,-1178094329,629110,20989990,3,31,1,-9.854,0.416,0.364,0.007,-0.013,0.006,66.30,1,940.88,45.58,668.73,1,938.72,46.57,639.84
T,3376197,1,353479126,-1178094327,629105,20989990,3,31,1,-9.854,0.431,0.359,0.006,-0.012,0.006,66.33,1,940.90,45.59,668.55,1,938.68,46.58,640.19
T,3377288,1,353479124,-1178094326,629089,20989990,3,31,1,-9.858,0.416,0.345,0.006,-0.013,0.006,66.37,1,940.87,45.59,668.82,1,938.66,46.59,640.37
T,3378278,1,353479122,-1178094324,629102,20989990,3,31,1,-9.858,0.412,0.345,0.005,-0.013,0.006,66.36,1,940.84,45.60,669.08,1,938.72,46.59,639.84
T,3379266,1,353479122,-1178094321,629070,20989990,3,31,1,-9.858,0.412,0.349,0.006,-0.013,0.006,66.39,1,940.86,45.60,668.90,1,938.67,46.60,640.28
T,3380253,1,353479122,-1178094315,629053,20989990,3,31,1,-9.854,0.426,0.345,0.007,-0.013,0.006,66.39,1,940.80,45.61,669.43,1,938.68,46.60,640.19
T,3381310,1,353479122,-1178094310,629027,20989990,3,31,1,-9.858,0.426,0.349,0.006,-0.012,0.006,66.38,1,940.82,45.62,669.26,1,938.70,46.61,640.02
T,3382195,1,353479123,-1178094298,629001,20989990,3,31,1,-9.863,0.416,0.354,0.006,-0.013,0.006,66.45,1,940.84,45.63,669.08,1,938.68,46.63,640.19
T,3383282,1,353479123,-1178094289,629008,20989990,3,31,1,-9.854,0.412,0.359,0.006,-0.013,0.006,66.41,1,940.82,45.64,669.26,1,938.70,46.64,640.02
T,3384269,1,353479123,-1178094282,629029,20989990,3,31,1,-9.858,0.421,0.340,0.007,-0.012,0.006,66.45,1,940.84,45.65,669.08,1,938.69,46.65,640.10
T,3385258,1,353479125,-1178094272,629042,20989990,3,31,1,-9.854,0.416,0.340,0.006,-0.012,0.005,66.40,1,940.86,45.67,668.90,1,938.71,46.66,639.93
T,3386243,1,353479126,-1178094267,629061,20989990,3,31,1,-9.849,0.402,0.335,0.005,-0.013,0.006,66.46,1,940.84,45.67,669.08,1,938.66,46.66,640.37
T,3387228,1,353479129,-1178094256,629093,20989990,3,30,1,-9.858,0.421,0.359,0.006,-0.013,0.006,66.45,1,940.83,45.68,669.17,1,938.66,46.67,640.37
T,3388220,1,353479132,-1178094244,629100,20989990,3,31,1,-9.849,0.412,0.349,0.006,-0.012,0.005,66.42,1,940.88,45.69,668.73,1,938.70,46.68,640.02
T,3389212,1,353479136,-1178094229,629108,20989990,3,31,1,-9.854,0.426,0.354,0.006,-0.015,0.006,66.47,1,940.86,45.70,668.90,1,938.69,46.69,640.10
T,3390197,1,353479140,-1178094213,629134,20989990,3,31,1,-9.854,0.426,0.340,0.006,-0.013,0.006,66.46,1,940.83,45.71,669.17,1,938.68,46.71,640.19
T,3391288,1,353479143,-1178094203,629179,20989990,3,31,1,-9.849,0.421,0.354,0.006,-0.012,0.006,66.47,1,940.83,45.72,669.17,1,938.73,46.72,639.75
T,3392173,1,353479145,-1178094189,629293,20989990,3,31,1,-9.858,0.421,0.354,0.006,-0.013,0.006,66.53,1,940.85,45.73,668.99,1,938.68,46.73,640.19
T,3393262,1,353479145,-1178094181,629323,20989990,3,31,1,-9.854,0.421,0.335,0.007,-0.013,0.006,66.52,1,940.81,45.74,669.35,1,938.67,46.74,640.28
T,3394249,1,353479147,-1178094171,629298,20989990,3,31,1,-9.858,0.412,0.354,0.005,-0.013,0.005,66.52,1,940.82,45.74,669.26,1,938.64,46.74,640.55
T,3395238,1,353479147,-1178094167,629208,20989990,3,31,1,-9.858,0.421,0.349,0.009,-0.011,0.005,66.52,1,940.82,45.75,669.26,1,938.68,46.75,640.19
T,3396225,1,353479149,-1178094160,629133,20989990,3,31,1,-9.849,0.421,0.345,0.006,-0.015,0.005,66.53,1,940.87,45.76,668.82,1,938.66,46.76,640.37
T,3397211,1,353479151,-1178094153,629096,20989990,3,31,1,-9.849,0.421,0.354,0.007,-0.013,0.006,66.52,1,940.85,45.77,668.99,1,938.66,46.77,640.37
T,3398299,1,353479153,-1178094147,629081,20989990,3,31,1,-9.844,0.421,0.349,0.007,-0.012,0.005,66.53,1,940.81,45.78,669.35,1,938.65,46.78,640.46
T,3399286,1,353479154,-1178094144,629065,20989990,3,31,1,-9.854,0.421,0.345,0.006,-0.013,0.006,66.53,1,940.82,45.79,669.26,1,938.69,46.79,640.10
T,3400280,1,353479154,-1178094144,629056,20989990,3,30,1,-9.854,0.421,0.340,0.005,-0.012,0.006,66.52,1,940.82,45.79,669.26,1,938.66,46.79,640.37
T,3401266,1,353479155,-1178094139,629005,20989990,3,31,1,-9.849,0.421,0.335,0.006,-0.012,0.005,66.48,1,940.84,45.79,669.08,1,938.71,46.74,639.93
T,3402253,1,353479156,-1178094134,628972,20989990,3,32,1,-9.858,0.426,0.335,0.007,-0.013,0.006,66.54,1,940.83,45.80,669.17,1,938.63,46.75,640.64
T,3403243,1,353479158,-1178094127,628923,20989990,3,31,1,-9.854,0.421,0.345,0.006,-0.015,0.005,66.55,1,940.82,45.80,669.26,1,938.67,46.78,640.28
T,3404237,1,353479160,-1178094119,628856,20989990,3,31,1,-9.854,0.421,0.340,0.005,-0.012,0.006,66.54,1,940.80,45.80,669.43,1,938.63,46.80,640.64
T,3405225,1,353479164,-1178094111,628766,20989990,3,31,1,-9.839,0.431,0.340,0.006,-0.013,0.007,66.54,1,940.81,45.82,669.35,1,938.68,46.81,640.19
T,3406210,1,353479165,-1178094105,628671,20989990,3,31,1,-9.854,0.426,0.335,0.007,-0.013,0.006,66.49,1,940.79,45.82,669.52,1,938.67,46.80,640.28
T,3407194,1,353479165,-1178094098,628527,20989990,3,30,1,-9.858,0.426,0.330,0.006,-0.015,0.006,66.52,1,940.86,45.81,668.90,1,938.68,46.79,640.19
T,3408181,1,353479168,-1178094091,628440,20989990,3,31,1,-9.854,0.392,0.349,0.009,-0.013,0.005,66.56,1,940.85,45.82,668.99,1,938.64,46.79,640.55
T,3409269,1,353479170,-1178094085,628393,20989990,3,32,1,-9.858,0.412,0.325,0.006,-0.013,0.006,66.56,1,940.80,45.82,669.43,1,938.66,46.80,640.37
T,3410258,1,353479175,-1178094075,628292,20989990,3,32,1,-9.854,0.431,0.335,0.006,-0.015,0.006,66.55,1,940.85,45.83,668.99,1,938.70,46.82,640.02
T,3411250,1,353479178,-1178094064,628250,20989990,3,31,1,-9.858,0.421,0.349,0.007,-0.012,0.006,66.61,1,940.82,45.83,669.26,1,938.64,46.83,640.55
T,3412237,1,353479183,-1178094041,628205,20989990,3,31,1,-9.849,0.416,0.345,0.005,-0.012,0.006,66.57,1,940.82,45.83,669.26,1,938.67,46.84,640.28
T,3413224,1,353479187,-1178094028,628207,20989990,3,31,1,-9.858,0.435,0.359,0.007,-0.013,0.006,66.62,1,940.81,45.83,669.35,1,938.69,46.84,640.10
T,3414213,1,353479186,-1178094023,628209,20989990,3,30,1,-9.854,0.402,0.349,0.009,-0.015,0.006,66.60,1,940.87,45.83,668.82,1,938.66,46.84,640.37
T,3415208,1,353479187,-1178094014,628186,20989990,3,31,1,-9.854,0.412,0.345,0.005,-0.012,0.006,66.63,1,940.83,45.84,669.17,1,938.69,46.84,640.10
T,3416195,1,353479187,-1178094011,628152,20989990,3,31,1,-9.849,0.416,0.349,0.009,-0.013,0.006,66.61,1,940.80,45.85,669.43,1,938.71,46.85,639.93
T,3417184,1,353479188,-1178094009,628070,20989990,3,30,1,-9.854,0.402,0.359,0.006,-0.012,0.006,66.60,1,940.83,45.87,669.17,1,938.66,46.85,640.37
T,3418171,1,353479189,-1178094002,628018,20989990,3,31,1,-9.849,0.421,0.340,0.007,-0.012,0.005,66.64,1,940.84,45.88,669.08,1,938.66,46.87,640.37
T,3419260,1,353479189,-1178094000,627954,20989990,3,31,1,-9.858,0.421,0.354,0.005,-0.012,0.006,66.63,1,940.80,45.88,669.43,1,938.69,46.89,640.10
T,3420248,1,353479189,-1178093999,627945,20989990,3,31,1,-9.854,0.421,0.345,0.007,-0.013,0.005,66.63,1,940.85,45.87,668.99,1,938.67,46.90,640.28
T,3421235,1,353479189,-1178093999,627921,20989990,3,31,1,-9.844,0.412,0.345,0.007,-0.013,0.006,66.72,1,940.83,45.88,669.17,1,938.69,46.90,640.10
T,3422227,1,353479189,-1178093999,627992,20989990,3,30,1,-9.854,0.407,0.340,0.005,-0.013,0.006,66.69,1,940.87,45.88,668.82,1,938.69,46.91,640.10
T,3423215,1,353479193,-1178093997,627986,20989990,3,31,1,-9.854,0.412,0.345,0.007,-0.011,0.006,66.71,1,940.86,45.89,668.90,1,938.66,46.92,640.37
T,3424202,1,353479199,-1178093992,627903,20989990,3,31,1,-9.858,0.421,0.359,0.007,-0.013,0.005,66.68,1,940.81,45.89,669.35,1,938.70,46.92,640.02
T,3425189,1,353479199,-1178093993,627883,20989990,3,31,1,-9.849,0.412,0.349,0.007,-0.013,0.006,66.71,1,940.84,45.90,669.08,1,938.69,46.92,640.10
T,3426278,1,353479199,-1178093996,627830,20989990,3,31,1,-9.858,0.397,0.340,0.006,-0.012,0.006,66.67,1,940.88,45.91,668.73,1,938.68,46.93,640.19
T,3427265,1,353479199,-1178094001,627805,20989990,3,31,1,-9.858,0.407,0.392,0.007,-0.015,0.004,66.72,1,940.82,45.92,669.26,1,938.73,46.94,639.75
T,3428252,1,353479200,-1178094005,627759,20989990,3,30,1,-9.849,0.426,0.373,0.006,-0.015,0.006,66.75,1,940.85,45.93,668.99,1,938.69,46.96,640.10
T,3429242,1,353479199,-1178094010,627755,20989990,3,30,1,-9.849,0.426,0.340,0.006,-0.012,0.005,66.73,1,940.82,45.94,669.26,1,938.71,46.96,639.93
T,3430231,1,353479199,-1178094012,627806,20989990,3,31,1,-9.854,0.407,0.354,0.006,-0.013,0.009,66.73,1,940.83,45.95,669.17,1,938.66,46.97,640.37
T,3431214,1,353479202,-1178094010,627815,20989990,3,31,1,-9.868,0.474,0.325,0.005,-0.012,0.006,66.78,1,940.84,45.96,669.08,1,938.63,46.97,640.64
T,3432201,1,353479202,-1178094013,627929,20989990,3,31,1,-9.863,0.412,0.359,0.006,-0.013,0.006,66.73,1,940.85,45.97,668.99,1,938.66,46.98,640.37
T,3433190,1,353479204,-1178094016,627914,20989990,3,31,1,-9.863,0.426,0.325,0.007,-0.013,0.006,66.79,1,940.83,45.98,669.17,1,938.69,46.99,640.10
T,3434275,1,353479207,-1178094018,627837,20989990,3,30,1,-9.858,0.421,0.345,0.005,-0.013,0.006,66.77,1,940.80,45.98,669.43,1,938.66,47.00,640.37
T,3435260,1,353479205,-1178094020,627891,20989990,3,31,1,-9.858,0.416,0.325,0.005,-0.013,0.006,66.75,1,940.81,45.99,669.35,1,938.65,47.00,640.46
T,3436259,1,353479202,-1178094021,628071,20989990,3,31,1,-9.849,0.431,0.345,0.006,-0.012,0.005,66.80,1,940.87,45.99,668.82,1,938.71,47.01,639.93
T,3437254,1,353479204,-1178094026,628107,20989990,3,31,1,-9.854,0.407,0.335,0.007,-0.012,0.007,66.80,1,940.84,46.00,669.08,1,938.67,47.01,640.28
T,3438242,1,353479208,-1178094025,628202,20989990,3,31,1,-9.858,0.407,0.354,0.007,-0.013,0.005,66.78,1,940.84,46.01,669.08,1,938.65,47.03,640.46
T,3439227,1,353479210,-1178094030,628274,20989990,3,31,1,-9.854,0.435,0.349,0.007,-0.013,0.006,66.79,1,940.79,46.02,669.52,1,938.66,47.03,640.37
T,3440213,1,353479209,-1178094034,628364,20989990,3,31,1,-9.858,0.431,0.354,0.006,-0.013,0.006,66.78,1,940.83,46.02,669.17,1,938.68,47.04,640.19
T,3441203,1,353479211,-1178094038,628446,20989990,3,31,1,-9.858,0.421,0.349,0.006,-0.013,0.006,66.84,1,940.83,46.03,669.17,1,938.66,47.05,640.37
T,3442190,1,353479212,-1178094043,628559,20989990,3,31,1,-9.863,0.412,0.349,0.007,-0.013,0.006,66.83,1,940.84,46.04,669.08,1,938.69,47.06,640.10
T,3443275,1,353479210,-1178094049,628668,20989990,3,31,1,-9.858,0.421,0.359,0.006,-0.012,0.007,66.85,1,940.85,46.05,668.99,1,938.66,47.07,640.37
T,3444264,1,353479209,-1178094056,628815,20989990,3,31,1,-9.844,0.421,0.345,0.007,-0.011,0.005,66.89,1,940.83,46.06,669.17,1,938.66,47.08,640.37
T,3445250,1,353479210,-1178094054,628933,20989990,3,31,1,-9.854,0.421,0.354,0.006,-0.013,0.006,66.84,1,940.82,46.07,669.26,1,938.68,47.09,640.19
T,3446234,1,353479209,-1178094051,629095,20989990,3,31,1,-9.858,0.421,0.345,0.006,-0.012,0.005,66.89,1,940.80,46.07,669.43,1,938.65,47.09,640.46
T,3447221,1,353479209,-1178094045,629228,20989990,3,31,1,-9.854,0.416,0.330,0.006,-0.012,0.005,66.83,1,940.81,46.08,669.35,1,938.69,47.09,640.10
T,3448212,1,353479203,-1178094054,629409,20989990,3,32,1,-9.854,0.412,0.345,0.007,-0.015,0.006,66.92,1,940.86,46.09,668.90,1,938.65,47.09,640.46
T,3449207,1,353479198,-1178094058,629567,20989990,3,32,1,-9.858,0.421,0.345,0.007,-0.013,0.006,66.91,1,940.85,46.09,668.99,1,938.69,47.09,640.10
T,3450193,1,353479195,-1178094059,629640,20989990,3,32,1,-9.849,0.421,0.349,0.006,-0.013,0.006,66.91,1,940.85,46.10,668.99,1,938.68,47.10,640.19
T,3451285,1,353479191,-1178094049,629723,20989990,3,32,1,-9.854,0.412,0.354,0.006,-0.013,0.006,66.89,1,940.84,46.10,669.08,1,938.68,47.11,640.19
T,3452273,1,353479186,-1178094048,629861,20989990,3,31,1,-9.858,0.412,0.354,0.006,-0.013,0.006,66.93,1,940.87,46.11,668.82,1,938.69,47.12,640.10
T,3453257,1,353479180,-1178094051,629877,20989990,3,31,1,-9.854,0.416,0.345,0.009,-0.013,0.006,66.93,1,940.87,46.12,668.82,1,938.69,47.12,640.10
T,3454244,1,353479173,-1178094064,629797,20989990,3,32,1,-9.854,0.426,0.345,0.006,-0.013,0.006,66.93,1,940.83,46.13,669.17,1,938.67,47.12,640.28
T,3455229,1,353479174,-1178094062,629737,20989990,3,31,1,-9.849,0.412,0.340,0.007,-0.013,0.006,66.95,1,940.83,46.14,669.17,1,938.65,47.13,640.46
T,3456215,1,353479172,-1178094061,629684,20989990,3,32,1,-9.858,0.421,0.354,0.006,-0.013,0.006,66.92,1,940.86,46.15,668.90,1,938.68,47.14,640.19
T,3457202,1,353479171,-1178094062,629605,20989990,3,32,1,-9.863,0.416,0.349,0.006,-0.013,0.006,67.00,1,940.83,46.16,669.17,1,938.65,47.16,640.46
T,3458291,1,353479168,-1178094073,629457,20989990,3,32,1,-9.854,0.416,0.359,0.007,-0.012,0.006,66.98,1,940.87,46.16,668.82,1,938.69,47.16,640.10
T,3459283,1,353479159,-1178094086,629327,20989990,3,32,1,-9.849,0.426,0.349,0.006,-0.013,0.006,66.98,1,940.84,46.17,669.08,1,938.69,47.17,640.10
T,3460271,1,353479150,-1178094099,629270,20989990,3,32,1,-9.854,0.407,0.345,0.006,-0.013,0.006,66.98,1,940.84,46.18,669.08,1,938.66,47.17,640.37
T,3461258,1,353479145,-1178094107,629249,20989990,3,32,1,-9.854,0.421,0.345,0.007,-0.013,0.006,66.97,1,940.87,46.19,668.82,1,938.65,47.18,640.46
T,3462244,1,353479139,-1178094116,629223,20989990,3,32,1,-9.854,0.416,0.354,0.006,-0.013,0.006,67.02,1,940.84,46.20,669.08,1,938.69,47.18,640.10
T,3463230,1,353479128,-1178094134,629279,20989990,3,32,1,-9.844,0.421,0.349,0.006,-0.013,0.006,66.97,1,940.82,46.21,669.26,1,938.66,47.19,640.37
T,3464220,1,353479119,-1178094151,629298,20989990,3,31,1,-9.854,0.421,0.349,0.006,-0.012,0.006,67.02,1,940.87,46.22,668.82,1,938.67,47.20,640.28
T,3465209,1,353479115,-1178094159,629270,20989990,3,31,1,-9.858,0.416,0.340,0.006,-0.013,0.006,67.00,1,940.85,46.22,668.99,1,938.71,47.21,639.93
T,3466195,1,353479112,-1178094168,629210,20989990,3,32,1,-9.849,0.416,0.345,0.006,-0.013,0.006,67.03,1,940.85,46.23,668.99,1,938.65,47.22,640.46
T,3467283,1,353479111,-1178094178,629162,20989990,3,32,1,-9.858,0.431,0.345,0.005,-0.012,0.006,67.02,1,940.83,46.24,669.17,1,938.66,47.23,640.37
T,3468271,1,353479107,-1178094191,629158,20989990,3,32,1,-9.854,0.421,0.354,0.006,-0.012,0.006,67.03,1,940.80,46.24,669.43,1,938.68,47.23,640.19
T,3469256,1,353479101,-1178094204,629138,20989990,3,32,1,-9.854,0.421,0.340,0.006,-0.012,0.005,67.06,1,940.86,46.24,668.90,1,938.64,47.23,640.55
T,3470243,1,353479096,-1178094220,629164,20989990,3,32,1,-9.858,0.421,0.349,0.007,-0.013,0.006,67.11,1,940.80,46.24,669.43,1,938.67,47.24,640.28
T,3471234,1,353479090,-1178094235,629265,20989990,3,32,1,-9.844,0.416,0.359,0.006,-0.013,0.005,67.08,1,940.83,46.25,669.17,1,938.70,47.24,640.02
T,3472227,1,353479088,-1178094247,629344,20989990,3,32,1,-9.854,0.421,0.335,0.006,-0.013,0.006,67.09,1,940.85,46.26,668.99,1,938.65,47.25,640.46
T,3473215,1,353479082,-1178094264,629492,20989990,3,32,1,-9.854,0.416,0.354,0.006,-0.012,0.006,67.04,1,940.81,46.27,669.35,1,938.70,47.26,640.02
T,3474204,1,353479082,-1178094269,629595,20989990,3,31,1,-9.858,0.416,0.345,0.006,-0.012,0.006,67.11,1,940.84,46.27,669.08,1,938.66,47.26,640.37
T,3475317,1,353479083,-1178094277,629613,20989990,3,32,1,-9.858,0.416,0.345,0.006,-0.015,0.005,67.14,1,940.84,46.28,669.08,1,938.68,47.27,640.19
T,3476202,1,353479083,-1178094284,629681,20989990,3,32,1,-9.858,0.416,0.340,0.006,-0.013,0.006,67.07,1,940.84,46.28,669.08,1,938.68,47.26,640.19
T,3477290,1,353479080,-1178094295,629810,20989990,3,32,1,-9.849,0.412,0.345,0.006,-0.013,0.006,67.11,1,940.83,46.28,669.17,1,938.65,47.26,640.46
T,3478275,1,353479081,-1178094295,629879,20989990,3,32,1,-9.854,0.421,0.349,0.007,-0.013,0.007,67.10,1,940.85,46.29,668.99,1,938.64,47.28,640.55
T,3479262,1,353479084,-1178094295,629972,20989990,3,32,1,-9.854,0.421,0.349,0.006,-0.012,0.006,67.14,1,940.81,46.30,669.35,1,938.66,47.29,640.37
T,3480253,1,353479085,-1178094296,630096,20989990,3,32,1,-9.849,0.416,0.354,0.007,-0.013,0.006,67.13,1,940.85,46.31,668.99,1,938.67,47.29,640.28
T,3481243,1,353479089,-1178094296,630193,20989990,3,32,1,-9.849,0.416,0.349,0.006,-0.012,0.006,67.11,1,940.82,46.31,669.26,1,938.68,47.29,640.19
T,3482231,1,353479093,-1178094296,630234,20989990,3,32,1,-9.844,0.416,0.335,0.007,-0.012,0.006,67.14,1,940.82,46.32,669.26,1,938.66,47.30,640.37
T,3483215,1,353479097,-1178094296,630251,20989990,3,32,1,-9.858,0.431,0.349,0.007,-0.012,0.006,67.14,1,940.86,46.33,668.90,1,938.67,47.30,640.28
T,3484200,1,353479102,-1178094297,630296,20989990,3,32,1,-9.858,0.416,0.359,0.006,-0.013,0.006,67.18,1,940.82,46.34,669.26,1,938.69,47.32,640.10
T,3485286,1,353479105,-1178094298,630340,20989990,3,32,1,-9.858,0.421,0.349,0.006,-0.012,0.006,67.18,1,940.82,46.35,669.26,1,938.64,47.33,640.55
T,3486276,1,353479110,-1178094296,630320,20989990,3,31,1,-9.854,0.412,0.354,0.006,-0.013,0.006,67.18,1,940.84,46.35,669.08,1,938.70,47.34,640.02
T,3487265,1,353479114,-1178094296,630349,20989990,3,32,1,-9.868,0.431,0.349,0.005,-0.012,0.006,67.17,1,940.83,46.36,669.17,1,938.69,47.34,640.10
T,3488254,1,353479116,-1178094296,630375,20989990,3,31,1,-9.858,0.421,0.345,0.006,-0.012,0.006,67.12,1,940.85,46.37,668.99,1,938.69,47.34,640.10
T,3489241,1,353479119,-1178094296,630463,20989990,3,32,1,-9.858,0.416,0.335,0.006,-0.013,0.006,67.22,1,940.82,46.38,669.26,1,938.65,47.34,640.46
T,3490228,1,353479123,-1178094294,630463,20989990,3,32,1,-9.854,0.416,0.335,0.006,-0.013,0.005,67.10,1,940.84,46.37,669.08,1,938.67,47.33,640.28
T,3491213,1,353479125,-1178094291,630488,20989990,3,32,1,-9.854,0.421,0.345,0.007,-0.012,0.006,67.14,1,940.84,46.36,669.08,1,938.66,47.31,640.37
T,3492202,1,353479127,-1178094291,630542,20989990,3,32,1,-9.863,0.412,0.325,0.006,-0.013,0.006,67.06,1,940.85,46.33,668.99,1,938.64,47.30,640.55
T,3493289,1,353479129,-1178094288,630619,20989990,3,32,1,-9.858,0.416,0.335,0.006,-0.013,0.005,67.12,1,940.79,46.35,669.52,1,938.68,47.31,640.19
T,3494277,1,353479132,-1178094284,630697,20989990,3,32,1,-9.844,0.421,0.330,0.007,-0.013,0.007,67.15,1,940.80,46.37,669.43,1,938.67,47.33,640.28
T,3495263,1,353479135,-1178094282,630790,20989990,3,32,1,-9.868,0.416,0.321,0.006,-0.015,0.005,67.01,1,940.79,46.34,669.52,1,938.66,47.30,640.37
T,3496251,1,353479138,-1178094280,630864,20989990,3,32,1,-9.849,0.421,0.330,0.006,-0.013,0.006,67.09,1,940.80,46.34,669.43,1,938.70,47.29,640.02
T,3497237,1,353479143,-1178094278,630894,20989990,3,32,1,-9.854,0.402,0.301,0.007,-0.012,0.005,67.04,1,940.78,46.34,669.61,1,938.66,47.26,640.37
T,3498223,1,353479147,-1178094274,630894,20989990,3,32,1,-9.844,0.421,0.282,0.006,-0.013,0.006,66.98,1,940.82,46.30,669.26,1,938.69,47.19,640.10
T,3499214,1,353479151,-1178094268,630998,20989990,3,32,1,-9.858,0.426,0.335,0.006,-0.012,0.006,67.02,1,940.80,46.29,669.43,1,938.64,47.17,640.55
T,3500202,1,353479157,-1178094257,631074,20989990,3,32,1,-9.858,0.412,0.340,0.006,-0.012,0.006,67.08,1,940.81,46.33,669.35,1,938.68,47.26,640.19
T,3501288,1,353479162,-1178094250,631175,20989990,3,32,1,-9.854,0.416,0.345,0.007,-0.013,0.006,67.15,1,940.82,46.36,669.26,1,938.66,47.32,640.37
T,3502275,1,353479162,-1178094244,631112,20989990,3,31,1,-9.858,0.412,0.316,0.006,-0.012,0.006,67.03,1,940.85,46.37,668.99,1,938.67,47.33,640.28
T,3503263,1,353479163,-1178094239,631096,20989990,3,31,1,-9.858,0.412,0.321,0.005,-0.012,0.007,66.98,1,940.82,46.32,669.26,1,938.65,47.29,640.46
T,3504250,1,353479165,-1178094233,631097,20989990,3,31,1,-9.854,0.412,0.340,0.007,-0.013,0.006,67.03,1,940.81,46.35,669.35,1,938.64,47.30,640.55
T,3505235,1,353479168,-1178094228,631182,20989990,3,32,1,-9.854,0.416,0.335,0.006,-0.013,0.006,67.14,1,940.81,46.37,669.35,1,938.65,47.32,640.46
T,3506223,1,353479171,-1178094224,631247,20989990,3,32,1,-9.858,0.407,0.335,0.006,-0.012,0.005,67.14,1,940.84,46.40,669.08,1,938.66,47.34,640.37
T,3507212,1,353479174,-1178094217,631247,20989990,3,32,1,-9.858,0.421,0.354,0.006,-0.013,0.006,67.17,1,940.83,46.41,669.17,1,938.65,47.36,640.46
T,3508198,1,353479176,-1178094209,631328,20989990,3,32,1,-9.858,0.426,0.359,0.007,-0.012,0.006,67.24,1,940.82,46.41,669.26,1,938.64,47.38,640.55
T,3509289,1,353479178,-1178094204,631414,20989990,3,32,1,-9.863,0.407,0.282,0.006,-0.013,0.006,67.16,1,940.78,46.41,669.61,1,938.68,47.37,640.19
T,3510298,1,353479180,-1178094199,631448,20989990,3,32,1,-9.854,0.412,0.301,0.006,-0.013,0.006,67.07,1,940.83,46.39,669.17,1,938.64,47.28,640.55
T,3511181,1,353479182,-1178094194,631536,20989990,3,32,1,-9.858,0.412,0.306,0.006,-0.012,0.007,66.93,1,940.84,46.33,669.08,1,938.67,47.20,640.28
T,3512269,1,353479184,-1178094192,631712,20989990,3,32,1,-9.854,0.407,0.311,0.007,-0.012,0.006,66.90,1,940.81,46.27,669.35,1,938.62,47.18,640.72
T,3513254,1,353479183,-1178094191,631788,20989990,3,32,1,-9.854,0.407,0.230,0.007,-0.013,0.005,66.95,1,940.78,46.30,669.61,1,938.66,47.18,640.37
T,3514244,1,353479177,-1178094199,631895,20989990,3,32,1,-9.858,0.412,0.263,0.007,-0.013,0.005,66.83,1,940.81,46.31,669.35,1,938.66,47.16,640.37
T,3515234,1,353479172,-1178094209,632009,20989990,3,32,1,-9.863,0.397,0.249,0.007,-0.012,0.006,66.77,1,940.77,46.30,669.70,1,938.61,47.12,640.81
T,3516222,1,353479166,-1178094221,632043,20989990,3,32,1,-9.858,0.412,0.297,0.007,-0.012,0.005,66.82,1,940.79,46.29,669.52,1,938.61,47.11,640.81
T,3517210,1,353479167,-1178094221,631917,20989990,3,31,1,-9.858,0.407,0.254,0.007,-0.012,0.006,66.84,1,940.82,46.30,669.26,1,938.65,47.12,640.46
T,3518196,1,353479167,-1178094221,631938,20989990,3,32,1,-9.858,0.416,0.321,0.006,-0.013,0.005,66.95,1,940.81,46.32,669.35,1,938.61,47.16,640.81
T,3519283,1,353479169,-1178094218,631988,20989990,3,32,1,-9.858,0.412,0.345,0.006,-0.015,0.006,67.04,1,940.82,46.36,669.26,1,938.62,47.23,640.72
T,3520268,1,353479168,-1178094219,632015,20989990,3,32,1,-9.854,0.416,0.345,0.007,-0.013,0.005,67.17,1,940.82,46.38,669.26,1,938.66,47.28,640.37
T,3521256,1,353479165,-1178094227,632024,20989990,3,32,1,-9.854,0.416,0.345,0.006,-0.013,0.006,67.15,1,940.84,46.40,669.08,1,938.64,47.31,640.55
T,3522245,1,353479161,-1178094232,632042,20989990,3,32,1,-9.854,0.412,0.335,0.005,-0.013,0.006,67.11,1,940.83,46.42,669.17,1,938.66,47.30,640.37
T,3523235,1,353479157,-1178094228,632183,20989990,3,32,1,-9.854,0.416,0.340,0.006,-0.013,0.006,67.18,1,940.77,46.42,669.70,1,938.63,47.30,640.64
T,3524219,1,353479154,-1178094230,632243,20989990,3,32,1,-9.854,0.416,0.345,0.005,-0.013,0.007,67.20,1,940.81,46.44,669.35,1,938.63,47.34,640.64
T,3525212,1,353479153,-1178094223,632286,20989990,3,32,1,-9.854,0.421,0.349,0.007,-0.013,0.007,67.20,1,940.79,46.45,669.52,1,938.66,47.37,640.37
T,3526198,1,353479150,-1178094218,632315,20989990,3,32,1,-9.858,0.421,0.345,0.006,-0.013,0.006,67.24,1,940.80,46.46,669.43,1,938.65,47.39,640.46
T,3527286,1,353479149,-1178094214,632309,20989990,3,32,1,-9.844,0.426,0.345,0.007,-0.013,0.006,67.27,1,940.79,46.46,669.52,1,938.66,47.40,640.37
T,3528275,1,353479149,-1178094210,632344,20989990,3,32,1,-9.858,0.431,0.345,0.009,-0.013,0.006,67.26,1,940.81,46.46,669.35,1,938.65,47.41,640.46
T,3529262,1,353479150,-1178094205,632353,20989990,3,32,1,-9.854,0.421,0.340,0.006,-0.012,0.006,67.27,1,940.85,46.48,668.99,1,938.62,47.43,640.72
T,3530259,1,353479152,-1178094196,632257,20989990,3,32,1,-9.863,0.402,0.349,0.006,-0.012,0.005,67.27,1,940.80,46.48,669.43,1,938.63,47.44,640.64
T,3531245,1,353479152,-1178094197,632294,20989990,3,32,1,-9.844,0.354,0.397,0.005,-0.015,0.005,67.28,1,940.80,46.48,669.43,1,938.65,47.44,640.46
T,3532234,1,353479152,-1178094195,632310,20989990,3,32,1,-9.854,0.407,0.335,0.005,-0.012,0.005,67.26,1,940.79,46.49,669.52,1,938.66,47.46,640.37
T,3533225,1,353479152,-1178094195,632364,20989990,3,32,1,-9.858,0.412,0.345,0.006,-0.012,0.006,67.27,1,940.84,46.51,669.08,1,938.65,47.46,640.46
T,3534208,1,353479151,-1178094194,632290,20989990,3,32,1,-9.854,0.421,0.354,0.006,-0.013,0.005,67.32,1,940.83,46.52,669.17,1,938.64,47.47,640.55
T,3535297,1,353479151,-1178094197,632320,20989990,3,32,1,-9.858,0.416,0.349,0.007,-0.013,0.006,67.31,1,940.78,46.52,669.61,1,938.63,47.48,640.64
T,3536182,1,353479150,-1178094202,632334,20989990,3,32,1,-9.849,0.421,0.345,0.006,-0.012,0.005,67.33,1,940.81,46.54,669.35,1,938.64,47.50,640.55
T,3537282,1,353479150,-1178094206,632358,20989990,3,32,1,-9.849,0.416,0.354,0.006,-0.015,0.006,67.33,1,940.78,46.55,669.61,1,938.68,47.51,640.19
T,3538278,1,353479150,-1178094212,632339,20989990,3,32,1,-9.858,0.412,0.349,0.006,-0.013,0.005,67.33,1,940.83,46.56,669.17,1,938.68,47.52,640.19
T,3539265,1,353479149,-1178094216,632339,20989990,3,32,1,-9.858,0.412,0.364,0.006,-0.012,0.006,67.33,1,940.79,46.57,669.52,1,938.68,47.53,640.19
T,3540250,1,353479148,-1178094220,632338,20989990,3,32,1,-9.854,0.412,0.349,0.007,-0.013,0.006,67.36,1,940.81,46.57,669.35,1,938.62,47.53,640.72
T,3541236,1,353479147,-1178094226,632328,20989990,3,32,1,-9.849,0.416,0.321,0.006,-0.013,0.005,67.35,1,940.79,46.58,669.52,1,938.65,47.53,640.46
T,3542224,1,353479147,-1178094232,632300,20989990,3,32,1,-9.849,0.416,0.349,0.006,-0.013,0.006,67.37,1,940.78,46.59,669.61,1,938.65,47.52,640.46
T,3543209,1,353479149,-1178094236,632313,20989990,3,32,1,-9.849,0.421,0.349,0.006,-0.013,0.006,67.36,1,940.79,46.60,669.52,1,938.62,47.55,640.72
T,3544197,1,353479149,-1178094243,632313,20989990,3,32,1,-9.854,0.416,0.321,0.007,-0.013,0.006,67.39,1,940.80,46.61,669.43,1,938.65,47.56,640.46
T,3545283,1,353479149,-1178094250,632298,20989990,3,32,1,-9.858,0.416,0.335,0.006,-0.013,0.006,67.29,1,940.81,46.60,669.35,1,938.62,47.48,640.72
T,3546272,1,353479147,-1178094260,632290,20989990,3,32,1,-9.858,0.421,0.349,0.006,-0.013,0.005,67.34,1,940.79,46.61,669.52,1,938.63,47.51,640.64
T,3547258,1,353479146,-1178094267,632227,20989990,3,32,1,-9.854,0.416,0.345,0.007,-0.013,0.006,67.39,1,940.82,46.63,669.26,1,938.63,47.55,640.64
T,3548244,1,353479145,-1178094275,632160,20989990,3,32,1,-9.858,0.416,0.354,0.007,-0.015,0.006,67.39,1,940.81,46.64,669.35,1,938.62,47.58,640.72
T,3549232,1,353479144,-1178094284,632093,20989990,3,32,1,-9.849,0.407,0.340,0.005,-0.015,0.006,67.31,1,940.77,46.65,669.70,1,938.65,47.52,640.46
T,3550223,1,353479143,-1178094294,632012,20989990,3,32,1,-9.839,0.311,0.263,0.009,-0.013,0.005,67.30,1,940.78,46.63,669.61,1,938.67,47.46,640.28
T,3551214,1,353479143,-1178094304,631886,20989990,3,32,1,-9.835,0.445,0.268,0.007,-0.013,0.006,67.28,1,940.78,46.63,669.61,1,938.64,47.49,640.55
T,3552198,1,353479142,-1178094311,631800,20989990,3,32,1,-9.844,0.354,0.292,0.006,-0.012,0.006,67.23,1,940.78,46.63,669.61,1,938.65,47.51,640.46
T,3553288,1,353479142,-1178094318,631741,20989990,3,32,1,-9.849,0.402,0.201,0.005,-0.013,0.005,67.08,1,940.84,46.61,669.08,1,938.63,47.51,640.64
T,3554273,1,353479143,-1178094325,631626,20989990,3,32,1,-9.858,0.378,0.306,0.009,-0.015,0.006,67.16,1,940.76,46.60,669.79,1,938.65,47.46,640.46
T,3555258,1,353479143,-1178094330,631542,20989990,3,32,1,-9.849,0.388,0.153,0.007,-0.012,0.004,66.95,1,940.73,46.55,670.05,1,938.67,47.39,640.28
T,3556246,1,353479143,-1178094336,631495,20989990,3,32,1,-9.858,0.416,0.263,0.005,-0.013,0.006,66.94,1,940.83,46.48,669.17,1,938.63,47.38,640.64
T,3557230,1,353479144,-1178094343,631347,20989990,3,32,1,-9.844,0.407,0.230,0.007,-0.013,0.005,66.88,1,940.81,46.47,669.35,1,938.63,47.39,640.64
T,3558214,1,353479144,-1178094350,631305,20989990,3,32,1,-9.868,0.412,0.225,0.007,-0.012,0.006,67.02,1,940.80,46.45,669.43,1,938.66,47.38,640.37
T,3559200,1,353479142,-1178094357,631340,20989990,3,32,1,-9.868,0.416,0.234,0.006,-0.013,0.006,67.06,1,940.78,46.48,669.61,1,938.63,47.40,640.64
T,3560189,1,353479140,-1178094369,631372,20989990,3,32,1,-9.844,0.397,0.268,0.007,-0.013,0.005,66.98,1,940.82,46.44,669.26,1,938.60,47.36,640.90
T,3561285,1,353479138,-1178094379,631379,20989990,3,32,1,-9.839,0.416,0.211,0.009,-0.015,0.005,66.88,1,940.80,46.42,669.43,1,938.64,47.35,640.55
T,3562272,1,353479135,-1178094389,631444,20989990,3,31,1,-9.858,0.392,0.325,0.009,-0.013,0.006,66.93,1,940.77,46.40,669.70,1,938.60,47.33,640.90
T,3563261,1,353479134,-1178094395,631511,20989990,3,32,1,-9.858,0.431,0.306,0.006,-0.012,0.006,67.20,1,940.77,46.45,669.70,1,938.57,47.38,641.17
T,3564249,1,353479136,-1178094400,631539,20989990,3,32,1,-9.858,0.407,0.335,0.009,-0.012,0.006,67.25,1,940.79,46.49,669.52,1,938.58,47.44,641.08
T,3565235,1,353479136,-1178094403,631538,20989990,3,32,1,-9.844,0.407,0.364,0.007,-0.015,0.005,67.32,1,940.74,46.52,669.96,1,938.60,47.46,640.90
T,3566219,1,353479135,-1178094406,631572,20989990,3,32,1,-9.854,0.416,0.373,0.006,-0.013,0.005,67.32,1,940.76,46.53,669.79,1,938.65,47.47,640.46
T,3567208,1,353479135,-1178094407,631553,20989990,3,32,1,-9.854,0.431,0.345,0.009,-0.013,0.006,67.32,1,940.77,46.54,669.70,1,938.58,47.49,641.08
T,3568194,1,353479133,-1178094410,631617,20989990,3,32,1,-9.849,0.435,0.349,0.005,-0.015,0.006,67.35,1,940.81,46.54,669.35,1,938.61,47.51,640.81
T,3569281,1,353479130,-1178094414,631684,20989990,3,32,1,-9.858,0.412,0.330,0.009,-0.013,0.006,67.32,1,940.76,46.56,669.79,1,938.63,47.53,640.64
T,3570270,1,353479127,-1178094418,631657,20989990,3,32,1,-9.858,0.392,0.359,0.006,-0.012,0.006,67.36,1,940.75,46.57,669.88,1,938.57,47.54,641.17
T,3571254,1,353479125,-1178094421,631636,20989990,3,32,1,-9.858,0.407,0.354,0.006,-0.012,0.006,67.34,1,940.79,46.57,669.52,1,938.63,47.54,640.64
T,3572241,1,353479121,-1178094425,631645,20989990,3,32,1,-9.863,0.416,0.325,0.007,-0.012,0.006,67.39,1,940.78,46.58,669.61,1,938.58,47.54,641.08
T,3573229,1,353479120,-1178094423,631604,20989990,3,32,1,-9.863,0.407,0.340,0.007,-0.012,0.006,67.39,1,940.78,46.59,669.61,1,938.62,47.57,640.72
T,3574217,1,353479118,-1178094423,631589,20989990,3,32,1,-9.858,0.416,0.330,0.006,-0.013,0.006,67.40,1,940.75,46.61,669.88,1,938.57,47.59,641.17
T,3575207,1,353479118,-1178094422,631592,20989990,3,32,1,-9.858,0.416,0.330,0.007,-0.012,0.005,67.40,1,940.77,46.62,669.70,1,938.61,47.60,640.81
T,3576195,1,353479116,-1178094420,631555,20989990,3,32,1,-9.858,0.426,0.349,0.006,-0.013,0.005,67.42,1,940.75,46.62,669.88,1,938.61,47.59,640.81
T,3577286,1,353479116,-1178094418,631468,20989990,3,32,1,-9.854,0.435,0.345,0.007,-0.012,0.007,67.45,1,940.76,46.61,669.79,1,938.63,47.59,640.64
T,3578272,1,353479116,-1178094419,631371,20989990,3,32,1,-9.854,0.435,0.364,0.006,-0.015,0.005,67.46,1,940.75,46.60,669.88,1,938.62,47.59,640.72
T,3579259,1,353479116,-1178094422,631266,20989990,3,32,1,-9.858,0.397,0.359,0.005,-0.011,0.007,67.44,1,940.79,46.58,669.52,1,938.56,47.57,641.26
T,3580245,1,353479118,-1178094424,631091,20989990,3,32,1,-9.858,0.407,0.301,0.005,-0.012,0.006,67.39,1,940.79,46.59,669.52,1,938.60,47.59,640.90
T,3581232,1,353479119,-1178094426,630983,20989990,3,32,1,-9.858,0.397,0.230,0.007,-0.015,0.007,66.95,1,940.75,46.48,669.88,1,938.57,47.50,641.17
T,3582218,1,353479120,-1178094428,630858,20989990,3,32,1,-9.844,0.407,0.187,0.006,-0.013,0.006,66.82,1,940.77,46.36,669.70,1,938.58,47.37,641.08
T,3583310,1,353479120,-1178094431,630783,20989990,3,32,1,-9.849,0.407,0.230,0.007,-0.012,0.005,66.89,1,940.73,46.34,670.05,1,938.60,47.35,640.90
T,3584199,1,353479120,-1178094437,630701,20989990,3,32,1,-9.844,0.388,0.301,0.006,-0.012,0.006,67.00,1,940.72,46.38,670.14,1,938.63,47.32,640.64
T,3585287,1,353479120,-1178094436,630602,20989990,3,32,1,-9.858,0.402,0.297,0.005,-0.013,0.005,67.10,1,940.75,46.42,669.88,1,938.60,47.34,640.90
T,3586274,1,353479119,-1178094436,630528,20989990,3,32,1,-9.854,0.431,0.325,0.007,-0.013,0.006,67.21,1,940.74,46.46,669.96,1,938.63,47.40,640.64
T,3587268,1,353479118,-1178094438,630484,20989990,3,32,1,-9.863,0.407,0.301,0.005,-0.013,0.006,67.21,1,940.77,46.46,669.70,1,938.58,47.40,641.08
T,3588256,1,353479116,-1178094436,630416,20989990,3,32,1,-9.858,0.416,0.306,0.006,-0.013,0.006,67.23,1,940.74,46.47,669.96,1,938.59,47.40,640.99
T,3589242,1,353479115,-1178094433,630370,20989990,3,32,1,-9.858,0.416,0.287,0.006,-0.012,0.006,67.30,1,940.76,46.50,669.79,1,938.61,47.45,640.81
T,3590229,1,353479112,-1178094428,630334,20989990,3,32,1,-9.854,0.421,0.321,0.007,-0.013,0.007,67.29,1,940.76,46.52,669.79,1,938.61,47.46,640.81
T,3591214,1,353479110,-1178094425,630337,20989990,3,32,1,-9.858,0.426,0.325,0.006,-0.012,0.006,67.31,1,940.77,46.55,669.70,1,938.63,47.48,640.64
T,3592199,1,353479109,-1178094423,630315,20989990,3,31,1,-9.863,0.431,0.340,0.006,-0.012,0.006,67.29,1,940.74,46.57,669.96,1,938.63,47.50,640.64
T,3593295,1,353479109,-1178094418,630284,20989990,3,32,1,-9.849,0.416,0.282,0.006,-0.012,0.006,67.23,1,940.69,46.52,670.41,1,938.62,47.46,640.72
T,3594281,1,353479108,-1178094413,630257,20989990,3,32,1,-9.868,0.402,0.301,0.006,-0.012,0.006,67.09,1,940.72,46.48,670.14,1,938.58,47.44,641.08
T,3595270,1,353479106,-1178094408,630148,20989990,3,32,1,-9.863,0.412,0.301,0.007,-0.012,0.006,67.22,1,940.73,46.48,670.05,1,938.60,47.45,640.90
T,3596261,1,353479104,-1178094404,630036,20989990,3,32,1,-9.868,0.407,0.321,0.007,-0.013,0.006,67.25,1,940.76,46.48,669.79,1,938.60,47.41,640.90
T,3597251,1,353479104,-1178094399,629948,20989990,3,32,1,-9.854,0.397,0.239,0.006,-0.013,0.006,67.14,1,940.80,46.51,669.43,1,938.61,47.43,640.81
T,3598236,1,353479105,-1178094395,629860,20989990,3,32,1,-9.858,0.416,0.273,0.007,-0.013,0.005,67.07,1,940.76,46.48,669.79,1,938.61,47.42,640.81
T,3599223,1,353479105,-1178094390,629764,20989990,3,32,1,-9.868,0.407,0.321,0.005,-0.015,0.006,67.24,1,940.74,46.50,669.96,1,938.57,47.43,641.17
T,3600209,1,353479105,-1178094385,629676,20989990,3,32,1,-9.858,0.421,0.349,0.005,-0.013,0.006,67.29,1,940.74,46.54,669.96,1,938.58,47.49,641.08
T,3601296,1,353479107,-1178094381,629629,20989990,3,32,1,-9.854,0.421,0.345,0.006,-0.012,0.006,67.36,1,940.74,46.57,669.96,1,938.61,47.52,640.81
T,3602282,1,353479111,-1178094375,629560,20989990,3,32,1,-9.858,0.412,0.340,0.007,-0.012,0.007,67.36,1,940.71,46.59,670.23,1,938.55,47.55,641.35
T,3603272,1,353479112,-1178094373,629504,20989990,3,32,1,-9.849,0.421,0.340,0.006,-0.012,0.006,67.43,1,940.79,46.60,669.52,1,938.62,47.58,640.72
T,3604256,1,353479113,-1178094371,629469,20989990,3,31,1,-9.854,0.431,0.340,0.006,-0.015,0.005,67.36,1,940.71,46.61,670.23,1,938.54,47.59,641.43
T,3605314,1,353479115,-1178094365,629415,20989990,3,31,1,-9.854,0.416,0.321,0.007,-0.012,0.006,67.39,1,940.73,46.62,670.05,1,938.58,47.61,641.08
T,3606206,1,353479117,-1178094357,629345,20989990,3,31,1,-9.858,0.416,0.263,0.009,-0.012,0.006,67.38,1,940.72,46.62,670.14,1,938.60,47.58,640.90
T,3607293,1,353479118,-1178094350,629271,20989990,3,32,1,-9.854,0.426,0.321,0.006,-0.013,0.006,67.34,1,940.79,46.58,669.52,1,938.59,47.54,640.99
T,3608281,1,353479120,-1178094343,629203,20989990,3,32,1,-9.849,0.407,0.321,0.007,-0.013,0.006,67.27,1,940.75,46.57,669.88,1,938.58,47.51,641.08
T,3609274,1,353479122,-1178094333,629157,20989990,3,31,1,-9.849,0.421,0.321,0.007,-0.013,0.005,67.30,1,940.74,46.60,669.96,1,938.59,47.53,640.99
T,3610259,1,353479122,-1178094327,629089,20989990,3,32,1,-9.849,0.426,0.316,0.005,-0.013,0.005,67.31,1,940.78,46.62,669.61,1,938.59,47.56,640.99
T,3611243,1,353479125,-1178094318,629022,20989990,3,31,1,-9.854,0.416,0.316,0.006,-0.013,0.006,67.33,1,940.76,46.61,669.79,1,938.56,47.54,641.26
T,3612231,1,353479126,-1178094312,628994,20989990,3,31,1,-9.854,0.421,0.349,0.007,-0.013,0.006,67.37,1,940.74,46.62,669.96,1,938.59,47.57,640.99
T,3613221,1,353479129,-1178094303,628938,20989990,3,32,1,-9.858,0.421,0.349,0.009,-0.013,0.006,67.43,1,940.74,46.64,669.96,1,938.58,47.61,641.08
T,3614206,1,353479131,-1178094295,628873,20989990,3,32,1,-9.858,0.431,0.345,0.006,-0.012,0.005,67.46,1,940.73,46.66,670.05,1,938.56,47.63,641.26
T,3615191,1,353479132,-1178094292,628821,20989990,3,32,1,-9.858,0.407,0.349,0.006,-0.013,0.005,67.50,1,940.74,46.67,669.96,1,938.57,47.64,641.17
T,3616281,1,353479128,-1178094293,628841,20989990,3,31,1,-9.858,0.407,0.340,0.006,-0.013,0.006,67.52,1,940.78,46.64,669.61,1,938.58,47.63,641.08
T,3617265,1,353479126,-1178094293,628768,20989990,3,31,1,-9.854,0.426,0.340,0.007,-0.013,0.005,67.53,1,940.76,46.66,669.79,1,938.55,47.65,641.35
T,3618252,1,353479124,-1178094293,628673,20989990,3,31,1,-9.863,0.421,0.340,0.006,-0.015,0.005,67.51,1,940.77,46.69,669.70,1,938.59,47.65,640.99
T,3619240,1,353479123,-1178094292,628570,20989990,3,31,1,-9.863,0.412,0.340,0.006,-0.013,0.006,67.54,1,940.72,46.70,670.14,1,938.59,47.68,640.99
T,3620232,1,353479123,-1178094291,628477,20989990,3,32,1,-9.868,0.416,0.359,0.006,-0.013,0.006,67.54,1,940.71,46.72,670.23,1,938.56,47.70,641.26
T,3621217,1,353479121,-1178094289,628447,20989990,3,32,1,-9.858,0.407,0.354,0.007,-0.013,0.005,67.56,1,940.74,46.74,669.96,1,938.57,47.72,641.17
T,3622202,1,353479119,-1178094287,628408,20989990,3,32,1,-9.854,0.407,0.349,0.007,-0.012,0.006,67.55,1,940.73,46.75,670.05,1,938.61,47.73,640.81
T,3623190,1,353479118,-1178094286,628350,20989990,3,32,1,-9.863,0.407,0.340,0.006,-0.015,0.006,67.52,1,940.74,46.72,669.96,1,938.57,47.70,641.17
T,3624278,1,353479119,-1178094284,628271,20989990,3,31,1,-9.849,0.402,0.345,0.005,-0.013,0.006,67.55,1,940.74,46.72,669.96,1,938.60,47.71,640.90
T,3625264,1,353479117,-1178094284,628215,20989990,3,32,1,-9.858,0.421,0.359,0.005,-0.013,0.005,67.55,1,940.79,46.73,669.52,1,938.55,47.74,641.35
T,3626251,1,353479117,-1178094285,628143,20989990,3,31,1,-9.854,0.392,0.287,0.007,-0.013,0.005,67.56,1,940.78,46.75,669.61,1,938.56,47.75,641.26
T,3627242,1,353479119,-1178094286,628043,20989990,3,32,1,-9.854,0.426,0.359,0.006,-0.015,0.006,67.59,1,940.73,46.77,670.05,1,938.59,47.77,640.99
T,3628231,1,353479118,-1178094287,627943,20989990,3,32,1,-9.844,0.435,0.354,0.007,-0.013,0.005,67.61,1,940.75,46.79,669.88,1,938.60,47.79,640.90
T,3629218,1,353479115,-1178094287,627867,20989990,3,32,1,-9.854,0.426,0.330,0.004,-0.013,0.006,67.52,1,940.73,46.77,670.05,1,938.64,47.77,640.55
T,3630204,1,353479113,-1178094291,627769,20989990,3,32,1,-9.844,0.421,0.211,0.006,-0.013,0.007,67.21,1,940.75,46.69,669.88,1,938.58,47.69,641.08
T,3631189,1,353479111,-1178094296,627677,20989990,3,32,1,-9.849,0.416,0.282,0.004,-0.013,0.006,67.27,1,940.70,46.65,670.32,1,938.58,47.63,641.08
T,3632277,1,353479110,-1178094301,627570,20989990,3,32,1,-9.854,0.440,0.368,0.006,-0.013,0.006,67.48,1,940.73,46.66,670.05,1,938.56,47.64,641.26
T,3633265,1,353479111,-1178094301,627516,20989990,3,32,1,-9.858,0.412,0.292,0.006,-0.013,0.005,67.38,1,940.78,46.69,669.61,1,938.62,47.67,640.72
T,3634257,1,353479110,-1178094303,627419,20989990,3,32,1,-9.863,0.407,0.215,0.005,-0.013,0.005,67.02,1,940.76,46.59,669.79,1,938.54,47.58,641.43
T,3635249,1,353479109,-1178094305,627325,20989990,3,31,1,-9.849,0.388,0.306,0.007,-0.013,0.006,67.21,1,940.76,46.57,669.79,1,938.60,47.55,640.90
T,3636235,1,353479108,-1178094305,627215,20989990,3,32,1,-9.849,0.407,0.158,0.007,-0.012,0.006,66.66,1,940.75,46.52,669.88,1,938.62,47.52,640.72
T,3637222,1,353479110,-1178094304,627122,20989990,3,32,1,-9.849,0.421,0.196,0.006,-0.013,0.006,66.53,1,940.73,46.38,670.05,1,938.60,47.44,640.90
T,3638207,1,353479112,-1178094301,627056,20989990,3,32,1,-9.858,0.407,0.167,0.007,-0.013,0.006,66.63,1,940.74,46.36,669.96,1,938.58,47.38,641.08
T,3639203,1,353479111,-1178094302,627021,20989990,3,32,1,-9.844,0.402,0.129,0.007,-0.013,0.006,66.65,1,940.75,46.37,669.88,1,938.60,47.37,640.90
T,3640192,1,353479110,-1178094303,626957,20989990,3,31,1,-9.858,0.402,0.177,0.005,-0.012,0.006,66.61,1,940.76,46.38,669.79,1,938.57,47.38,641.17
T,3641280,1,353479111,-1178094303,626898,20989990,3,31,1,-9.854,0.412,0.282,0.007,-0.013,0.005,66.84,1,940.70,46.39,670.32,1,938.54,47.41,641.43
T,3642269,1,353479115,-1178094299,626855,20989990,3,31,1,-9.854,0.407,0.177,0.009,-0.012,0.006,66.77,1,940.74,46.40,669.96,1,938.59,47.38,640.99
T,3643253,1,353479117,-1178094298,626764,20989990,3,31,1,-9.858,0.388,0.254,0.007,-0.012,0.006,66.83,1,940.72,46.38,670.14,1,938.57,47.30,641.17
T,3644243,1,353479122,-1178094295,626674,20989990,3,31,1,-9.854,0.402,0.244,0.006,-0.015,0.006,66.77,1,940.76,46.32,669.79,1,938.54,47.22,641.43
T,3645229,1,353479126,-1178094289,626598,20989990,3,32,1,-9.854,0.402,0.172,0.009,-0.013,0.006,66.73,1,940.73,46.29,670.05,1,938.57,47.21,641.17
T,3646218,1,353479132,-1178094279,626472,20989990,3,32,1,-9.844,0.388,0.033,0.006,-0.015,0.006,66.45,1,940.73,46.31,670.05,1,938.54,47.14,641.43
T,3647206,1,353479136,-1178094273,626365,20989990,3,31,1,-9.849,0.388,0.091,0.004,-0.012,0.005,66.30,1,940.76,46.24,669.79,1,938.55,47.04,641.35
T,3648191,1,353479139,-1178094269,626279,20989990,3,31,1,-9.844,0.388,-0.053,0.007,-0.013,0.006,66.25,1,940.79,46.20,669.52,1,938.60,47.06,640.90
T,3649283,1,353479140,-1178094271,626227,20989990,3,31,1,-9.854,0.373,0.081,0.011,-0.013,0.006,66.23,1,940.77,46.18,669.70,1,938.56,47.06,641.26
T,3650269,1,353479138,-1178094277,626205,20989990,3,31,1,-9.849,0.412,0.139,0.010,-0.013,0.005,66.23,1,940.71,46.15,670.23,1,938.56,47.07,641.26
T,3651256,1,353479138,-1178094282,626159,20989990,3,31,1,-9.858,0.383,-0.029,0.011,-0.012,0.005,66.14,1,940.76,46.10,669.79,1,938.61,47.01,640.81
T,3652248,1,353479135,-1178094290,626117,20989990,3,31,1,-9.844,0.402,0.187,0.004,-0.012,0.005,66.23,1,940.71,46.10,670.23,1,938.59,46.97,640.99
T,3653232,1,353479132,-1178094295,626048,20989990,3,31,1,-9.839,0.421,0.100,0.004,-0.012,0.005,66.07,1,940.76,46.08,669.79,1,938.55,46.93,641.35
T,3654219,1,353479136,-1178094294,625934,20989990,3,31,1,-9.854,0.392,0.077,0.004,-0.013,0.005,66.00,1,940.74,46.04,669.96,1,938.59,46.89,640.99
T,3655203,1,353479136,-1178094296,625851,20989990,3,31,1,-9.839,0.416,0.053,0.005,-0.013,0.005,65.97,1,940.79,45.97,669.52,1,938.57,46.86,641.17
T,3656292,1,353479140,-1178094296,625741,20989990,3,31,1,-9.849,0.426,0.062,0.010,-0.013,0.006,65.68,1,940.71,45.88,670.23,1,938.56,46.84,641.26
T,3657282,1,353479143,-1178094294,625630,20989990,3,31,1,-9.849,0.412,0.206,0.010,-0.013,0.005,65.95,1,940.76,45.84,669.79,1,938.55,46.83,641.35
T,3658270,1,353479146,-1178094292,625524,20989990,3,31,1,-9.844,0.488,0.297,0.009,-0.012,0.006,66.47,1,940.66,45.95,670.67,1,938.52,46.92,641.61
T,3659254,1,353479146,-1178094293,625436,20989990,3,31,1,-9.849,0.450,0.301,0.005,-0.012,0.006,66.61,1,940.72,46.02,670.14,1,938.55,46.96,641.35
T,3660240,1,353479149,-1178094291,625354,20989990,3,31,1,-9.839,0.383,0.134,0.004,-0.012,0.006,66.48,1,940.74,46.04,669.96,1,938.60,46.99,640.90
T,3661226,1,353479147,-1178094294,625341,20989990,3,31,1,-9.854,0.455,0.129,0.006,-0.013,0.006,66.38,1,940.76,46.02,669.79,1,938.55,46.98,641.35
T,3662210,1,353479150,-1178094294,625261,20989990,3,31,1,-9.839,0.479,0.038,-0.004,-0.013,0.005,65.98,1,940.77,45.97,669.70,1,938.60,46.95,640.90
T,3663204,1,353479154,-1178094294,625201,20989990,3,31,1,-9.844,0.483,0.105,0.001,-0.012,0.007,65.86,1,940.79,45.89,669.52,1,938.64,46.91,640.55
T,3664192,1,353479162,-1178094286,625068,20989990,3,31,1,-9.849,0.608,-0.072,-0.005,-0.013,0.006,65.48,1,940.74,45.81,669.96,1,938.68,46.82,640.19
T,3665285,1,353479169,-1178094284,624952,20989990,3,31,1,-9.835,0.359,0.105,0.000,-0.011,0.007,65.41,1,940.82,45.72,669.26,1,938.61,46.70,640.81
T,3666272,1,353479172,-1178094287,624901,20989990,3,31,1,-9.825,0.660,-0.148,-0.011,-0.005,0.001,65.19,1,940.66,45.66,670.67,1,938.57,46.53,641.17
T,3667263,1,353479176,-1178094286,624821,20989990,3,31,1,-9.863,0.273,0.110,0.005,-0.013,0.005,65.41,1,940.75,45.65,669.88,1,938.54,46.47,641.43
T,3668254,1,353479178,-1178094289,624769,20989990,3,31,1,-9.849,0.392,0.038,0.001,-0.012,0.006,65.54,1,940.74,45.67,669.96,1,938.61,46.55,640.81
T,3669240,1,353479178,-1178094291,624778,20989990,3,31,1,-9.849,0.469,0.220,0.005,-0.013,0.005,65.60,1,940.74,45.63,669.96,1,938.61,46.54,640.81
T,3670229,1,353479181,-1178094295,624761,20989990,3,31,1,-9.858,0.426,0.134,0.001,-0.013,0.006,65.71,1,940.70,45.66,670.32,1,938.56,46.59,641.26
T,3671319,1,353479176,-1178094304,624955,20989990,3,31,1,-9.844,0.407,0.244,0.006,-0.015,0.006,65.79,1,940.70,45.64,670.32,1,938.54,46.58,641.43
T,3672218,1,353479173,-1178094308,625109,20989990,3,31,1,-9.858,0.392,0.211,0.007,-0.012,0.005,65.92,1,940.72,45.65,670.14,1,938.55,46.61,641.35
T,3673205,1,353479174,-1178094310,625092,20989990,3,31,1,-9.839,0.412,0.096,0.005,-0.013,0.006,65.71,1,940.70,45.61,670.32,1,938.60,46.52,640.90
T,3674191,1,353479176,-1178094309,625039,20989990,3,31,1,-9.844,0.407,0.053,0.006,-0.015,0.007,65.46,1,940.76,45.56,669.79,1,938.59,46.47,640.99
T,3675281,1,353479176,-1178094308,625029,20989990,3,31,1,-9.839,0.335,0.024,0.011,-0.012,0.006,65.21,1,940.73,45.47,670.05,1,938.60,46.44,640.90
T,3676269,1,353479177,-1178094308,625017,20989990,3,32,1,-9.825,0.455,0.191,0.005,-0.017,0.006,65.06,1,940.73,45.43,670.05,1,938.60,46.44,640.90
T,3677256,1,353479178,-1178094308,624998,20989990,3,32,1,-9.839,0.144,0.043,0.007,-0.016,0.000,64.88,1,940.82,45.39,669.26,1,938.56,46.41,641.26
T,3678240,1,353479178,-1178094309,624962,20989990,3,32,1,-9.849,0.364,0.024,0.004,-0.020,0.005,64.85,1,940.70,45.31,670.32,1,938.57,46.37,641.17
T,3679227,1,353479178,-1178094311,624902,20989990,3,31,1,-9.825,0.766,0.144,0.004,-0.012,0.013,64.77,1,940.78,45.33,669.61,1,938.59,46.37,640.99
T,3680212,1,353479178,-1178094314,624876,20989990,3,31,1,-9.863,0.287,-0.335,0.017,-0.013,0.006,64.46,1,940.86,45.19,668.90,1,938.70,46.25,640.02
T,3681303,1,353479172,-1178094322,624992,20989990,3,32,1,-9.839,-0.010,-0.349,-0.017,-0.017,0.002,63.87,1,940.90,45.08,668.55,1,938.76,46.05,639.49
T,3682193,1,353479170,-1178094329,624983,20989990,3,32,1,-9.801,0.407,-0.278,0.004,-0.022,0.001,63.54,1,940.85,44.94,668.99,1,938.69,45.89,640.10
T,3683296,1,353479168,-1178094334,624961,20989990,3,32,1,-9.839,0.258,-0.402,0.011,-0.010,0.004,63.14,1,940.88,44.84,668.73,1,938.71,45.82,639.93
T,3684184,1,353479168,-1178094338,624899,20989990,3,32,1,-9.863,0.507,-0.067,0.000,-0.011,0.004,63.59,1,940.80,44.84,669.43,1,938.69,45.81,640.10
T,3685277,1,353479169,-1178094342,624826,20989990,3,32,1,-9.849,0.349,-0.407,0.004,-0.011,0.007,63.92,1,940.79,44.90,669.52,1,938.67,45.87,640.28
T,3686270,1,353479170,-1178094345,624749,20989990,3,31,1,-9.844,0.321,-0.311,0.010,-0.012,0.004,63.60,1,940.78,44.86,669.61,1,938.65,45.81,640.46
T,3687262,1,353479169,-1178094350,624652,20989990,3,31,1,-9.768,0.507,0.010,0.012,-0.012,0.009,63.21,1,940.77,44.76,669.70,1,938.64,45.69,640.55
T,3688247,1,353479171,-1178094349,624540,20989990,3,32,1,-9.835,0.364,-0.292,0.006,-0.013,0.006,63.18,1,940.75,44.70,669.88,1,938.61,45.53,640.81
T,3689240,1,353479171,-1178094350,624472,20989990,3,31,1,-9.863,0.407,-0.479,0.002,-0.012,0.006,63.08,1,940.74,44.67,669.96,1,938.59,45.45,640.99
T,3690232,1,353479169,-1178094352,624469,20989990,3,29,1,-9.835,0.440,-0.148,0.005,-0.012,0.006,63.18,1,940.81,44.58,669.35,1,938.64,45.34,640.55
T,3691225,1,353479165,-1178094357,624474,20989990,3,31,1,-9.815,0.373,-0.306,0.010,-0.013,0.007,63.14,1,940.77,44.53,669.70,1,938.62,45.33,640.72
T,3692217,1,353479162,-1178094361,624480,20989990,3,30,1,-9.868,0.321,-0.215,0.011,-0.011,0.004,62.70,1,940.79,44.41,669.52,1,938.65,45.27,640.46
T,3693209,1,353479158,-1178094364,624466,20989990,3,30,1,-9.777,0.287,-0.110,0.009,-0.016,0.005,62.68,1,940.81,44.35,669.35,1,938.64,45.13,640.55
T,3694299,1,353479151,-1178094371,624433,20989990,3,31,1,-9.825,0.445,-0.407,0.010,-0.013,0.006,62.41,1,940.88,44.35,668.73,1,938.73,45.12,639.75
T,3695289,1,353479142,-1178094382,624547,20989990,3,31,1,-9.820,0.354,-0.258,0.006,-0.012,0.004,62.54,1,940.79,44.30,669.52,1,938.69,45.10,640.10
T,3696282,1,353479137,-1178094383,624616,20989990,3,30,1,-9.811,0.225,-0.321,0.004,-0.012,0.006,62.54,1,940.79,44.24,669.52,1,938.64,45.04,640.55
T,3697274,1,353479132,-1178094386,624611,20989990,3,31,1,-9.806,0.479,-0.038,0.002,-0.011,0.007,63.24,1,940.87,44.28,668.82,1,938.67,45.13,640.28
T,3698267,1,353479125,-1178094387,624641,20989990,3,31,1,-9.868,0.278,-0.057,0.004,-0.016,0.006,63.63,1,940.77,44.36,669.70,1,938.64,45.25,640.55
T,3699258,1,353479121,-1178094388,624656,20989990,3,32,1,-9.839,0.258,-0.029,0.005,-0.015,0.004,63.41,1,940.79,44.34,669.52,1,938.61,45.23,640.81
T,3700251,1,353479115,-1178094391,624671,20989990,3,32,1,-9.839,0.359,-0.115,0.004,-0.010,0.004,62.98,1,940.78,44.24,669.61,1,938.63,45.07,640.64
T,3701241,1,353479110,-1178094393,624709,20989990,3,31,1,-9.835,0.450,-0.153,0.012,-0.012,0.005,62.88,1,940.78,44.18,669.61,1,938.66,45.00,640.37
T,3702231,1,353479107,-1178094393,624736,20989990,3,31,1,-9.825,0.239,-0.081,0.009,-0.011,0.006,63.01,1,940.83,44.15,669.17,1,938.65,44.96,640.46
T,3703223,1,353479102,-1178094393,624781,20989990,3,31,1,-9.815,0.450,-0.081,0.006,-0.016,0.006,63.12,1,940.74,44.10,669.96,1,938.58,44.91,641.08
T,3704214,1,353479098,-1178094392,624813,20989990,3,30,1,-9.806,0.407,-0.278,0.002,-0.011,0.007,62.71,1,940.83,44.06,669.17,1,938.64,44.87,640.55
T,3705202,1,353479097,-1178094388,624771,20989990,3,30,1,-9.863,0.287,-0.498,-0.007,-0.010,0.006,62.59,1,940.81,43.97,669.35,1,938.62,44.77,640.72
T,3706191,1,353479094,-1178094383,624758,20989990,3,30,1,-9.801,0.354,-0.182,0.015,-0.016,0.006,62.44,1,940.79,43.92,669.52,1,938.64,44.68,640.55
T,3707288,1,353479092,-1178094381,624724,20989990,3,30,1,-9.835,0.373,-0.392,0.016,-0.012,0.006,62.29,1,940.85,43.86,668.99,1,938.72,44.62,639.84
T,3708186,1,353479088,-1178094383,624727,20989990,3,31,1,-9.844,0.244,-0.211,0.013,-0.016,0.005,62.28,1,940.82,43.91,669.26,1,938.68,44.54,640.19
T,3709276,1,353479084,-1178094386,624745,20989990,3,31,1,-9.830,0.397,-0.153,0.006,-0.012,0.007,62.16,1,940.81,43.92,669.35,1,938.64,44.46,640.55
T,3710270,1,353479082,-1178094387,624753,20989990,3,31,1,-9.835,0.325,-0.340,0.010,-0.012,0.006,62.10,1,940.80,43.89,669.43,1,938.68,44.38,640.19
T,3711266,1,353479078,-1178094388,624790,20989990,3,31,1,-9.839,0.364,-0.206,0.002,-0.013,0.006,61.94,1,940.82,43.85,669.26,1,938.72,44.30,639.84
T,3712260,1,353479075,-1178094388,624835,20989990,3,31,1,-9.839,0.321,-0.215,0.002,-0.013,0.005,61.98,1,940.85,43.85,668.99,1,938.68,44.26,640.19
T,3713251,1,353479073,-1178094387,624886,20989990,3,32,1,-9.815,0.345,-0.278,0.004,-0.013,0.006,61.65,1,940.80,43.81,669.43,1,938.70,44.21,640.02
T,3714244,1,353479068,-1178094387,624924,20989990,3,31,1,-9.835,0.431,-0.316,0.009,-0.013,0.007,61.49,1,940.87,43.78,668.82,1,938.72,44.19,639.84
T,3715233,1,353479065,-1178094387,624932,20989990,3,31,1,-9.835,0.392,-0.330,0.004,-0.011,0.007,61.61,1,940.84,43.75,669.08,1,938.72,44.20,639.84
T,3716229,1,353479062,-1178094387,624954,20989990,3,32,1,-9.820,0.301,-0.330,0.009,-0.013,0.006,61.69,1,940.82,43.75,669.26,1,938.70,44.23,640.02
T,3717231,1,353479060,-1178094386,624994,20989990,3,32,1,-9.849,0.421,-0.301,0.007,-0.015,0.007,61.76,1,940.84,43.73,669.08,1,938.70,44.20,640.02
T,3718222,1,353479058,-1178094387,625027,20989990,3,32,1,-9.801,0.445,-0.244,0.004,-0.013,0.007,61.57,1,940.88,43.71,668.73,1,938.71,44.12,639.93
T,3719216,1,353479058,-1178094386,625037,20989990,3,31,1,-9.801,0.469,-0.234,0.004,-0.012,0.006,61.57,1,940.83,43.67,669.17,1,938.71,44.11,639.93
T,3720205,1,353479057,-1178094384,625075,20989990,3,31,1,-9.854,0.378,-0.196,0.005,-0.013,0.002,61.62,1,940.82,43.65,669.26,1,938.71,44.12,639.93
T,3721216,1,353479056,-1178094383,625076,20989990,3,30,1,-9.835,0.340,-0.220,0.005,-0.015,0.006,61.88,1,940.83,43.67,669.17,1,938.70,44.16,640.02
T,3722205,1,353479056,-1178094381,625077,20989990,3,31,1,-9.830,0.287,-0.239,0.007,-0.012,0.005,61.87,1,940.77,43.65,669.70,1,938.70,44.12,640.02
T,3723296,1,353479051,-1178094384,625179,20989990,3,31,1,-9.863,0.464,-0.033,0.006,-0.012,0.005,62.34,1,940.85,43.65,668.99,1,938.69,44.22,640.10
T,3724188,1,353479048,-1178094382,625210,20989990,3,31,1,-9.815,0.435,-0.211,0.006,-0.015,0.006,62.15,1,940.89,43.64,668.64,1,938.73,44.24,639.75
T,3725283,1,353479048,-1178094379,625227,20989990,3,31,1,-9.815,0.392,-0.086,0.004,-0.012,0.007,62.21,1,940.79,43.63,669.52,1,938.69,44.23,640.10
T,3726274,1,353479048,-1178094376,625264,20989990,3,32,1,-9.830,0.426,-0.048,0.001,-0.013,0.005,62.19,1,940.84,43.64,669.08,1,938.72,44.21,639.84
T,3727264,1,353479048,-1178094371,625290,20989990,3,31,1,-9.844,0.364,-0.043,0.002,-0.013,0.005,62.35,1,940.84,43.66,669.08,1,938.70,44.21,640.02
T,3728256,1,353479049,-1178094367,625274,20989990,3,31,1,-9.858,0.345,-0.163,0.006,-0.012,0.005,62.45,1,940.84,43.68,669.08,1,938.69,44.24,640.10
T,3729245,1,353479054,-1178094353,625220,20989990,3,32,1,-9.844,0.435,0.144,0.002,-0.015,0.005,62.84,1,940.84,43.71,669.08,1,938.67,44.29,640.28
T,3730235,1,353479053,-1178094351,625221,20989990,3,30,1,-9.839,0.450,0.172,0.002,-0.012,0.006,63.17,1,940.81,43.76,669.35,1,938.70,44.38,640.02
T,3731229,1,353479052,-1178094351,625220,20989990,3,31,1,-9.835,0.407,0.120,0.000,-0.012,0.005,63.04,1,940.82,43.78,669.26,1,938.67,44.38,640.28
T,3732216,1,353479051,-1178094352,625140,20989990,3,31,1,-9.839,0.431,0.072,0.006,-0.015,0.006,63.17,1,940.83,43.80,669.17,1,938.67,44.43,640.28
T,3733200,1,353479053,-1178094347,625064,20989990,3,31,1,-9.839,0.407,0.182,0.005,-0.012,0.006,63.08,1,940.82,43.81,669.26,1,938.69,44.43,640.10
T,3734187,1,353479055,-1178094342,625011,20989990,3,30,1,-9.839,0.407,0.033,0.004,-0.012,0.005,62.92,1,940.83,43.81,669.17,1,938.63,44.39,640.64
T,3735274,1,353479057,-1178094337,624991,20989990,3,31,1,-9.835,0.383,-0.014,0.007,-0.013,0.005,62.92,1,940.80,43.79,669.43,1,938.63,44.37,640.64
T,3736264,1,353479058,-1178094333,624985,20989990,3,31,1,-10.016,0.794,-0.345,0.005,-0.007,0.000,63.15,1,940.79,43.78,669.52,1,938.60,44.39,640.90
T,3737253,1,353479059,-1178094322,625055,20989990,3,31,1,-9.839,0.378,-0.129,0.007,-0.015,0.001,63.09,1,940.89,43.81,668.64,1,938.68,44.44,640.19
T,3738247,1,353479060,-1178094315,625083,20989990,3,31,1,-9.820,0.388,-0.239,0.009,-0.011,0.005,62.20,1,940.88,43.74,668.73,1,938.74,44.31,639.66
T,3739241,1,353479061,-1178094307,625099,20989990,3,31,1,-9.815,0.311,-0.029,0.006,-0.015,0.002,62.08,1,940.85,43.63,668.99,1,938.62,44.19,640.72
T,3740232,1,353479061,-1178094302,625161,20989990,3,31,1,-9.839,0.416,-0.019,0.007,-0.016,0.006,62.21,1,940.76,43.55,669.79,1,938.62,44.12,640.72
T,3741226,1,353479060,-1178094296,625200,20989990,3,31,1,-9.815,0.469,0.153,0.005,-0.009,0.009,62.91,1,940.80,43.58,669.43,1,938.63,44.18,640.64
T,3742218,1,353479056,-1178094293,625262,20989990,3,30,1,-9.830,0.416,0.110,0.004,-0.013,0.006,63.09,1,940.75,43.67,669.88,1,938.62,44.29,640.72
T,3743203,1,353479052,-1178094295,625298,20989990,3,29,1,-9.825,0.349,-0.100,0.007,-0.012,0.004,62.50,1,940.78,43.63,669.61,1,938.71,44.23,639.93
T,3744192,1,353479049,-1178094297,625318,20989990,3,29,1,-9.830,0.383,-0.048,0.006,-0.011,0.005,62.32,1,940.82,43.55,669.26,1,938.65,44.14,640.46
T,3745286,1,353479044,-1178094301,625339,20989990,3,31,1,-9.825,0.412,0.005,0.002,-0.012,0.005,62.62,1,940.79,43.57,669.52,1,938.66,44.15,640.37
T,3746273,1,353479041,-1178094303,625296,20989990,3,30,1,-9.844,0.292,0.077,0.006,-0.015,0.005,62.58,1,940.80,43.60,669.43,1,938.66,44.14,640.37
T,3747259,1,353479037,-1178094307,625324,20989990,3,30,1,-9.839,0.316,-0.029,0.004,-0.012,0.005,62.66,1,940.79,43.58,669.52,1,938.65,44.10,640.46
T,3748250,1,353479035,-1178094308,625320,20989990,3,30,1,-9.839,0.407,-0.005,0.009,-0.012,0.005,62.52,1,940.80,43.51,669.43,1,938.65,44.08,640.46
T,3749239,1,353479032,-1178094312,625314,20989990,3,31,1,-9.820,0.330,-0.081,-0.001,-0.013,0.005,62.50,1,940.78,43.48,669.61,1,938.68,44.08,640.19
T,3750229,1,353479031,-1178094306,625344,20989990,3,30,1,-9.849,0.416,0.010,0.009,-0.012,0.005,62.50,1,940.81,43.42,669.35,1,938.68,44.09,640.19
T,3751314,1,353479031,-1178094303,625321,20989990,3,30,1,-9.839,0.397,-0.077,0.004,-0.012,0.006,62.50,1,940.78,43.40,669.61,1,938.66,44.10,640.37
T,3752213,1,353479029,-1178094294,625405,20989990,3,30,1,-9.835,0.388,-0.053,0.010,-0.012,0.006,62.25,1,940.78,43.35,669.61,1,938.65,44.09,640.46
T,3753201,1,353479029,-1178094294,625381,20989990,3,28,1,-9.858,0.502,-0.077,0.009,-0.011,0.005,62.18,1,940.77,43.32,669.70,1,938.64,44.06,640.55
T,3754191,1,353479028,-1178094297,625357,20989990,3,30,1,-9.830,0.416,-0.019,0.002,-0.013,0.005,62.21,1,940.79,43.32,669.52,1,938.61,44.08,640.81
T,3755285,1,353479025,-1178094301,625365,20989990,3,31,1,-9.839,0.378,0.014,0.011,-0.012,0.006,62.34,1,940.78,43.32,669.61,1,938.65,44.08,640.46
T,3756269,1,353479022,-1178094300,625411,20989990,3,30,1,-9.849,0.392,0.115,0.002,-0.012,0.005,62.40,1,940.77,43.34,669.70,1,938.61,44.08,640.81
T,3757254,1,353479020,-1178094296,625416,20989990,3,31,1,-9.839,0.431,0.072,0.010,-0.013,0.006,62.60,1,940.77,43.41,669.70,1,938.63,44.10,640.64
T,3758251,1,353479020,-1178094297,625357,20989990,3,30,1,-9.835,0.407,-0.062,0.006,-0.013,0.005,62.43,1,940.75,43.41,669.88,1,938.60,44.06,640.90
T,3759249,1,353479020,-1178094296,625315,20989990,3,31,1,-9.849,0.383,0.086,0.004,-0.012,0.005,62.72,1,940.78,43.43,669.61,1,938.64,44.07,640.55
T,3760242,1,353479020,-1178094295,625260,20989990,3,31,1,-9.839,0.378,-0.014,0.007,-0.012,0.005,62.52,1,940.76,43.46,669.79,1,938.61,44.05,640.81
T,3761238,1,353479019,-1178094289,625247,20989990,3,31,1,-9.844,0.388,0.201,0.005,-0.013,0.005,62.75,1,940.75,43.47,669.88,1,938.61,44.05,640.81
T,3762226,1,353479017,-1178094288,625188,20989990,3,29,1,-9.830,0.359,0.081,0.007,-0.013,0.005,62.93,1,940.77,43.52,669.70,1,938.61,44.12,640.81
T,3763212,1,353479017,-1178094286,625130,20989990,3,31,1,-9.835,0.306,-0.134,0.012,-0.015,0.006,62.71,1,940.80,43.51,669.43,1,938.67,44.09,640.28
T,3764213,1,353479016,-1178094284,625091,20989990,3,31,1,-9.825,0.364,-0.096,0.009,-0.013,0.006,62.38,1,940.87,43.49,668.82,1,938.71,44.07,639.93
T,3765206,1,353479015,-1178094275,625108,20989990,3,31,1,-9.849,0.368,0.005,0.009,-0.013,0.005,62.59,1,940.83,43.50,669.17,1,938.71,44.06,639.93
T,3766194,1,353479015,-1178094264,625162,20989990,3,31,1,-9.844,0.330,-0.081,0.005,-0.012,0.005,62.34,1,940.80,43.51,669.43,1,938.64,44.05,640.55
T,3767287,1,353479013,-1178094249,625243,20989990,3,31,1,-9.839,0.345,-0.167,0.001,-0.011,0.005,62.04,1,940.80,43.46,669.43,1,938.66,43.92,640.37
T,3768293,1,353479012,-1178094236,625322,20989990,3,31,1,-9.844,0.392,0.005,0.012,-0.012,0.006,61.86,1,940.77,43.36,669.70,1,938.65,43.80,640.46
T,3769281,1,353479012,-1178094235,625274,20989990,3,31,1,-9.835,0.325,-0.163,0.011,-0.012,0.005,61.76,1,940.84,43.27,669.08,1,938.68,43.74,640.19
T,3770273,1,353479011,-1178094229,625302,20989990,3,31,1,-9.820,0.330,-0.287,0.006,-0.011,0.005,61.44,1,940.79,43.23,669.52,1,938.65,43.66,640.46
T,3771273,1,353479011,-1178094227,625272,20989990,3,31,1,-9.849,0.407,-0.244,0.002,-0.012,0.004,61.45,1,940.81,43.23,669.35,1,938.70,43.63,640.02
T,3772263,1,353479012,-1178094224,625232,20989990,3,31,1,-9.820,0.345,-0.201,0.001,-0.011,0.006,61.39,1,940.87,43.22,668.82,1,938.71,43.62,639.93
T,3773258,1,353479011,-1178094221,625241,20989990,3,31,1,-9.858,0.526,-0.115,-0.004,-0.011,0.006,61.56,1,940.79,43.24,669.52,1,938.67,43.63,640.28
T,3774252,1,353479010,-1178094222,625236,20989990,3,31,1,-9.839,0.345,-0.115,0.007,-0.015,0.001,61.59,1,940.78,43.23,669.61,1,938.66,43.58,640.37
T,3775243,1,353479008,-1178094223,625228,20989990,3,31,1,-9.854,0.416,-0.172,0.000,-0.012,0.005,61.57,1,940.79,43.24,669.52,1,938.68,43.56,640.19
T,3776237,1,353479007,-1178094221,625205,20989990,3,31,1,-9.835,0.249,-0.201,0.002,-0.010,0.005,61.38,1,940.80,43.22,669.43,1,938.70,43.50,640.02
T,3777226,1,353479007,-1178094221,625233,20989990,3,31,1,-9.849,0.278,-0.388,0.005,-0.011,0.004,61.31,1,940.89,43.20,668.64,1,938.72,43.48,639.84
T,3778218,1,353479007,-1178094217,625256,20989990,3,31,1,-9.830,0.311,-0.340,0.006,-0.011,0.002,61.20,1,940.83,43.17,669.17,1,938.72,43.49,639.84
T,3779212,1,353479007,-1178094210,625265,20989990,3,31,1,-9.849,0.440,-0.335,0.001,-0.013,0.005,61.09,1,940.85,43.14,668.99,1,938.68,43.46,640.19
T,3780206,1,353479010,-1178094206,625231,20989990,3,30,1,-9.849,0.383,-0.100,-0.001,-0.012,0.001,61.14,1,940.87,43.09,668.82,1,938.70,43.42,640.02
T,3781196,1,353479012,-1178094197,625195,20989990,3,31,1,-9.839,0.354,-0.187,0.004,-0.013,0.006,61.20,1,940.82,43.10,669.26,1,938.70,43.47,640.02
T,3782190,1,353479013,-1178094191,625173,20989990,3,31,1,-9.830,0.359,0.019,0.004,-0.016,0.005,61.69,1,940.87,43.13,668.82,1,938.73,43.53,639.75
T,3783280,1,353479015,-1178094183,625164,20989990,3,31,1,-9.839,0.297,-0.048,0.007,-0.013,0.004,61.75,1,940.82,43.17,669.26,1,938.71,43.59,639.93
T,3784271,1,353479017,-1178094179,625141,20989990,3,31,1,-9.849,0.359,0.096,0.006,-0.015,0.004,61.73,1,940.82,43.18,669.26,1,938.70,43.59,640.02
T,3785258,1,353479021,-1178094174,625056,20989990,3,31,1,-9.801,0.368,-0.067,0.007,-0.013,0.010,61.65,1,940.85,43.17,668.99,1,938.73,43.57,639.75
T,3786250,1,353479021,-1178094176,624984,20989990,3,31,1,-9.835,0.435,0.010,0.001,-0.013,0.006,61.96,1,940.86,43.17,668.90,1,938.74,43.59,639.66
T,3787240,1,353479023,-1178094178,624862,20989990,3,31,1,-9.820,0.378,0.158,0.002,-0.012,0.006,62.00,1,940.83,43.19,669.17,1,938.70,43.62,640.02
T,3788228,1,353479026,-1178094170,624833,20989990,3,31,1,-9.835,0.354,-0.134,0.004,-0.012,0.005,61.66,1,940.87,43.18,668.82,1,938.68,43.59,640.19
T,3789223,1,353479028,-1178094166,624804,20989990,3,31,1,-9.835,0.407,-0.167,0.009,-0.015,0.005,61.50,1,940.85,43.14,668.99,1,938.69,43.53,640.10
T,3790221,1,353479029,-1178094165,624824,20989990,3,31,1,-9.815,0.402,-0.010,0.012,-0.013,0.005,61.82,1,940.82,43.13,669.26,1,938.67,43.58,640.28
T,3791213,1,353479030,-1178094166,624800,20989990,3,31,1,-9.854,0.345,-0.110,0.007,-0.012,0.005,61.95,1,940.74,43.16,669.96,1,938.61,43.62,640.81
T,3792204,1,353479027,-1178094172,624832,20989990,3,31,1,-9.849,0.402,0.158,0.004,-0.013,0.005,62.37,1,940.81,43.19,669.35,1,938.61,43.66,640.81
T,3793192,1,353479023,-1178094179,624871,20989990,3,31,1,-9.839,0.388,0.244,0.010,-0.016,0.006,62.38,1,940.74,43.22,669.96,1,938.59,43.68,640.99
T,3794186,1,353479020,-1178094185,624919,20989990,3,31,1,-9.849,0.359,0.010,0.006,-0.011,0.006,62.54,1,940.82,43.24,669.26,1,938.63,43.72,640.64
T,3795272,1,353479017,-1178094192,624956,20989990,3,30,1,-9.811,0.373,0.062,0.009,-0.012,0.006,62.56,1,940.81,43.26,669.35,1,938.64,43.75,640.55
T,3796258,1,353479015,-1178094197,624967,20989990,3,31,1,-9.839,0.388,0.105,0.005,-0.013,0.006,62.66,1,940.79,43.27,669.52,1,938.63,43.79,640.64
T,3797246,1,353479011,-1178094203,625035,20989990,3,30,1,-9.858,0.392,0.177,0.001,-0.012,0.004,62.65,1,940.77,43.28,669.70,1,938.65,43.81,640.46
T,3798232,1,353479007,-1178094209,625050,20989990,3,31,1,-9.873,0.517,0.249,0.001,-0.011,0.005,62.88,1,940.79,43.32,669.52,1,938.63,43.86,640.64
T,3799217,1,353479004,-1178094213,625049,20989990,3,31,1,-9.858,0.479,0.077,0.006,-0.015,0.004,62.72,1,940.77,43.34,669.70,1,938.66,43.88,640.37
T,3800203,1,353479001,-1178094216,625067,20989990,3,30,1,-9.858,0.306,-0.043,-0.009,-0.012,0.007,61.88,1,940.85,43.21,668.99,1,938.65,43.68,640.46
T,3801298,1,353479000,-1178094218,625060,20989990,3,30,1,-9.835,0.297,0.053,0.010,-0.011,0.007,61.86,1,940.86,43.19,668.90,1,938.68,43.66,640.19
T,3802283,1,353478999,-1178094223,625074,20989990,3,30,1,-9.791,0.263,-0.316,0.000,-0.010,0.009,61.64,1,940.81,43.16,669.35,1,938.72,43.64,639.84
T,3803275,1,353478996,-1178094228,625139,20989990,3,30,1,-9.835,0.388,-0.115,0.001,-0.013,0.004,61.29,1,940.78,43.10,669.61,1,938.60,43.54,640.90
T,3804270,1,353478994,-1178094234,625172,20989990,3,29,1,-9.844,0.502,-0.220,0.015,-0.011,0.009,61.53,1,940.84,43.08,669.08,1,938.69,43.47,640.10
T,3805259,1,353478991,-1178094237,625205,20989990,3,30,1,-9.830,0.498,-0.124,0.004,-0.015,0.009,61.55,1,940.81,43.10,669.35,1,938.70,43.46,640.02
T,3806249,1,353478989,-1178094242,625244,20989990,3,30,1,-9.892,0.349,-0.368,0.004,-0.009,0.006,61.14,1,940.87,43.07,668.82,1,938.73,43.35,639.75
T,3807238,1,353478988,-1178094246,625305,20989990,3,30,1,-9.820,0.378,-0.258,-0.006,-0.015,0.009,61.01,1,940.84,43.03,669.08,1,938.73,43.25,639.75
T,3808236,1,353478987,-1178094250,625399,20989990,3,30,1,-9.849,0.416,-0.196,0.007,-0.012,0.001,60.71,1,940.86,42.99,668.90,1,938.75,43.18,639.57
T,3809233,1,353478987,-1178094254,625443,20989990,3,30,1,-9.815,0.531,-0.072,0.006,-0.016,0.009,60.71,1,940.90,42.96,668.55,1,938.74,43.19,639.66
T,3810223,1,353478986,-1178094259,625504,20989990,3,30,1,-9.830,0.316,-0.172,0.009,-0.013,0.002,60.75,1,940.87,42.95,668.82,1,938.72,43.16,639.84
T,3811215,1,353478986,-1178094259,625526,20989990,3,30,1,-9.830,0.383,-0.105,0.009,-0.013,0.005,61.09,1,940.90,42.96,668.55,1,938.70,43.18,640.02
T,3812209,1,353478989,-1178094264,625459,20989990,3,29,1,-9.825,0.368,-0.124,0.010,-0.013,0.005,61.08,1,940.85,42.96,668.99,1,938.68,43.20,640.19
T,3813200,1,353478992,-1178094268,625390,20989990,3,30,1,-9.839,0.416,-0.077,0.005,-0.015,0.006,61.02,1,940.87,42.91,668.82,1,938.75,43.13,639.57
T,3814192,1,353478994,-1178094269,625362,20989990,3,30,1,-9.849,0.426,0.014,0.006,-0.011,0.009,61.42,1,940.89,42.94,668.64,1,938.72,43.21,639.84
T,3815281,1,353478996,-1178094273,625378,20989990,3,30,1,-9.825,0.364,0.230,0.004,-0.013,0.004,61.86,1,940.84,42.98,669.08,1,938.69,43.30,640.10
T,3816264,1,353478998,-1178094273,625448,20989990,3,30,1,-9.844,0.412,0.292,0.006,-0.015,0.005,62.25,1,940.83,43.02,669.17,1,938.69,43.38,640.10
T,3817263,1,353478999,-1178094280,625448,20989990,3,30,1,-9.844,0.426,0.263,0.006,-0.013,0.005,62.40,1,940.81,43.05,669.35,1,938.71,43.45,639.93
T,3818254,1,353479003,-1178094285,625508,20989990,3,30,1,-9.849,0.340,0.139,0.007,-0.012,0.005,62.44,1,940.84,43.06,669.08,1,938.69,43.48,640.10
T,3819238,1,353479007,-1178094280,625512,20989990,3,30,1,-9.839,0.397,0.215,0.010,-0.013,0.006,62.50,1,940.87,43.07,668.82,1,938.71,43.51,639.93
T,3820223,1,353479006,-1178094284,625605,20989990,3,30,1,-9.854,0.440,0.364,0.010,-0.011,0.005,62.61,1,940.86,43.09,668.90,1,938.68,43.54,640.19
T,3821309,1,353479005,-1178094278,625713,20989990,3,30,1,-9.854,0.431,0.311,0.007,-0.013,0.006,62.71,1,940.82,43.10,669.26,1,938.67,43.59,640.28
T,3822203,1,353479006,-1178094276,625794,20989990,3,30,1,-9.854,0.383,0.273,0.004,-0.012,0.004,62.85,1,940.80,43.13,669.43,1,938.63,43.64,640.64
T,3823289,1,353479007,-1178094277,625851,20989990,3,30,1,-9.839,0.464,0.297,0.004,-0.012,0.005,62.88,1,940.80,43.14,669.43,1,938.67,43.66,640.28
T,3824273,1,353479010,-1178094275,625850,20989990,3,30,1,-9.854,0.364,0.105,0.006,-0.012,0.005,62.68,1,940.82,43.15,669.26,1,938.64,43.66,640.55
T,3825262,1,353479012,-1178094273,625827,20989990,3,30,1,-9.849,0.421,0.187,0.001,-0.012,0.006,62.66,1,940.84,43.15,669.08,1,938.68,43.66,640.19
T,3826246,1,353479013,-1178094271,625856,20989990,3,30,1,-9.839,0.359,0.354,-0.004,-0.013,0.005,62.73,1,940.82,43.17,669.26,1,938.65,43.68,640.46
T,3827238,1,353479014,-1178094268,625908,20989990,3,30,1,-9.863,0.412,0.091,0.000,-0.011,0.005,62.54,1,940.83,43.17,669.17,1,938.70,43.66,640.02
T,3828223,1,353479014,-1178094266,625934,20989990,3,30,1,-9.830,0.431,0.234,0.001,-0.012,0.005,62.52,1,940.80,43.17,669.43,1,938.68,43.64,640.19
T,3829283,1,353479015,-1178094258,625932,20989990,3,30,1,-9.820,0.435,-0.005,0.009,-0.015,0.007,62.26,1,940.88,43.16,668.73,1,938.71,43.61,639.93
T,3830275,1,353479019,-1178094255,626004,20989990,3,30,1,-9.830,0.431,0.000,0.006,-0.012,0.005,62.07,1,940.88,43.14,668.73,1,938.69,43.57,640.10
T,3831264,1,353479023,-1178094251,626064,20989990,3,30,1,-9.830,0.402,0.053,0.005,-0.012,0.006,62.14,1,940.83,43.14,669.17,1,938.67,43.57,640.28
T,3832257,1,353479029,-1178094234,625976,20989990,3,30,1,-9.835,0.392,0.043,0.002,-0.012,0.005,62.23,1,940.86,43.15,668.90,1,938.67,43.59,640.28
T,3833253,1,353479033,-1178094229,625954,20989990,3,30,1,-9.815,0.402,-0.048,0.010,-0.012,0.007,62.18,1,940.89,43.15,668.64,1,938.72,43.57,639.84
T,3834244,1,353479036,-1178094220,625851,20989990,3,30,1,-9.849,0.397,0.134,0.005,-0.013,0.005,62.32,1,940.78,43.15,669.61,1,938.70,43.59,640.02
T,3835233,1,353479040,-1178094205,625780,20989990,3,30,1,-9.849,0.402,0.211,0.009,-0.013,0.005,62.54,1,940.77,43.18,669.70,1,938.65,43.63,640.46
T,3836228,1,353479051,-1178094195,625764,20989990,3,30,1,-9.849,0.392,0.278,0.000,-0.012,0.004,62.84,1,940.82,43.20,669.26,1,938.62,43.67,640.72
T,3837218,1,353479055,-1178094190,625760,20989990,3,30,1,-9.844,0.383,0.287,-0.001,-0.012,0.005,62.94,1,940.84,43.23,669.08,1,938.66,43.75,640.37
T,3838209,1,353479058,-1178094180,625726,20989990,3,30,1,-9.849,0.416,0.091,0.005,-0.012,0.005,62.86,1,940.82,43.25,669.26,1,938.64,43.80,640.55
T,3839297,1,353479061,-1178094172,625764,20989990,3,30,1,-9.849,0.388,0.191,0.006,-0.012,0.005,62.66,1,940.80,43.23,669.43,1,938.63,43.74,640.64
T,3840288,1,353479060,-1178094168,625739,20989990,3,30,1,-9.854,0.435,0.239,0.004,-0.012,0.005,62.68,1,940.82,43.23,669.26,1,938.65,43.74,640.46
T,3841273,1,353479062,-1178094165,625750,20989990,3,30,1,-9.839,0.335,0.258,0.005,-0.015,0.005,62.79,1,940.83,43.24,669.17,1,938.69,43.75,640.10
T,3842263,1,353479065,-1178094163,625797,20989990,3,30,1,-9.839,0.402,0.201,0.010,-0.013,0.005,62.75,1,940.85,43.24,668.99,1,938.73,43.74,639.75
T,3843252,1,353479067,-1178094161,625829,20989990,3,30,1,-9.849,0.416,0.230,0.005,-0.013,0.005,62.86,1,940.81,43.26,669.35,1,938.64,43.76,640.55
T,3844240,1,353479068,-1178094157,625857,20989990,3,30,1,-9.854,0.397,0.191,0.005,-0.012,0.005,62.75,1,940.78,43.27,669.61,1,938.60,43.76,640.90
T,3845245,1,353479073,-1178094153,625872,20989990,3,30,1,-9.835,0.392,0.124,0.009,-0.012,0.006,62.72,1,940.80,43.22,669.43,1,938.62,43.67,640.72
T,3846236,1,353479078,-1178094144,625783,20989990,3,30,1,-9.844,0.397,0.096,0.007,-0.015,0.006,62.38,1,940.81,43.17,669.35,1,938.63,43.63,640.64
T,3847222,1,353479081,-1178094137,625696,20989990,3,30,1,-9.830,0.388,-0.010,0.004,-0.012,0.005,62.40,1,940.81,43.19,669.35,1,938.64,43.68,640.55
T,3848211,1,353479084,-1178094132,625705,20989990,3,30,1,-9.854,0.392,0.019,0.007,-0.013,0.005,62.04,1,940.79,43.12,669.52,1,938.69,43.60,640.10
T,3849306,1,353479081,-1178094136,625763,20989990,3,30,1,-9.830,0.340,-0.038,0.004,-0.012,0.006,61.93,1,940.78,43.09,669.61,1,938.65,43.53,640.46
T,3850299,1,353479086,-1178094125,625739,20989990,3,30,1,-9.844,0.397,0.086,0.007,-0.013,0.005,61.92,1,940.77,43.00,669.70,1,938.63,43.44,640.64
T,3851288,1,353479093,-1178094107,625703,20989990,3,30,1,-9.839,0.378,0.067,0.007,-0.012,0.005,62.08,1,940.77,42.99,669.70,1,938.61,43.43,640.81
T,3852276,1,353479103,-1178094085,625623,20989990,3,30,1,-9.801,0.072,0.718,0.000,-0.017,0.009,62.12,1,940.74,42.98,669.96,1,938.60,43.42,640.90
T,3853276,1,353479108,-1178094069,625615,20989990,3,30,1,-9.835,0.397,0.211,0.004,-0.015,0.005,62.16,1,940.78,42.95,669.61,1,938.63,43.45,640.64
T,3854264,1,353479112,-1178094054,625642,20989990,3,30,1,-9.863,0.455,0.230,0.006,-0.011,0.005,62.42,1,940.78,43.01,669.61,1,938.62,43.51,640.72
T,3855252,1,353479116,-1178094043,625675,20989990,3,30,1,-9.815,0.565,0.541,0.011,-0.017,0.005,62.44,1,940.79,43.05,669.52,1,938.64,43.54,640.55
T,3856239,1,353479118,-1178094030,625746,20989990,3,30,1,-9.791,0.507,0.196,0.007,-0.013,0.006,62.38,1,940.77,43.08,669.70,1,938.59,43.55,640.99
T,3857230,1,353479121,-1178094016,625871,20989990,3,30,1,-9.858,0.364,0.273,0.007,-0.021,-0.002,62.16,1,940.78,43.07,669.61,1,938.70,43.50,640.02
T,3858224,1,353479122,-1178094006,625935,20989990,3,30,1,-9.839,0.392,0.057,0.006,-0.012,0.006,62.36,1,940.77,43.08,669.70,1,938.64,43.52,640.55
T,3859209,1,353479121,-1178093998,626002,20989990,3,30,1,-9.830,0.383,0.019,0.007,-0.012,0.005,61.99,1,940.80,43.05,669.43,1,938.67,43.44,640.28
T,3860197,1,353479119,-1178093991,626116,20989990,3,30,1,-9.825,0.469,0.029,0.001,-0.012,0.005,62.16,1,940.78,43.05,669.61,1,938.65,43.44,640.46
T,3861288,1,353479116,-1178093986,626250,20989990,3,30,1,-9.839,0.407,0.134,0.012,-0.012,0.005,62.37,1,940.79,43.06,669.52,1,938.67,43.49,640.28
T,3862275,1,353479114,-1178093981,626360,20989990,3,30,1,-9.835,0.397,0.048,0.005,-0.012,0.005,62.13,1,940.76,43.06,669.79,1,938.69,43.47,640.10
T,3863259,1,353479112,-1178093978,626521,20989990,3,29,1,-9.849,0.378,0.081,0.007,-0.013,0.005,62.13,1,940.76,43.06,669.79,1,938.65,43.46,640.46
T,3864250,1,353479112,-1178093975,626591,20989990,3,30,1,-9.835,0.402,0.100,0.005,-0.013,0.006,62.14,1,940.78,43.06,669.61,1,938.67,43.50,640.28
T,3865237,1,353479110,-1178093975,626637,20989990,3,30,1,-9.839,0.392,0.043,0.007,-0.012,0.005,62.09,1,940.77,43.06,669.70,1,938.61,43.51,640.81
T,3866228,1,353479108,-1178093975,626679,20989990,3,30,1,-9.839,0.368,-0.072,0.006,-0.012,0.005,61.84,1,940.76,43.03,669.79,1,938.63,43.42,640.64
T,3867228,1,353479107,-1178093976,626790,20989990,3,30,1,-9.830,0.378,-0.096,0.005,-0.012,0.006,61.62,1,940.78,42.97,669.61,1,938.66,43.31,640.37
T,3868220,1,353479105,-1178093980,626869,20989990,3,30,1,-9.844,0.373,-0.048,0.004,-0.012,0.006,61.60,1,940.73,42.93,670.05,1,938.63,43.28,640.64
T,3869213,1,353479105,-1178093985,626932,20989990,3,30,1,-9.849,0.364,-0.048,0.005,-0.012,0.005,61.63,1,940.77,42.88,669.70,1,938.61,43.24,640.81
T,3870205,1,353479104,-1178093990,626942,20989990,3,30,1,-9.835,0.383,0.019,0.005,-0.012,0.005,61.71,1,940.79,42.86,669.52,1,938.64,43.20,640.55
T,3871298,1,353479102,-1178093996,626964,20989990,3,30,1,-9.835,0.402,0.053,0.006,-0.012,0.005,61.88,1,940.77,42.88,669.70,1,938.62,43.26,640.72
T,3872286,1,353479102,-1178094000,626958,20989990,3,30,1,-9.844,0.392,0.024,0.006,-0.013,0.005,61.86,1,940.75,42.91,669.88,1,938.60,43.29,640.90
T,3873273,1,353479101,-1178094007,626943,20989990,3,30,1,-9.830,0.383,0.067,0.006,-0.012,0.006,61.93,1,940.79,42.90,669.52,1,938.62,43.26,640.72
T,3874260,1,353479100,-1178094012,626826,20989990,3,30,1,-9.844,0.412,0.258,0.006,-0.015,0.006,62.22,1,940.73,42.93,670.05,1,938.61,43.31,640.81
T,3875256,1,353479101,-1178094017,626687,20989990,3,30,1,-9.858,0.388,0.177,0.004,-0.013,0.005,62.21,1,940.77,42.95,669.70,1,938.63,43.37,640.64
T,3876241,1,353479102,-1178094022,626625,20989990,3,30,1,-9.844,0.421,0.297,0.006,-0.012,0.004,62.56,1,940.76,42.96,669.79,1,938.63,43.41,640.64
T,3877229,1,353479103,-1178094028,626572,20989990,3,30,1,-9.849,0.412,0.325,0.006,-0.013,0.006,62.66,1,940.75,43.00,669.88,1,938.64,43.48,640.55
T,3878216,1,353479107,-1178094034,626432,20989990,3,30,1,-9.849,0.407,0.287,0.005,-0.013,0.005,62.76,1,940.75,43.03,669.88,1,938.60,43.53,640.90
T,3879203,1,353479106,-1178094041,626333,20989990,3,30,1,-9.849,0.421,0.340,0.007,-0.012,0.005,62.90,1,940.79,43.06,669.52,1,938.65,43.58,640.46
T,3880192,1,353479108,-1178094047,626194,20989990,3,30,1,-9.844,0.412,0.335,0.005,-0.015,0.005,62.98,1,940.73,43.09,670.05,1,938.61,43.63,640.81
T,3881283,1,353479108,-1178094058,626111,20989990,3,30,1,-9.858,0.407,0.215,0.006,-0.013,0.005,62.82,1,940.75,43.10,669.88,1,938.60,43.62,640.90
T,3882276,1,353479109,-1178094065,626037,20989990,3,30,1,-9.844,0.402,0.297,0.006,-0.011,0.004,62.84,1,940.74,43.09,669.96,1,938.57,43.63,641.17
T,3883266,1,353479109,-1178094075,626004,20989990,3,30,1,-9.854,0.421,0.301,0.005,-0.013,0.006,63.05,1,940.76,43.12,669.79,1,938.61,43.69,640.81
T,3884252,1,353479108,-1178094086,625961,20989990,3,30,1,-9.844,0.416,0.287,0.009,-0.013,0.006,63.08,1,940.75,43.12,669.88,1,938.58,43.69,641.08
T,3885241,1,353479107,-1178094097,625926,20989990,3,30,1,-9.858,0.412,0.321,0.007,-0.013,0.006,63.10,1,940.74,43.13,669.96,1,938.61,43.69,640.81
T,3886232,1,353479107,-1178094104,625932,20989990,3,30,1,-9.849,0.388,0.325,0.006,-0.012,0.005,63.18,1,940.71,43.16,670.23,1,938.59,43.76,640.99
T,3887224,1,353479108,-1178094115,625856,20989990,3,31,1,-9.849,0.412,0.345,0.006,-0.013,0.005,63.19,1,940.75,43.19,669.88,1,938.57,43.83,641.17
T,3888218,1,353479107,-1178094124,625794,20989990,3,31,1,-9.844,0.426,0.354,0.007,-0.013,0.005,63.29,1,940.71,43.21,670.23,1,938.58,43.87,641.08
T,3889309,1,353479106,-1178094137,625798,20989990,3,31,1,-9.854,0.426,0.345,0.006,-0.012,0.005,63.27,1,940.75,43.23,669.88,1,938.58,43.90,641.08
T,3890198,1,353479107,-1178094147,625784,20989990,3,31,1,-9.854,0.412,0.325,0.005,-0.012,0.005,63.38,1,940.71,43.25,670.23,1,938.52,43.94,641.61
T,3891295,1,353479106,-1178094156,625758,20989990,3,31,1,-9.839,0.416,0.321,0.006,-0.013,0.005,63.30,1,940.72,43.27,670.14,1,938.58,43.94,641.08
T,3892287,1,353479107,-1178094161,625678,20989990,3,31,1,-9.839,0.416,0.287,0.006,-0.012,0.006,63.34,1,940.70,43.29,670.32,1,938.56,43.95,641.26
T,3893277,1,353479107,-1178094169,625700,20989990,3,31,1,-9.839,0.407,0.239,0.005,-0.012,0.006,63.17,1,940.76,43.30,669.79,1,938.58,43.90,641.08
T,3894264,1,353479107,-1178094175,625761,20989990,3,31,1,-9.858,0.407,0.297,0.006,-0.013,0.005,63.16,1,940.69,43.29,670.41,1,938.55,43.85,641.35
T,3895258,1,353479105,-1178094179,625783,20989990,3,31,1,-9.854,0.416,0.321,0.005,-0.012,0.005,63.24,1,940.71,43.30,670.23,1,938.57,43.90,641.17
T,3896252,1,353479105,-1178094181,625798,20989990,3,31,1,-9.854,0.421,0.354,0.006,-0.013,0.006,63.38,1,940.73,43.32,670.05,1,938.56,43.97,641.26
T,3897240,1,353479103,-1178094190,625798,20989990,3,31,1,-9.849,0.416,0.335,0.005,-0.012,0.004,63.43,1,940.69,43.33,670.41,1,938.57,44.03,641.17
T,3898230,1,353479104,-1178094199,625752,20989990,3,31,1,-9.854,0.416,0.354,0.004,-0.013,0.005,63.50,1,940.69,43.36,670.41,1,938.52,44.07,641.61
T,3899322,1,353479105,-1178094203,625754,20989990,3,31,1,-9.839,0.407,0.273,0.007,-0.013,0.005,63.50,1,940.70,43.37,670.32,1,938.56,44.10,641.26
T,3900205,1,353479105,-1178094204,625777,20989990,3,31,1,-9.844,0.421,0.282,0.005,-0.011,0.005,63.37,1,940.72,43.38,670.14,1,938.56,44.08,641.26
T,3901197,1,353479106,-1178094209,625810,20989990,3,31,1,-9.830,0.388,0.244,0.006,-0.013,0.006,63.29,1,940.71,43.39,670.23,1,938.54,44.08,641.43
T,3902290,1,353479108,-1178094210,625832,20989990,3,31,1,-9.839,0.416,0.215,0.007,-0.013,0.006,63.24,1,940.72,43.40,670.14,1,938.63,44.07,640.64
T,3903275,1,353479110,-1178094213,625866,20989990,3,31,1,-9.835,0.421,0.182,0.006,-0.012,0.005,62.97,1,940.76,43.39,669.79,1,938.57,44.05,641.17
T,3904264,1,353479114,-1178094213,625851,20989990,3,31,1,-9.849,0.421,0.100,0.006,-0.012,0.005,62.69,1,940.69,43.34,670.41,1,938.61,43.97,640.81
T,3905256,1,353479117,-1178094213,625911,20989990,3,31,1,-9.839,0.383,0.019,0.006,-0.013,0.005,62.52,1,940.72,43.29,670.14,1,938.61,43.88,640.81
T,3906246,1,353479118,-1178094214,625871,20989990,3,31,1,-9.844,0.402,0.067,0.005,-0.011,0.005,62.61,1,940.73,43.27,670.05,1,938.56,43.83,641.26
T,3907235,1,353479120,-1178094215,625893,20989990,3,31,1,-9.830,0.407,0.048,0.007,-0.013,0.005,62.70,1,940.76,43.30,669.79,1,938.58,43.88,641.08
T,3908223,1,353479121,-1178094213,625908,20989990,3,31,1,-9.839,0.431,0.191,0.006,-0.012,0.005,62.81,1,940.76,43.33,669.79,1,938.60,43.92,640.90
T,3909215,1,353479124,-1178094211,625871,20989990,3,32,1,-9.835,0.373,0.024,0.004,-0.012,0.005,62.63,1,940.76,43.33,669.79,1,938.57,43.91,641.17
T,3910203,1,353479126,-1178094209,625860,20989990,3,31,1,-9.849,0.383,0.091,0.005,-0.013,0.005,62.54,1,940.71,43.29,670.23,1,938.54,43.80,641.43
T,3911295,1,353479129,-1178094208,625880,20989990,3,31,1,-9.844,0.364,0.033,0.001,-0.013,0.005,62.41,1,940.73,43.25,670.05,1,938.60,43.72,640.90
T,3912289,1,353479131,-1178094205,625880,20989990,3,32,1,-9.854,0.407,0.196,0.001,-0.012,0.005,62.55,1,940.76,43.21,669.79,1,938.59,43.73,640.99
T,3913282,1,353479133,-1178094200,625835,20989990,3,31,1,-9.849,0.435,0.129,0.005,-0.012,0.005,62.74,1,940.73,43.26,670.05,1,938.58,43.85,641.08
T,3914271,1,353479135,-1178094194,625820,20989990,3,31,1,-9.835,0.402,-0.067,0.009,-0.012,0.005,62.71,1,940.74,43.28,669.96,1,938.57,43.90,641.17
T,3915264,1,353479133,-1178094193,625861,20989990,3,30,1,-9.844,0.373,-0.072,0.009,-0.012,0.005,62.21,1,940.75,43.23,669.88,1,938.63,43.78,640.64
T,3916259,1,353479132,-1178094190,625869,20989990,3,31,1,-9.839,0.397,-0.086,0.006,-0.012,0.005,62.09,1,940.74,43.19,669.96,1,938.62,43.63,640.72
T,3917257,1,353479132,-1178094187,625849,20989990,3,30,1,-9.844,0.340,-0.038,0.006,-0.015,0.004,62.17,1,940.73,43.21,670.05,1,938.63,43.64,640.64
T,3918258,1,353479134,-1178094183,625799,20989990,3,30,1,-9.839,0.388,-0.081,0.005,-0.013,0.005,62.23,1,940.76,43.23,669.79,1,938.63,43.69,640.64
T,3919259,1,353479137,-1178094178,625706,20989990,3,31,1,-9.839,0.402,0.100,0.007,-0.012,0.005,62.46,1,940.72,43.23,670.14,1,938.55,43.71,641.35
T,3920257,1,353479140,-1178094175,625695,20989990,3,31,1,-9.835,0.426,0.129,0.005,-0.013,0.005,62.48,1,940.71,43.24,670.23,1,938.60,43.74,640.90
T,3921244,1,353479140,-1178094175,625698,20989990,3,31,1,-9.844,0.407,0.110,0.002,-0.012,0.007,62.52,1,940.73,43.26,670.05,1,938.60,43.77,640.90
T,3922234,1,353479139,-1178094177,625767,20989990,3,31,1,-9.844,0.392,0.019,0.006,-0.013,0.005,62.44,1,940.73,43.25,670.05,1,938.61,43.76,640.81
T,3923223,1,353479137,-1178094184,625881,20989990,3,31,1,-9.849,0.383,0.206,0.006,-0.012,0.005,62.59,1,940.69,43.20,670.41,1,938.59,43.73,640.99
T,3924213,1,353479136,-1178094188,625895,20989990,3,31,1,-9.830,0.388,-0.019,0.005,-0.012,0.005,62.29,1,940.73,43.21,670.05,1,938.58,43.71,641.08
T,3925204,1,353479135,-1178094196,625990,20989990,3,31,1,-9.844,0.378,-0.029,0.001,-0.013,0.006,62.18,1,940.77,43.20,669.70,1,938.61,43.71,640.81
T,3926206,1,353479134,-1178094203,626084,20989990,3,31,1,-9.854,0.383,0.048,0.007,-0.012,0.005,62.31,1,940.78,43.19,669.61,1,938.63,43.69,640.64
T,3927193,1,353479132,-1178094210,626180,20989990,3,31,1,-9.844,0.402,0.086,0.005,-0.013,0.005,62.29,1,940.74,43.20,669.96,1,938.60,43.68,640.90
T,3928281,1,353479130,-1178094215,626268,20989990,3,31,1,-9.839,0.378,0.249,0.005,-0.012,0.005,62.71,1,940.71,43.23,670.23,1,938.55,43.73,641.35
T,3929268,1,353479128,-1178094222,626305,20989990,3,31,1,-9.858,0.407,0.345,0.006,-0.013,0.006,63.08,1,940.73,43.28,670.05,1,938.56,43.82,641.26
T,3930261,1,353479127,-1178094230,626355,20989990,3,31,1,-9.844,0.412,0.345,0.005,-0.012,0.005,63.20,1,940.72,43.31,670.14,1,938.59,43.90,640.99
T,3931248,1,353479126,-1178094237,626437,20989990,3,31,1,-9.844,0.397,0.311,0.007,-0.012,0.005,63.20,1,940.73,43.33,670.05,1,938.59,43.92,640.99
T,3932239,1,353479124,-1178094243,626480,20989990,3,31,1,-9.858,0.416,0.258,0.007,-0.012,0.005,63.14,1,940.76,43.34,669.79,1,938.59,43.93,640.99
T,3933228,1,353479120,-1178094250,626528,20989990,3,31,1,-9.839,0.416,0.301,0.007,-0.013,0.004,63.20,1,940.78,43.34,669.61,1,938.63,43.94,640.64
T,3934221,1,353479117,-1178094256,626546,20989990,3,31,1,-9.849,0.421,0.335,0.007,-0.012,0.006,63.27,1,940.73,43.36,670.05,1,938.56,43.96,641.26
T,3935209,1,353479112,-1178094265,626671,20989990,3,31,1,-9.844,0.426,0.335,0.005,-0.012,0.005,63.38,1,940.74,43.37,669.96,1,938.60,43.98,640.90
T,3936306,1,353479107,-1178094273,626803,20989990,3,31,1,-9.849,0.412,0.311,0.007,-0.013,0.006,63.36,1,940.71,43.39,670.23,1,938.58,44.02,641.08
T,3937295,1,353479103,-1178094282,626889,20989990,3,31,1,-9.849,0.407,0.349,0.009,-0.013,0.005,63.41,1,940.72,43.41,670.14,1,938.56,44.05,641.26
T,3938283,1,353479099,-1178094289,626959,20989990,3,31,1,-9.854,0.407,0.340,0.009,-0.012,0.005,63.48,1,940.73,43.44,670.05,1,938.53,44.10,641.52
T,3939270,1,353479094,-1178094295,627098,20989990,3,31,1,-9.854,0.421,0.306,0.004,-0.013,0.006,63.53,1,940.73,43.45,670.05,1,938.56,44.12,641.26
T,3940263,1,353479091,-1178094298,627147,20989990,3,31,1,-9.849,0.421,0.345,0.007,-0.012,0.005,63.62,1,940.69,43.47,670.41,1,938.55,44.15,641.35
T,3941253,1,353479091,-1178094303,627163,20989990,3,31,1,-9.849,0.421,0.354,0.006,-0.011,0.006,63.66,1,940.73,43.49,670.05,1,938.57,44.18,641.17
T,3942242,1,353479092,-1178094306,627173,20989990,3,31,1,-9.858,0.426,0.354,0.005,-0.015,0.005,63.64,1,940.73,43.50,670.05,1,938.57,44.21,641.17
T,3943230,1,353479094,-1178094308,627144,20989990,3,31,1,-9.854,0.412,0.349,0.006,-0.012,0.006,63.69,1,940.71,43.52,670.23,1,938.55,44.24,641.35
T,3944218,1,353479095,-1178094309,627130,20989990,3,31,1,-9.854,0.412,0.330,0.005,-0.013,0.006,63.66,1,940.72,43.53,670.14,1,938.58,44.25,641.08
T,3945208,1,353479096,-1178094310,627126,20989990,3,31,1,-9.849,0.416,0.316,0.006,-0.012,0.006,63.62,1,940.69,43.54,670.41,1,938.56,44.25,641.26
T,3946205,1,353479102,-1178094307,626988,20989990,3,32,1,-9.844,0.431,0.301,0.006,-0.013,0.005,63.66,1,940.69,43.55,670.41,1,938.55,44.25,641.35
T,3947293,1,353479107,-1178094302,626870,20989990,3,32,1,-9.854,0.421,0.340,0.005,-0.013,0.004,63.70,1,940.69,43.56,670.41,1,938.55,44.27,641.35
T,3948283,1,353479109,-1178094300,626856,20989990,3,32,1,-9.854,0.412,0.349,0.005,-0.013,0.005,63.70,1,940.69,43.56,670.41,1,938.55,44.29,641.35
T,3949274,1,353479112,-1178094297,626694,20989990,3,32,1,-9.844,0.421,0.354,0.009,-0.012,0.005,63.75,1,940.69,43.58,670.41,1,938.55,44.32,641.35
T,3950264,1,353479116,-1178094292,626515,20989990,3,32,1,-9.863,0.416,0.335,0.006,-0.012,0.006,63.78,1,940.71,43.59,670.23,1,938.56,44.34,641.26
T,3951253,1,353479120,-1178094288,626417,20989990,3,32,1,-9.849,0.421,0.325,0.006,-0.013,0.005,63.73,1,940.72,43.61,670.14,1,938.50,44.36,641.79
T,3952241,1,353479126,-1178094282,626294,20989990,3,32,1,-9.858,0.412,0.325,0.006,-0.012,0.005,63.79,1,940.68,43.62,670.49,1,938.50,44.36,641.79
T,3953232,1,353479132,-1178094277,626114,20989990,3,32,1,-9.858,0.431,0.282,0.005,-0.012,0.006,63.75,1,940.69,43.64,670.41,1,938.59,44.36,640.99
T,3954228,1,353479133,-1178094276,626042,20989990,3,32,1,-9.849,0.440,0.330,0.006,-0.012,0.005,63.84,1,940.68,43.65,670.49,1,938.54,44.36,641.43
T,3955221,1,353479135,-1178094273,626018,20989990,3,32,1,-9.839,0.426,0.349,0.006,-0.012,0.005,63.88,1,940.71,43.67,670.23,1,938.56,44.39,641.26
T,3956211,1,353479135,-1178094272,626052,20989990,3,31,1,-9.844,0.431,0.297,0.005,-0.013,0.006,63.71,1,940.73,43.67,670.05,1,938.50,44.38,641.79
T,3957198,1,353479137,-1178094269,625970,20989990,3,32,1,-9.839,0.412,0.215,0.005,-0.012,0.006,63.44,1,940.70,43.65,670.32,1,938.57,44.35,641.17
T,3958295,1,353479137,-1178094269,625947,20989990,3,32,1,-9.849,0.388,0.167,0.005,-0.012,0.005,63.34,1,940.70,43.62,670.32,1,938.56,44.29,641.26
T,3959292,1,353479135,-1178094269,625965,20989990,3,32,1,-9.839,0.383,0.144,0.006,-0.013,0.006,63.16,1,940.73,43.57,670.05,1,938.54,44.21,641.43
T,3960279,1,353479133,-1178094273,625949,20989990,3,32,1,-9.849,0.392,0.144,0.009,-0.012,0.005,63.29,1,940.72,43.56,670.14,1,938.55,44.18,641.35
T,3961268,1,353479135,-1178094274,625924,20989990,3,32,1,-9.849,0.397,0.215,0.009,-0.013,0.005,63.36,1,940.70,43.56,670.32,1,938.51,44.21,641.70
T,3962264,1,353479135,-1178094281,625815,20989990,3,32,1,-9.844,0.416,0.196,0.006,-0.013,0.006,63.33,1,940.75,43.56,669.88,1,938.56,44.18,641.26
T,3963265,1,353479134,-1178094286,625728,20989990,3,32,1,-9.844,0.412,0.172,0.005,-0.012,0.005,63.24,1,940.69,43.51,670.41,1,938.55,44.13,641.35
T,3964254,1,353479132,-1178094292,625690,20989990,3,31,1,-9.839,0.402,0.134,0.009,-0.012,0.006,63.14,1,940.69,43.48,670.41,1,938.57,44.11,641.17
T,3965253,1,353479132,-1178094290,625546,20989990,3,32,1,-9.849,0.388,0.024,0.005,-0.011,0.005,62.91,1,940.69,43.43,670.41,1,938.55,44.07,641.35
T,3966245,1,353479131,-1178094293,625446,20989990,3,32,1,-9.858,0.416,0.148,0.007,-0.013,0.005,62.82,1,940.71,43.42,670.23,1,938.53,44.05,641.52
T,3967234,1,353479135,-1178094290,625321,20989990,3,32,1,-9.854,0.402,0.182,0.006,-0.013,0.005,62.98,1,940.70,43.41,670.32,1,938.54,44.05,641.43
T,3968223,1,353479139,-1178094285,625201,20989990,3,32,1,-9.839,0.378,0.148,0.004,-0.012,0.007,62.95,1,940.66,43.36,670.67,1,938.56,44.07,641.26
T,3969214,1,353479134,-1178094289,625233,20989990,3,31,1,-9.844,0.407,0.187,0.005,-0.012,0.005,63.01,1,940.66,43.35,670.67,1,938.56,44.03,641.26
T,3970207,1,353479128,-1178094294,625236,20989990,3,32,1,-9.854,0.397,0.196,0.006,-0.012,0.005,63.15,1,940.65,43.36,670.76,1,938.56,44.05,641.26
T,3971294,1,353479124,-1178094296,625220,20989990,3,32,1,-9.854,0.412,0.254,0.006,-0.011,0.006,63.21,1,940.71,43.36,670.23,1,938.53,44.06,641.52
T,3972288,1,353479123,-1178094292,625171,20989990,3,32,1,-9.844,0.421,0.311,0.005,-0.012,0.005,63.45,1,940.71,43.41,670.23,1,938.54,44.11,641.43
T,3973275,1,353479123,-1178094288,625098,20989990,3,32,1,-9.854,0.412,0.306,0.006,-0.015,0.005,63.52,1,940.72,43.47,670.14,1,938.55,44.18,641.35
T,3974264,1,353479119,-1178094286,625145,20989990,3,32,1,-9.854,0.407,0.278,0.006,-0.013,0.005,63.59,1,940.67,43.51,670.58,1,938.53,44.23,641.52
T,3975257,1,353479118,-1178094279,625196,20989990,3,32,1,-9.858,0.407,0.220,0.004,-0.012,0.006,63.46,1,940.74,43.53,669.96,1,938.54,44.24,641.43
T,3976246,1,353479117,-1178094272,625209,20989990,3,32,1,-9.854,0.421,0.263,0.005,-0.012,0.006,63.47,1,940.69,43.54,670.41,1,938.54,44.22,641.43
T,3977240,1,353479116,-1178094266,625212,20989990,3,32,1,-9.844,0.421,0.258,0.006,-0.012,0.006,63.55,1,940.68,43.54,670.49,1,938.52,44.25,641.61
T,3978231,1,353479116,-1178094263,625188,20989990,3,32,1,-9.839,0.421,0.345,0.006,-0.013,0.005,63.69,1,940.71,43.57,670.23,1,938.55,44.29,641.35
T,3979220,1,353479115,-1178094258,625131,20989990,3,32,1,-9.844,0.421,0.306,0.005,-0.013,0.005,63.70,1,940.67,43.60,670.58,1,938.53,44.33,641.52
T,3980214,1,353479115,-1178094254,625090,20989990,3,32,1,-9.849,0.421,0.325,0.006,-0.012,0.005,63.76,1,940.69,43.61,670.41,1,938.53,44.35,641.52
T,3981202,1,353479112,-1178094256,625053,20989990,3,31,1,-9.844,0.412,0.249,0.005,-0.012,0.006,63.70,1,940.69,43.62,670.41,1,938.55,44.35,641.35
T,3982191,1,353479108,-1178094256,624982,20989990,3,32,1,-9.849,0.397,0.220,0.007,-0.012,0.005,63.48,1,940.69,43.61,670.41,1,938.55,44.28,641.35
T,3983283,1,353479103,-1178094258,624922,20989990,3,32,1,-9.854,0.407,0.268,0.005,-0.012,0.006,63.50,1,940.67,43.62,670.58,1,938.51,44.27,641.70
T,3984270,1,353479100,-1178094260,624871,20989990,3,32,1,-9.839,0.402,0.144,0.006,-0.013,0.006,63.36,1,940.71,43.60,670.23,1,938.53,44.19,641.52
T,3985256,1,353479100,-1178094261,624853,20989990,3,32,1,-9.849,0.402,0.134,0.006,-0.013,0.007,63.16,1,940.65,43.58,670.76,1,938.51,44.13,641.70
T,3986248,1,353479094,-1178094264,624982,20989990,3,32,1,-9.835,0.407,0.148,0.005,-0.012,0.006,63.14,1,940.65,43.53,670.76,1,938.51,44.08,641.70
T,3987236,1,353479096,-1178094261,625001,20989990,3,32,1,-9.844,0.402,0.110,0.005,-0.012,0.006,63.16,1,940.67,43.55,670.58,1,938.53,44.08,641.52
T,3988224,1,353479096,-1178094264,625039,20989990,3,32,1,-9.844,0.397,0.096,0.007,-0.012,0.005,63.09,1,940.69,43.55,670.41,1,938.53,44.08,641.52
T,3989317,1,353479097,-1178094267,625041,20989990,3,32,1,-9.839,0.397,0.134,0.005,-0.012,0.006,63.04,1,940.69,43.53,670.41,1,938.54,44.06,641.43
T,3990220,1,353479100,-1178094268,624989,20989990,3,32,1,-9.835,0.388,0.172,0.007,-0.013,0.005,63.17,1,940.71,43.55,670.23,1,938.52,44.11,641.61
T,3991212,1,353479102,-1178094273,624947,20989990,3,32,1,-9.849,0.426,0.306,0.007,-0.012,0.006,63.55,1,940.71,43.59,670.23,1,938.53,44.20,641.52
T,3992308,1,353479106,-1178094272,624896,20989990,3,32,1,-9.854,0.426,0.330,0.004,-0.012,0.005,63.75,1,940.71,43.63,670.23,1,938.53,44.30,641.52
T,3993298,1,353479106,-1178094276,624855,20989990,3,32,1,-9.839,0.412,0.263,0.006,-0.013,0.005,63.64,1,940.71,43.66,670.23,1,938.53,44.32,641.52
T,3994284,1,353479107,-1178094279,624839,20989990,3,32,1,-9.849,0.431,0.325,0.005,-0.012,0.006,63.72,1,940.71,43.68,670.23,1,938.53,44.33,641.52
T,3995271,1,353479107,-1178094285,624796,20989990,3,32,1,-9.849,0.421,0.316,0.005,-0.013,0.005,63.72,1,940.70,43.70,670.32,1,938.51,44.34,641.70
T,3996257,1,353479108,-1178094290,624722,20989990,3,32,1,-9.844,0.416,0.297,0.005,-0.012,0.005,63.72,1,940.64,43.69,670.85,1,938.57,44.33,641.17
T,3997248,1,353479111,-1178094292,624610,20989990,3,32,1,-9.844,0.412,0.330,0.007,-0.015,0.006,63.77,1,940.70,43.71,670.32,1,938.52,44.35,641.61
T,3998233,1,353479109,-1178094298,624563,20989990,3,32,1,-9.854,0.402,0.335,0.005,-0.012,0.006,63.92,1,940.73,43.73,670.05,1,938.56,44.41,641.26
T,3999222,1,353479110,-1178094303,624544,20989990,3,32,1,-9.849,0.412,0.278,0.006,-0.013,0.006,63.83,1,940.72,43.75,670.14,1,938.56,44.41,641.26
T,4000209,1,353479108,-1178094306,624495,20989990,3,32,1,-9.849,0.402,0.354,0.009,-0.013,0.005,63.90,1,940.70,43.73,670.32,1,938.53,44.38,641.52
T,4001193,1,353479107,-1178094307,624413,20989990,3,32,1,-9.844,0.407,0.311,0.007,-0.013,0.005,64.01,1,940.66,43.78,670.67,1,938.54,44.46,641.43
T,4002288,1,353479107,-1178094308,624406,20989990,3,32,1,-9.849,0.416,0.292,0.007,-0.013,0.006,63.96,1,940.68,43.76,670.49,1,938.54,44.46,641.43
T,4003278,1,353479107,-1178094309,624448,20989990,3,32,1,-9.854,0.416,0.345,0.006,-0.013,0.006,64.04,1,940.69,43.76,670.41,1,938.53,44.47,641.52
T,4004267,1,353479109,-1178094307,624463,20989990,3,32,1,-10.026,0.531,0.120,0.006,-0.009,0.001,64.10,1,940.69,43.80,670.41,1,938.57,44.53,641.17
T,4005261,1,353479113,-1178094305,624342,20989990,3,32,1,-9.849,0.397,0.345,0.011,-0.011,0.007,64.13,1,940.71,43.82,670.23,1,938.58,44.57,641.08
T,4006253,1,353479117,-1178094306,624231,20989990,3,32,1,-9.830,0.531,0.469,0.009,-0.012,0.005,64.13,1,940.72,43.84,670.14,1,938.53,44.59,641.52
T,4007243,1,353479121,-1178094305,624232,20989990,3,32,1,-9.858,0.349,0.287,0.004,-0.010,0.005,63.90,1,940.66,43.84,670.67,1,938.53,44.55,641.52
T,4008234,1,353479120,-1178094305,624242,20989990,3,32,1,-9.839,0.445,0.167,0.007,-0.016,0.005,63.69,1,940.67,43.82,670.58,1,938.53,44.50,641.52
T,4009224,1,353479117,-1178094305,624281,20989990,3,32,1,-9.849,0.397,0.273,0.005,-0.012,0.006,63.69,1,940.72,43.81,670.14,1,938.53,44.46,641.52
T,4010311,1,353479116,-1178094305,624298,20989990,3,32,1,-9.835,0.416,0.215,0.006,-0.012,0.005,63.83,1,940.72,43.84,670.14,1,938.56,44.50,641.26
T,4011303,1,353479117,-1178094308,624199,20989990,3,32,1,-9.849,0.407,0.311,0.006,-0.013,0.005,63.98,1,940.73,43.87,670.05,1,938.54,44.52,641.43
T,4012296,1,353479120,-1178094313,624090,20989990,3,32,1,-9.849,0.421,0.167,0.002,-0.012,0.006,63.86,1,940.72,43.88,670.14,1,938.58,44.53,641.08
T,4013284,1,353479121,-1178094316,623964,20989990,3,32,1,-9.839,0.392,0.110,0.005,-0.012,0.006,63.57,1,940.67,43.86,670.58,1,938.55,44.48,641.35
T,4014271,1,353479121,-1178094318,623813,20989990,3,32,1,-9.839,0.388,-0.024,0.006,-0.012,0.006,63.23,1,940.72,43.85,670.14,1,938.52,44.42,641.61
T,4015266,1,353479122,-1178094322,623693,20989990,3,32,1,-9.835,0.455,0.072,0.006,-0.013,0.006,63.29,1,940.72,43.85,670.14,1,938.53,44.40,641.52
T,4016259,1,353479124,-1178094324,623589,20989990,3,32,1,-9.835,0.402,-0.014,0.007,-0.011,0.005,63.05,1,940.72,43.81,670.14,1,938.53,44.33,641.52
T,4017254,1,353479127,-1178094328,623472,20989990,3,32,1,-9.825,0.368,-0.086,0.006,-0.013,0.005,62.77,1,940.70,43.74,670.32,1,938.58,44.20,641.08
T,4018251,1,353479128,-1178094331,623432,20989990,3,32,1,-9.844,0.378,0.100,0.005,-0.012,0.006,62.77,1,940.69,43.67,670.41,1,938.51,44.13,641.70
T,4019238,1,353479129,-1178094334,623419,20989990,3,32,1,-9.849,0.368,0.134,0.009,-0.012,0.005,62.94,1,940.68,43.60,670.49,1,938.54,44.14,641.43
T,4020231,1,353479131,-1178094333,623406,20989990,3,32,1,-9.835,0.378,0.000,0.011,-0.013,0.005,63.05,1,940.68,43.55,670.49,1,938.58,44.11,641.08
T,4021217,1,353479132,-1178094333,623411,20989990,3,32,1,-9.839,0.412,0.110,0.012,-0.013,0.005,62.90,1,940.72,43.53,670.14,1,938.55,44.07,641.35
T,4022204,1,353479129,-1178094328,623629,20989990,3,32,1,-9.849,0.345,0.134,0.010,-0.012,0.004,63.04,1,940.70,43.48,670.32,1,938.57,44.06,641.17
T,4023294,1,353479129,-1178094326,623627,20989990,3,32,1,-9.844,0.407,0.177,0.006,-0.013,0.006,63.04,1,940.67,43.50,670.58,1,938.51,44.05,641.70
T,4024178,1,353479130,-1178094326,623656,20989990,3,32,1,-9.844,0.450,0.072,0.010,-0.013,0.005,63.10,1,940.70,43.50,670.32,1,938.59,44.08,640.99
T,4025270,1,353479131,-1178094324,623641,20989990,3,32,1,-9.844,0.426,0.182,0.006,-0.013,0.006,62.92,1,940.71,43.47,670.23,1,938.57,44.09,641.17
T,4026257,1,353479133,-1178094323,623659,20989990,3,31,1,-9.825,0.402,-0.019,0.004,-0.012,0.005,62.71,1,940.75,43.43,669.88,1,938.58,44.03,641.08
T,4027253,1,353479136,-1178094324,623703,20989990,3,31,1,-9.849,0.431,0.167,0.002,-0.013,0.006,62.87,1,940.68,43.44,670.49,1,938.54,44.01,641.43
T,4028240,1,353479143,-1178094326,623701,20989990,3,32,1,-9.863,0.378,0.057,0.006,-0.012,0.006,62.84,1,940.68,43.43,670.49,1,938.55,44.01,641.35
T,4029230,1,353479149,-1178094331,623684,20989990,3,32,1,-9.815,0.421,-0.072,0.006,-0.013,0.005,62.68,1,940.71,43.40,670.23,1,938.57,44.01,641.17
T,4030222,1,353479154,-1178094337,623751,20989990,3,32,1,-9.820,0.383,-0.057,0.005,-0.012,0.006,62.29,1,940.74,43.32,669.96,1,938.55,43.96,641.35
T,4031215,1,353479159,-1178094342,623735,20989990,3,31,1,-9.835,0.373,-0.048,0.004,-0.011,0.005,62.20,1,940.72,43.24,670.14,1,938.58,43.94,641.08
T,4032211,1,353479165,-1178094345,623730,20989990,3,31,1,-9.830,0.364,-0.043,0.006,-0.012,0.005,62.14,1,940.67,43.21,670.58,1,938.58,43.93,641.08
T,4033204,1,353479169,-1178094350,623727,20989990,3,32,1,-9.815,0.349,-0.096,0.009,-0.012,0.005,62.14,1,940.68,43.17,670.49,1,938.58,43.92,641.08
T,4034196,1,353479171,-1178094351,623798,20989990,3,32,1,-9.844,0.397,-0.038,0.005,-0.011,0.006,62.07,1,940.70,43.14,670.32,1,938.60,43.88,640.90
T,4035296,1,353479174,-1178094350,623945,20989990,3,32,1,-9.835,0.354,-0.053,0.006,-0.012,0.005,62.08,1,940.75,43.13,669.88,1,938.60,43.86,640.90
T,4036289,1,353479176,-1178094349,624135,20989990,3,32,1,-9.844,0.378,-0.043,0.005,-0.012,0.005,62.10,1,940.66,43.09,670.67,1,938.56,43.78,641.26
T,4037284,1,353479178,-1178094349,624200,20989990,3,32,1,-9.835,0.383,-0.081,0.006,-0.012,0.005,61.96,1,940.69,43.04,670.41,1,938.54,43.75,641.43
T,4038279,1,353479180,-1178094348,624233,20989990,3,32,1,-9.830,0.368,-0.062,0.007,-0.013,0.005,61.88,1,940.73,43.00,670.05,1,938.54,43.74,641.43
T,4039277,1,353479183,-1178094347,624270,20989990,3,32,1,-9.839,0.392,-0.057,0.009,-0.012,0.005,61.86,1,940.73,42.96,670.05,1,938.59,43.72,640.99
T,4040271,1,353479184,-1178094346,624413,20989990,3,32,1,-9.844,0.383,-0.077,0.006,-0.012,0.006,61.86,1,940.71,42.94,670.23,1,938.56,43.62,641.26
T,4041262,1,353479187,-1178094344,624455,20989990,3,31,1,-9.835,0.345,-0.086,0.006,-0.013,0.005,61.84,1,940.71,42.95,670.23,1,938.57,43.52,641.17
T,4042256,1,353479187,-1178094343,624597,20989990,3,32,1,-9.844,0.354,-0.148,0.006,-0.012,0.007,61.84,1,940.73,42.99,670.05,1,938.58,43.49,641.08
T,4043250,1,353479186,-1178094344,624685,20989990,3,32,1,-9.835,0.354,0.014,0.006,-0.013,0.005,61.79,1,940.73,43.00,670.05,1,938.59,43.46,640.99
T,4044239,1,353479184,-1178094346,624749,20989990,3,32,1,-9.849,0.388,0.096,0.006,-0.012,0.006,62.15,1,940.75,43.06,669.88,1,938.59,43.56,640.99
T,4045229,1,353479184,-1178094347,624723,20989990,3,32,1,-9.849,0.383,0.014,0.005,-0.013,0.005,62.01,1,940.74,43.07,669.96,1,938.57,43.56,641.17
T,4046218,1,353479183,-1178094345,624707,20989990,3,32,1,-9.830,0.368,-0.072,0.007,-0.012,0.005,61.97,1,940.73,43.04,670.05,1,938.53,43.54,641.52
T,4047208,1,353479181,-1178094342,624721,20989990,3,32,1,-9.835,0.388,-0.043,0.007,-0.012,0.005,61.93,1,940.71,43.00,670.23,1,938.56,43.56,641.26
T,4048200,1,353479180,-1178094341,624762,20989990,3,32,1,-9.835,0.388,-0.029,0.006,-0.012,0.005,61.98,1,940.71,43.00,670.23,1,938.54,43.57,641.43
T,4049304,1,353479179,-1178094340,624825,20989990,3,32,1,-9.844,0.412,-0.067,0.006,-0.012,0.007,62.05,1,940.75,43.03,669.88,1,938.54,43.62,641.43
T,4050195,1,353479179,-1178094340,624853,20989990,3,32,1,-9.835,0.373,-0.072,0.006,-0.011,0.005,62.10,1,940.76,43.05,669.79,1,938.60,43.63,640.90
T,4051187,1,353479179,-1178094339,624905,20989990,3,32,1,-9.825,0.364,-0.134,0.002,-0.012,0.005,61.87,1,940.74,43.04,669.96,1,938.58,43.59,641.08
T,4052178,1,353479178,-1178094340,624939,20989990,3,32,1,-9.839,0.445,-0.048,0.005,-0.012,0.006,61.63,1,940.73,42.97,670.05,1,938.60,43.53,640.90
T,4053345,1,353479180,-1178094341,624928,20989990,3,31,1,-9.825,0.383,-0.124,0.009,-0.013,0.005,61.68,1,940.74,42.96,669.96,1,938.59,43.51,640.99
T,4054237,1,353479180,-1178094343,624996,20989990,3,32,1,-9.825,0.354,-0.067,0.007,-0.013,0.005,61.94,1,940.74,42.99,669.96,1,938.61,43.56,640.81
T,4055229,1,353479180,-1178094342,625005,20989990,3,32,1,-9.839,0.402,0.029,0.005,-0.013,0.006,61.98,1,940.69,42.98,670.41,1,938.55,43.60,641.35
T,4056221,1,353479181,-1178094342,624972,20989990,3,32,1,-9.830,0.383,-0.062,0.005,-0.012,0.005,61.84,1,940.72,42.93,670.14,1,938.56,43.57,641.26
T,4057213,1,353479181,-1178094339,624946,20989990,3,32,1,-9.825,0.373,-0.053,0.001,-0.013,0.005,61.75,1,940.71,42.86,670.23,1,938.59,43.52,640.99
T,4058212,1,353479181,-1178094338,624927,20989990,3,32,1,-9.835,0.392,0.033,0.005,-0.012,0.005,61.95,1,940.68,42.85,670.49,1,938.59,43.56,640.99
T,4059301,1,353479182,-1178094340,624867,20989990,3,32,1,-9.835,0.397,0.014,0.006,-0.012,0.006,62.03,1,940.70,42.86,670.32,1,938.54,43.57,641.43
T,4060191,1,353479184,-1178094341,624828,20989990,3,31,1,-9.849,0.383,0.081,0.005,-0.012,0.005,62.04,1,940.69,42.81,670.41,1,938.52,43.52,641.61
T,4061279,1,353479185,-1178094342,624887,20989990,3,32,1,-9.830,0.383,-0.024,0.005,-0.012,0.006,61.96,1,940.71,42.81,670.23,1,938.53,43.49,641.52
T,4062273,1,353479184,-1178094344,624916,20989990,3,32,1,-9.839,0.397,0.005,0.005,-0.012,0.005,61.86,1,940.70,42.82,670.32,1,938.56,43.47,641.26
T,4063263,1,353479186,-1178094345,624873,20989990,3,31,1,-9.839,0.402,0.019,0.005,-0.011,0.005,62.09,1,940.67,42.83,670.58,1,938.52,43.52,641.61
T,4064252,1,353479187,-1178094346,624798,20989990,3,32,1,-9.839,0.388,0.072,0.004,-0.013,0.004,62.11,1,940.68,42.80,670.49,1,938.58,43.52,641.08
T,4065241,1,353479190,-1178094347,624675,20989990,3,32,1,-9.839,0.378,0.062,0.005,-0.012,0.005,62.00,1,940.66,42.77,670.67,1,938.57,43.46,641.17
T,4066231,1,353479192,-1178094349,624630,20989990,3,32,1,-9.835,0.383,0.067,0.006,-0.012,0.005,62.06,1,940.70,42.75,670.32,1,938.55,43.45,641.35
T,4067218,1,353479192,-1178094349,624604,20989990,3,32,1,-9.835,0.397,0.105,0.004,-0.012,0.005,61.99,1,940.68,42.72,670.49,1,938.59,43.46,640.99
T,4068204,1,353479193,-1178094347,624621,20989990,3,32,1,-9.844,0.368,0.086,0.009,-0.013,0.005,62.12,1,940.67,42.74,670.58,1,938.51,43.48,641.70
T,4069302,1,353479192,-1178094347,624690,20989990,3,32,1,-9.839,0.388,0.120,0.007,-0.012,0.005,62.16,1,940.69,42.75,670.41,1,938.55,43.43,641.35
T,4070295,1,353479193,-1178094350,624721,20989990,3,32,1,-9.849,0.412,0.187,0.005,-0.012,0.005,62.33,1,940.70,42.76,670.32,1,938.52,43.43,641.61
T,4071283,1,353479192,-1178094349,624842,20989990,3,32,1,-9.844,0.388,0.158,0.007,-0.013,0.005,62.35,1,940.69,42.76,670.41,1,938.54,43.44,641.43
T,4072273,1,353479192,-1178094348,624866,20989990,3,32,1,-9.815,0.057,0.005,0.007,-0.012,0.004,62.15,1,940.71,42.72,670.23,1,938.49,43.40,641.88
T,4073261,1,353479191,-1178094348,624953,20989990,3,32,1,-9.878,0.292,-0.043,0.009,-0.011,0.004,62.09,1,940.68,42.70,670.49,1,938.50,43.35,641.79
T,4074266,1,353479190,-1178094349,625076,20989990,3,32,1,-9.825,0.627,0.024,0.009,-0.007,0.012,62.18,1,940.66,42.72,670.67,1,938.55,43.35,641.35
T,4075255,1,353479187,-1178094351,625211,20989990,3,31,1,-9.839,0.416,0.053,0.007,-0.013,0.006,62.16,1,940.64,42.75,670.85,1,938.54,43.38,641.43
T,4076243,1,353479185,-1178094354,625335,20989990,3,31,1,-9.835,0.383,0.081,0.006,-0.012,0.005,61.98,1,940.72,42.74,670.14,1,938.50,43.40,641.79
T,4077231,1,353479183,-1178094356,625430,20989990,3,31,1,-9.835,0.373,0.038,0.004,-0.013,0.004,62.13,1,940.67,42.69,670.58,1,938.49,43.37,641.88
T,4078220,1,353479181,-1178094358,625509,20989990,3,31,1,-9.830,0.431,0.048,0.005,-0.013,0.005,62.08,1,940.72,42.68,670.14,1,938.54,43.40,641.43
T,4079215,1,353479180,-1178094360,625589,20989990,3,31,1,-9.835,0.407,0.096,0.001,-0.012,0.005,62.14,1,940.72,42.67,670.14,1,938.52,43.42,641.61
T,4080201,1,353479178,-1178094363,625687,20989990,3,32,1,-9.830,0.402,0.010,0.005,-0.013,0.006,62.16,1,940.69,42.62,670.41,1,938.56,43.39,641.26
T,4081292,1,353479174,-1178094369,625807,20989990,3,32,1,-9.839,0.402,-0.010,0.006,-0.013,0.005,61.96,1,940.70,42.62,670.32,1,938.56,43.35,641.26
T,4082285,1,353479172,-1178094373,625924,20989990,3,31,1,-9.839,0.378,0.005,0.005,-0.013,0.006,61.84,1,940.73,42.59,670.05,1,938.51,43.27,641.70
T,4083273,1,353479172,-1178094372,626030,20989990,3,32,1,-9.844,0.416,0.043,0.006,-0.013,0.005,61.80,1,940.76,42.59,669.79,1,938.53,43.22,641.52
T,4084261,1,353479171,-1178094372,626079,20989990,3,32,1,-9.839,0.378,-0.019,0.006,-0.011,0.005,61.83,1,940.67,42.59,670.58,1,938.50,43.17,641.79
T,4085258,1,353479170,-1178094372,626121,20989990,3,32,1,-9.835,0.378,0.038,0.007,-0.012,0.005,61.87,1,940.64,42.63,670.85,1,938.51,43.18,641.70
T,4086247,1,353479167,-1178094375,626202,20989990,3,31,1,-9.835,0.416,0.029,0.004,-0.012,0.005,61.95,1,940.67,42.65,670.58,1,938.58,43.20,641.08
T,4087235,1,353479165,-1178094378,626258,20989990,3,32,1,-9.830,0.546,0.144,0.007,-0.011,0.009,62.12,1,940.65,42.69,670.76,1,938.55,43.28,641.35
T,4088326,1,353479163,-1178094378,626344,20989990,3,32,1,-9.849,0.368,0.000,0.005,-0.012,0.004,62.09,1,940.71,42.72,670.23,1,938.55,43.32,641.35
T,4089211,1,353479161,-1178094382,626397,20989990,3,32,1,-9.806,0.421,0.057,0.001,-0.015,0.006,61.87,1,940.66,42.71,670.67,1,938.56,43.28,641.26
T,4090304,1,353479160,-1178094383,626455,20989990,3,32,1,-9.830,0.498,0.000,0.007,-0.013,0.007,62.05,1,940.70,42.73,670.32,1,938.54,43.34,641.43
T,4091301,1,353479156,-1178094386,626597,20989990,3,32,1,-9.849,0.373,0.144,0.007,-0.012,0.005,62.05,1,940.69,42.69,670.41,1,938.57,43.37,641.17
T,4092188,1,353479154,-1178094390,626699,20989990,3,32,1,-9.835,0.431,-0.014,0.009,-0.012,0.005,62.05,1,940.67,42.68,670.58,1,938.52,43.33,641.61
T,4093283,1,353479150,-1178094394,626826,20989990,3,32,1,-9.839,0.373,-0.005,0.010,-0.013,0.004,61.92,1,940.72,42.67,670.14,1,938.54,43.27,641.43
T,4094276,1,353479146,-1178094400,626942,20989990,3,32,1,-9.835,0.364,0.019,0.009,-0.012,0.005,61.88,1,940.69,42.66,670.41,1,938.52,43.27,641.61
T,4095269,1,353479144,-1178094404,626961,20989990,3,31,1,-9.849,0.373,-0.014,0.007,-0.012,0.005,61.76,1,940.72,42.61,670.14,1,938.54,43.22,641.43
T,4096261,1,353479141,-1178094409,627078,20989990,3,32,1,-9.844,0.364,0.062,0.007,-0.012,0.006,61.96,1,940.67,42.59,670.58,1,938.56,43.21,641.26
T,4097251,1,353479139,-1178094412,627164,20989990,3,32,1,-9.849,0.349,0.053,0.006,-0.013,0.005,61.87,1,940.70,42.60,670.32,1,938.50,43.22,641.79
T,4098242,1,353479138,-1178094414,627238,20989990,3,32,1,-9.849,0.368,0.144,0.005,-0.012,0.006,61.96,1,940.69,42.58,670.41,1,938.56,43.18,641.26
T,4099230,1,353479135,-1178094415,627344,20989990,3,32,1,-9.844,0.431,0.105,0.006,-0.012,0.005,62.05,1,940.68,42.56,670.49,1,938.53,43.18,641.52
T,4100225,1,353479132,-1178094417,627482,20989990,3,32,1,-9.849,0.431,0.072,0.004,-0.013,0.005,62.08,1,940.67,42.55,670.58,1,938.54,43.25,641.43
T,4101220,1,353479128,-1178094416,627702,20989990,3,32,1,-9.839,0.407,0.172,0.010,-0.011,0.006,62.10,1,940.65,42.52,670.76,1,938.50,43.29,641.79
T,4102211,1,353479125,-1178094418,627750,20989990,3,31,1,-9.839,0.392,0.144,0.006,-0.012,0.005,62.04,1,940.68,42.51,670.49,1,938.57,43.29,641.17
T,4103298,1,353479122,-1178094419,627805,20989990,3,32,1,-9.825,0.364,0.033,0.004,-0.013,0.006,61.86,1,940.68,42.46,670.49,1,938.57,43.28,641.17
T,4104195,1,353479118,-1178094422,627883,20989990,3,32,1,-9.835,0.421,0.081,0.007,-0.012,0.006,61.88,1,940.70,42.43,670.32,1,938.50,43.28,641.79
T,4105286,1,353479116,-1178094425,627900,20989990,3,31,1,-9.849,0.416,0.177,0.004,-0.013,0.005,62.03,1,940.70,42.46,670.32,1,938.47,43.31,642.05
T,4106271,1,353479113,-1178094427,627915,20989990,3,32,1,-9.835,0.388,0.177,0.010,-0.013,0.005,62.04,1,940.70,42.45,670.32,1,938.53,43.30,641.52
T,4107257,1,353479111,-1178094428,627971,20989990,3,32,1,-9.844,0.373,0.091,0.009,-0.012,0.005,61.92,1,940.64,42.43,670.85,1,938.56,43.32,641.26
T,4108244,1,353479108,-1178094427,628072,20989990,3,32,1,-9.839,0.412,0.048,0.009,-0.012,0.005,61.73,1,940.68,42.38,670.49,1,938.51,43.30,641.70
T,4109232,1,353479106,-1178094425,628154,20989990,3,32,1,-9.835,0.392,0.053,0.010,-0.013,0.004,61.77,1,940.67,42.36,670.58,1,938.52,43.29,641.61
T,4110218,1,353479105,-1178094421,628223,20989990,3,32,1,-9.849,0.397,0.091,0.004,-0.013,0.005,61.88,1,940.64,42.39,670.85,1,938.54,43.32,641.43
T,4111204,1,353479104,-1178094416,628200,20989990,3,31,1,-9.830,0.354,0.067,0.009,-0.012,0.005,61.92,1,940.70,42.43,670.32,1,938.52,43.35,641.61
T,4112205,1,353479104,-1178094412,628181,20989990,3,32,1,-9.844,0.412,0.077,0.002,-0.012,0.005,61.88,1,940.69,42.42,670.41,1,938.56,43.35,641.26
T,4113291,1,353479104,-1178094410,628145,20989990,3,32,1,-9.839,0.354,0.053,0.004,-0.012,0.006,61.88,1,940.69,42.41,670.41,1,938.53,43.34,641.52
T,4114275,1,353479104,-1178094407,628135,20989990,3,32,1,-9.830,0.407,-0.038,0.006,-0.013,0.005,61.65,1,940.71,42.40,670.23,1,938.56,43.31,641.26
T,4115268,1,353479107,-1178094403,628039,20989990,3,32,1,-9.839,0.373,0.043,0.004,-0.012,0.005,61.63,1,940.66,42.36,670.67,1,938.53,43.26,641.52
T,4116272,1,353479110,-1178094397,627956,20989990,3,31,1,-9.839,0.345,0.124,0.009,-0.012,0.004,61.89,1,940.70,42.37,670.32,1,938.51,43.22,641.70
T,4117262,1,353479111,-1178094394,627875,20989990,3,30,1,-9.825,0.407,0.053,0.007,-0.013,0.006,61.88,1,940.68,42.38,670.49,1,938.56,43.22,641.26
T,4118248,1,353479114,-1178094389,627747,20989990,3,32,1,-9.844,0.349,0.048,0.004,-0.012,0.005,61.84,1,940.71,42.39,670.23,1,938.53,43.24,641.52
T,4119235,1,353479114,-1178094384,627732,20989990,3,32,1,-9.830,0.416,0.091,0.004,-0.012,0.005,61.86,1,940.67,42.39,670.58,1,938.56,43.24,641.26
T,4120222,1,353479116,-1178094383,627727,20989990,3,32,1,-9.839,0.378,0.081,0.007,-0.012,0.005,61.88,1,940.65,42.35,670.76,1,938.51,43.22,641.70
T,4121211,1,353479116,-1178094378,627719,20989990,3,32,1,-9.858,0.378,0.124,0.005,-0.013,0.005,61.98,1,940.73,42.34,670.05,1,938.53,43.23,641.52
T,4122198,1,353479115,-1178094374,627699,20989990,3,32,1,-9.854,0.378,0.182,0.007,-0.013,0.006,62.06,1,940.72,42.37,670.14,1,938.52,43.25,641.61
T,4123185,1,353479114,-1178094371,627682,20989990,3,31,1,-9.854,0.407,0.148,0.006,-0.012,0.006,62.11,1,940.66,42.38,670.67,1,938.50,43.29,641.79
T,4124272,1,353479114,-1178094366,627667,20989990,3,32,1,-9.854,0.392,0.249,0.009,-0.012,0.006,62.14,1,940.71,42.42,670.23,1,938.47,43.28,642.05
T,4125260,1,353479115,-1178094362,627652,20989990,3,32,1,-9.844,0.373,0.163,0.006,-0.012,0.004,62.16,1,940.73,42.43,670.05,1,938.55,43.32,641.35
T,4126249,1,353479115,-1178094358,627652,20989990,3,32,1,-9.849,0.397,0.177,0.006,-0.013,0.005,62.24,1,940.68,42.46,670.49,1,938.50,43.36,641.79
T,4127237,1,353479115,-1178094356,627677,20989990,3,32,1,-9.839,0.378,0.177,0.006,-0.011,0.005,62.21,1,940.64,42.45,670.85,1,938.54,43.34,641.43
T,4128222,1,353479116,-1178094355,627704,20989990,3,32,1,-9.844,0.402,0.211,0.006,-0.012,0.005,62.28,1,940.65,42.46,670.76,1,938.54,43.33,641.43
T,4129211,1,353479116,-1178094352,627728,20989990,3,32,1,-9.849,0.392,0.177,0.004,-0.012,0.005,62.25,1,940.65,42.48,670.76,1,938.54,43.33,641.43
T,4130302,1,353479119,-1178094348,627708,20989990,3,32,1,-9.835,0.416,0.077,0.006,-0.012,0.005,62.10,1,940.70,42.46,670.32,1,938.59,43.30,640.99
T,4131290,1,353479121,-1178094345,627700,20989990,3,32,1,-9.835,0.383,0.014,0.007,-0.012,0.005,62.14,1,940.70,42.46,670.32,1,938.57,43.31,641.17
T,4132284,1,353479124,-1178094345,627681,20989990,3,32,1,-9.844,0.426,0.158,0.007,-0.013,0.005,62.16,1,940.70,42.46,670.32,1,938.51,43.35,641.70
T,4133271,1,353479126,-1178094342,627619,20989990,3,32,1,-9.849,0.412,0.134,0.005,-0.013,0.005,62.11,1,940.66,42.43,670.67,1,938.53,43.35,641.52
T,4134258,1,353479128,-1178094340,627601,20989990,3,32,1,-9.844,0.402,0.134,0.007,-0.013,0.005,62.16,1,940.66,42.42,670.67,1,938.56,43.35,641.26
T,4135244,1,353479129,-1178094336,627631,20989990,3,32,1,-9.835,0.402,0.048,0.007,-0.013,0.006,62.19,1,940.71,42.42,670.23,1,938.57,43.33,641.17
T,4136233,1,353479132,-1178094331,627594,20989990,3,32,1,-9.830,0.407,0.005,0.005,-0.012,0.005,62.05,1,940.72,42.43,670.14,1,938.55,43.32,641.35
T,4137221,1,353479136,-1178094327,627576,20989990,3,32,1,-9.830,0.378,-0.019,0.005,-0.011,0.005,61.85,1,940.71,42.42,670.23,1,938.55,43.30,641.35
T,4138213,1,353479138,-1178094326,627558,20989990,3,32,1,-9.839,0.397,0.110,0.005,-0.011,0.005,61.98,1,940.75,42.44,669.88,1,938.60,43.32,640.90
T,4139302,1,353479139,-1178094323,627546,20989990,3,32,1,-9.815,0.349,0.033,0.006,-0.013,0.005,61.95,1,940.74,42.44,669.96,1,938.54,43.32,641.43
T,4140187,1,353479142,-1178094317,627568,20989990,3,32,1,-9.844,0.392,0.091,0.006,-0.012,0.006,61.87,1,940.71,42.44,670.23,1,938.58,43.30,641.08
T,4141276,1,353479145,-1178094313,627631,20989990,3,31,1,-9.787,0.526,-0.014,-0.005,-0.010,0.010,62.01,1,940.71,42.42,670.23,1,938.50,43.30,641.79
T,4142266,1,353479147,-1178094307,627696,20989990,3,32,1,-9.839,0.412,0.191,0.002,-0.013,0.006,61.88,1,940.72,42.40,670.14,1,938.55,43.30,641.35
T,4143251,1,353479150,-1178094295,627674,20989990,3,32,1,-9.935,0.167,0.234,0.005,-0.022,0.005,61.93,1,940.70,42.41,670.32,1,938.57,43.29,641.17
T,4144240,1,353479155,-1178094281,627597,20989990,3,32,1,-9.835,0.388,0.062,0.006,-0.013,0.005,61.86,1,940.72,42.41,670.14,1,938.56,43.24,641.26
T,4145230,1,353479159,-1178094267,627626,20989990,3,32,1,-9.854,0.402,0.134,0.007,-0.013,0.005,61.93,1,940.69,42.43,670.41,1,938.56,43.21,641.26
T,4146216,1,353479161,-1178094255,627703,20989990,3,32,1,-9.839,0.402,0.077,0.009,-0.012,0.006,62.00,1,940.71,42.41,670.23,1,938.57,43.22,641.17
T,4147202,1,353479165,-1178094248,627783,20989990,3,31,1,-9.839,0.397,0.091,0.005,-0.013,0.005,62.01,1,940.70,42.42,670.32,1,938.55,43.21,641.35
T,4148190,1,353479170,-1178094238,627852,20989990,3,32,1,-9.839,0.397,0.091,0.005,-0.012,0.005,62.04,1,940.73,42.46,670.05,1,938.57,43.19,641.17
T,4149282,1,353479173,-1178094223,627924,20989990,3,32,1,-9.835,0.392,0.077,0.005,-0.015,0.006,61.99,1,940.75,42.50,669.88,1,938.58,43.23,641.08
T,4150269,1,353479173,-1178094206,628067,20989990,3,31,1,-9.844,0.392,0.000,0.002,-0.013,0.006,61.86,1,940.72,42.53,670.14,1,938.54,43.24,641.43
T,4151266,1,353479173,-1178094193,628190,20989990,3,32,1,-9.844,0.416,0.124,0.002,-0.012,0.006,61.98,1,940.71,42.56,670.23,1,938.54,43.26,641.43
T,4152254,1,353479174,-1178094180,628229,20989990,3,32,1,-9.835,0.364,-0.053,0.006,-0.012,0.005,61.86,1,940.70,42.58,670.32,1,938.55,43.28,641.35
T,4153249,1,353479176,-1178094169,628194,20989990,3,32,1,-9.844,0.373,-0.005,0.006,-0.013,0.005,61.66,1,940.73,42.54,670.05,1,938.60,43.20,640.90
T,4154239,1,353479176,-1178094160,628246,20989990,3,31,1,-9.844,0.397,0.033,0.007,-0.013,0.005,61.73,1,940.71,42.55,670.23,1,938.55,43.16,641.35
T,4155228,1,353479178,-1178094149,628270,20989990,3,32,1,-9.839,0.392,0.096,0.007,-0.012,0.005,61.88,1,940.69,42.59,670.41,1,938.61,43.20,640.81
T,4156219,1,353479180,-1178094137,628313,20989990,3,32,1,-9.854,0.421,0.230,0.007,-0.013,0.005,62.14,1,940.69,42.60,670.41,1,938.53,43.31,641.52
T,4157205,1,353479180,-1178094127,628335,20989990,3,32,1,-9.844,0.416,0.187,0.004,-0.013,0.005,62.47,1,940.73,42.67,670.05,1,938.54,43.41,641.43
T,4158193,1,353479181,-1178094120,628375,20989990,3,32,1,-9.839,0.388,0.081,0.005,-0.013,0.005,62.37,1,940.69,42.70,670.41,1,938.53,43.43,641.52
T,4159179,1,353479181,-1178094112,628394,20989990,3,31,1,-9.844,0.359,-0.029,0.009,-0.013,0.005,62.07,1,940.71,42.67,670.23,1,938.56,43.35,641.26
T,4160269,1,353479178,-1178094107,628436,20989990,3,30,1,-9.844,0.416,0.206,0.006,-0.013,0.005,62.23,1,940.64,42.66,670.85,1,938.56,43.35,641.26
T,4161255,1,353479178,-1178094104,628478,20989990,3,32,1,-9.844,0.426,0.225,0.002,-0.013,0.005,62.59,1,940.70,42.72,670.32,1,938.55,43.45,641.35
T,4162245,1,353479178,-1178094098,628547,20989990,3,32,1,-9.839,0.397,0.196,0.005,-0.013,0.006,62.40,1,940.66,42.73,670.67,1,938.53,43.45,641.52
T,4163236,1,353479180,-1178094094,628577,20989990,3,32,1,-9.839,0.412,0.196,0.005,-0.011,0.005,62.52,1,940.70,42.70,670.32,1,938.54,43.42,641.43
T,4164233,1,353479179,-1178094089,628734,20989990,3,32,1,-9.844,0.407,0.258,0.004,-0.012,0.005,62.48,1,940.67,42.67,670.58,1,938.54,43.41,641.43
T,4165221,1,353479179,-1178094088,628695,20989990,3,32,1,-9.844,0.421,0.278,0.005,-0.013,0.005,62.75,1,940.69,42.73,670.41,1,938.56,43.51,641.26
T,4166206,1,353479177,-1178094087,628687,20989990,3,31,1,-9.844,0.407,0.220,0.004,-0.012,0.005,62.72,1,940.70,42.79,670.32,1,938.51,43.59,641.70
T,4167292,1,353479171,-1178094089,628603,20989990,3,32,1,-9.854,0.426,0.316,0.005,-0.013,0.006,62.84,1,940.66,42.80,670.67,1,938.51,43.62,641.70
T,4168276,1,353479166,-1178094095,628552,20989990,3,32,1,-9.854,0.431,0.325,0.004,-0.013,0.006,63.06,1,940.62,42.83,671.02,1,938.51,43.67,641.70
T,4169265,1,353479165,-1178094102,628465,20989990,3,32,1,-9.854,0.421,0.349,0.005,-0.015,0.005,63.15,1,940.64,42.86,670.85,1,938.49,43.71,641.88
T,4170255,1,353479163,-1178094107,628383,20989990,3,32,1,-9.858,0.426,0.354,0.007,-0.012,0.005,63.21,1,940.64,42.89,670.85,1,938.51,43.75,641.70
T,4171247,1,353479160,-1178094114,628243,20989990,3,32,1,-9.844,0.431,0.364,0.006,-0.012,0.006,63.24,1,940.66,42.93,670.67,1,938.48,43.79,641.96
T,4172236,1,353479155,-1178094124,628161,20989990,3,31,1,-9.844,0.416,0.172,0.011,-0.015,0.004,63.03,1,940.72,42.92,670.14,1,938.55,43.77,641.35
T,4173222,1,353479149,-1178094130,627997,20989990,3,32,1,-9.844,0.349,0.120,0.005,-0.012,0.005,62.51,1,940.71,42.81,670.23,1,938.49,43.70,641.88
T,4174210,1,353479142,-1178094140,627870,20989990,3,32,1,-9.844,0.383,-0.048,0.007,-0.012,0.005,62.21,1,940.75,42.72,669.88,1,938.57,43.63,641.17
T,4175204,1,353479140,-1178094147,627727,20989990,3,31,1,-9.835,0.469,0.148,0.002,-0.012,0.006,62.01,1,940.70,42.66,670.32,1,938.61,43.58,640.81
T,4176194,1,353479135,-1178094152,627581,20989990,3,32,1,-9.820,0.426,0.024,0.000,-0.013,0.005,62.02,1,940.70,42.62,670.32,1,938.56,43.54,641.26
T,4177180,1,353479135,-1178094151,627392,20989990,3,32,1,-9.839,0.354,-0.010,0.002,-0.011,0.006,62.04,1,940.71,42.61,670.23,1,938.57,43.53,641.17
T,4178174,1,353479131,-1178094155,627375,20989990,3,32,1,-9.849,0.345,-0.033,0.004,-0.013,0.004,61.90,1,940.75,42.61,669.88,1,938.54,43.55,641.43
T,4179266,1,353479125,-1178094154,627263,20989990,3,32,1,-9.954,-0.062,0.029,0.002,-0.015,-0.005,61.84,1,940.65,42.57,670.76,1,938.52,43.52,641.61
T,4180257,1,353479126,-1178094150,627188,20989990,3,32,1,-9.863,0.388,-0.014,0.001,-0.011,0.005,62.36,1,940.62,42.62,671.02,1,938.50,43.55,641.79
T,4181251,1,353479128,-1178094151,627169,20989990,3,32,1,-9.787,0.493,0.354,0.011,-0.016,0.006,62.65,1,940.76,42.70,669.79,1,938.56,43.58,641.26
T,4182238,1,353479139,-1178094145,627159,20989990,3,32,1,-9.854,0.225,0.187,0.015,-0.013,0.002,62.57,1,940.71,42.70,670.23,1,938.53,43.56,641.52
T,4183227,1,353479145,-1178094144,627274,20989990,3,32,1,-9.844,0.330,0.048,0.001,-0.013,0.006,62.21,1,940.69,42.62,670.41,1,938.55,43.52,641.35
T,4184216,1,353479143,-1178094138,627207,20989990,3,32,1,-9.830,0.459,0.167,0.005,-0.013,0.006,62.29,1,940.69,42.60,670.41,1,938.54,43.52,641.43
T,4185201,1,353479141,-1178094136,627213,20989990,3,32,1,-9.835,0.378,0.287,0.006,-0.011,0.005,62.21,1,940.66,42.59,670.67,1,938.52,43.54,641.61
T,4186197,1,353479143,-1178094131,627211,20989990,3,32,1,-9.858,0.258,0.091,0.012,-0.012,0.006,62.39,1,940.69,42.62,670.41,1,938.53,43.55,641.52
T,4187284,1,353479147,-1178094126,627249,20989990,3,32,1,-9.830,0.364,0.148,0.009,-0.013,0.005,62.16,1,940.70,42.59,670.32,1,938.57,43.54,641.17
T,4188271,1,353479146,-1178094128,627283,20989990,3,32,1,-9.835,0.368,-0.024,0.009,-0.012,0.006,62.12,1,940.72,42.59,670.14,1,938.53,43.55,641.52
T,4189264,1,353479147,-1178094128,627367,20989990,3,31,1,-9.839,0.373,0.120,0.005,-0.013,0.005,62.09,1,940.68,42.59,670.49,1,938.52,43.56,641.61
T,4190252,1,353479149,-1178094126,627429,20989990,3,32,1,-9.825,0.412,0.086,0.006,-0.012,0.006,61.99,1,940.72,42.56,670.14,1,938.54,43.55,641.43
T,4191237,1,353479148,-1178094129,627500,20989990,3,32,1,-9.839,0.354,0.077,0.004,-0.012,0.006,61.91,1,940.69,42.51,670.41,1,938.57,43.51,641.17
T,4192223,1,353479149,-1178094131,627550,20989990,3,32,1,-9.844,0.378,0.048,0.002,-0.013,0.005,62.04,1,940.70,42.48,670.32,1,938.58,43.48,641.08
T,4193211,1,353479146,-1178094131,627714,20989990,3,32,1,-9.825,0.368,0.029,0.005,-0.012,0.005,61.91,1,940.68,42.46,670.49,1,938.58,43.48,641.08
T,4194198,1,353479150,-1178094131,627746,20989990,3,32,1,-9.839,0.368,0.086,0.010,-0.012,0.005,62.00,1,940.74,42.48,669.96,1,938.60,43.50,640.90
T,4195183,1,353479147,-1178094131,627716,20989990,3,31,1,-9.835,0.368,0.105,0.002,-0.012,0.005,62.01,1,940.69,42.49,670.41,1,938.58,43.51,641.08
T,4196272,1,353479144,-1178094127,627773,20989990,3,32,1,-9.835,0.412,0.105,0.004,-0.013,0.006,62.09,1,940.65,42.47,670.76,1,938.56,43.49,641.26
T,4197262,1,353479142,-1178094125,627741,20989990,3,32,1,-9.835,0.412,0.177,0.005,-0.012,0.005,62.15,1,940.68,42.45,670.49,1,938.57,43.45,641.17
T,4198248,1,353479143,-1178094121,627817,20989990,3,32,1,-9.849,0.407,0.019,0.004,-0.013,0.006,61.91,1,940.66,42.43,670.67,1,938.56,43.46,641.26
T,4199232,1,353479143,-1178094117,627828,20989990,3,32,1,-9.839,0.402,0.120,0.007,-0.012,0.005,62.14,1,940.67,42.45,670.58,1,938.47,43.45,642.05
T,4200220,1,353479142,-1178094116,627871,20989990,3,32,1,-9.844,0.431,0.297,0.009,-0.013,0.005,62.49,1,940.67,42.53,670.58,1,938.55,43.51,641.35
T,4201208,1,353479139,-1178094116,627862,20989990,3,31,1,-9.849,0.431,0.225,0.007,-0.013,0.005,62.63,1,940.73,42.58,670.05,1,938.55,43.54,641.35
T,4202192,1,353479136,-1178094114,627890,20989990,3,32,1,-9.839,0.392,0.182,0.010,-0.012,0.006,62.55,1,940.68,42.62,670.49,1,938.51,43.60,641.70
T,4203279,1,353479131,-1178094111,627903,20989990,3,32,1,-9.839,0.397,0.148,0.006,-0.013,0.006,62.32,1,940.67,42.61,670.58,1,938.54,43.61,641.43
T,4204267,1,353479128,-1178094107,627953,20989990,3,32,1,-9.835,0.407,0.072,0.010,-0.013,0.006,62.19,1,940.68,42.56,670.49,1,938.56,43.59,641.26
T,4205263,1,353479126,-1178094104,627978,20989990,3,32,1,-9.839,0.373,0.053,0.006,-0.011,0.006,62.04,1,940.73,42.54,670.05,1,938.59,43.58,640.99
T,4206254,1,353479124,-1178094099,628004,20989990,3,32,1,-9.830,0.474,0.100,0.007,-0.012,0.006,62.12,1,940.68,42.53,670.49,1,938.55,43.57,641.35
T,4207244,1,353479122,-1178094095,628070,20989990,3,31,1,-9.839,0.440,0.187,0.007,-0.012,0.005,62.24,1,940.66,42.52,670.67,1,938.55,43.56,641.35
T,4208231,1,353479119,-1178094091,628119,20989990,3,31,1,-9.825,0.373,-0.033,0.010,-0.013,0.005,62.13,1,940.73,42.55,670.05,1,938.54,43.56,641.43
T,4209224,1,353479116,-1178094084,628185,20989990,3,31,1,-9.835,0.383,0.158,0.005,-0.013,0.006,62.11,1,940.70,42.53,670.32,1,938.50,43.54,641.79
T,4210212,1,353479113,-1178094074,628263,20989990,3,32,1,-9.839,0.383,0.096,0.002,-0.013,0.006,62.16,1,940.70,42.52,670.32,1,938.50,43.53,641.79
T,4211202,1,353479112,-1178094069,628277,20989990,3,31,1,-9.835,0.383,0.153,0.002,-0.012,0.005,62.10,1,940.71,42.50,670.23,1,938.56,43.53,641.26
T,4212188,1,353479111,-1178094067,628261,20989990,3,31,1,-9.849,0.359,0.048,0.004,-0.012,0.005,61.99,1,940.73,42.50,670.05,1,938.55,43.54,641.35
T,4213276,1,353479114,-1178094070,628127,20989990,3,30,1,-9.825,0.383,0.053,0.010,-0.012,0.006,62.04,1,940.70,42.49,670.32,1,938.58,43.52,641.08
T,4214265,1,353479115,-1178094072,627989,20989990,3,32,1,-9.839,0.402,0.167,0.009,-0.013,0.006,62.12,1,940.68,42.50,670.49,1,938.55,43.53,641.35
T,4215254,1,353479114,-1178094072,627949,20989990,3,31,1,-9.844,0.364,0.201,0.005,-0.012,0.005,62.27,1,940.75,42.52,669.88,1,938.56,43.57,641.26
T,4216240,1,353479114,-1178094073,627916,20989990,3,32,1,-9.839,0.407,0.091,0.004,-0.012,0.005,62.29,1,940.69,42.52,670.41,1,938.53,43.55,641.52
T,4217227,1,353479114,-1178094075,627887,20989990,3,32,1,-9.839,0.378,0.081,0.007,-0.012,0.005,62.14,1,940.72,42.48,670.14,1,938.51,43.50,641.70
T,4218213,1,353479116,-1178094076,627878,20989990,3,32,1,-9.839,0.416,0.038,0.005,-0.013,0.006,62.09,1,940.67,42.48,670.58,1,938.56,43.53,641.26
T,4219204,1,353479120,-1178094077,627826,20989990,3,31,1,-9.835,0.383,0.105,0.005,-0.012,0.005,62.14,1,940.68,42.50,670.49,1,938.58,43.56,641.08
T,4220296,1,353479126,-1178094076,627772,20989990,3,32,1,-9.839,0.378,0.033,0.005,-0.012,0.005,62.04,1,940.73,42.49,670.05,1,938.56,43.56,641.26
T,4221295,1,353479128,-1178094071,627743,20989990,3,30,1,-9.835,0.383,-0.005,0.005,-0.013,0.005,61.87,1,940.76,42.44,669.79,1,938.54,43.53,641.43
T,4222287,1,353479130,-1178094067,627756,20989990,3,32,1,-9.844,0.392,0.167,0.005,-0.011,0.006,62.08,1,940.66,42.46,670.67,1,938.58,43.53,641.08
T,4223171,1,353479133,-1178094065,627694,20989990,3,32,1,-9.835,0.359,0.077,0.009,-0.012,0.005,61.96,1,940.68,42.47,670.49,1,938.55,43.53,641.35
T,4224259,1,353479132,-1178094063,627682,20989990,3,32,1,-9.868,0.292,0.000,0.006,-0.012,0.005,62.11,1,940.67,42.52,670.58,1,938.56,43.56,641.26
T,4225250,1,353479131,-1178094062,627661,20989990,3,32,1,-9.830,0.488,0.201,0.006,-0.013,0.006,62.15,1,940.74,42.59,669.96,1,938.53,43.61,641.52
T,4226241,1,353479128,-1178094065,627757,20989990,3,31,1,-9.839,0.421,0.268,0.004,-0.012,0.005,62.37,1,940.70,42.65,670.32,1,938.54,43.66,641.43
T,4227230,1,353479133,-1178094063,627859,20989990,3,32,1,-9.811,0.479,0.225,0.004,-0.013,0.006,62.43,1,940.76,42.68,669.79,1,938.56,43.70,641.26
T,4228220,1,353479136,-1178094062,627892,20989990,3,32,1,-9.820,0.364,0.038,0.004,-0.012,0.006,62.29,1,940.74,42.69,669.96,1,938.58,43.70,641.08
T,4229212,1,353479138,-1178094060,627891,20989990,3,32,1,-9.858,0.383,0.206,0.000,-0.012,0.005,62.19,1,940.68,42.65,670.49,1,938.55,43.67,641.35
T,4230199,1,353479142,-1178094060,627918,20989990,3,32,1,-9.825,0.450,0.211,0.012,-0.013,0.006,62.50,1,940.70,42.61,670.32,1,938.57,43.63,641.17
T,4231294,1,353479143,-1178094060,627894,20989990,3,32,1,-9.849,0.368,0.349,0.006,-0.013,0.005,62.71,1,940.69,42.65,670.41,1,938.53,43.68,641.52
T,4232294,1,353479144,-1178094058,627872,20989990,3,32,1,-9.849,0.364,0.191,0.006,-0.013,0.005,62.75,1,940.69,42.68,670.41,1,938.54,43.71,641.43
T,4233280,1,353479145,-1178094057,627824,20989990,3,32,1,-9.825,0.378,0.124,0.010,-0.012,0.006,62.37,1,940.71,42.64,670.23,1,938.55,43.68,641.35
T,4234268,1,353479147,-1178094060,627781,20989990,3,32,1,-9.839,0.402,0.124,0.001,-0.012,0.006,62.21,1,940.64,42.61,670.85,1,938.49,43.67,641.88
T,4235260,1,353479147,-1178094066,627766,20989990,3,32,1,-9.825,0.368,0.067,0.005,-0.015,0.006,62.16,1,940.71,42.58,670.23,1,938.55,43.64,641.35
T,4236245,1,353479149,-1178094071,627705,20989990,3,32,1,-9.820,0.474,0.120,0.005,-0.012,0.004,61.96,1,940.67,42.58,670.58,1,938.59,43.63,640.99
T,4237231,1,353479149,-1178094078,627727,20989990,3,32,1,-9.835,0.450,0.325,0.006,-0.013,0.006,62.34,1,940.68,42.61,670.49,1,938.58,43.66,641.08
T,4238217,1,353479149,-1178094086,627718,20989990,3,32,1,-9.820,0.388,0.124,0.005,-0.013,0.005,62.21,1,940.69,42.59,670.41,1,938.55,43.63,641.35
T,4239206,1,353479147,-1178094091,627668,20989990,3,32,1,-9.806,0.426,0.024,0.007,-0.011,0.005,62.05,1,940.73,42.50,670.05,1,938.55,43.57,641.35
T,4240191,1,353479147,-1178094095,627642,20989990,3,32,1,-9.820,0.479,0.345,0.001,-0.012,0.007,62.17,1,940.70,42.49,670.32,1,938.55,43.56,641.35
T,4241277,1,353479145,-1178094102,627582,20989990,3,32,1,-9.863,0.301,0.153,-0.002,-0.011,0.004,62.38,1,940.64,42.53,670.85,1,938.49,43.58,641.88
T,4242270,1,353479143,-1178094109,627579,20989990,3,32,1,-9.830,0.488,0.378,0.005,-0.012,0.005,62.79,1,940.64,42.60,670.85,1,938.50,43.64,641.79
T,4243255,1,353479141,-1178094115,627541,20989990,3,31,1,-9.854,0.426,0.301,0.007,-0.011,0.005,63.00,1,940.68,42.67,670.49,1,938.49,43.70,641.88
T,4244244,1,353479141,-1178094119,627574,20989990,3,32,1,-9.868,0.340,0.211,0.007,-0.010,0.006,63.09,1,940.65,42.67,670.76,1,938.49,43.71,641.88
T,4245230,1,353479140,-1178094125,627581,20989990,3,32,1,-9.849,0.416,0.182,0.002,-0.011,0.007,62.66,1,940.67,42.65,670.58,1,938.54,43.67,641.43
T,4246216,1,353479139,-1178094128,627638,20989990,3,32,1,-9.830,0.378,0.072,-0.001,-0.012,0.004,62.32,1,940.74,42.62,669.96,1,938.59,43.65,640.99
T,4247209,1,353479136,-1178094133,627701,20989990,3,32,1,-9.820,0.335,0.000,0.000,-0.013,0.005,62.20,1,940.73,42.60,670.05,1,938.61,43.61,640.81
T,4248196,1,353479132,-1178094139,627822,20989990,3,32,1,-9.854,0.335,-0.316,0.005,-0.009,0.000,61.69,1,940.75,42.48,669.88,1,938.57,43.55,641.17
T,4249291,1,353479130,-1178094148,627819,20989990,3,31,1,-9.796,0.483,0.163,0.009,-0.013,0.006,61.86,1,940.72,42.48,670.14,1,938.57,43.53,641.17
T,4250280,1,353479129,-1178094153,627888,20989990,3,32,1,-9.863,0.311,-0.182,0.000,-0.013,0.005,61.59,1,940.69,42.45,670.41,1,938.58,43.52,641.08
T,4251274,1,353479130,-1178094159,627856,20989990,3,32,1,-9.839,0.330,-0.115,0.005,-0.013,0.002,61.68,1,940.72,42.48,670.14,1,938.57,43.54,641.17
T,4252269,1,353479128,-1178094162,627998,20989990,3,32,1,-9.815,0.479,0.187,0.005,-0.010,0.005,61.91,1,940.69,42.53,670.41,1,938.59,43.56,640.99
T,4253260,1,353479127,-1178094167,628029,20989990,3,32,1,-9.839,0.196,0.158,0.000,-0.015,0.007,62.02,1,940.72,42.57,670.14,1,938.58,43.60,641.08
T,4254248,1,353479125,-1178094167,628141,20989990,3,32,1,-9.806,0.555,0.177,0.005,-0.016,0.007,61.94,1,940.73,42.58,670.05,1,938.59,43.60,640.99
T,4255235,1,353479124,-1178094166,628245,20989990,3,32,1,-9.844,0.359,-0.024,0.006,-0.012,0.002,62.09,1,940.77,42.58,669.70,1,938.60,43.61,640.90
T,4256234,1,353479121,-1178094165,628409,20989990,3,32,1,-9.835,0.402,0.038,0.011,-0.010,0.005,62.22,1,940.74,42.62,669.96,1,938.55,43.64,641.35
T,4257232,1,353479121,-1178094166,628500,20989990,3,31,1,-9.830,0.459,0.029,0.011,-0.011,0.002,62.17,1,940.72,42.64,670.14,1,938.58,43.66,641.08
T,4258219,1,353479119,-1178094171,628591,20989990,3,32,1,-9.825,0.426,0.196,0.009,-0.011,0.005,62.05,1,940.71,42.60,670.23,1,938.58,43.64,641.08
T,4259209,1,353479115,-1178094175,628833,20989990,3,32,1,-9.825,0.402,0.273,0.006,-0.015,0.006,62.29,1,940.73,42.60,670.05,1,938.55,43.66,641.35
T,4260305,1,353479115,-1178094181,628879,20989990,3,31,1,-9.820,0.397,0.120,0.005,-0.012,0.005,62.16,1,940.70,42.61,670.32,1,938.55,43.67,641.35
T,4261193,1,353479113,-1178094185,628984,20989990,3,31,1,-9.835,0.412,0.124,0.002,-0.013,0.005,62.09,1,940.73,42.53,670.05,1,938.57,43.63,641.17
T,4262291,1,353479112,-1178094191,628961,20989990,3,32,1,-9.839,0.378,0.067,0.005,-0.011,0.006,62.08,1,940.73,42.48,670.05,1,938.58,43.60,641.08
T,4263278,1,353479113,-1178094194,628952,20989990,3,31,1,-9.839,0.431,0.105,0.007,-0.013,0.005,62.11,1,940.71,42.51,670.23,1,938.58,43.63,641.08
T,4264264,1,353479114,-1178094197,628941,20989990,3,32,1,-9.844,0.392,0.144,0.006,-0.013,0.005,62.13,1,940.72,42.46,670.14,1,938.57,43.59,641.17
T,4265253,1,353479115,-1178094200,628927,20989990,3,32,1,-9.830,0.431,0.115,0.005,-0.012,0.005,62.11,1,940.68,42.51,670.49,1,938.58,43.63,641.08
T,4266238,1,353479115,-1178094204,628921,20989990,3,32,1,-9.835,0.354,0.067,0.001,-0.012,0.005,62.08,1,940.73,42.54,670.05,1,938.62,43.65,640.72
T,4267225,1,353479115,-1178094207,628891,20989990,3,32,1,-9.849,0.435,0.096,0.004,-0.011,0.007,62.36,1,940.71,42.58,670.23,1,938.59,43.68,640.99
T,4268210,1,353479115,-1178094211,628889,20989990,3,32,1,-9.835,0.426,0.139,0.007,-0.012,0.006,62.40,1,940.70,42.63,670.32,1,938.56,43.72,641.26
T,4269299,1,353479115,-1178094216,628815,20989990,3,32,1,-9.844,0.397,0.124,0.004,-0.013,0.005,62.26,1,940.72,42.63,670.14,1,938.57,43.73,641.17
T,4270186,1,353479114,-1178094222,628736,20989990,3,31,1,-9.839,0.402,0.144,0.004,-0.012,0.005,62.29,1,940.66,42.62,670.67,1,938.62,43.72,640.72
T,4271276,1,353479115,-1178094231,628662,20989990,3,32,1,-9.839,0.435,0.115,0.007,-0.012,0.005,62.33,1,940.76,42.61,669.79,1,938.57,43.71,641.17
T,4272268,1,353479116,-1178094239,628569,20989990,3,32,1,-9.854,0.412,0.172,0.002,-0.012,0.005,62.40,1,940.68,42.60,670.49,1,938.55,43.70,641.35
T,4273255,1,353479117,-1178094248,628450,20989990,3,32,1,-9.844,0.392,0.172,0.007,-0.012,0.006,62.58,1,940.71,42.64,670.23,1,938.53,43.72,641.52
T,4274242,1,353479119,-1178094258,628394,20989990,3,32,1,-9.858,0.373,0.278,0.009,-0.012,0.004,62.68,1,940.67,42.66,670.58,1,938.53,43.75,641.52
T,4275230,1,353479119,-1178094268,628356,20989990,3,32,1,-9.863,0.416,0.239,0.006,-0.013,0.005,62.81,1,940.69,42.67,670.41,1,938.53,43.76,641.52
T,4276216,1,353479121,-1178094277,628311,20989990,3,32,1,-9.844,0.421,0.211,0.005,-0.012,0.005,62.81,1,940.66,42.69,670.67,1,938.52,43.78,641.61
T,4277275,1,353479122,-1178094286,628316,20989990,3,32,1,-9.849,0.421,0.292,0.007,-0.013,0.005,62.89,1,940.68,42.67,670.49,1,938.48,43.75,641.96
T,4278263,1,353479122,-1178094293,628332,20989990,3,32,1,-9.849,0.392,0.191,0.006,-0.012,0.006,62.66,1,940.68,42.65,670.49,1,938.52,43.72,641.61
T,4279252,1,353479120,-1178094302,628427,20989990,3,32,1,-9.849,0.397,0.239,0.005,-0.015,0.005,62.61,1,940.67,42.62,670.58,1,938.51,43.72,641.70
T,4280236,1,353479121,-1178094307,628463,20989990,3,32,1,-9.858,0.402,0.282,0.006,-0.015,0.005,62.77,1,940.72,42.62,670.14,1,938.53,43.71,641.52
T,4281226,1,353479122,-1178094312,628452,20989990,3,32,1,-9.849,0.412,0.230,0.002,-0.012,0.005,62.66,1,940.69,42.60,670.41,1,938.55,43.67,641.35
T,4282219,1,353479121,-1178094319,628500,20989990,3,32,1,-9.854,0.407,0.211,0.006,-0.011,0.006,62.65,1,940.65,42.55,670.76,1,938.54,43.63,641.43
T,4283223,1,353479120,-1178094323,628573,20989990,3,32,1,-9.849,0.397,0.225,0.007,-0.012,0.006,62.63,1,940.68,42.58,670.49,1,938.54,43.63,641.43
T,4284209,1,353479120,-1178094326,628621,20989990,3,32,1,-9.825,0.718,0.292,-0.006,-0.016,0.005,62.65,1,940.66,42.61,670.67,1,938.54,43.61,641.43
T,4285200,1,353479121,-1178094331,628693,20989990,3,31,1,-9.825,0.397,0.196,0.007,-0.013,0.006,62.65,1,940.70,42.64,670.32,1,938.55,43.60,641.35
T,4286292,1,353479120,-1178094338,628814,20989990,3,31,1,-9.849,0.383,0.191,0.009,-0.013,0.005,62.57,1,940.73,42.62,670.05,1,938.56,43.63,641.26
T,4287279,1,353479116,-1178094346,628949,20989990,3,31,1,-9.844,0.392,0.129,0.006,-0.015,0.005,62.47,1,940.71,42.62,670.23,1,938.57,43.66,641.17
T,4288269,1,353479113,-1178094351,629032,20989990,3,31,1,-9.839,0.412,0.019,0.004,-0.013,0.006,62.38,1,940.73,42.62,670.05,1,938.60,43.67,640.90
T,4289253,1,353479112,-1178094352,629105,20989990,3,32,1,-9.844,0.373,0.057,0.005,-0.012,0.005,62.30,1,940.73,42.60,670.05,1,938.57,43.64,641.17
T,4290238,1,353479108,-1178094356,629225,20989990,3,31,1,-9.835,0.316,0.024,0.002,-0.012,0.006,62.34,1,940.71,42.59,670.23,1,938.52,43.62,641.61
T,4291225,1,353479105,-1178094360,629320,20989990,3,32,1,-9.811,0.354,0.053,0.007,-0.013,0.006,62.14,1,940.70,42.55,670.32,1,938.53,43.60,641.52
T,4292209,1,353479102,-1178094366,629414,20989990,3,32,1,-9.844,0.278,0.029,0.007,-0.015,0.007,62.14,1,940.74,42.53,669.96,1,938.58,43.59,641.08
T,4293193,1,353479098,-1178094373,629455,20989990,3,32,1,-9.844,0.512,0.230,-0.002,-0.012,0.006,62.09,1,940.71,42.50,670.23,1,938.60,43.55,640.90
T,4294186,1,353479095,-1178094377,629558,20989990,3,32,1,-9.820,0.440,0.072,0.002,-0.013,0.006,62.09,1,940.74,42.53,669.96,1,938.56,43.51,641.26
T,4295275,1,353479090,-1178094380,629585,20989990,3,32,1,-9.835,0.354,0.005,0.006,-0.013,0.004,61.94,1,940.75,42.51,669.88,1,938.57,43.46,641.17
T,4296260,1,353479088,-1178094382,629626,20989990,3,32,1,-9.830,0.378,0.019,0.015,-0.013,0.005,61.88,1,940.71,42.47,670.23,1,938.52,43.43,641.61
T,4297246,1,353479082,-1178094387,629923,20989990,3,32,1,-9.844,0.268,0.043,0.011,-0.013,0.005,62.09,1,940.74,42.46,669.96,1,938.56,43.43,641.26
T,4298233,1,353479078,-1178094391,629967,20989990,3,32,1,-9.839,0.383,0.077,0.004,-0.012,0.005,62.08,1,940.69,42.47,670.41,1,938.56,43.44,641.26
T,4299219,1,353479074,-1178094397,630067,20989990,3,31,1,-9.815,0.407,-0.014,0.004,-0.012,0.006,61.91,1,940.70,42.43,670.32,1,938.55,43.36,641.35
T,4300213,1,353479073,-1178094400,630162,20989990,3,32,1,-9.825,0.364,0.057,0.001,-0.012,0.005,61.84,1,940.73,42.39,670.05,1,938.57,43.35,641.17
T,4301303,1,353479073,-1178094404,630200,20989990,3,32,1,-9.830,0.421,0.000,0.012,-0.012,0.006,61.76,1,940.72,42.39,670.14,1,938.56,43.38,641.26
T,4302290,1,353479072,-1178094409,630215,20989990,3,31,1,-9.835,0.431,0.010,0.016,-0.013,0.005,61.86,1,940.67,42.36,670.58,1,938.57,43.35,641.17
T,4303275,1,353479072,-1178094411,630180,20989990,3,30,1,-9.830,0.335,0.033,0.007,-0.012,0.004,61.84,1,940.69,42.35,670.41,1,938.55,43.34,641.35
T,4304260,1,353479074,-1178094414,630221,20989990,3,30,1,-9.873,0.345,0.014,0.006,-0.016,0.005,61.88,1,940.73,42.38,670.05,1,938.59,43.37,640.99
T,4305246,1,353479075,-1178094415,630230,20989990,3,31,1,-9.854,0.292,0.024,0.007,-0.015,0.006,61.83,1,940.74,42.38,669.96,1,938.60,43.36,640.90
T,4306232,1,353479073,-1178094416,630397,20989990,3,31,1,-9.825,0.464,-0.005,0.005,-0.011,0.005,61.74,1,940.75,42.36,669.88,1,938.62,43.36,640.72
T,4307329,1,353479070,-1178094420,630463,20989990,3,31,1,-9.811,0.479,0.124,0.004,-0.012,0.006,61.66,1,940.68,42.36,670.49,1,938.55,43.36,641.35
T,4308319,1,353479067,-1178094422,630556,20989990,3,31,1,-9.815,0.416,0.019,0.005,-0.012,0.006,61.59,1,940.77,42.33,669.70,1,938.57,43.28,641.17
T,4309310,1,353479063,-1178094425,630644,20989990,3,31,1,-9.830,0.397,0.048,0.007,-0.013,0.005,61.55,1,940.69,42.31,670.41,1,938.59,43.24,640.99
T,4310295,1,353479060,-1178094430,630686,20989990,3,30,1,-9.830,0.392,0.062,-0.001,-0.015,0.005,61.74,1,940.71,42.31,670.23,1,938.56,43.22,641.26
T,4311285,1,353479060,-1178094432,630648,20989990,3,32,1,-9.854,0.378,-0.005,0.009,-0.012,0.006,61.66,1,940.75,42.31,669.88,1,938.61,43.22,640.81
T,4312284,1,353479059,-1178094431,630711,20989990,3,30,1,-9.835,0.397,0.024,0.009,-0.012,0.005,61.59,1,940.72,42.26,670.14,1,938.59,43.18,640.99
T,4313270,1,353479061,-1178094433,630622,20989990,3,32,1,-9.835,0.397,0.048,0.002,-0.012,0.005,61.70,1,940.75,42.27,669.88,1,938.60,43.17,640.90
T,4314254,1,353479061,-1178094435,630600,20989990,3,30,1,-9.844,0.407,-0.005,0.007,-0.013,0.005,61.66,1,940.70,42.26,670.32,1,938.53,43.13,641.52
T,4315246,1,353479062,-1178094434,630565,20989990,3,31,1,-9.835,0.388,0.048,0.006,-0.012,0.005,61.87,1,940.72,42.27,670.14,1,938.57,43.15,641.17
T,4316233,1,353479062,-1178094432,630527,20989990,3,32,1,-9.849,0.368,0.187,0.009,-0.013,0.006,61.87,1,940.75,42.28,669.88,1,938.59,43.17,640.99
T,4317222,1,353479063,-1178094431,630480,20989990,3,31,1,-9.844,0.373,0.086,0.006,-0.012,0.006,61.87,1,940.74,42.28,669.96,1,938.58,43.14,641.08
T,4318308,1,353479061,-1178094430,630403,20989990,3,32,1,-9.849,0.388,0.033,0.005,-0.011,0.005,61.81,1,940.69,42.28,670.41,1,938.56,43.13,641.26
T,4319299,1,353479059,-1178094428,630568,20989990,3,32,1,-9.839,0.397,0.139,0.002,-0.012,0.005,61.88,1,940.71,42.27,670.23,1,938.54,43.11,641.43
T,4320286,1,353479057,-1178094427,630652,20989990,3,32,1,-9.835,0.402,0.115,0.007,-0.013,0.006,61.92,1,940.69,42.25,670.41,1,938.56,43.13,641.26
T,4321272,1,353479056,-1178094428,630699,20989990,3,32,1,-9.835,0.354,0.019,0.009,-0.013,0.006,61.96,1,940.69,42.24,670.41,1,938.56,43.14,641.26
T,4322255,1,353479054,-1178094430,630767,20989990,3,32,1,-9.830,0.378,0.048,0.011,-0.013,0.005,61.87,1,940.73,42.23,670.05,1,938.53,43.10,641.52
T,4323242,1,353479053,-1178094431,630827,20989990,3,32,1,-9.839,0.378,0.124,0.005,-0.012,0.005,61.88,1,940.64,42.23,670.85,1,938.53,43.11,641.52
T,4324233,1,353479054,-1178094429,630812,20989990,3,32,1,-9.825,0.392,0.057,0.006,-0.012,0.004,61.84,1,940.68,42.19,670.49,1,938.53,43.12,641.52
T,4325219,1,353479054,-1178094427,630773,20989990,3,32,1,-9.839,0.397,0.129,0.006,-0.013,0.005,61.87,1,940.66,42.19,670.67,1,938.56,43.16,641.26
T,4326209,1,353479055,-1178094426,630716,20989990,3,32,1,-9.839,0.407,0.144,0.006,-0.013,0.004,61.99,1,940.70,42.23,670.32,1,938.54,43.21,641.43
T,4327194,1,353479056,-1178094425,630667,20989990,3,32,1,-9.835,0.402,0.153,0.007,-0.012,0.005,62.06,1,940.70,42.28,670.32,1,938.52,43.26,641.61
T,4328182,1,353479059,-1178094424,630634,20989990,3,32,1,-9.844,0.407,0.163,0.006,-0.013,0.005,62.15,1,940.69,42.32,670.41,1,938.54,43.30,641.43
T,4329270,1,353479060,-1178094424,630586,20989990,3,32,1,-9.839,0.383,0.148,0.006,-0.012,0.004,62.09,1,940.70,42.33,670.32,1,938.55,43.32,641.35
T,4330255,1,353479064,-1178094424,630560,20989990,3,32,1,-9.835,0.397,0.129,0.005,-0.012,0.005,62.10,1,940.68,42.32,670.49,1,938.55,43.32,641.35
T,4331253,1,353479067,-1178094422,630523,20989990,3,32,1,-9.839,0.416,0.215,0.006,-0.013,0.006,62.16,1,940.69,42.34,670.41,1,938.55,43.35,641.35
T,4332246,1,353479069,-1178094420,630439,20989990,3,32,1,-9.849,0.407,0.234,0.006,-0.013,0.006,62.30,1,940.74,42.41,669.96,1,938.57,43.41,641.17
T,4333235,1,353479074,-1178094420,630445,20989990,3,32,1,-9.849,0.412,0.249,0.005,-0.013,0.006,62.29,1,940.68,42.42,670.49,1,938.49,43.41,641.88
T,4334220,1,353479074,-1178094430,630518,23124524,3,32,1,-9.839,0.407,0.144,0.005,-0.012,0.006,62.20,1,940.67,42.40,670.58,1,938.50,43.35,641.79
T,4335217,1,353479076,-1178094432,630556,23124524,3,32,1,-9.844,0.412,0.292,0.006,-0.013,0.005,62.45,1,940.66,42.39,670.67,1,938.50,43.35,641.79
T,4336208,1,353479080,-1178094431,630545,23124524,3,32,1,-9.835,0.392,0.215,0.006,-0.013,0.006,62.62,1,940.69,42.44,670.41,1,938.52,43.42,641.61
T,4337198,1,353479084,-1178094429,630535,23124524,3,32,1,-9.844,0.402,0.220,0.005,-0.012,0.005,62.46,1,940.66,42.44,670.67,1,938.50,43.40,641.79
T,4338283,1,353479089,-1178094427,630482,23124524,3,31,1,-9.839,0.397,0.158,0.006,-0.011,0.005,62.51,1,940.69,42.47,670.41,1,938.53,43.39,641.52
T,4339277,1,353479094,-1178094426,630372,23124524,3,32,1,-9.849,0.402,0.220,0.006,-0.013,0.006,62.54,1,940.69,42.45,670.41,1,938.51,43.39,641.70
T,4340273,1,353479099,-1178094426,630337,23124524,3,32,1,-9.839,0.402,0.158,0.007,-0.012,0.006,62.26,1,940.63,42.38,670.94,1,938.53,43.37,641.52
T,4341258,1,353479102,-1178094427,630182,23124524,3,32,1,-9.844,0.421,0.215,0.006,-0.012,0.005,62.36,1,940.67,42.35,670.58,1,938.55,43.39,641.35
T,4342242,1,353479106,-1178094428,630074,23124524,3,32,1,-9.906,0.115,0.287,0.012,-0.013,0.007,62.55,1,940.64,42.43,670.85,1,938.51,43.45,641.70
T,4343230,1,353479109,-1178094430,629944,23124524,3,32,1,-9.839,0.569,0.335,0.001,-0.013,0.007,62.48,1,940.68,42.47,670.49,1,938.51,43.48,641.70
T,4344218,1,353479114,-1178094429,629841,23124524,3,32,1,-9.854,0.416,0.263,0.007,-0.012,0.006,62.45,1,940.67,42.44,670.58,1,938.48,43.47,641.96
T,4345204,1,353479120,-1178094431,629823,23124524,3,32,1,-9.849,0.378,0.225,0.002,-0.013,0.005,62.47,1,940.69,42.46,670.41,1,938.51,43.49,641.70
T,4346190,1,353479124,-1178094435,629806,23124524,3,32,1,-9.844,0.373,0.187,0.005,-0.013,0.007,62.45,1,940.65,42.45,670.76,1,938.51,43.47,641.70
T,4347178,1,353479124,-1178094435,629953,23124524,3,32,1,-9.849,0.412,0.273,0.002,-0.012,0.006,62.59,1,940.63,42.45,670.94,1,938.55,43.49,641.35
T,4348164,1,353479127,-1178094435,630069,23124524,3,32,1,-9.849,0.421,0.287,0.005,-0.013,0.005,62.65,1,940.65,42.46,670.76,1,938.53,43.50,641.52
T,4349252,1,353479132,-1178094433,630160,23124524,3,31,1,-9.849,0.426,0.321,0.006,-0.011,0.006,62.80,1,940.66,42.48,670.67,1,938.51,43.49,641.70
T,4350238,1,353479136,-1178094433,630222,23124524,3,32,1,-9.854,0.421,0.321,0.006,-0.012,0.005,62.86,1,940.67,42.50,670.58,1,938.53,43.50,641.52
T,4351226,1,353479140,-1178094432,630303,23124524,3,32,1,-9.849,0.440,0.263,0.005,-0.015,0.006,62.74,1,940.62,42.54,671.02,1,938.47,43.54,642.05
T,4352212,1,353479145,-1178094429,630345,23124524,3,32,1,-9.849,0.407,0.316,0.006,-0.015,0.005,62.87,1,940.67,42.58,670.58,1,938.53,43.59,641.52
T,4353202,1,353479067,-1178094500,631006,22222970,3,12,1,-65.913,9.523,0.086,0.661,-0.138,0.136,62.86,1,938.36,42.58,691.03,1,936.11,43.59,662.98
T,4354293,1,353478999,-1178094506,633795,22133636,3,13,1,-63.032,-9.308,-2.886,3.787,0.026,0.316,63.00,1,929.24,42.65,772.15,1,926.79,43.62,746.05
T,4355283,1,353479324,-1178093567,637205,6659437,3,9,1,-48.814,24.560,-6.547,8.798,-0.307,0.955,62.94,1,913.80,42.71,910.96,1,911.12,43.67,887.25
T,4356274,1,353479767,-1178092319,640535,6659437,0,0,1,-66.358,13.984,3.072,13.416,-0.798,-1.087,62.71,1,891.93,42.73,1110.87,1,889.39,43.68,1086.34
T,4357265,1,353479613,-1178093022,645709,6659437,3,8,1,-49.570,5.915,1.249,16.696,-0.395,-0.639,62.47,1,867.12,42.73,1342.52,1,864.37,43.65,1320.52
T,4358265,1,353479710,-1178093010,651183,6659437,3,10,1,-24.091,7.485,-2.742,17.732,-0.760,-0.385,62.43,1,844.00,42.73,1563.27,1,841.35,43.61,1540.88
T,4359158,1,353480221,-1178092906,656619,4132042,3,7,1,-12.050,7.628,-2.340,18.784,-0.296,-0.358,62.64,1,818.48,42.73,1812.69,1,815.95,43.63,1789.76
T,4360147,1,353480718,-1178092753,661429,1230146,3,7,1,-4.388,6.494,-4.211,18.823,-0.877,-0.373,62.74,1,792.20,42.78,2076.22,1,789.48,43.66,2055.90
T,4361237,1,353481275,-1178092726,666187,35734680,3,6,1,-0.766,7.284,-4.857,11.661,-0.825,-0.381,62.81,1,769.31,42.80,2311.58,1,766.71,43.68,2290.67
T,4362226,1,353480947,-1178092749,653637,30044442,3,5,1,1.838,7.384,-4.455,18.278,-1.018,-0.398,62.88,1,747.97,42.83,2536.17,1,745.54,43.70,2514.07
T,4363214,1,353480480,-1178092969,655351,26248034,3,5,1,2.795,4.901,-1.838,17.871,-0.827,-0.453,62.90,1,727.94,42.86,2751.74,1,725.51,43.71,2730.22
T,4364204,1,353479868,-1178093138,651833,24461116,3,5,1,3.206,5.197,-4.685,17.330,-0.776,-0.384,62.93,1,709.62,42.90,2953.16,1,707.18,43.74,2932.30
T,4365195,1,353479411,-1178093544,652473,24047930,3,5,1,3.762,5.168,-3.087,16.326,-0.805,-0.378,62.85,1,693.09,42.93,3138.54,1,690.53,43.76,3119.57
T,4366183,1,353479024,-1178094047,652917,24014044,3,4,1,4.001,2.713,-1.785,15.649,-0.676,-0.349,62.79,1,677.03,42.94,3322.11,1,674.71,43.76,3300.92
T,4367172,1,353478598,-1178094708,652855,24158352,3,5,1,3.891,4.465,-2.302,14.931,-0.665,-0.374,62.66,1,661.89,42.96,3498.43,1,659.44,43.77,3479.27
T,4368266,1,353478115,-1178095527,653157,24018262,3,5,1,3.182,4.092,-2.828,14.521,-0.685,-0.342,62.55,1,650.26,42.95,3636.10,1,647.83,43.76,3617.11
T,4369155,1,353477649,-1178096639,654602,24489010,3,5,1,2.785,3.762,-2.087,13.983,-0.623,-0.297,62.46,1,637.02,42.94,3795.28,1,634.83,43.75,3773.86
T,4370252,1,353477198,-1178097730,655232,24447654,3,4,1,2.450,3.934,-2.374,13.479,-0.635,-0.309,62.41,1,627.35,42.93,3913.23,1,625.08,43.72,3893.14
T,4371141,1,353476684,-1178098933,655912,24373566,3,4,1,2.063,3.149,-2.173,12.800,-0.574,-0.293,62.37,1,616.92,42.92,4042.12,1,614.60,43.71,4023.03
T,4372230,1,353476091,-1178100354,657244,24455728,3,6,1,1.795,2.948,-1.412,11.982,-0.557,-0.291,62.33,1,608.28,42.91,4150.24,1,605.95,43.70,4131.60
T,4373219,1,353475462,-1178101876,658069,24464268,3,5,1,1.512,2.383,-1.134,11.274,-0.551,-0.260,62.31,1,599.90,42.88,4256.29,1,597.69,43.67,4236.46
T,4374209,1,353457080,-1178153024,4450717,23783776,3,8,1,1.201,1.976,-0.967,10.563,-0.514,-0.243,62.41,1,592.86,42.84,4346.32,1,590.67,43.67,4326.50
T,4375201,1,353455762,-1178155614,4536897,23890798,3,13,1,0.890,1.598,-0.852,9.602,-0.424,-0.271,62.43,1,587.24,42.82,4418.81,1,584.97,43.67,4400.25
T,4376189,1,353454675,-1178158397,4614689,24552546,3,16,1,0.737,1.345,-0.498,8.473,-0.402,-0.169,62.44,1,581.19,42.79,4497.48,1,579.04,43.65,4477.59
T,4377285,1,353453669,-1178161237,4684378,24759340,3,25,1,0.488,1.091,-0.498,7.591,-0.307,-0.137,62.45,1,577.11,42.77,4550.91,1,574.90,43.62,4531.98
T,4378283,1,353452727,-1178164039,4747533,24697824,3,28,1,0.378,0.761,-0.211,6.523,-0.232,-0.175,62.46,1,573.00,42.75,4605.04,1,570.79,43.59,4586.28
T,4379274,1,353451894,-1178166851,4800680,24700538,3,31,1,0.234,0.646,-0.081,5.671,-0.176,-0.131,62.51,1,570.08,42.73,4643.69,1,567.82,43.59,4625.71
T,4380264,1,353450984,-1178169630,4840018,24736798,3,28,1,0.182,0.464,-0.038,4.760,-0.211,0.022,62.47,1,567.42,42.72,4679.03,1,565.26,43.60,4659.84
T,4381256,1,353450042,-1178172378,4868267,24713356,3,30,1,0.182,0.244,0.144,4.005,-0.384,-0.148,62.43,1,564.66,42.69,4715.85,1,562.87,43.60,4691.81
T,4382254,1,353449101,-1178175074,4887969,24701044,3,30,1,0.120,0.187,0.081,3.519,0.065,-0.194,62.43,1,564.57,42.71,4717.06,1,562.45,43.62,4697.44
T,4383244,1,353448180,-1178177801,4896395,24770916,3,31,1,0.273,0.201,0.177,3.189,-0.453,0.083,62.20,1,562.70,42.67,4742.09,1,560.96,43.60,4717.44
T,4384235,1,353446998,-1178180755,4896283,24349698,3,29,1,2.565,-3.092,-0.804,0.557,-5.587,-2.722,61.88,1,562.06,42.61,4750.67,1,560.00,43.50,4730.35
T,4385231,1,353446054,-1178183361,4890234,24749344,3,27,1,115.607,-13.486,-43.310,1.833,2.540,1.587,61.50,1,565.47,42.35,4705.03,1,563.38,43.23,4684.98
T,4386226,1,353445893,-1178184357,4883451,26207752,3,25,1,4.499,0.345,3.254,0.077,0.217,-0.447,61.68,1,563.94,42.30,4725.48,1,562.32,43.24,4699.18
T,4387317,1,353446368,-1178184298,4870836,989494,3,24,1,38.477,-4.154,-3.699,-3.373,0.949,-2.628,61.78,1,566.77,42.34,4687.69,1,564.60,43.33,4668.66
T,4388207,1,353446330,-1178184215,4864903,13022572,3,25,1,7.887,-3.651,0.383,-1.582,0.093,0.406,61.97,1,567.10,42.25,4683.30,1,564.99,43.25,4663.44
T,4389298,1,353446148,-1178184373,4855596,24194012,3,27,1,10.691,-1.383,-3.843,-1.663,4.744,0.392,61.84,1,567.83,42.24,4673.58,1,565.81,43.23,4652.49
T,4390192,1,353446134,-1178184581,4844460,27628262,3,28,1,9.892,-5.322,-0.948,-3.450,3.401,1.064,61.85,1,568.12,42.18,4669.72,1,566.10,43.20,4648.63
T,4391282,1,353446224,-1178184881,4832501,28487916,3,28,1,8.696,-4.518,-2.527,-6.633,1.619,2.029,61.90,1,568.92,42.16,4659.08,1,566.66,43.19,4641.16
T,4392176,1,353446365,-1178185345,4820341,28747488,3,27,1,10.997,-3.403,-2.273,-5.185,2.762,1.150,61.88,1,570.44,42.13,4638.91,1,568.30,43.16,4619.33
T,4393273,1,353446556,-1178185840,4808598,29174334,3,32,1,12.936,0.550,1.598,-4.443,1.560,-0.391,61.95,1,571.07,42.12,4630.56,1,568.66,43.15,4614.54
T,4394161,1,353446801,-1178186705,4798092,28549596,3,27,1,15.539,4.336,-2.565,-4.137,-0.319,-0.552,61.38,1,571.71,42.04,4622.09,1,569.58,43.07,4602.32
T,4395259,1,353447504,-1178187838,4787378,31203894,3,28,1,9.188,5.432,1.211,-0.202,0.432,-1.346,61.63,1,572.22,41.95,4615.35,1,570.14,43.01,4594.89
T,4396253,1,353448577,-1178188618,4775915,33547386,3,32,1,10.906,2.862,-4.173,1.348,-0.608,-2.354,61.75,1,573.68,41.98,4596.06,1,571.64,43.03,4575.02
T,4397248,1,353449714,-1178189095,4765399,34251220,3,32,1,10.811,5.360,-0.565,3.726,2.665,-1.307,61.86,1,573.93,42.00,4592.76,1,571.75,43.02,4573.56
T,4398237,1,353450748,-1178189707,4754448,32840170,3,29,1,9.342,-3.025,-5.015,1.034,-0.897,3.357,61.86,1,574.84,42.01,4580.77,1,572.73,43.03,4560.60
T,4399229,1,353451690,-1178190478,4744399,32286414,3,31,1,8.916,2.364,2.632,-1.543,-3.240,-0.203,61.71,1,575.27,41.96,4575.10,1,573.25,42.99,4553.74
T,4400219,1,353452705,-1178191252,4734680,33027986,3,29,1,5.001,-2.225,2.182,-0.645,-0.635,-0.828,61.59,1,574.89,41.90,4580.11,1,573.26,42.93,4553.60
T,4401215,1,353453779,-1178191963,4723502,33067310,3,29,1,8.499,3.096,1.661,2.428,0.953,-0.412,61.68,1,576.76,41.91,4555.51,1,574.65,42.95,4535.27
T,4402209,1,353454674,-1178192426,4711458,33980864,3,29,1,14.836,5.834,-3.120,2.863,-0.007,-0.744,61.79,1,577.91,41.91,4540.41,1,575.77,42.95,4520.52
T,4403304,1,353455529,-1178192924,4700718,33019878,3,31,1,7.892,3.197,-2.953,-1.145,-0.293,0.432,61.66,1,578.66,41.89,4530.58,1,576.57,42.93,4510.00
T,4404202,1,353456424,-1178193665,4690832,32234906,3,31,1,7.289,0.206,-5.934,1.057,0.324,-0.302,61.73,1,579.71,41.88,4516.83,1,577.70,42.92,4495.16
T,4405294,1,353457213,-1178194563,4680528,31379156,3,30,1,6.690,0.536,-5.446,0.429,0.215,1.096,60.93,1,580.46,41.69,4507.02,1,578.27,42.75,4487.69
T,4406185,1,353457988,-1178195423,4669718,31857954,3,29,1,11.763,3.517,-5.728,0.987,1.239,-1.339,60.97,1,580.83,41.55,4502.18,1,578.79,42.63,4480.87
T,4407275,1,353458757,-1178196375,4659854,31252416,3,28,1,7.705,-3.541,-5.805,0.826,1.487,-0.241,60.62,1,581.38,41.47,4495.00,1,579.28,42.57,4474.45
T,4408178,1,353459419,-1178197386,4649424,30788900,3,28,1,15.099,0.388,-7.102,-1.456,-1.392,-1.721,60.91,1,582.81,41.45,4476.35,1,580.72,42.56,4455.62
T,4409275,1,353459983,-1178198457,4639087,30019790,3,28,1,7.528,-1.072,-4.987,-1.613,-0.799,0.198,60.30,1,583.30,41.26,4469.97,1,581.26,42.30,4448.57
T,4410269,1,353460610,-1178199510,4628638,30814918,3,29,1,6.432,0.005,-5.566,-0.655,-0.038,1.213,60.01,1,584.06,41.11,4460.08,1,581.99,42.19,4439.04
T,4411258,1,353461313,-1178200519,4617942,31109890,3,31,1,7.432,1.326,-5.724,0.450,0.667,0.404,60.11,1,585.06,41.02,4447.08,1,582.94,42.11,4426.66
T,4412261,1,353462018,-1178201420,4607548,31463630,3,30,1,7.250,4.192,-1.464,1.522,0.341,-0.881,60.62,1,585.16,41.08,4445.78,1,583.07,42.20,4424.96
T,4413253,1,353462664,-1178202306,4596811,30976968,3,31,1,7.839,4.307,-2.441,0.316,0.599,-0.180,60.83,1,586.09,41.12,4433.71,1,583.95,42.25,4413.51
T,4414242,1,353463213,-1178203233,4586165,30352870,3,31,1,7.552,5.125,-1.565,0.833,-0.099,0.898,60.94,1,587.10,41.15,4420.62,1,585.00,42.27,4399.86
T,4415230,1,353463660,-1178204133,4575684,29990624,3,30,1,8.696,2.091,-5.752,-0.484,1.664,-0.743,60.38,1,587.95,41.07,4409.62,1,585.85,42.19,4388.83
T,4416221,1,353464061,-1178205159,4565865,29307192,3,29,1,7.284,-1.479,-5.212,2.142,-0.415,0.205,60.28,1,588.54,40.97,4401.99,1,586.41,42.05,4381.56
T,4417214,1,353464279,-1178206183,4555365,28048428,3,28,1,7.155,0.890,-5.532,-0.960,0.257,1.217,60.34,1,589.58,40.89,4388.56,1,587.49,42.04,4367.57
T,4418203,1,353464391,-1178207037,4544351,27826442,3,28,1,11.002,5.829,0.670,-0.679,-1.085,-2.103,60.52,1,589.63,40.85,4387.91,1,587.40,42.02,4368.74
T,4419200,1,353464582,-1178207913,4534041,28758200,3,32,1,8.657,-1.149,4.805,1.150,0.170,-0.120,60.54,1,589.63,40.85,4387.91,1,587.78,42.00,4363.82
T,4420189,1,353464996,-1178208857,4524214,30167322,3,32,1,8.140,2.584,-4.360,2.415,1.089,-0.224,60.56,1,591.72,40.84,4360.98,1,589.70,41.97,4339.01
T,4421179,1,353465635,-1178209668,4514671,31834304,3,32,1,10.107,1.819,-6.126,-2.656,0.513,-1.041,60.29,1,592.58,40.78,4349.92,1,590.40,41.96,4329.98
T,4422174,1,353466174,-1178210464,4505332,30486938,3,30,1,3.862,1.747,-2.819,1.822,0.210,-0.513,60.54,1,592.98,40.74,4344.78,1,590.99,41.96,4322.38
T,4423165,1,353466525,-1178211187,4495014,29826314,3,27,1,9.366,-0.507,5.116,2.880,-2.492,2.632,60.30,1,592.75,40.72,4347.73,1,590.96,41.94,4322.76
T,4424257,1,353466712,-1178211851,4484229,28433460,3,30,1,6.398,1.335,-3.618,1.232,0.847,1.162,60.36,1,594.98,40.74,4319.12,1,592.88,41.93,4298.06
T,4425247,1,353466635,-1178212455,4472525,25143470,3,29,1,8.136,5.288,-2.163,2.900,1.465,0.269,60.27,1,595.16,40.62,4316.81,1,593.03,41.78,4296.13
T,4426240,1,353466346,-1178212802,4461023,20959698,3,28,1,10.035,-0.345,-6.078,-2.053,0.594,1.136,60.23,1,596.60,40.62,4298.39,1,594.57,41.80,4276.37
T,4427236,1,353465814,-1178212807,4450420,17031180,3,28,1,9.490,4.465,-0.852,1.721,0.094,1.514,60.08,1,597.13,40.50,4291.61,1,595.01,41.69,4270.73
T,4428227,1,353465181,-1178212530,4439036,15611292,3,30,1,10.983,2.326,-2.661,0.634,0.986,0.911,60.30,1,598.04,40.52,4279.99,1,595.87,41.71,4259.72
T,4429216,1,353464710,-1178212102,4427770,13559644,3,31,1,8.475,0.407,-5.590,0.006,1.924,1.911,60.09,1,599.14,40.51,4265.97,1,596.91,41.70,4246.42
T,4430210,1,353464318,-1178211773,4417438,15050502,3,31,1,10.921,-0.952,-4.676,-1.436,0.027,-0.525,60.11,1,599.62,40.45,4259.86,1,597.52,41.64,4238.63
T,4431205,1,353463677,-1178211846,4407295,19422388,3,29,1,7.834,2.972,-4.140,-0.881,-0.200,0.690,58.95,1,600.27,40.21,4251.58,1,598.15,41.36,4230.59
T,4432196,1,353463041,-1178212342,4396107,22079520,3,30,1,7.758,2.962,-5.092,-0.892,0.919,0.441,59.58,1,601.31,40.12,4238.36,1,599.26,41.34,4216.44
T,4433187,1,353462648,-1178213029,4384436,24254182,3,30,1,10.849,4.661,-5.283,2.453,0.368,-1.721,59.81,1,602.25,40.17,4226.43,1,600.13,41.40,4205.36
T,4434177,1,353462434,-1178213775,4373902,25314102,3,30,1,7.312,1.431,-4.819,0.492,1.433,-1.181,58.95,1,603.30,40.03,4213.12,1,601.19,41.23,4191.89
T,4435269,1,353462325,-1178214519,4363788,26172626,3,30,1,8.973,-0.239,-5.738,2.658,-0.294,-0.391,59.38,1,603.95,39.94,4204.89,1,601.83,41.13,4183.76
T,4436164,1,353462131,-1178215198,4353970,24533966,3,27,1,8.514,0.373,-6.188,-0.632,-0.395,-0.684,59.24,1,604.76,39.97,4194.64,1,602.70,41.18,4172.72
T,4437260,1,353461785,-1178215716,4343982,22475670,3,30,1,8.073,2.541,-4.848,1.547,0.342,-1.090,59.00,1,605.30,39.75,4187.81,1,603.23,40.99,4166.00
T,4438251,1,353461338,-1178215815,4333298,17394788,3,29,1,8.236,-5.949,-1.886,-0.849,1.465,0.029,59.02,1,605.71,39.75,4182.64,1,603.76,41.00,4159.29
T,4439239,1,353460983,-1178215600,4322267,14165710,3,29,1,7.116,5.058,-1.412,0.314,-0.616,1.291,59.28,1,606.32,39.75,4174.94,1,604.31,41.01,4152.33
T,4440229,1,353460674,-1178215060,4312597,12056134,3,30,1,11.907,2.934,-3.556,1.378,1.313,1.407,59.39,1,607.66,39.76,4158.04,1,605.54,41.02,4136.78
T,4441218,1,353460313,-1178214328,4302357,12159066,3,29,1,8.198,-1.857,-5.293,-1.256,3.114,1.648,58.51,1,608.70,39.60,4144.95,1,606.50,40.85,4124.66
T,4442208,1,353460006,-1178213754,4291265,12300030,3,27,1,7.375,-0.445,5.413,-0.506,0.032,-0.549,58.23,1,607.94,39.49,4154.52,1,606.07,40.76,4130.09
T,4443201,1,353459774,-1178213377,4279606,12852054,3,28,1,8.145,1.373,-6.542,2.018,-1.426,-2.142,58.77,1,610.45,39.56,4122.97,1,608.28,40.80,4102.24
T,4444194,1,353459538,-1178213219,4268426,16460578,3,27,1,8.375,3.776,2.479,4.734,1.026,2.276,59.12,1,610.91,39.56,4117.20,1,608.79,40.80,4095.82
T,4445189,1,353459236,-1178213324,4256961,20805154,3,27,1,7.848,-1.201,4.886,1.836,-0.445,-0.447,59.02,1,610.73,39.51,4119.45,1,608.83,40.77,4095.32
T,4446181,1,353459140,-1178213889,4246782,27026792,3,27,1,22.430,4.604,-0.632,1.445,-2.913,3.147,58.96,1,612.34,39.45,4099.28,1,610.25,40.69,4077.48
T,4447273,1,353459899,-1178214483,4234928,33741320,3,21,1,11.629,-4.317,-5.484,4.010,1.673,-0.386,57.71,1,612.96,39.25,4091.52,1,610.83,40.45,4070.20
T,4448165,1,353460986,-1178214442,4221864,1354545,3,25,1,9.686,-5.728,7.035,1.064,-0.316,3.086,57.71,1,612.62,38.98,4095.78,1,610.89,40.25,4069.45
T,4449261,1,353461840,-1178213982,4209087,2919568,3,30,1,8.815,-3.364,-2.000,-1.745,0.516,0.887,58.42,1,615.43,39.08,4060.68,1,613.31,40.36,4039.15
T,4450268,1,353462494,-1178213643,4197651,2210153,3,31,1,10.055,0.598,4.508,-3.417,1.069,0.081,58.63,1,615.21,39.04,4063.42,1,613.18,40.34,4040.77
T,4451259,1,353463093,-1178213469,4187431,1038687,3,30,1,7.968,1.752,3.996,2.970,0.068,-0.551,58.30,1,616.74,39.06,4044.36,1,614.59,40.36,4023.16
T,4452251,1,353463785,-1178213332,4178073,873885,3,30,1,9.059,4.676,0.258,0.365,0.263,-1.212,58.53,1,617.67,39.06,4032.80,1,615.50,40.35,4011.81
T,4453236,1,353464604,-1178213350,4168963,35361436,3,32,1,7.896,4.446,-0.660,0.314,0.583,-1.184,58.64,1,618.29,39.05,4025.09,1,616.10,40.33,4004.33
T,4454229,1,353465420,-1178213603,4159629,34094440,3,32,1,7.092,-0.297,-6.307,-0.853,0.579,0.596,58.31,1,619.55,38.96,4009.46,1,617.45,40.27,3987.53
T,4455219,1,353466183,-1178213931,4149778,34034504,3,31,1,11.151,2.570,-4.934,-1.690,-0.005,0.766,58.00,1,620.09,38.80,4002.77,1,617.94,40.11,3981.44
T,4456214,1,353467013,-1178214096,4139562,35478080,3,30,1,9.945,5.063,-1.527,-1.662,-0.312,0.140,58.28,1,620.44,38.82,3998.43,1,618.44,40.12,3975.23
T,4457212,1,353467863,-1178214110,4129863,128030,3,31,1,10.270,4.987,0.689,1.675,-1.246,1.445,58.34,1,621.50,38.81,3985.31,1,619.33,40.10,3964.19
T,4458211,1,353468715,-1178213876,4120328,1726266,3,31,1,10.816,-0.823,-3.278,0.418,0.547,0.734,56.93,1,622.61,38.62,3971.59,1,620.42,39.88,3950.68
T,4459200,1,353469437,-1178213073,4110104,5117678,3,28,1,11.849,-3.977,-3.910,0.639,1.541,0.852,57.29,1,622.71,38.38,3970.36,1,620.69,39.68,3947.33
T,4460193,1,353469630,-1178212044,4097717,9297128,3,28,1,6.786,-6.992,-6.083,-1.047,-0.986,0.911,57.13,1,623.77,38.38,3957.28,1,621.52,39.74,3937.06
T,4461185,1,353469640,-1178211252,4086211,8554236,3,28,1,10.040,2.388,4.015,-3.019,-3.151,-0.039,57.60,1,624.60,38.39,3947.05,1,622.51,39.75,3924.83
T,4462275,1,353469642,-1178210637,4075891,9264570,3,28,1,9.610,2.919,3.537,3.112,0.044,3.723,57.91,1,625.38,38.39,3937.44,1,623.24,39.74,3915.81
T,4463263,1,353469564,-1178210064,4065761,10161570,3,31,1,6.532,-4.312,-1.440,1.068,-0.426,-0.296,57.95,1,626.33,38.40,3925.76,1,624.22,39.74,3903.73
T,4464260,1,353469563,-1178209475,4055362,8470286,3,31,1,7.595,-4.762,-3.862,-0.820,-0.233,-1.170,57.73,1,627.24,38.32,3914.58,1,625.19,39.69,3891.78
T,4465256,1,353469764,-1178208790,4046166,6578115,3,32,1,6.709,1.129,-5.417,-1.058,0.568,0.799,56.65,1,628.55,38.21,3898.51,1,626.40,39.55,3876.90
T,4466247,1,353470078,-1178208126,4036032,5824601,3,32,1,7.466,0.445,-6.312,-1.034,-0.794,0.900,57.09,1,629.38,38.04,3888.35,1,627.21,39.39,3866.95
T,4467246,1,353470333,-1178207556,4026048,6503409,3,32,1,8.786,4.101,-3.474,0.721,1.284,-0.604,57.45,1,629.53,38.05,3886.51,1,627.38,39.41,3864.86
T,4468236,1,353470700,-1178206925,4017218,5138637,3,29,1,7.140,-1.172,-4.278,2.112,0.386,0.452,56.98,1,630.33,38.04,3876.73,1,628.19,39.38,3854.93
T,4469234,1,353471279,-1178206331,4008450,3598102,3,30,1,7.504,-3.316,-4.542,0.242,0.378,0.396,57.18,1,630.92,37.91,3869.52,1,628.80,39.27,3847.45
T,4470223,1,353471909,-1178205811,3999746,3385906,3,31,1,8.992,-1.699,-5.039,-1.045,0.158,1.280,57.48,1,631.82,37.95,3858.52,1,629.61,39.29,3837.53
T,4471216,1,353472191,-1178205287,3990771,7247978,3,31,1,6.298,0.301,-4.848,-1.227,0.172,-0.187,56.24,1,632.85,37.86,3845.96,1,630.71,39.14,3824.08
T,4472204,1,353472057,-1178204929,3979422,13492448,3,31,1,9.614,0.555,-6.389,-1.181,0.676,1.285,55.24,1,633.89,37.50,3833.30,1,631.78,38.72,3811.01
T,4473206,1,353471744,-1178204798,3967216,17217626,3,32,1,8.432,2.723,-4.680,3.310,1.666,-1.241,55.98,1,634.00,37.33,3831.96,1,631.86,38.63,3810.04
T,4474199,1,353471560,-1178204653,3955752,12805848,3,31,1,8.198,-4.824,-0.579,3.195,-1.913,-1.429,56.50,1,634.76,37.48,3822.71,1,632.72,38.79,3799.55
T,4475194,1,353471518,-1178204317,3945470,9107004,3,30,1,8.504,1.139,5.776,0.396,0.484,0.043,56.18,1,635.09,37.40,3818.70,1,633.07,38.73,3795.28
T,4476178,1,353471571,-1178204024,3935531,6512480,3,30,1,11.151,3.967,-3.297,2.613,-2.359,0.054,56.51,1,636.95,37.47,3796.12,1,634.84,38.82,3773.74
T,4477282,1,353471742,-1178203800,3925984,4076870,3,31,1,8.935,-1.833,-4.685,-1.372,-1.156,1.252,56.53,1,637.72,37.40,3786.79,1,635.56,38.75,3764.99
T,4478272,1,353471951,-1178203493,3917035,5351078,3,30,1,10.002,1.886,-5.771,-0.015,0.011,0.988,56.24,1,638.51,37.27,3777.23,1,636.40,38.62,3754.79
T,4479260,1,353472236,-1178203136,3907929,4288653,3,32,1,8.274,4.245,-1.417,0.177,0.511,-1.024,56.53,1,638.53,37.30,3776.99,1,636.38,38.66,3755.04
T,4480250,1,353472767,-1178202799,3898858,2206564,3,31,1,7.470,2.991,-3.599,0.916,0.154,1.488,56.55,1,639.58,37.33,3764.29,1,637.49,38.69,3741.58
T,4481243,1,353473418,-1178202552,3888940,1474761,3,29,1,11.203,4.790,-4.537,-0.279,0.429,1.363,56.69,1,640.35,37.32,3754.99,1,638.26,38.68,3732.25
T,4482236,1,353474106,-1178202362,3879487,1256420,3,30,1,8.571,-0.737,-3.762,1.985,0.419,1.438,56.79,1,641.63,37.32,3739.55,1,639.47,38.65,3717.62
T,4483225,1,353474769,-1178202134,3870235,1734495,3,29,1,8.815,-5.078,-2.158,2.055,0.530,-0.707,56.72,1,641.56,37.29,3740.39,1,639.31,38.64,3719.55
T,4484216,1,353475322,-1178201733,3862050,3795682,3,29,1,7.025,-0.239,0.723,-1.284,-0.580,-1.310,56.34,1,642.48,37.20,3729.31,1,640.32,38.58,3707.35
T,4485208,1,353475669,-1178201274,3853049,5397166,3,29,1,9.337,-4.226,0.033,0.067,1.163,-3.974,56.37,1,643.23,37.16,3720.29,1,641.02,38.53,3698.91
T,4486197,1,353475744,-1178200914,3842626,9350670,3,30,1,14.836,1.637,0.029,2.651,-4.777,2.122,56.53,1,643.93,37.15,3711.87,1,641.82,38.50,3689.26
T,4487188,1,353475534,-1178200803,3831515,18019524,3,27,1,6.954,-0.019,-1.536,3.962,0.220,-1.233,56.09,1,645.04,37.03,3698.54,1,642.94,38.38,3675.77
T,4488178,1,353475375,-1178200830,3820975,20222866,3,28,1,12.146,3.517,-3.599,1.892,2.517,1.695,56.37,1,645.78,37.06,3689.66,1,643.66,38.40,3667.11
T,4489168,1,353475466,-1178200761,3811156,2935982,3,27,1,9.284,-4.221,1.795,-0.094,-2.283,-1.892,56.39,1,646.47,37.05,3681.39,1,644.39,38.40,3658.34
T,4490263,1,353475730,-1178200604,3801139,2387575,3,28,1,7.255,-4.618,-2.268,-4.131,1.212,2.711,56.45,1,647.44,37.02,3669.78,1,645.29,38.37,3647.54
T,4491261,1,353476091,-1178200569,3791752,35682648,3,29,1,9.260,-2.867,3.455,-3.150,1.307,-2.713,56.39,1,646.88,36.95,3676.48,1,645.15,38.33,3649.22
T,4492250,1,353476544,-1178200481,3783310,1234777,3,30,1,8.107,3.489,-3.178,-1.939,-0.513,-1.107,56.34,1,648.54,36.94,3656.63,1,646.37,38.29,3634.59
T,4493240,1,353476979,-1178200345,3774936,1448811,3,30,1,8.174,2.469,-4.360,-0.132,-1.685,0.291,56.40,1,649.82,36.93,3641.34,1,647.68,38.26,3618.91
T,4494229,1,353477357,-1178200220,3766228,1513674,3,29,1,7.753,3.211,3.608,-0.331,1.482,0.810,56.18,1,649.39,36.89,3646.48,1,647.38,38.19,3622.50
T,4495227,1,353477727,-1178200066,3757391,1889954,3,32,1,9.567,2.627,-3.924,0.904,0.811,-0.707,56.12,1,650.92,36.86,3628.23,1,648.85,38.18,3604.93
T,4496218,1,353478229,-1178199931,3748800,972190,3,32,1,9.322,2.063,-6.173,-1.603,-0.071,0.727,54.81,1,651.71,36.77,3618.83,1,649.55,38.04,3596.57
T,4497209,1,353478813,-1178199888,3739909,161144,3,30,1,5.834,2.350,-4.101,1.826,0.263,0.250,55.09,1,652.45,36.69,3610.02,1,650.34,37.96,3587.15
T,4498269,1,353479324,-1178199870,3730060,1656,3,30,1,10.954,4.475,0.220,-1.060,2.453,-2.039,55.45,1,652.95,36.68,3604.08,1,650.65,37.97,3583.45
T,4499255,1,353479778,-1178199786,3720184,1139934,3,29,1,9.820,4.379,3.699,-1.545,0.062,1.229,55.39,1,653.67,36.62,3595.53,1,651.40,37.92,3574.52
T,4500246,1,353480137,-1178199577,3710450,3315211,3,30,1,6.719,3.450,3.168,-0.110,0.216,0.143,55.69,1,654.15,36.62,3589.83,1,652.06,37.91,3566.66
T,4501239,1,353480397,-1178199349,3700635,3665811,3,28,1,6.413,4.254,1.464,2.538,0.408,0.814,55.73,1,654.93,36.65,3580.58,1,652.90,37.93,3556.67
T,4502232,1,353480731,-1178199295,3689993,35565908,3,30,1,9.227,3.876,-0.828,-4.960,-0.750,0.744,55.71,1,656.31,36.62,3564.24,1,654.16,37.88,3541.71
T,4503223,1,353481087,-1178199293,3679646,102366,3,30,1,10.615,3.106,-3.503,-5.242,-0.954,2.619,55.36,1,656.90,36.45,3557.25,1,654.72,37.75,3535.07
T,4504214,1,353481315,-1178198951,3670788,6695721,3,28,1,4.546,-3.733,-0.148,-2.596,0.467,-0.568,55.18,1,657.48,36.38,3550.40,1,655.39,37.63,3527.13
T,4505208,1,353481263,-1178198355,3661265,10814660,3,29,1,7.825,-2.603,-3.915,0.612,0.913,-1.995,54.99,1,658.67,36.34,3536.35,1,656.49,37.59,3514.11
T,4506198,1,353480867,-1178197835,3651278,14752922,3,30,1,13.898,-5.695,0.885,-1.125,-0.481,-4.580,55.75,1,658.14,36.27,3542.60,1,656.42,37.58,3514.93
T,4507195,1,353480237,-1178197804,3640653,19045130,3,29,1,5.140,-3.747,-4.642,-0.298,1.892,-1.458,55.16,1,660.26,36.27,3517.60,1,658.15,37.61,3494.49
T,4508192,1,353479671,-1178197968,3629197,19634882,3,29,1,8.155,2.570,-3.470,-2.811,-1.013,0.204,55.21,1,661.06,36.28,3508.19,1,658.96,37.61,3484.93
T,4509182,1,353479102,-1178198219,3619128,20106870,3,29,1,7.973,4.010,2.211,0.913,0.327,1.179,55.41,1,662.11,36.26,3495.84,1,659.89,37.58,3473.96
T,4510174,1,353478500,-1178198519,3609917,20150902,3,29,1,7.997,1.976,-4.805,-1.175,-0.803,1.086,55.47,1,663.27,36.25,3482.22,1,661.13,37.55,3459.37
T,4511270,1,353477894,-1178198912,3600301,20851176,3,31,1,8.059,3.144,-4.465,1.631,0.634,-1.778,55.40,1,663.52,36.23,3479.29,1,661.36,37.53,3456.66
T,4512265,1,353477290,-1178199082,3590206,18514022,3,30,1,7.389,2.991,-1.082,-0.035,0.326,1.313,54.92,1,664.20,36.21,3471.32,1,662.02,37.50,3448.90
T,4513255,1,353476747,-1178198927,3579882,15803690,3,31,1,7.193,4.178,-2.154,0.550,0.382,2.615,54.82,1,665.30,36.19,3458.43,1,663.18,37.48,3435.28
T,4514246,1,353476300,-1178198720,3568877,16064340,3,29,1,8.576,-0.971,-6.547,0.838,-0.502,-1.173,55.33,1,666.54,36.16,3443.93,1,664.38,37.45,3421.21
T,4515244,1,353475943,-1178198412,3558645,13650644,3,28,1,6.944,1.029,-4.695,-0.010,0.007,0.127,54.77,1,667.47,36.04,3433.07,1,665.31,37.36,3410.32
T,4516235,1,353475641,-1178197976,3548406,12611230,3,31,1,7.944,4.704,1.096,1.327,0.536,0.927,54.45,1,667.35,35.98,3434.47,1,665.29,37.27,3410.55
T,4517228,1,353475520,-1178197468,3538387,9370024,3,30,1,10.758,4.374,-3.130,0.563,-0.342,0.773,54.50,1,668.79,36.00,3417.67,1,666.68,37.30,3394.30
T,4518218,1,353475569,-1178196800,3528939,8144659,3,29,1,5.929,3.541,-3.436,0.411,0.634,-0.604,54.46,1,669.52,35.98,3409.17,1,667.35,37.27,3386.47
T,4519210,1,353475741,-1178196105,3518225,6859805,3,27,1,8.916,1.565,0.206,0.690,0.720,0.924,54.84,1,670.30,35.94,3400.09,1,668.13,37.24,3377.37
T,4520193,1,353475795,-1178195674,3506759,9345126,3,28,1,7.959,-0.440,6.303,1.036,-0.319,0.579,55.13,1,670.68,35.93,3395.67,1,668.64,37.23,3371.42
T,4521185,1,353475604,-1178195523,3494550,16551110,3,29,1,6.566,5.465,-0.263,-0.518,0.216,0.055,54.56,1,672.30,35.91,3376.85,1,670.20,37.21,3353.25
T,4522280,1,353475284,-1178195318,3482533,14612346,3,30,1,11.423,5.781,-1.431,0.545,2.671,1.410,54.38,1,672.88,35.82,3370.12,1,670.74,37.12,3346.97
T,4523170,1,353475221,-1178195008,3469964,7688755,3,29,1,10.079,6.068,-3.632,0.936,-0.307,0.726,54.34,1,674.37,35.81,3352.86,1,672.24,37.10,3329.55
T,4524260,1,353475201,-1178195060,3460490,25496462,3,26,1,2.790,-1.273,-1.306,-3.861,2.327,-0.445,55.08,1,674.81,35.79,3347.77,1,672.89,37.08,3322.01
T,4525260,1,353475061,-1178195533,3450194,24889242,3,30,1,9.437,3.982,-0.708,-0.836,1.130,3.626,54.55,1,676.09,35.76,3332.97,1,673.94,37.04,3309.84
T,4526255,1,353474923,-1178195989,3439104,25041648,3,26,1,21.425,3.991,1.196,-1.840,-3.379,-1.940,54.71,1,676.99,35.72,3322.58,1,674.88,37.01,3298.96
T,4527250,1,353475421,-1178196317,3428440,34198464,3,26,1,9.107,-4.283,-1.708,-4.765,1.108,2.144,54.55,1,677.32,35.66,3318.77,1,675.29,36.95,3294.22
T,4528240,1,353476248,-1178196412,3417481,35928176,3,30,1,8.461,4.996,3.680,-2.301,1.224,-1.349,53.85,1,677.98,35.46,3311.16,1,675.99,36.78,3286.12
T,4529231,1,353476919,-1178196256,3405831,1550566,3,30,1,11.074,5.384,-1.512,-0.495,-1.153,-1.184,53.91,1,679.12,35.42,3298.03,1,677.11,36.76,3273.19
T,4530227,1,353477413,-1178195830,3395310,4362176,3,31,1,10.031,4.044,-3.757,-0.699,1.494,1.107,53.93,1,680.55,35.41,3281.58,1,678.37,36.75,3258.66
T,4531217,1,353477857,-1178195366,3385237,3877161,3,32,1,10.782,4.355,0.067,0.567,1.378,0.979,54.48,1,681.19,35.38,3274.23,1,679.06,36.73,3250.72
T,4532208,1,353478446,-1178195085,3375434,1397417,3,30,1,8.384,4.408,-1.474,-0.766,-0.253,-0.150,54.13,1,682.18,35.39,3262.87,1,680.01,36.72,3239.79
T,4533202,1,353479122,-1178195034,3365123,35761888,3,31,1,6.556,1.311,-4.613,2.088,-0.175,0.137,53.91,1,683.34,35.35,3249.57,1,681.24,36.69,3225.65
T,4534193,1,353479764,-1178195040,3354794,55127,3,32,1,7.686,4.422,-2.675,-2.126,1.186,0.387,53.57,1,683.56,35.24,3247.05,1,681.41,36.59,3223.70
T,4535182,1,353480380,-1178194962,3344554,754505,3,30,1,8.265,4.671,-1.842,3.097,0.481,0.323,53.65,1,684.91,35.20,3231.61,1,682.77,36.55,3208.10
T,4536173,1,353481007,-1178194937,3334427,35862016,3,32,1,9.686,-1.350,-5.121,-1.693,-0.312,0.051,53.77,1,686.03,35.23,3218.81,1,683.88,36.55,3195.39
T,4537268,1,353481646,-1178194995,3324459,35421336,3,29,1,6.805,2.402,0.330,0.318,0.847,-1.178,54.00,1,686.50,35.18,3213.45,1,684.33,36.51,3190.24
T,4538257,1,353482236,-1178195158,3314656,34369772,3,30,1,11.725,1.517,4.336,-1.330,0.920,0.062,53.75,1,686.78,35.12,3210.25,1,684.65,36.46,3186.58
T,4539253,1,353482851,-1178195328,3305029,34885724,3,31,1,10.418,1.718,1.962,-0.175,0.421,1.236,53.66,1,687.77,35.09,3198.96,1,685.58,36.42,3175.95
T,4540253,1,353483446,-1178195640,3295374,33033734,3,29,1,9.232,0.584,3.723,0.626,-0.557,-1.012,54.28,1,688.24,35.09,3193.61,1,686.07,36.43,3170.35
T,4541242,1,353484028,-1178196023,3285300,33200378,3,31,1,8.164,5.212,-0.617,-0.776,0.070,-0.717,53.84,1,689.27,35.05,3181.89,1,687.22,36.37,3157.23
T,4542234,1,353484633,-1178196384,3275732,33421552,3,28,1,8.796,2.230,-5.020,0.131,-0.336,0.151,53.62,1,690.78,35.01,3164.73,1,688.66,36.32,3140.83
T,4543226,1,353485170,-1178196879,3266358,31712664,3,30,1,8.064,5.293,-0.651,0.981,0.187,1.565,53.60,1,691.40,34.98,3157.69,1,689.14,36.30,3135.37
T,4544229,1,353485626,-1178197453,3256947,31335186,3,31,1,9.031,4.360,-3.967,-1.162,1.048,-0.616,53.33,1,692.17,34.93,3148.96,1,689.98,36.26,3125.82
T,4545218,1,353486083,-1178198032,3247973,31506988,3,29,1,7.930,4.293,-1.177,-1.092,0.375,-0.949,53.38,1,692.62,34.85,3143.86,1,690.56,36.18,3119.23
T,4546212,1,353486606,-1178198653,3239286,31576012,3,29,1,9.428,4.010,-1.972,-0.353,0.892,1.122,53.38,1,693.42,34.82,3134.80,1,691.29,36.16,3110.94
T,4547207,1,353487019,-1178199431,3230252,29716188,3,28,1,8.131,4.757,-1.024,0.531,-0.033,1.359,53.31,1,694.31,34.80,3124.74,1,692.14,36.13,3101.30
T,4548202,1,353487317,-1178200254,3220861,29172752,3,31,1,10.519,4.025,-0.498,0.996,0.819,-0.432,53.43,1,695.16,34.76,3115.13,1,692.98,36.09,3091.79
T,4549193,1,353487454,-1178201031,3212253,27739114,3,30,1,8.011,5.058,-0.316,-1.932,-0.688,-0.561,53.35,1,695.85,34.75,3107.34,1,693.62,36.05,3084.54
T,4550189,1,353487494,-1178201764,3203438,27291106,3,31,1,8.030,3.474,-2.795,0.280,0.518,0.037,53.32,1,696.55,34.70,3099.44,1,694.47,36.04,3074.93
T,4551180,1,353487590,-1178202478,3194981,28211772,3,30,1,7.336,4.015,-3.130,-0.044,-0.272,0.882,53.35,1,697.52,34.65,3088.51,1,695.37,36.02,3064.76
T,4552274,1,353487765,-1178203173,3185963,28935536,3,31,1,8.806,5.068,-2.359,-0.479,0.656,-1.264,53.36,1,698.14,34.66,3081.53,1,696.00,36.00,3057.65
T,4553265,1,353488009,-1178203801,3176498,29841596,3,32,1,9.791,0.976,-5.858,-1.018,-1.809,1.676,53.33,1,699.20,34.66,3069.60,1,697.07,35.98,3045.58
T,4554262,1,353488372,-1178204387,3166939,31120588,3,30,1,7.939,4.599,1.383,-0.055,0.768,-0.949,53.18,1,699.52,34.51,3066.01,1,697.34,35.80,3042.54
T,4555254,1,353488659,-1178205026,3157309,29348476,3,26,1,6.427,4.250,-2.426,0.687,0.723,0.918,53.50,1,700.49,34.52,3055.11,1,698.26,35.81,3032.18
T,4556243,1,353488887,-1178205619,3147437,29636182,3,30,1,7.896,-1.455,-5.599,0.272,-1.084,-0.529,53.20,1,701.20,34.51,3047.14,1,698.97,35.79,3024.19
T,4557241,1,353489219,-1178206128,3138049,31500620,3,30,1,9.734,-2.780,-4.039,-0.390,1.499,-1.728,53.11,1,702.17,34.44,3036.27,1,700.00,35.73,3012.61
T,4558239,1,353489795,-1178206443,3128762,34226008,3,29,1,8.174,3.527,-4.001,-2.399,-0.021,2.028,52.55,1,702.80,34.37,3029.22,1,700.63,35.66,3005.54
T,4559228,1,353490453,-1178206560,3119300,35620304,3,30,1,7.547,5.288,2.101,2.683,0.105,0.717,52.70,1,703.67,34.28,3019.48,1,701.47,35.58,2996.12
T,4560222,1,353491128,-1178206601,3109638,35756676,3,32,1,7.691,4.522,-1.775,1.228,-0.133,-0.845,52.88,1,704.36,34.32,3011.77,1,702.19,35.61,2988.05
T,4561214,1,353491809,-1178206738,3100145,34754068,3,32,1,7.236,2.565,-4.140,1.070,1.505,0.781,52.90,1,705.43,34.32,2999.82,1,703.31,35.60,2975.51
T,4562204,1,353492465,-1178206835,3090289,35517928,3,32,1,10.954,-1.038,-3.857,0.865,0.119,1.995,52.88,1,706.47,34.32,2988.21,1,704.27,35.58,2964.77
T,4563195,1,353493092,-1178206860,3080711,9522,3,32,1,9.399,-4.355,-2.053,0.464,0.398,0.348,52.84,1,706.97,34.28,2982.64,1,704.81,35.54,2958.74
T,4564183,1,353493732,-1178206798,3071082,679802,3,31,1,8.696,-5.269,-0.426,-0.374,-0.057,0.695,52.82,1,707.54,34.19,2976.29,1,705.41,35.50,2952.04
T,4565179,1,353494363,-1178206796,3061245,35758380,3,31,1,7.351,-4.963,-3.953,-0.138,-0.892,0.972,52.62,1,708.19,34.17,2969.06,1,706.10,35.46,2944.34
T,4566176,1,353494979,-1178206835,3051285,35667068,3,32,1,8.270,1.249,-5.451,-0.621,-0.595,1.178,52.38,1,709.84,34.11,2950.71,1,707.71,35.40,2926.40
T,4567167,1,353495578,-1178206840,3041060,53292,3,31,1,9.911,5.566,-2.469,1.448,0.789,0.255,52.31,1,710.44,33.98,2944.05,1,708.33,35.30,2919.50
T,4568254,1,353496034,-1178207057,3030620,32719272,3,30,1,13.074,1.699,-5.197,3.554,1.510,1.687,52.47,1,711.73,34.00,2929.75,1,709.51,35.29,2906.38
T,4569243,1,353496509,-1178207452,3020916,32627932,3,32,1,11.438,-1.656,2.302,1.238,-2.722,1.703,53.45,1,712.27,33.98,2923.76,1,709.98,35.29,2901.16
T,4570237,1,353496862,-1178208013,3011308,29904010,3,31,1,10.007,-2.656,-4.106,-5.091,1.451,0.330,52.68,1,713.32,33.89,2912.14,1,711.28,35.21,2886.73
T,4571235,1,353496855,-1178208787,3001215,25810826,3,32,1,10.318,1.105,1.364,1.644,-0.671,0.684,52.42,1,713.96,33.83,2905.06,1,711.69,35.12,2882.19
T,4572232,1,353496561,-1178209492,2990523,23286226,3,32,1,12.103,-1.943,-0.928,0.313,-0.880,2.137,52.27,1,714.73,33.83,2896.56,1,712.61,35.08,2872.00
T,4573228,1,353496078,-1178209915,2980439,20452016,3,31,1,9.638,-0.292,1.192,0.690,-1.761,2.051,52.34,1,715.75,33.85,2885.30,1,713.50,35.09,2862.15
T,4574222,1,353495667,-1178210192,2970859,21036508,3,32,1,7.887,2.646,-3.967,-1.147,0.184,1.756,52.40,1,716.74,33.85,2874.39,1,714.64,35.08,2849.55
T,4575217,1,353495591,-1178210571,2960933,27882210,3,30,1,9.236,5.432,0.794,1.583,-0.506,1.417,52.36,1,717.35,33.84,2867.67,1,715.24,35.07,2842.93
T,4576208,1,353495824,-1178210944,2950730,31733838,3,32,1,8.739,1.704,-5.106,-0.764,-0.090,0.469,52.29,1,718.62,33.81,2853.69,1,716.43,35.03,2829.80
T,4577201,1,353496284,-1178211113,2940260,35094188,3,31,1,7.284,-0.182,-5.853,-0.727,-1.175,1.040,52.24,1,719.56,33.77,2843.36,1,717.39,35.02,2819.22
T,4578200,1,353496757,-1178211002,2929678,1956061,3,31,1,9.619,4.360,-2.632,0.144,-0.412,1.256,52.34,1,720.12,33.77,2837.21,1,717.99,34.98,2812.62
T,4579195,1,353497210,-1178210579,2919784,4331701,3,31,1,8.715,5.149,-2.374,1.246,0.131,-0.463,52.32,1,720.74,33.76,2830.41,1,718.67,34.97,2805.14
T,4580190,1,353497533,-1178209991,2909692,6270247,3,30,1,8.346,4.862,-2.623,-0.109,-0.040,0.379,52.31,1,721.95,33.71,2817.14,1,719.80,34.94,2792.72
T,4581184,1,353497581,-1178209450,2899663,9651456,3,27,1,12.022,4.743,-0.311,-0.441,2.385,-1.211,52.24,1,722.60,33.70,2810.02,1,720.37,34.92,2786.47
T,4582177,1,353497382,-1178208878,2890688,11699328,3,30,1,9.686,5.202,-0.287,0.247,0.633,0.489,52.16,1,723.60,33.67,2799.08,1,721.42,34.88,2774.95
T,4583270,1,353497039,-1178208286,2881905,12668534,3,30,1,8.753,5.422,-0.890,-0.936,-0.293,-1.037,52.14,1,723.95,33.64,2795.26,1,721.91,34.85,2769.58
T,4584273,1,353496599,-1178207793,2872861,14031078,3,31,1,7.351,3.728,-3.034,-0.452,0.666,0.378,52.09,1,725.12,33.55,2782.48,1,722.94,34.81,2758.30
T,4585261,1,353496161,-1178207394,2863423,14327602,3,30,1,8.987,3.608,-1.402,0.734,-0.313,0.268,52.11,1,726.04,33.53,2772.44,1,723.88,34.78,2748.02
T,4586253,1,353495797,-1178206893,2854264,12487882,3,31,1,8.164,2.632,-3.738,1.381,-0.301,-1.157,51.85,1,726.98,33.52,2762.19,1,724.84,34.70,2737.53
T,4587240,1,353495635,-1178206143,2844530,9642274,3,31,1,7.202,4.767,-1.407,-0.560,0.827,-0.021,51.38,1,727.21,33.37,2759.69,1,725.13,34.46,2734.37
T,4588235,1,353495599,-1178205328,2834274,9106468,3,32,1,6.843,3.374,-3.364,-1.376,0.391,-0.285,51.74,1,728.45,33.39,2746.19,1,726.32,34.51,2721.39
T,4589230,1,353495635,-1178204562,2824881,8289833,3,30,1,7.647,4.293,-0.373,-0.946,-0.583,2.004,51.84,1,728.91,33.38,2741.19,1,726.79,34.54,2716.26
T,4590228,1,353495825,-1178203844,2815050,6745874,3,31,1,8.169,4.015,-3.580,-0.308,-0.874,0.420,51.83,1,730.16,33.35,2727.61,1,727.97,34.55,2703.42
T,4591223,1,353496036,-1178203227,2804804,6722637,3,30,1,8.193,3.934,-2.436,0.005,0.183,-0.362,51.86,1,731.03,33.33,2718.17,1,728.84,34.52,2693.95
T,4592217,1,353496191,-1178202723,2794234,7075262,3,30,1,11.064,-2.244,0.991,-0.325,1.070,1.200,51.91,1,731.49,33.32,2713.19,1,729.47,34.50,2687.11
T,4593210,1,353496426,-1178202269,2784923,5340366,3,31,1,9.102,-2.230,3.211,0.024,-0.551,0.191,54.10,1,731.62,33.30,2711.78,1,729.87,34.50,2682.76
T,4594201,1,353496946,-1178201795,2775689,3298925,3,32,1,10.466,-3.714,3.848,-2.026,0.735,-2.162,54.95,1,732.45,33.31,2702.79,1,730.65,34.50,2674.30
T,4595196,1,353497578,-1178201311,2766089,3162436,3,30,1,6.169,-4.910,1.996,2.654,-1.585,1.322,53.77,1,733.53,33.23,2691.10,1,731.53,34.39,2664.75
T,4596188,1,353498064,-1178200858,2755536,4087620,3,31,1,8.849,-3.288,-5.523,4.557,-0.805,-2.293,52.83,1,735.49,33.24,2669.93,1,733.32,34.42,2645.37
T,4597180,1,353498429,-1178200477,2745447,4163883,3,30,1,9.552,0.024,2.737,1.571,-0.086,0.042,52.26,1,736.35,33.25,2660.65,1,734.13,34.43,2636.61
T,4598280,1,353498742,-1178200186,2735254,3357104,3,29,1,9.203,-0.321,4.341,0.104,-1.818,-1.901,53.36,1,735.57,33.19,2669.06,1,733.81,34.43,2640.07
T,4599169,1,353499060,-1178199660,2726669,5921755,3,31,1,9.098,3.996,0.517,2.111,-0.225,-0.872,52.33,1,737.90,33.21,2643.95,1,735.78,34.42,2618.80
T,4600260,1,353499237,-1178198797,2717508,8142877,3,29,1,12.730,6.183,0.005,-1.119,0.757,-1.750,52.02,1,738.51,33.20,2637.39,1,736.31,34.39,2613.08
T,4601253,1,353499240,-1178197906,2708035,9338240,3,31,1,8.887,4.058,-4.235,-0.255,-0.588,-0.997,51.89,1,739.30,33.18,2628.90,1,737.11,34.36,2604.46
T,4602246,1,353498986,-1178197162,2698652,12161384,3,30,1,8.279,4.006,-3.283,0.649,2.512,0.602,51.86,1,740.41,33.11,2616.98,1,738.24,34.33,2592.30
T,4603237,1,353498655,-1178196505,2689514,12169246,3,29,1,7.346,5.259,-2.445,0.502,-0.804,-0.117,51.78,1,741.13,33.10,2609.25,1,738.97,34.29,2584.45
T,4604229,1,353498432,-1178195886,2679883,10953778,3,29,1,7.882,5.432,0.335,-0.194,0.550,0.392,51.79,1,741.84,33.08,2601.64,1,739.64,34.27,2577.24
T,4605225,1,353498248,-1178195346,2670257,11452294,3,30,1,6.805,3.632,-3.312,-0.922,-0.180,0.112,51.73,1,742.89,33.05,2590.40,1,740.70,34.25,2565.86
T,4606216,1,353498006,-1178194988,2660160,13740178,3,27,1,7.801,5.054,-0.287,-1.437,-0.450,0.233,51.68,1,743.37,33.01,2585.26,1,741.17,34.21,2560.82
T,4607208,1,353497695,-1178194762,2649605,15581090,3,28,1,9.490,6.178,0.081,1.859,-0.228,0.932,51.65,1,744.60,32.99,2572.11,1,742.44,34.18,2547.21
T,4608204,1,353497376,-1178194820,2638848,20352372,3,27,1,9.155,3.575,-4.589,-1.839,0.566,0.874,51.68,1,745.53,32.94,2562.18,1,743.36,34.15,2537.36
T,4609197,1,353497160,-1178195282,2628542,24832262,3,30,1,9.150,4.905,-2.402,-1.150,-0.386,0.009,51.72,1,746.25,32.93,2554.50,1,744.10,34.14,2529.45
T,4610187,1,353497181,-1178195921,2618288,27992102,3,30,1,8.016,5.106,-1.541,0.575,0.558,-0.183,51.66,1,747.22,32.90,2544.16,1,745.05,34.11,2519.30
T,4611179,1,353497390,-1178196681,2608761,29010340,3,31,1,6.973,2.938,-3.221,-1.225,-0.922,0.367,51.62,1,748.36,32.86,2532.02,1,746.17,34.08,2507.35
T,4612277,1,353497807,-1178197450,2598744,30770710,3,32,1,5.685,4.164,-2.613,0.850,0.507,-0.011,51.65,1,749.16,32.82,2523.51,1,746.99,34.06,2498.61
T,4613269,1,353498241,-1178197997,2587818,31737818,3,30,1,10.303,0.517,2.321,0.027,0.297,-0.962,51.88,1,750.20,32.81,2512.46,1,748.01,34.05,2487.74
T,4614269,1,353498442,-1178198455,2577693,28529044,3,30,1,9.174,4.293,1.263,2.589,0.049,-0.071,51.53,1,751.30,32.81,2500.78,1,749.10,34.03,2476.15
T,4615264,1,353498375,-1178199082,2567697,25509036,3,32,1,7.035,2.043,-5.417,0.593,0.439,-0.347,51.55,1,752.14,32.80,2491.88,1,749.98,34.00,2466.80
T,4616254,1,353498091,-1178199770,2558022,23613750,3,31,1,9.227,2.426,-4.317,0.437,-0.727,-0.850,51.52,1,753.27,32.79,2479.91,1,751.12,33.98,2454.69
T,4617245,1,353497498,-1178200326,2548272,20880818,3,30,1,11.399,5.312,-0.057,0.133,2.040,0.104,51.30,1,753.19,32.72,2480.76,1,751.03,33.86,2455.65
T,4618238,1,353496772,-1178200407,2537380,17314838,3,30,1,6.882,0.818,-6.159,-0.622,0.331,1.029,51.45,1,755.11,32.72,2460.45,1,752.97,33.88,2435.09
T,4619245,1,353496299,-1178200148,2526718,14200952,3,32,1,8.614,3.474,3.240,2.057,-0.219,0.018,52.62,1,754.20,32.66,2470.07,1,747.76,33.74,2490.40
T,4620236,1,353496143,-1178199530,2516596,9481972,3,32,1,8.504,0.943,-5.652,1.864,1.884,-1.263,51.73,1,756.86,32.67,2441.98,1,754.67,33.86,2417.10
T,4621229,1,353496263,-1178198861,2506015,6875056,3,31,1,8.791,-1.139,-5.953,0.202,0.976,0.182,51.33,1,757.59,32.60,2434.29,1,755.44,33.76,2408.97
T,4622224,1,353496483,-1178198219,2496463,6674838,3,32,1,6.906,1.153,-4.690,-0.277,0.235,-0.558,50.73,1,758.70,32.54,2422.60,1,756.56,33.69,2397.15
T,4623215,1,353496840,-1178197482,2486716,5638851,3,32,1,9.160,4.958,-2.532,-1.382,0.360,-1.465,50.76,1,759.08,32.43,2418.61,1,756.86,33.56,2393.98
T,4624209,1,353497254,-1178196745,2476870,5478920,3,31,1,8.097,3.249,-2.661,-0.480,0.109,0.013,51.05,1,760.04,32.46,2408.51,1,757.87,33.60,2383.34
T,4625204,1,353497764,-1178196031,2467222,4663374,3,30,1,10.495,4.604,-2.919,1.300,0.814,2.076,51.21,1,761.05,32.49,2397.91,1,758.91,33.63,2372.39
T,4626198,1,353498312,-1178195309,2457548,4734027,3,32,1,9.141,2.067,-2.034,0.297,2.121,-1.068,50.82,1,761.87,32.45,2389.30,1,759.64,33.57,2364.72
T,4627190,1,353498876,-1178194676,2447153,3943668,3,31,1,10.758,0.857,-4.259,-0.820,-2.231,1.056,50.88,1,763.09,32.39,2376.51,1,760.87,33.49,2351.80
T,4628185,1,353499303,-1178194096,2437456,5362970,3,32,1,12.773,5.121,-1.158,1.640,2.456,0.795,50.89,1,763.35,32.35,2373.79,1,761.13,33.49,2349.07
T,4629283,1,353499753,-1178193495,2427728,4543338,3,30,1,8.078,4.680,-2.254,-0.285,-0.991,1.517,51.02,1,764.63,32.37,2360.40,1,762.47,33.50,2335.01
T,4630176,1,353500074,-1178192804,2418252,6794194,3,31,1,10.361,2.493,-2.594,-0.770,1.929,0.882,50.76,1,765.40,32.34,2352.35,1,763.19,33.42,2327.47
T,4631267,1,353500065,-1178192068,2407971,10208164,3,31,1,7.643,5.346,0.440,-3.040,-1.344,-0.294,50.86,1,766.36,32.33,2342.32,1,764.20,33.40,2316.89
T,4632260,1,353499904,-1178191470,2397251,11382314,3,30,1,9.169,4.173,4.231,2.186,0.550,-1.264,50.90,1,767.15,32.32,2334.08,1,765.10,33.41,2307.48
T,4633251,1,353499662,-1178191052,2386710,12934196,3,30,1,13.381,-0.852,4.149,-0.061,2.560,2.381,51.09,1,767.28,32.30,2332.73,1,765.35,33.39,2304.87
T,4634242,1,353499533,-1178190412,2375987,9743694,3,29,1,8.983,5.432,-4.838,1.317,0.034,-1.521,51.78,1,769.13,32.29,2313.45,1,766.88,33.35,2288.90
T,4635233,1,353499416,-1178189806,2365663,10688088,3,30,1,8.136,-4.848,-3.733,-0.049,-0.617,0.536,51.02,1,770.03,32.27,2304.09,1,767.85,33.34,2278.78
T,4636227,1,353499248,-1178189317,2355794,11600210,3,29,1,6.767,1.373,-5.240,-0.437,0.452,0.883,50.38,1,771.53,32.23,2288.51,1,769.36,33.31,2263.06
T,4637218,1,353499093,-1178188883,2345350,11210374,3,31,1,8.131,3.570,-4.331,1.183,0.549,-0.143,50.54,1,772.27,32.15,2280.83,1,770.08,33.23,2255.57
T,4638208,1,353499013,-1178188465,2334969,9685892,3,31,1,7.686,4.412,-2.876,-0.562,0.426,-0.106,50.73,1,772.75,32.17,2275.85,1,770.56,33.27,2250.58
T,4639201,1,353498998,-1178188011,2324255,8697594,3,31,1,9.667,0.359,-4.173,1.163,-0.117,1.117,50.80,1,774.22,32.19,2260.62,1,771.96,33.27,2236.04
T,4640195,1,353498969,-1178187616,2314217,9704008,3,32,1,10.969,0.096,-6.087,-2.434,-0.219,-1.046,50.60,1,775.23,32.16,2250.17,1,773.06,33.25,2224.64
T,4641188,1,353498834,-1178187055,2305870,10642302,3,28,1,9.964,3.986,-0.742,0.406,-0.137,-0.905,50.54,1,775.10,32.05,2251.51,1,772.91,33.15,2226.19
T,4642180,1,353498797,-1178186133,2297785,8694874,3,31,1,9.940,4.001,-1.795,0.727,0.160,-0.451,50.60,1,775.86,32.02,2243.66,1,773.62,33.11,2218.83
T,4643170,1,353499030,-1178185024,2288499,7053272,3,31,1,9.653,4.475,-3.331,-1.019,2.993,1.167,50.67,1,777.06,31.98,2231.26,1,774.84,33.08,2206.20
T,4644260,1,353499503,-1178184314,2276592,3778225,3,29,1,9.442,-2.230,4.164,-2.409,-1.696,-2.668,52.50,1,777.18,31.97,2230.03,1,775.25,33.06,2201.96
T,4645250,1,353500048,-1178183903,2264411,2947568,3,30,1,15.348,0.933,4.527,-0.698,1.695,2.104,51.81,1,778.05,31.98,2221.05,1,776.29,33.05,2191.22
T,4646243,1,353500526,-1178183140,2253830,6032082,3,28,1,9.035,6.173,1.957,1.864,2.596,0.088,51.70,1,779.99,31.94,2201.07,1,777.66,32.98,2177.07
T,4647230,1,353500974,-1178182338,2242511,5366174,3,29,1,7.729,-1.713,-2.642,-0.145,-0.191,-0.294,51.03,1,781.70,31.94,2183.49,1,779.51,33.01,2158.01
T,4648227,1,353501481,-1178181836,2231363,3064601,3,30,1,9.653,5.503,-0.593,1.257,-0.346,0.733,50.80,1,782.29,31.95,2177.43,1,780.06,33.03,2152.35
T,4649223,1,353502148,-1178181431,2221052,2420159,3,30,1,8.820,3.422,-3.446,-0.659,-0.638,-0.500,50.82,1,783.37,31.94,2166.35,1,781.21,33.03,2140.52
T,4650216,1,353502897,-1178180834,2210476,3612807,3,32,1,9.308,4.250,1.417,0.566,1.649,-0.257,50.80,1,783.91,31.93,2160.81,1,781.82,33.02,2134.25
T,4651208,1,353503839,-1178180308,2199970,2047522,3,30,1,8.523,-4.604,-1.527,1.504,1.167,0.731,50.64,1,785.08,31.91,2148.83,1,782.95,33.01,2122.66
T,4652198,1,353504929,-1178179870,2190110,1766639,3,31,1,7.341,1.795,-3.939,-0.604,0.318,1.585,50.09,1,786.61,31.86,2133.18,1,784.43,32.97,2107.49
T,4653190,1,353506043,-1178179597,2180902,838779,3,30,1,9.423,3.982,1.115,1.950,0.288,2.291,50.22,1,786.99,31.77,2129.30,1,784.78,32.86,2103.90
T,4654175,1,353507112,-1178179561,2171283,35705080,3,30,1,8.839,2.675,-3.896,0.413,2.496,0.536,50.43,1,787.98,31.80,2119.19,1,785.81,32.88,2093.36
T,4655167,1,353507944,-1178179840,2160066,33538426,3,30,1,8.935,4.805,-2.857,-1.795,-1.164,0.580,50.51,1,789.20,31.83,2106.75,1,787.03,32.90,2080.89
T,4656265,1,353508678,-1178180255,2150056,33440580,3,30,1,11.873,2.733,2.962,0.057,-1.604,-0.578,50.58,1,789.67,31.83,2101.96,1,787.53,32.89,2075.78
T,4657256,1,353509747,-1178180276,2140112,606327,3,27,1,7.968,3.781,-1.771,0.722,-0.099,0.456,50.62,1,790.45,31.79,2094.02,1,788.27,32.84,2068.23
T,4658246,1,353510733,-1178179759,2128482,3095100,3,30,1,6.260,3.838,-2.776,0.542,0.591,0.023,50.64,1,792.04,31.78,2077.84,1,789.94,32.81,2051.21
T,4659237,1,353511407,-1178179019,2116409,4704411,3,28,1,8.605,2.273,-4.006,-3.003,0.519,1.831,49.80,1,793.17,31.70,2066.36,1,790.98,32.72,2040.62
T,4660230,1,353511615,-1178178415,2102852,8730704,3,28,1,11.935,5.154,-1.316,1.704,-1.702,0.115,50.13,1,794.24,31.64,2055.51,1,792.11,32.66,2029.13
T,4661221,1,353511618,-1178178262,2089499,8730704,3,29,1,6.997,1.005,-5.709,-0.727,0.960,-0.528,50.09,1,795.99,31.62,2037.78,1,793.78,32.66,2012.18
T,4662213,1,353511593,-1178178376,2076993,25311440,3,28,1,9.409,4.187,-3.269,-0.501,1.128,-0.844,50.19,1,796.88,31.62,2028.78,1,794.69,32.66,2002.95
T,4663205,1,353511662,-1178178217,2064104,6315137,3,26,1,10.806,5.996,-3.484,1.173,1.373,-0.815,50.39,1,797.80,31.63,2019.48,1,795.61,32.66,1993.63
T,4664197,1,353512266,-1178178254,2052152,34931416,3,27,1,7.030,1.656,2.843,-0.189,-2.028,0.624,50.34,1,798.23,31.61,2015.13,1,796.20,32.65,1987.66
T,4665185,1,353513069,-1178178677,2040039,33108244,3,30,1,7.274,-4.408,2.091,-1.594,-0.348,-0.874,50.27,1,799.93,31.61,1997.98,1,797.89,32.66,1970.57
T,4666181,1,353513681,-1178178833,2026726,63422,3,28,1,11.888,-1.589,-0.971,-2.663,1.164,2.132,50.32,1,801.35,31.57,1983.67,1,799.19,32.63,1957.44
T,4667173,1,353514317,-1178178538,2013911,2695240,3,27,1,12.246,1.263,2.187,-0.018,0.379,-4.087,51.29,1,802.41,31.53,1973.01,1,800.11,32.58,1948.16
T,4668163,1,353514841,-1178178051,2002131,4151024,3,27,1,8.078,4.633,-0.665,2.673,0.417,-0.143,50.58,1,803.90,31.52,1958.03,1,801.73,32.56,1931.85
T,4669255,1,353515162,-1178177621,1990671,5110533,3,29,1,8.002,1.938,-4.671,-4.721,0.437,3.285,50.23,1,805.32,31.52,1943.78,1,803.16,32.56,1917.47
T,4670249,1,353515313,-1178177487,1978063,34697516,3,28,1,9.265,5.551,3.202,3.385,1.192,1.823,50.14,1,805.70,31.47,1939.98,1,803.58,32.52,1913.25
T,4671240,1,353515369,-1178177666,1966327,28015622,3,28,1,24.038,-6.035,3.762,0.413,1.588,0.853,51.25,1,805.64,31.47,1940.58,1,803.96,32.51,1909.43
T,4672229,1,353515997,-1178178448,1956023,31693398,3,23,1,6.121,-4.609,-1.278,-2.822,1.245,0.407,52.70,1,807.05,31.45,1926.45,1,805.07,32.49,1898.29
T,4673219,1,353517095,-1178179181,1945599,33725580,3,30,1,7.289,3.403,-3.929,-2.354,0.593,2.099,50.78,1,809.22,31.37,1904.76,1,806.99,32.43,1879.05
T,4674212,1,353518296,-1178179378,1934730,35921840,3,31,1,10.308,3.312,1.445,1.608,0.042,1.897,50.36,1,810.24,31.34,1894.57,1,808.02,32.38,1868.75
T,4675203,1,353519370,-1178179256,1923634,850016,3,30,1,9.945,2.144,-1.574,-0.659,0.161,0.391,50.18,1,811.29,31.35,1884.10,1,809.13,32.39,1857.66
T,4676199,1,353520112,-1178178878,1912643,3207811,3,31,1,9.050,3.905,-1.440,-2.084,0.451,-0.065,50.25,1,812.18,31.36,1875.24,1,809.92,32.40,1849.77
T,4677192,1,353520662,-1178178401,1900910,4106122,3,31,1,7.518,0.301,-1.996,-1.014,-0.122,0.522,50.20,1,813.51,31.38,1862.00,1,811.35,32.42,1835.51
T,4678284,1,353521101,-1178178100,1888542,2675698,3,28,1,9.471,3.029,2.627,-0.457,0.103,-1.253,50.18,1,814.28,31.40,1854.35,1,812.08,32.43,1828.23
T,4679180,1,353521410,-1178177939,1876327,2102254,3,31,1,10.930,0.345,4.355,-0.215,1.658,1.057,50.02,1,814.92,31.37,1847.99,1,812.74,32.38,1821.66
T,4680283,1,353521553,-1178177860,1864076,4626358,3,29,1,8.533,2.369,-4.302,0.599,0.389,-1.561,50.27,1,817.03,31.36,1827.05,1,814.93,32.38,1799.89
T,4681279,1,353521579,-1178177771,1852277,9779558,3,30,1,11.332,-2.570,-5.384,-1.181,0.055,1.203,50.18,1,817.95,31.36,1817.94,1,815.90,32.38,1790.26
T,4682267,1,353521445,-1178177694,1842385,16060898,3,31,1,10.260,4.001,-0.287,-1.830,0.362,0.468,49.89,1,819.03,31.29,1807.25,1,816.84,32.33,1780.94
T,4683258,1,353521132,-1178177771,1833859,19633674,3,31,1,6.106,3.446,0.732,1.282,-0.454,-0.691,49.93,1,819.64,31.30,1801.22,1,817.47,32.33,1774.69
T,4684250,1,353520784,-1178178060,1824188,22088860,3,31,1,8.944,0.804,-4.628,-0.297,0.538,1.062,49.54,1,820.87,31.28,1789.07,1,818.78,32.29,1761.73
T,4685238,1,353520599,-1178178753,1812883,26004530,3,31,1,7.480,5.604,-2.359,0.357,1.384,0.909,49.47,1,821.47,31.16,1783.15,1,819.34,32.13,1756.18
T,4686227,1,353520650,-1178179625,1801227,27780984,3,29,1,12.888,-3.427,-6.446,0.623,-1.762,2.164,50.14,1,822.54,31.21,1772.60,1,820.41,32.18,1745.61
T,4687230,1,353520927,-1178180515,1789578,29550936,3,29,1,10.744,-6.599,-0.335,-0.292,0.700,2.250,50.56,1,823.45,31.21,1763.63,1,821.27,32.19,1737.12
T,4688226,1,353521270,-1178181427,1778954,29497312,3,30,1,6.968,-1.962,-4.446,-1.531,0.093,1.300,50.73,1,824.90,31.21,1749.36,1,822.75,32.21,1722.52
T,4689219,1,353521647,-1178182291,1768221,29974272,3,32,1,7.982,2.766,0.809,-1.621,0.825,0.363,50.09,1,825.94,31.18,1739.14,1,823.77,32.20,1712.48
T,4690209,1,353522100,-1178182993,1756674,31202204,3,31,1,7.255,4.987,-1.005,-1.883,0.046,0.970,50.07,1,826.62,31.18,1732.46,1,824.51,32.18,1705.20
T,4691203,1,353522653,-1178183664,1745697,31685986,3,31,1,9.557,5.480,-0.301,1.104,1.619,1.075,50.02,1,827.87,31.17,1720.19,1,825.65,32.16,1693.99
T,4692199,1,353523332,-1178184256,1734375,32694992,3,31,1,9.380,3.766,-2.474,1.020,-0.239,0.272,49.98,1,829.41,31.17,1705.11,1,827.26,32.16,1678.18
T,4693189,1,353524123,-1178184649,1723941,34220296,3,31,1,9.768,5.178,-0.737,-0.982,1.403,-1.388,49.75,1,830.03,31.13,1699.04,1,827.86,32.13,1672.29
T,4694181,1,353524977,-1178184928,1714090,34680932,3,32,1,7.614,4.513,-2.201,-0.451,-0.043,0.897,49.95,1,830.99,31.14,1689.65,1,828.83,32.14,1662.79
T,4695171,1,353525811,-1178185052,1704532,35690980,3,30,1,10.418,5.518,-2.747,-0.024,-0.299,-0.395,50.07,1,832.25,31.15,1677.34,1,830.12,32.15,1650.16
T,4696269,1,353526543,-1178184949,1695366,1098792,3,30,1,10.165,3.685,2.728,-1.526,1.146,0.563,50.10,1,832.57,31.15,1674.22,1,830.42,32.14,1647.22
T,4697263,1,353527311,-1178184648,1687104,1967781,3,31,1,11.639,3.115,-4.025,1.492,-0.090,0.509,50.15,1,833.82,31.15,1662.02,1,831.69,32.13,1634.81
T,4698259,1,353528016,-1178184125,1678359,3701936,3,31,1,8.734,-2.972,-4.647,-0.594,0.959,1.908,49.03,1,834.63,31.08,1654.13,1,832.49,32.05,1627.00
T,4699253,1,353528335,-1178183543,1667714,7108186,3,32,1,10.265,3.230,-5.317,-1.120,0.547,1.493,48.80,1,836.01,30.99,1640.70,1,833.85,31.96,1613.73
T,4700246,1,353528317,-1178183119,1657818,10668766,3,31,1,9.954,5.633,1.125,3.024,0.781,0.762,49.43,1,836.19,30.98,1638.94,1,834.18,31.95,1610.51
T,4701239,1,353528366,-1178182679,1648654,7411174,3,29,1,8.930,3.235,-3.637,0.276,0.246,-0.081,49.76,1,837.68,31.03,1624.46,1,835.44,31.99,1598.24
T,4702230,1,353528704,-1178182159,1639587,4487120,3,31,1,9.169,4.412,-2.862,-0.276,0.161,0.191,49.95,1,838.38,31.05,1617.67,1,836.18,32.00,1591.04
T,4703223,1,353529283,-1178181628,1630507,3417489,3,29,1,3.651,3.230,-3.101,1.302,-0.935,0.288,50.00,1,839.48,31.06,1607.00,1,837.35,32.02,1579.67
T,4704217,1,353529800,-1178181080,1621266,4454364,3,29,1,9.882,-0.493,-4.896,-1.133,1.167,0.549,48.59,1,840.64,30.97,1595.76,1,838.48,31.95,1568.70
T,4705209,1,353529922,-1178180530,1610826,9323656,3,30,1,9.629,4.728,-0.742,0.005,2.239,-0.771,48.90,1,840.91,30.82,1593.14,1,838.73,31.80,1566.27
T,4706206,1,353530051,-1178180159,1599692,4914790,3,29,1,13.481,1.594,-1.704,-3.141,1.240,0.423,49.33,1,842.39,30.89,1578.82,1,840.15,31.86,1552.50
T,4707198,1,353530297,-1178179708,1590107,5894874,3,31,1,10.897,-3.594,1.168,-1.770,1.141,-1.306,50.47,1,843.31,30.87,1569.93,1,841.07,31.84,1543.59
T,4708190,1,353530475,-1178179224,1581034,6996671,3,31,1,8.341,-5.503,2.431,1.565,-1.018,0.638,50.80,1,843.92,30.88,1564.04,1,841.77,31.85,1536.82
T,4709284,1,353530502,-1178178875,1571347,9884494,3,30,1,8.404,-5.982,0.139,-1.580,-0.271,0.038,50.82,1,844.77,30.89,1555.84,1,842.60,31.86,1528.79
T,4710282,1,353530377,-1178178636,1562197,13150674,3,28,1,9.691,-3.125,-5.111,-0.643,0.170,-0.050,49.51,1,845.81,30.85,1545.81,1,843.62,31.84,1518.94
T,4711181,1,353530212,-1178178223,1554692,11181652,3,28,1,9.399,0.866,-4.240,-0.095,-0.209,-0.254,48.75,1,847.02,30.79,1534.16,1,844.90,31.78,1506.58
T,4712176,1,353530176,-1178177622,1546598,8771598,3,29,1,7.614,2.450,-3.919,1.278,0.462,-1.036,48.98,1,847.37,30.75,1530.79,1,845.27,31.71,1503.02
T,4713165,1,353530427,-1178176915,1537120,5764267,3,29,1,9.188,-4.709,-4.872,-0.534,0.869,-1.252,49.04,1,848.24,30.76,1522.42,1,846.10,31.74,1495.02
T,4714257,1,353531013,-1178176316,1526932,3183866,3,31,1,9.528,-1.962,-7.308,-0.342,-0.820,0.528,49.12,1,849.86,30.75,1506.86,1,847.75,31.74,1479.13
T,4715252,1,353531778,-1178176056,1516570,778403,3,30,1,10.184,-3.417,-6.532,-0.497,0.376,1.245,49.34,1,850.39,30.75,1501.77,1,848.27,31.71,1474.13
T,4716242,1,353532678,-1178175879,1507335,1012060,3,29,1,6.930,2.134,-4.824,0.484,0.140,0.688,49.09,1,851.76,30.73,1488.64,1,849.66,31.67,1460.78
T,4717230,1,353533543,-1178175572,1498143,1902995,3,30,1,5.843,1.407,-5.188,-2.026,-0.137,0.574,48.49,1,852.60,30.66,1480.59,1,850.45,31.61,1453.20
T,4718292,1,353534195,-1178175127,1488568,3441088,3,31,1,8.308,-1.177,-5.925,1.506,0.042,0.247,48.98,1,853.25,30.65,1474.37,1,851.11,31.60,1446.87
T,4719183,1,353534755,-1178174653,1479376,3357965,3,31,1,8.231,2.623,-4.551,0.149,0.253,-0.615,49.10,1,854.18,30.67,1465.47,1,852.02,31.63,1438.14
T,4720175,1,353535395,-1178174250,1469659,2403066,3,29,1,9.141,-3.092,-5.307,-0.171,1.537,2.403,49.47,1,855.09,30.69,1456.78,1,852.85,31.64,1430.20
T,4721165,1,353536019,-1178173888,1459383,2608608,3,30,1,7.805,-3.034,-5.125,-0.332,0.139,1.081,49.38,1,856.07,30.68,1447.42,1,853.97,31.63,1419.48
T,4722265,1,353536514,-1178173456,1449037,4056312,3,29,1,7.557,0.943,-2.881,-1.616,0.987,0.133,49.20,1,857.21,30.68,1436.55,1,855.00,31.62,1409.64
T,4723263,1,353536991,-1178173105,1438089,2796415,3,28,1,10.653,2.067,1.665,2.661,-0.993,2.505,50.12,1,857.84,30.68,1430.54,1,855.81,31.59,1401.90
T,4724255,1,353537440,-1178172941,1426806,892114,3,29,1,7.241,-0.617,-2.900,1.214,-0.445,-0.406,49.83,1,859.31,30.71,1416.55,1,857.19,31.62,1388.74
T,4725249,1,353537845,-1178172902,1416063,276649,3,28,1,8.538,-0.053,4.427,3.356,0.885,0.378,49.75,1,859.24,30.68,1417.22,1,857.38,31.62,1386.93
T,4726235,1,353538080,-1178172958,1406055,33719452,3,31,1,9.576,-1.010,-5.575,2.035,-0.516,-2.073,49.54,1,861.35,30.71,1397.16,1,859.18,31.63,1369.79
T,4727231,1,353538170,-1178173430,1396702,27689144,3,28,1,18.363,-2.493,-2.680,-1.563,0.738,-1.936,51.21,1,861.00,30.71,1400.48,1,859.12,31.64,1370.36
T,4728228,1,353538614,-1178174521,1387535,30054540,3,27,1,10.562,2.761,-4.867,-3.830,0.566,2.305,49.76,1,862.92,30.62,1382.26,1,860.70,31.56,1355.33
T,4729223,1,353539400,-1178175282,1377044,33239842,3,31,1,9.399,6.437,-0.823,2.425,0.049,-0.793,49.71,1,863.40,30.58,1377.71,1,861.31,31.53,1349.54
T,4730215,1,353540272,-1178175550,1366467,35348084,3,30,1,14.175,5.700,-0.364,-0.310,2.303,0.869,49.74,1,864.92,30.63,1363.32,1,862.73,31.57,1336.06
T,4731207,1,353540907,-1178176181,1358222,30732188,3,27,1,6.882,5.231,-0.287,3.258,-1.004,1.583,50.22,1,865.45,30.65,1358.30,1,863.11,31.58,1332.46
T,4732201,1,353541110,-1178177257,1350516,27397436,3,30,1,5.896,-3.058,-4.321,0.551,0.305,-0.538,48.97,1,866.49,30.58,1348.47,1,864.35,31.52,1320.71
T,4733191,1,353541103,-1178178158,1342193,26529424,3,32,1,9.791,-2.589,-5.886,0.905,0.445,1.370,49.20,1,867.24,30.56,1341.39,1,865.08,31.51,1313.80
T,4734180,1,353540928,-1178178779,1333815,24196446,3,31,1,6.422,3.666,-4.633,1.996,1.026,-0.886,49.04,1,868.59,30.54,1328.64,1,866.43,31.50,1301.04
T,4735276,1,353540668,-1178179032,1324344,20218552,3,30,1,8.810,-2.737,-5.614,-0.742,-0.756,1.680,48.99,1,869.26,30.51,1322.33,1,867.13,31.47,1294.42
T,4736169,1,353540359,-1178179162,1314887,19774938,3,31,1,10.749,-2.986,-5.331,-1.632,0.292,3.803,49.02,1,870.32,30.53,1312.34,1,868.14,31.49,1284.89
T,4737267,1,353540165,-1178179377,1305097,23461160,3,30,1,10.485,-1.192,6.475,-1.340,1.922,0.145,49.23,1,870.37,30.53,1311.87,1,868.17,31.49,1284.61
T,4738156,1,353540023,-1178179697,1295982,23961800,3,29,1,9.744,5.015,2.197,1.365,0.365,0.684,49.22,1,872.27,30.57,1294.00,1,870.11,31.50,1266.32
T,4739251,1,353539740,-1178179934,1287879,20027582,3,29,1,8.456,5.106,-2.211,-0.485,0.270,-0.345,49.36,1,872.74,30.59,1289.58,1,870.54,31.51,1262.27
T,4740241,1,353539427,-1178179955,1279631,16989074,3,30,1,6.891,3.666,-3.613,1.371,0.661,-0.468,49.47,1,873.41,30.58,1283.29,1,871.27,31.50,1255.40
T,4741238,1,353539302,-1178179724,1270492,10092744,3,29,1,7.485,-0.455,-5.298,-1.140,-0.232,2.715,49.69,1,874.87,30.60,1269.59,1,872.76,31.52,1241.39
T,4742243,1,353539161,-1178179395,1261979,12580164,3,32,1,8.073,3.632,1.627,-1.542,0.199,0.431,49.38,1,875.45,30.57,1264.15,1,873.25,31.50,1236.79
T,4743231,1,353538813,-1178179131,1253089,15574438,3,30,1,7.145,4.829,1.488,2.680,1.274,0.734,49.69,1,875.73,30.58,1261.53,1,873.71,31.50,1232.47
T,4744221,1,353538525,-1178178758,1243944,12246716,3,30,1,10.854,0.857,-6.298,0.775,0.032,0.551,49.71,1,877.58,30.62,1244.21,1,875.52,31.52,1215.49
T,4745211,1,353538418,-1178178218,1235531,9558986,3,30,1,7.652,4.546,-1.718,-0.753,0.498,-0.856,49.49,1,877.89,30.60,1241.31,1,875.74,31.52,1213.43
T,4746202,1,353538438,-1178177640,1227200,8310020,3,29,1,6.925,4.058,-1.819,0.238,0.077,0.380,49.55,1,878.95,30.62,1231.40,1,876.77,31.53,1203.79
T,4747191,1,353538463,-1178177017,1219212,8878122,3,31,1,9.504,3.967,-2.599,-0.648,0.088,0.997,49.64,1,879.85,30.64,1223.00,1,877.64,31.55,1195.65
T,4748182,1,353538381,-1178176400,1211063,10256738,3,30,1,9.064,4.795,-3.240,0.062,-0.648,-0.575,49.59,1,880.77,30.65,1214.42,1,878.60,31.56,1186.67
T,4749277,1,353538327,-1178175863,1202339,9264530,3,32,1,8.959,2.125,-0.885,0.115,-0.446,-0.866,49.49,1,881.64,30.65,1206.30,1,879.51,31.56,1178.17
T,4750271,1,353538333,-1178175469,1193035,8764326,3,31,1,13.103,-0.206,-5.795,-1.180,0.303,0.590,49.21,1,882.87,30.65,1194.85,1,880.76,31.54,1166.51
T,4751265,1,353538136,-1178175580,1183554,22291710,3,31,1,11.916,4.355,-2.828,-1.459,-1.798,2.669,49.13,1,883.14,30.57,1192.34,1,880.97,31.43,1164.55
T,4752259,1,353538091,-1178176170,1171732,27562832,3,30,1,3.369,5.762,1.015,0.936,0.553,1.180,49.68,1,884.66,30.60,1178.20,1,882.54,31.47,1149.92
T,4753251,1,353538241,-1178176741,1159466,29315426,3,31,1,18.123,6.566,1.220,-0.140,3.056,0.634,49.73,1,885.81,30.63,1167.52,1,883.69,31.50,1139.22
T,4754243,1,353538672,-1178177429,1149413,30891130,3,30,1,5.130,1.986,-4.470,1.973,0.044,-1.350,49.63,1,887.22,30.63,1154.44,1,885.16,31.50,1125.56
T,4755235,1,353539259,-1178178062,1139491,32232078,3,28,1,11.562,-2.082,2.005,2.374,-0.089,0.432,49.39,1,887.73,30.63,1149.71,1,885.64,31.50,1121.10
T,4756228,1,353539807,-1178178468,1129855,33176466,3,31,1,8.078,5.125,1.986,1.817,-1.199,0.017,49.35,1,888.83,30.64,1139.53,1,886.66,31.52,1111.64
T,4757216,1,353540317,-1178178826,1120340,32881836,3,30,1,6.327,4.388,-0.684,0.827,0.376,-1.078,49.52,1,889.71,30.65,1131.38,1,887.59,31.52,1103.01
T,4758207,1,353540937,-1178179214,1111250,33410968,3,29,1,8.341,4.187,-1.790,-0.591,1.833,-0.205,49.72,1,890.71,30.66,1122.14,1,888.54,31.53,1094.21
T,4759195,1,353541626,-1178179596,1101713,33609188,3,29,1,8.308,3.226,-3.785,-0.538,-0.503,-1.279,49.71,1,891.57,30.67,1114.19,1,889.45,31.54,1085.79
T,4760188,1,353542394,-1178179796,1091795,35231552,3,28,1,9.289,0.904,-5.475,-0.169,0.038,-0.925,49.78,1,893.04,30.68,1100.63,1,890.90,31.56,1072.38
T,4761187,1,353543201,-1178180021,1083364,34487252,3,27,1,9.251,3.178,-4.006,-0.517,0.553,0.128,49.50,1,893.65,30.69,1095.00,1,891.47,31.53,1067.12
T,4762185,1,353543977,-1178180348,1074370,33891940,3,28,1,8.753,4.149,-3.259,-0.176,-0.363,0.004,49.70,1,894.48,30.70,1087.36,1,892.35,31.54,1058.99
T,4763176,1,353544756,-1178180644,1065334,34410428,3,28,1,9.294,5.312,-1.474,1.434,0.156,0.138,49.77,1,895.16,30.72,1081.10,1,893.11,31.57,1051.98
T,4764166,1,353545595,-1178180813,1056981,35275988,3,28,1,7.035,2.489,-4.231,-2.165,0.524,0.506,49.72,1,896.19,30.74,1071.62,1,894.04,31.59,1043.41
T,4765155,1,353546511,-1178180930,1048905,35425760,3,30,1,8.480,4.211,-1.996,2.162,-0.600,-0.097,49.71,1,897.14,30.74,1062.89,1,894.99,31.59,1034.66
T,4766248,1,353547484,-1178181009,1040635,35710560,3,29,1,8.959,2.876,-4.446,-1.221,0.885,-0.373,49.62,1,897.91,30.75,1055.82,1,895.70,31.60,1028.13
T,4767237,1,353548468,-1178181151,1032647,35153036,3,30,1,9.935,4.283,-3.235,0.465,-0.998,0.301,49.73,1,898.75,30.76,1048.11,1,896.62,31.60,1019.67
T,4768229,1,353549527,-1178181310,1025171,35330852,3,29,1,8.365,3.733,-1.852,-1.316,0.260,-0.119,49.93,1,899.24,30.77,1043.61,1,897.14,31.61,1014.89
T,4769219,1,353550675,-1178181275,1017768,481236,3,30,1,9.978,4.700,-2.422,-0.307,-0.429,1.405,49.98,1,900.10,30.79,1035.73,1,897.95,31.63,1007.45
T,4770212,1,353551830,-1178180931,1009970,1761460,3,29,1,9.160,4.944,-4.288,-0.613,0.655,0.044,50.02,1,900.85,30.79,1028.86,1,898.61,31.64,1001.39
T,4771204,1,353552833,-1178180393,1001865,2611842,3,30,1,9.098,5.853,-1.216,2.134,1.387,-0.237,49.96,1,901.85,30.79,1019.71,1,899.67,31.64,991.67
T,4772199,1,353553762,-1178179914,994082,2077636,3,29,1,10.509,-0.526,-4.939,2.059,0.473,2.953,49.98,1,902.67,30.80,1012.21,1,900.51,31.65,983.97
T,4773193,1,353554711,-1178179687,986200,677651,3,29,1,12.893,0.158,-0.378,0.885,0.850,0.095,50.23,1,903.13,30.81,1008.00,1,900.92,31.66,980.22
T,4774180,1,353555748,-1178179380,979514,1725060,3,31,1,10.131,0.895,-0.043,-0.426,1.444,-0.584,50.78,1,903.79,30.83,1001.97,1,901.62,31.68,973.81
T,4775279,1,353556604,-1178178797,972437,3671557,3,29,1,11.816,3.029,-0.354,1.857,-1.763,0.530,50.20,1,904.75,30.82,993.21,1,902.57,31.66,965.12
T,4776271,1,353556985,-1178178196,963817,6640023,3,30,1,7.360,0.010,-3.202,0.726,0.318,0.064,49.29,1,906.24,30.81,979.62,1,903.98,31.62,952.24
T,4777259,1,353556927,-1178177757,953733,12018928,3,29,1,11.261,1.694,-4.020,-0.208,-1.421,-0.378,49.26,1,907.17,30.79,971.15,1,905.06,31.62,942.38
T,4778250,1,353556690,-1178177535,943764,15558306,3,29,1,10.112,1.373,-3.570,-2.228,2.886,-0.127,48.73,1,907.62,30.74,967.05,1,905.49,31.58,938.46
T,4779241,1,353556586,-1178177385,933878,11061628,3,29,1,8.002,-1.479,0.531,3.317,-1.603,0.822,50.97,1,908.21,30.75,961.69,1,906.33,31.60,930.80
T,4780230,1,353556564,-1178177171,926455,9515804,3,30,1,11.548,-3.005,-0.632,1.502,1.076,-1.824,50.16,1,909.56,30.82,949.41,1,907.41,31.65,920.97
T,4781219,1,353556477,-1178176864,919493,11393272,3,30,1,7.379,3.101,2.512,2.402,-1.321,1.699,50.74,1,909.91,30.82,946.23,1,907.86,31.67,916.87
T,4782205,1,353556371,-1178176520,911292,11029836,3,31,1,8.791,-2.709,-5.518,-0.960,1.081,0.206,50.00,1,911.26,30.85,933.98,1,909.02,31.67,906.32
T,4783193,1,353556217,-1178176268,904680,13228196,3,29,1,9.657,4.455,-0.665,1.511,-0.880,2.078,49.88,1,911.65,30.86,930.44,1,909.55,31.69,901.50
T,4784283,1,353555952,-1178176187,897672,17341910,3,27,1,8.600,1.139,-4.393,0.893,1.377,-0.067,48.92,1,912.99,30.85,918.30,1,910.84,31.65,889.79
T,4785166,1,353555722,-1178176484,889711,24185798,3,29,1,9.002,4.589,-4.365,-4.931,0.578,-0.761,48.72,1,913.00,30.76,918.20,1,910.95,31.59,888.79
T,4786257,1,353555863,-1178177177,880661,29332994,3,29,1,7.423,-0.230,-0.278,-0.013,0.888,-1.086,49.23,1,914.30,30.80,906.44,1,912.15,31.62,877.91
T,4787250,1,353556180,-1178177802,871869,30473518,3,29,1,8.485,5.762,0.048,2.745,-0.007,-0.695,50.11,1,914.26,30.83,906.80,1,912.35,31.62,876.09
T,4788236,1,353556387,-1178178064,861564,32670680,3,28,1,11.433,5.743,0.282,-0.974,-1.348,-0.594,49.80,1,915.94,30.86,891.61,1,913.84,31.65,862.60
T,4789228,1,353556552,-1178178367,852728,29669934,3,29,1,5.609,3.379,0.010,-0.001,0.065,1.056,49.91,1,917.16,30.87,880.59,1,915.05,31.66,851.65
T,4790213,1,353556809,-1178178793,843163,30850146,3,31,1,10.476,4.738,-0.871,-0.712,1.545,0.627,49.83,1,917.93,30.89,873.64,1,915.90,31.67,843.97
T,4791203,1,353557134,-1178179215,834714,31325048,3,32,1,13.658,3.479,3.202,1.321,2.116,0.423,49.73,1,918.70,30.89,866.70,1,916.55,31.67,838.10
T,4792188,1,353557132,-1178179689,826881,24904348,3,28,1,5.413,2.919,-2.144,1.213,1.101,-0.522,49.66,1,919.71,30.91,857.60,1,917.53,31.68,829.25
T,4793175,1,353556950,-1178179988,817345,22169864,3,30,1,10.524,3.541,-2.043,0.865,0.816,-0.453,49.87,1,920.58,30.92,849.77,1,918.45,31.69,820.96
T,4794270,1,353556910,-1178180020,806281,4936188,3,28,1,8.734,3.388,1.326,1.582,1.566,-0.153,49.93,1,921.90,30.94,837.90,1,919.68,31.72,809.87
T,4795255,1,353557042,-1178180068,794947,33605756,3,28,1,13.161,0.072,-4.015,-3.603,-1.610,2.172,49.93,1,923.14,30.97,826.76,1,920.98,31.74,798.18
T,4796246,1,353556935,-1178180279,785963,22081042,3,24,1,10.820,-2.795,2.331,-3.990,-0.078,1.052,49.69,1,923.82,30.95,820.66,1,921.74,31.73,791.34
T,4797234,1,353556832,-1178180710,777997,26244564,3,28,1,8.432,3.881,-1.598,-4.528,2.246,1.462,50.10,1,924.78,30.95,812.05,1,922.70,31.73,782.72
T,4798225,1,353556930,-1178181364,768742,28666556,3,28,1,8.624,-6.336,0.172,-2.270,1.179,-0.054,51.55,1,924.58,30.94,813.84,1,922.72,31.71,782.54
T,4799215,1,353557283,-1178182007,759203,30989020,3,28,1,7.078,-3.139,-4.972,-1.836,-0.132,0.990,51.96,1,926.41,30.98,797.45,1,924.33,31.77,768.09
T,4800205,1,353557825,-1178182497,748979,32781420,3,26,1,8.882,4.996,0.139,-1.020,0.491,-1.478,50.42,1,927.45,30.98,788.14,1,925.27,31.80,759.66
T,4801191,1,353558302,-1178182887,738676,32389514,3,24,1,10.227,4.776,-3.446,-0.348,-0.169,0.677,50.30,1,928.54,31.00,778.40,1,926.44,31.81,749.18
T,4802185,1,353558884,-1178183116,729373,34771744,3,25,1,9.758,2.757,-3.005,1.928,-0.121,1.432,50.35,1,930.07,31.03,764.74,1,927.94,31.82,735.76
T,4803170,1,353559672,-1178182925,718918,1814901,3,26,1,6.796,4.872,-1.823,0.798,0.325,0.302,49.72,1,930.88,31.02,757.51,1,928.77,31.82,728.35
T,4804255,1,353560391,-1178182473,707976,3088910,3,28,1,11.064,0.924,-6.958,-0.784,0.077,-1.873,49.78,1,932.44,31.03,743.61,1,930.35,31.83,714.24
T,4805246,1,353560811,-1178181855,696205,5941740,3,28,1,8.667,-0.402,-5.594,0.569,2.144,0.688,49.74,1,933.34,31.05,735.60,1,931.21,31.83,706.57
T,4806232,1,353560844,-1178181145,685451,9927010,3,30,1,9.332,0.258,-4.274,-3.754,0.414,0.244,49.69,1,934.90,31.06,721.73,1,932.71,31.84,693.21
T,4807215,1,353560450,-1178180777,676159,15998988,3,29,1,9.389,4.704,0.148,-0.171,0.681,0.142,49.82,1,935.50,31.06,716.40,1,933.33,31.84,687.69
T,4808201,1,353559937,-1178180653,666438,17223060,3,29,1,9.389,2.407,-3.699,0.715,-1.003,1.062,49.80,1,936.75,31.08,705.30,1,934.57,31.84,676.66
T,4809186,1,353559749,-1178180682,656585,22640358,3,28,1,10.399,3.628,1.005,-2.028,1.791,-0.994,49.80,1,937.70,31.09,696.88,1,935.54,31.85,668.04
T,4810177,1,353559795,-1178180825,647194,30113714,3,26,1,14.108,-5.436,1.216,-1.141,-1.288,1.561,50.19,1,937.76,31.10,696.35,1,935.81,31.86,665.64
T,4811167,1,353559866,-1178181052,638185,28538410,3,26,1,7.561,-1.527,-5.838,-2.891,-0.160,-0.126,50.38,1,939.78,31.12,678.45,1,937.66,31.87,649.23
T,4812158,1,353559903,-1178181229,629619,28399620,3,30,1,6.379,-3.905,-3.757,0.613,0.474,0.996,50.38,1,940.10,31.12,675.62,1,938.00,31.88,646.22
T,4813250,1,353560021,-1178181296,620676,34875948,3,29,1,8.054,1.862,-5.561,1.355,0.762,-1.113,50.57,1,941.34,31.15,664.66,1,939.22,31.91,635.41
T,4814238,1,353559973,-1178181165,610682,13050370,3,28,1,6.724,0.847,-5.523,0.459,0.492,-0.839,50.32,1,942.63,31.16,653.27,1,940.51,31.92,624.00
T,4815226,1,353559897,-1178180795,600593,9785580,3,29,1,1.172,-2.556,1.402,-2.644,-0.013,-1.795,51.50,1,941.87,31.16,659.98,1,940.24,31.92,626.39
T,4816217,1,353560001,-1178180628,596200,6481407,3,26,1,0.029,-7.346,6.231,0.932,0.007,-0.040,52.62,1,942.85,31.19,651.33,1,941.00,31.95,619.67
T,4817203,1,353560056,-1178180617,595590,5953945,3,28,1,-0.211,-6.738,7.365,-0.013,-0.012,0.002,53.24,1,942.84,31.22,651.41,1,941.00,31.98,619.67
T,4818199,1,353560091,-1178180630,595602,5953945,3,31,1,-0.211,-6.733,7.394,0.000,-0.011,0.004,53.50,1,942.73,31.25,652.39,1,940.91,32.02,620.46
T,4819189,1,353560117,-1178180633,595765,5953945,3,32,1,-0.191,-6.714,7.427,0.004,-0.013,0.004,53.65,1,942.71,31.28,652.56,1,940.91,32.08,620.46
T,4820175,1,353560120,-1178180646,596225,5953945,3,32,1,-0.206,-6.729,7.413,0.006,-0.012,0.004,53.80,1,942.66,31.32,653.00,1,940.91,32.13,620.46
T,4821263,1,353560124,-1178180650,596565,5953945,3,32,1,-0.206,-6.743,7.423,0.005,-0.013,0.004,53.89,1,942.68,31.36,652.83,1,940.91,32.17,620.46
T,4822248,1,353560128,-1178180642,597101,5953945,3,32,1,-0.206,-6.748,7.408,0.005,-0.011,0.004,53.90,1,942.71,31.40,652.56,1,940.89,32.21,620.64
T,4823234,1,353560132,-1178180638,597495,5953945,3,32,1,-0.206,-6.733,7.418,0.004,-0.011,0.004,53.96,1,942.72,31.43,652.47,1,940.91,32.25,620.46
T,4824222,1,353560130,-1178180632,597933,5953945,3,32,1,-0.206,-6.743,7.413,0.005,-0.011,0.004,54.02,1,942.67,31.47,652.91,1,940.90,32.29,620.55
T,4825209,1,353560133,-1178180628,598265,5953945,3,32,1,-0.201,-6.743,7.413,0.004,-0.013,0.004,54.11,1,942.71,31.51,652.56,1,940.89,32.33,620.64
T,4826197,1,353560141,-1178180625,598285,5953945,3,32,1,-0.206,-6.733,7.418,0.004,-0.012,0.005,54.13,1,942.66,31.54,653.00,1,940.91,32.36,620.46
T,4827185,1,353560149,-1178180623,598312,5953945,3,32,1,-0.206,-6.743,7.413,0.004,-0.011,0.004,54.16,1,942.71,31.58,652.56,1,940.88,32.40,620.73
T,4828170,1,353560159,-1178180625,598359,5953945,3,32,1,-0.206,-6.733,7.418,0.004,-0.013,0.004,54.24,1,942.69,31.62,652.74,1,940.90,32.44,620.55
T,4829271,1,353560167,-1178180630,598396,5953945,3,32,1,-0.211,-6.748,7.418,0.005,-0.012,0.005,54.25,1,942.73,31.66,652.39,1,940.91,32.47,620.46
T,4830256,1,353560175,-1178180634,598455,5953945,3,32,1,-0.211,-6.743,7.418,0.005,-0.012,0.005,54.27,1,942.70,31.69,652.65,1,940.86,32.50,620.90
T,4831242,1,353560183,-1178180641,598511,5953945,3,32,1,-0.206,-6.753,7.418,0.005,-0.012,0.004,54.33,1,942.69,31.72,652.74,1,940.87,32.53,620.82
T,4832225,1,353560191,-1178180647,598508,5953945,3,32,1,-0.215,-6.738,7.408,0.006,-0.012,0.004,54.40,1,942.67,31.75,652.91,1,940.90,32.56,620.55
T,4833210,1,353560196,-1178180653,598512,5953945,3,32,1,-0.201,-6.738,7.432,0.005,-0.012,0.005,54.39,1,942.68,31.77,652.83,1,940.90,32.58,620.55
T,4834196,1,353560201,-1178180659,598555,5953945,3,32,1,-0.206,-6.743,7.418,0.004,-0.013,0.004,54.38,1,942.65,31.79,653.09,1,940.86,32.60,620.90
T,4835181,1,353560200,-1178180664,598650,5953945,3,32,1,-0.206,-6.733,7.413,0.004,-0.012,0.004,54.41,1,942.69,31.83,652.74,1,940.90,32.64,620.55
T,4836168,1,353560199,-1178180668,598741,5953945,3,32,1,-0.201,-6.748,7.413,0.005,-0.012,0.005,54.50,1,942.70,31.87,652.65,1,940.86,32.67,620.90
T,4837154,1,353560201,-1178180677,598804,5953945,3,32,1,-0.211,-6.748,7.418,0.004,-0.013,0.004,54.54,1,942.68,31.91,652.83,1,940.84,32.71,621.08
T,4838243,1,353560203,-1178180687,598937,5953945,3,32,1,-0.201,-6.748,7.413,0.005,-0.012,0.004,54.61,1,942.65,31.95,653.09,1,940.87,32.75,620.82
T,4839227,1,353560204,-1178180694,599028,5953945,3,32,1,-0.201,-6.743,7.423,0.005,-0.012,0.004,54.60,1,942.63,31.99,653.27,1,940.86,32.78,620.90
T,4840213,1,353560205,-1178180698,599042,5953945,3,32,1,-0.211,-6.738,7.423,0.005,-0.012,0.002,54.63,1,942.70,32.02,652.65,1,940.87,32.81,620.82
T,4841196,1,353560211,-1178180704,599018,5953945,3,32,1,-0.206,-6.743,7.418,0.004,-0.012,0.004,54.65,1,942.67,32.05,652.91,1,940.88,32.83,620.73
T,4842183,1,353560219,-1178180713,598987,5953945,3,31,1,-0.206,-6.748,7.418,0.005,-0.011,0.004,54.68,1,942.67,32.09,652.91,1,940.87,32.87,620.82
T,4843271,1,353560226,-1178180720,598986,5953945,3,31,1,-0.201,-6.738,7.418,0.004,-0.012,0.004,54.77,1,942.67,32.12,652.91,1,940.86,32.90,620.90
T,4844256,1,353560236,-1178180730,598901,5953945,3,30,1,-0.196,-6.748,7.427,0.004,-0.012,0.004,54.74,1,942.65,32.15,653.09,1,940.89,32.92,620.64
T,4845242,1,353560243,-1178180737,598790,5953945,3,31,1,-0.206,-6.748,7.427,0.006,-0.013,0.004,54.80,1,942.67,32.18,652.91,1,940.89,32.95,620.64
T,4846235,1,353560242,-1178180742,598813,5953945,3,31,1,-0.211,-6.748,7.418,0.006,-0.013,0.004,54.88,1,942.64,32.22,653.18,1,940.87,32.98,620.82
T,4847223,1,353560244,-1178180747,598781,5953945,3,32,1,-0.206,-6.743,7.423,0.005,-0.012,0.005,54.87,1,942.65,32.25,653.09,1,940.87,33.01,620.82
T,4848208,1,353560244,-1178180751,598790,5953945,3,32,1,-0.206,-6.743,7.427,0.006,-0.012,0.005,54.91,1,942.66,32.28,653.00,1,940.84,33.04,621.08
T,4849193,1,353560241,-1178180755,598756,5953945,3,32,1,-0.211,-6.743,7.423,0.006,-0.012,0.004,54.91,1,942.71,32.31,652.56,1,940.85,33.06,620.99
T,4850178,1,353560239,-1178180756,598712,5953945,3,32,1,-0.211,-6.748,7.423,0.005,-0.012,0.005,54.91,1,942.64,32.34,653.18,1,940.83,33.09,621.17
T,4851264,1,353560226,-1178180748,598582,5953945,3,32,1,-0.196,-6.738,7.432,0.005,-0.012,0.004,54.95,1,942.64,32.37,653.18,1,940.84,33.12,621.08
T,4852248,1,353560216,-1178180744,598436,5953945,3,31,1,-0.215,-6.748,7.432,0.006,-0.012,0.004,54.99,1,942.62,32.40,653.36,1,940.88,33.15,620.73
T,4853232,1,353560206,-1178180738,598368,5953945,3,31,1,-0.211,-6.748,7.432,0.005,-0.012,0.004,55.05,1,942.64,32.43,653.18,1,940.86,33.18,620.90
T,4854218,1,353560195,-1178180730,598335,5953945,3,31,1,-0.211,-6.753,7.418,0.005,-0.013,0.004,55.04,1,942.61,32.46,653.45,1,940.87,33.20,620.82
T,4855217,1,353560186,-1178180727,598340,5953945,3,31,1,-0.206,-6.743,7.423,0.005,-0.012,0.005,55.12,1,942.64,32.49,653.18,1,940.84,33.23,621.08
T,4856202,1,353560184,-1178180726,598247,5953945,3,31,1,-0.206,-6.738,7.427,0.005,-0.012,0.004,55.13,1,942.64,32.52,653.18,1,940.86,33.26,620.90
T,4857188,1,353560183,-1178180723,598131,5953945,3,32,1,-0.211,-6.733,7.432,0.006,-0.012,0.005,55.17,1,942.61,32.55,653.45,1,940.85,33.28,620.99
T,4858175,1,353560182,-1178180718,598048,5953945,3,31,1,-0.215,-6.753,7.427,0.006,-0.013,0.004,55.20,1,942.61,32.59,653.45,1,940.87,33.32,620.82
T,4859261,1,353560187,-1178180719,597932,5953945,3,32,1,-0.206,-6.748,7.432,0.005,-0.012,0.004,55.24,1,942.63,32.61,653.27,1,940.85,33.34,620.99
T,4860246,1,353560187,-1178180718,597968,5953945,3,32,1,-0.211,-6.748,7.427,0.005,-0.012,0.005,55.23,1,942.65,32.64,653.09,1,940.81,33.37,621.35
T,4861233,1,353560188,-1178180720,597961,5953945,3,32,1,-0.215,-6.738,7.432,0.005,-0.013,0.005,55.24,1,942.60,32.67,653.53,1,940.86,33.40,620.90
T,4862237,1,353560193,-1178180723,597931,5953945,3,32,1,-0.206,-6.748,7.432,0.005,-0.011,0.005,55.29,1,942.63,32.70,653.27,1,940.86,33.42,620.90
T,4863223,1,353560194,-1178180723,597867,5953945,3,32,1,-0.211,-6.738,7.423,0.004,-0.013,0.004,55.39,1,942.59,32.73,653.62,1,940.87,33.45,620.82
T,4864211,1,353560196,-1178180723,597813,5953945,3,32,1,-0.220,-6.738,7.427,0.005,-0.012,0.005,55.40,1,942.62,32.76,653.36,1,940.86,33.48,620.90
T,4865196,1,353560198,-1178180722,597805,5953945,3,32,1,-0.211,-6.738,7.432,0.004,-0.012,0.004,55.39,1,942.60,32.79,653.53,1,940.80,33.50,621.43
T,4866185,1,353560200,-1178180719,597750,5953945,3,32,1,-0.211,-6.743,7.432,0.005,-0.013,0.004,55.41,1,942.64,32.82,653.18,1,940.83,33.53,621.17
T,4867271,1,353560200,-1178180716,597765,5953945,3,32,1,-0.206,-6.743,7.423,0.004,-0.012,0.005,55.45,1,942.64,32.85,653.18,1,940.86,33.56,620.90
T,4868259,1,353560201,-1178180715,597685,5953945,3,32,1,-0.201,-6.733,7.432,0.006,-0.013,0.005,55.46,1,942.63,32.88,653.27,1,940.80,33.59,621.43
T,4869245,1,353560198,-1178180712,597609,5953945,3,32,1,-0.215,-6.748,7.432,0.004,-0.011,0.004,55.50,1,942.63,32.91,653.27,1,940.84,33.62,621.08
T,4870232,1,353560200,-1178180712,597543,5953945,3,32,1,-0.206,-6.743,7.427,0.005,-0.011,0.005,55.51,1,942.63,32.94,653.27,1,940.82,33.65,621.26
T,4871219,1,353560202,-1178180711,597464,5953945,3,32,1,-0.206,-6.743,7.432,0.005,-0.012,0.004,55.54,1,942.63,32.97,653.27,1,940.86,33.67,620.90
T,4872206,1,353560202,-1178180708,597376,5953945,3,32,1,-0.215,-6.743,7.437,0.005,-0.012,0.005,55.61,1,942.62,33.00,653.36,1,940.84,33.70,621.08
T,4873192,1,353560202,-1178180705,597278,5953945,3,32,1,-0.206,-6.743,7.437,0.005,-0.012,0.005,55.63,1,942.62,33.04,653.36,1,940.84,33.73,621.08
T,4874276,1,353560201,-1178180702,597228,5953945,3,32,1,-0.215,-6.743,7.437,0.005,-0.015,0.005,55.63,1,942.59,33.06,653.62,1,940.86,33.76,620.90
T,4875264,1,353560201,-1178180701,597168,5953945,3,32,1,-0.206,-6.748,7.437,0.005,-0.013,0.005,55.68,1,942.66,33.09,653.00,1,940.87,33.78,620.82
T,4876250,1,353560201,-1178180697,597138,5953945,3,32,1,-0.206,-6.738,7.437,0.004,-0.012,0.004,55.71,1,942.63,33.12,653.27,1,940.84,33.81,621.08
T,4877236,1,353560201,-1178180694,597164,5953945,3,32,1,-0.211,-6.748,7.437,0.002,-0.012,0.005,55.73,1,942.58,33.15,653.71,1,940.85,33.84,620.99
T,4878225,1,353560200,-1178180691,597170,5953945,3,32,1,-0.206,-6.748,7.437,0.005,-0.012,0.004,55.83,1,942.58,33.18,653.71,1,940.85,33.87,620.99
T,4879211,1,353560196,-1178180688,597174,5953945,3,31,1,-0.211,-6.748,7.427,0.006,-0.012,0.004,55.80,1,942.64,33.21,653.18,1,940.86,33.89,620.90
T,4880195,1,353560196,-1178180687,597184,5953945,3,32,1,-0.211,-6.743,7.432,0.006,-0.012,0.004,55.85,1,942.61,33.23,653.45,1,940.81,33.92,621.35
T,4881181,1,353560197,-1178180686,597238,5953945,3,32,1,-0.215,-6.743,7.437,0.005,-0.011,0.005,55.88,1,942.62,33.27,653.36,1,940.82,33.95,621.26
T,4882268,1,353560195,-1178180684,597252,5953945,3,32,1,-0.201,-6.748,7.427,0.005,-0.012,0.005,55.94,1,942.60,33.29,653.53,1,940.84,33.98,621.08
T,4883256,1,353560195,-1178180681,597287,5953945,3,32,1,-0.206,-6.748,7.432,0.004,-0.012,0.004,55.93,1,942.61,33.32,653.45,1,940.82,34.00,621.26
T,4884245,1,353560197,-1178180680,597286,5953945,3,32,1,-0.206,-6.748,7.437,0.005,-0.012,0.005,55.96,1,942.59,33.35,653.62,1,940.83,34.03,621.17
T,4885232,1,353560200,-1178180680,597322,5953945,3,32,1,-0.206,-6.748,7.432,0.006,-0.012,0.004,55.97,1,942.64,33.38,653.18,1,940.83,34.06,621.17
T,4886216,1,353560202,-1178180681,597419,5953945,3,32,1,-0.211,-6.743,7.432,0.005,-0.012,0.004,55.97,1,942.61,33.41,653.45,1,940.80,34.08,621.43
T,4887201,1,353560204,-1178180682,597454,5953945,3,32,1,-0.201,-6.743,7.437,0.004,-0.013,0.004,56.01,1,942.60,33.44,653.53,1,940.86,34.11,620.90
T,4888187,1,353560205,-1178180683,597496,5953945,3,32,1,-0.211,-6.753,7.427,0.004,-0.013,0.005,56.04,1,942.63,33.47,653.27,1,940.85,34.14,620.99
T,4889175,1,353560204,-1178180683,597584,5953945,3,32,1,-0.211,-6.743,7.442,0.005,-0.013,0.005,56.10,1,942.57,33.50,653.80,1,940.81,34.17,621.35
T,4890263,1,353560205,-1178180684,597644,5953945,3,32,1,-0.211,-6.738,7.437,0.006,-0.013,0.006,56.18,1,942.64,33.53,653.18,1,940.81,34.20,621.35
T,4891254,1,353560205,-1178180684,597691,5953945,3,32,1,-0.196,-6.743,7.432,0.005,-0.012,0.005,56.13,1,942.60,33.56,653.53,1,940.82,34.22,621.26
T,4892241,1,353560204,-1178180685,597794,5953945,3,32,1,-0.206,-6.753,7.442,0.004,-0.012,0.004,56.20,1,942.60,33.59,653.53,1,940.81,34.25,621.35
T,4893228,1,353560201,-1178180688,597883,5953945,3,32,1,-0.211,-6.753,7.437,0.005,-0.012,0.005,56.17,1,942.62,33.62,653.36,1,940.84,34.28,621.08
T,4894216,1,353560201,-1178180692,597937,5953945,3,32,1,-0.206,-6.738,7.437,0.005,-0.012,0.004,56.21,1,942.59,33.65,653.62,1,940.80,34.30,621.43
T,4895203,1,353560200,-1178180694,597987,5953945,3,32,1,-0.220,-6.743,7.437,0.005,-0.013,0.005,56.23,1,942.64,33.68,653.18,1,940.83,34.33,621.17
T,4896189,1,353560201,-1178180697,598048,5953945,3,32,1,-0.211,-6.743,7.432,0.005,-0.012,0.004,56.28,1,942.60,33.71,653.53,1,940.85,34.36,620.99
T,4897175,1,353560206,-1178180702,598085,5953945,3,32,1,-0.211,-6.753,7.432,0.006,-0.013,0.005,56.29,1,942.61,33.74,653.45,1,940.81,34.39,621.35
T,4898264,1,353560214,-1178180711,598047,5953945,3,31,1,-0.211,-6.743,7.442,0.005,-0.013,0.005,56.37,1,942.63,33.77,653.27,1,940.84,34.41,621.08
T,4899258,1,353560219,-1178180716,598048,5953945,3,32,1,-0.211,-6.753,7.432,0.005,-0.012,0.005,56.40,1,942.56,33.80,653.89,1,940.80,34.44,621.43
T,4900243,1,353560227,-1178180722,597966,5953945,3,32,1,-0.201,-6.738,7.437,0.005,-0.012,0.005,56.45,1,942.65,33.83,653.09,1,940.81,34.47,621.35
T,4901230,1,353560230,-1178180727,597991,5953945,3,32,1,-0.206,-6.748,7.432,0.004,-0.013,0.005,56.41,1,942.62,33.86,653.36,1,940.81,34.50,621.35
T,4902217,1,353560230,-1178180728,598061,5953945,3,32,1,-0.215,-6.748,7.427,0.006,-0.012,0.004,56.44,1,942.57,33.89,653.80,1,940.83,34.53,621.17
T,4903209,1,353560228,-1178180727,598160,5953945,3,32,1,-0.206,-6.748,7.427,0.007,-0.013,0.004,56.47,1,942.59,33.92,653.62,1,940.83,34.55,621.17
T,4904197,1,353560226,-1178180725,598219,5953945,3,32,1,-0.206,-6.748,7.437,0.005,-0.012,0.004,56.45,1,942.58,33.94,653.71,1,940.82,34.58,621.26
T,4905183,1,353560226,-1178180724,598314,5953945,3,32,1,-0.206,-6.748,7.432,0.006,-0.012,0.004,56.49,1,942.63,33.97,653.27,1,940.81,34.61,621.35
T,4906171,1,353560227,-1178180723,598381,5953945,3,32,1,-0.220,-6.748,7.437,0.006,-0.012,0.005,56.55,1,942.62,34.01,653.36,1,940.79,34.64,621.52
T,4907256,1,353560229,-1178180722,598399,5953945,3,32,1,-0.211,-6.743,7.437,0.005,-0.013,0.004,56.54,1,942.57,34.04,653.80,1,940.84,34.67,621.08
T,4908240,1,353560227,-1178180715,598613,5953945,3,32,1,-0.206,-6.748,7.442,0.005,-0.012,0.004,56.59,1,942.58,34.07,653.71,1,940.83,34.70,621.17
T,4909225,1,353560226,-1178180706,598760,5953945,3,32,1,-0.215,-6.757,7.446,0.006,-0.013,0.005,56.60,1,942.60,34.10,653.53,1,940.80,34.73,621.43
T,4910224,1,353560229,-1178180709,598650,5953945,3,31,1,-0.211,-6.748,7.437,0.005,-0.012,0.005,56.68,1,942.60,34.13,653.53,1,940.81,34.75,621.35
T,4911210,1,353560235,-1178180713,598503,5953945,3,32,1,-0.206,-6.748,7.437,0.005,-0.013,0.005,56.69,1,942.60,34.16,653.53,1,940.81,34.78,621.35
T,4912196,1,353560239,-1178180716,598375,5953945,3,32,1,-0.211,-6.738,7.432,0.005,-0.012,0.005,56.68,1,942.59,34.19,653.62,1,940.81,34.81,621.35
T,4913183,1,353560237,-1178180710,598470,5953945,3,32,1,-0.215,-6.753,7.442,0.005,-0.012,0.005,56.71,1,942.60,34.22,653.53,1,940.83,34.84,621.17
T,4914171,1,353560234,-1178180704,598591,5953945,3,32,1,-0.206,-6.743,7.427,0.004,-0.012,0.004,56.77,1,942.59,34.25,653.62,1,940.82,34.87,621.26
T,4915256,1,353560228,-1178180697,598787,5953945,3,32,1,-0.211,-6.748,7.432,0.005,-0.013,0.004,56.79,1,942.59,34.28,653.62,1,940.80,34.89,621.43
T,4916240,1,353560222,-1178180691,598979,5953945,3,32,1,-0.206,-6.757,7.432,0.006,-0.013,0.005,56.74,1,942.60,34.31,653.53,1,940.79,34.92,621.52
T,4917228,1,353560217,-1178180686,599110,5953945,3,32,1,-0.215,-6.748,7.437,0.004,-0.012,0.005,56.78,1,942.58,34.34,653.71,1,940.81,34.95,621.35
T,4918213,1,353560212,-1178180682,599222,5953945,3,32,1,-0.211,-6.757,7.451,0.005,-0.012,0.004,56.84,1,942.58,34.37,653.71,1,940.82,34.98,621.26
T,4919197,1,353560208,-1178180679,599315,5953945,3,32,1,-0.211,-6.753,7.451,0.004,-0.013,0.004,56.87,1,942.60,34.40,653.53,1,940.81,35.00,621.35
T,4920184,1,353560203,-1178180674,599431,5953945,3,32,1,-0.211,-6.757,7.437,0.006,-0.013,0.004,56.89,1,942.60,34.43,653.53,1,940.83,35.03,621.17
T,4921270,1,353560196,-1178180669,599568,5953945,3,32,1,-0.206,-6.738,7.442,0.007,-0.012,0.004,56.94,1,942.55,34.46,653.97,1,940.81,35.06,621.35
T,4922260,1,353560187,-1178180662,599734,5953945,3,32,1,-0.215,-6.753,7.446,0.005,-0.012,0.005,56.94,1,942.61,34.49,653.45,1,940.85,35.09,620.99
T,4923245,1,353560181,-1178180656,599936,5953945,3,31,1,-0.211,-6.753,7.437,0.006,-0.012,0.005,56.93,1,942.53,34.52,654.15,1,940.84,35.12,621.08
T,4924234,1,353560177,-1178180654,600034,5953945,3,32,1,-0.215,-6.748,7.466,0.006,-0.012,0.005,56.95,1,942.53,34.55,654.15,1,940.79,35.15,621.52
T,4925216,1,353560172,-1178180650,600168,5953945,3,32,1,-0.206,-6.767,7.423,0.005,-0.012,0.005,56.94,1,942.53,34.58,654.15,1,940.85,35.17,620.99
T,4926203,1,353560168,-1178180648,600277,5953945,3,32,1,-0.211,-6.748,7.456,0.005,-0.013,0.005,56.87,1,942.59,34.62,653.62,1,940.80,35.22,621.43
T,4927206,1,353560170,-1178180650,600488,5953945,3,31,1,-0.211,-6.762,7.427,0.006,-0.012,0.005,56.93,1,942.55,34.66,653.97,1,940.80,35.25,621.43
T,4928293,1,353560169,-1178180647,600690,5953945,3,31,1,-0.225,-6.738,7.442,0.005,-0.013,0.006,56.97,1,942.61,34.68,653.45,1,940.77,35.27,621.70
T,4929278,1,353560165,-1178180645,600758,5953945,3,32,1,-0.206,-6.743,7.442,0.005,-0.013,0.005,57.01,1,942.59,34.71,653.62,1,940.82,35.30,621.26
T,4930266,1,353560161,-1178180643,600774,5953945,3,31,1,-0.206,-6.743,7.442,0.005,-0.013,0.005,57.04,1,942.55,34.73,653.97,1,940.79,35.32,621.52
T,4931254,1,353560162,-1178180642,600853,5953945,3,30,1,-0.206,-6.748,7.442,0.006,-0.012,0.004,57.04,1,942.60,34.76,653.53,1,940.82,35.35,621.26
T,4932239,1,353560159,-1178180645,600848,5953945,3,31,1,-0.201,-6.753,7.437,0.005,-0.012,0.004,57.08,1,942.56,34.79,653.89,1,940.81,35.38,621.35
T,4933226,1,353560154,-1178180643,600781,5953945,3,31,1,-0.220,-6.748,7.446,0.005,-0.013,0.005,57.07,1,942.55,34.82,653.97,1,940.78,35.40,621.61
T,4934216,1,353560153,-1178180646,600755,5953945,3,31,1,-0.206,-6.748,7.470,0.005,-0.011,0.004,56.96,1,942.49,34.85,654.50,1,940.80,35.44,621.43
T,4935203,1,353560154,-1178180648,600801,5953945,3,32,1,-0.211,-6.743,7.451,0.005,-0.013,0.005,56.99,1,942.54,34.88,654.06,1,940.79,35.46,621.52
T,4936189,1,353560162,-1178180656,600696,5953945,3,32,1,-0.206,-6.757,7.427,0.007,-0.012,0.005,56.96,1,942.57,34.91,653.80,1,940.76,35.49,621.79
T,4937176,1,353560167,-1178180662,600513,5953945,3,31,1,-0.201,-6.729,7.461,0.001,-0.013,0.005,56.84,1,942.55,34.96,653.97,1,940.79,35.53,621.52
T,4938266,1,353560168,-1178180661,600411,5953945,3,32,1,-0.206,-6.753,7.413,0.005,-0.013,0.005,57.02,1,942.53,34.99,654.15,1,940.77,35.56,621.70
T,4939252,1,353560168,-1178180661,600406,5953945,3,32,1,-0.196,-6.753,7.432,0.005,-0.012,0.004,57.01,1,942.55,35.02,653.97,1,940.78,35.59,621.61
T,4940243,1,353560176,-1178180668,600321,5953945,3,31,1,-0.206,-6.753,7.432,0.006,-0.011,0.004,56.99,1,942.48,35.04,654.59,1,940.76,35.61,621.79
T,4941303,1,353560181,-1178180675,600184,5953945,3,31,1,-0.215,-6.738,7.461,0.006,-0.012,0.005,56.96,1,942.50,35.07,654.42,1,940.79,35.63,621.52
T,4942187,1,353560183,-1178180679,600027,5953945,3,31,1,-0.211,-6.748,7.432,0.007,-0.012,0.005,56.99,1,942.52,35.10,654.24,1,940.83,35.66,621.17
T,4943273,1,353560178,-1178180674,600101,5953945,3,31,1,-0.211,-6.748,7.442,0.006,-0.012,0.004,57.10,1,942.51,35.13,654.33,1,940.78,35.69,621.61
T,4944258,1,353560173,-1178180670,600069,5953945,3,31,1,-0.206,-6.757,7.470,0.004,-0.013,0.004,57.02,1,942.52,35.16,654.24,1,940.77,35.71,621.70
T,4945248,1,353560164,-1178180664,600234,5953945,3,31,1,-0.211,-6.757,7.442,0.005,-0.012,0.004,57.08,1,942.53,35.19,654.15,1,940.79,35.74,621.52
T,4946234,1,353560163,-1178180656,600276,5953945,3,31,1,-0.201,-6.753,7.466,0.006,-0.015,0.004,57.09,1,942.49,35.22,654.50,1,940.77,35.77,621.70
T,4947228,1,353560166,-1178180655,600222,5953945,3,31,1,-0.211,-6.743,7.446,0.004,-0.012,0.005,57.07,1,942.47,35.25,654.68,1,940.77,35.80,621.70
T,4948219,1,353560166,-1178180656,600184,5953945,3,31,1,-0.201,-6.748,7.451,0.004,-0.012,0.004,57.00,1,942.57,35.28,653.80,1,940.78,35.83,621.61
T,4949205,1,353560166,-1178180653,600238,5953945,3,31,1,-0.206,-6.743,7.446,0.006,-0.012,0.005,57.02,1,942.53,35.31,654.15,1,940.78,35.86,621.61
T,4950192,1,353560168,-1178180646,600238,5953945,3,31,1,-0.201,-6.748,7.470,0.006,-0.012,0.004,56.95,1,942.49,35.34,654.50,1,940.76,35.89,621.79
T,4951177,1,353560170,-1178180644,600200,5953945,3,31,1,-0.206,-6.762,7.408,0.006,-0.013,0.004,57.01,1,942.56,35.37,653.89,1,940.79,35.91,621.52
T,4952165,1,353560170,-1178180642,600127,5953945,3,31,1,-0.211,-6.753,7.442,0.007,-0.012,0.005,57.22,1,942.52,35.40,654.24,1,940.78,35.94,621.61
T,4953252,1,353560170,-1178180641,600036,5953945,3,31,1,-0.201,-6.738,7.499,0.004,-0.012,0.006,57.07,1,942.53,35.43,654.15,1,940.73,35.97,622.05
T,4954238,1,353560170,-1178180640,600035,5953945,3,31,1,-0.201,-6.753,7.427,0.006,-0.012,0.004,56.99,1,942.53,35.46,654.15,1,940.77,35.99,621.70
T,4955225,1,353560170,-1178180637,600036,5953945,3,31,1,-0.211,-6.757,7.427,0.005,-0.013,0.005,57.09,1,942.50,35.49,654.42,1,940.78,36.02,621.61
T,4956212,1,353560169,-1178180637,600050,5953945,3,31,1,-0.201,-6.748,7.437,0.004,-0.013,0.004,57.19,1,942.57,35.52,653.80,1,940.82,36.05,621.26
T,4957200,1,353560169,-1178180638,599936,5953945,3,31,1,-0.201,-6.757,7.451,0.006,-0.012,0.005,57.23,1,942.57,35.55,653.80,1,940.80,36.08,621.43
T,4958187,1,353560166,-1178180635,599875,5953945,3,32,1,-0.201,-6.757,7.461,0.007,-0.012,0.004,57.13,1,942.56,35.58,653.89,1,940.80,36.10,621.43
T,4959177,1,353560169,-1178180636,599877,5953945,3,31,1,-0.196,-6.738,7.466,0.004,-0.012,0.005,57.06,1,942.54,35.61,654.06,1,940.79,36.13,621.52
T,4960161,1,353560172,-1178180635,599867,5953945,3,31,1,-0.206,-6.748,7.432,0.004,-0.012,0.005,57.14,1,942.53,35.65,654.15,1,940.81,36.16,621.35
T,4961249,1,353560177,-1178180637,599823,5953945,3,32,1,-0.211,-6.757,7.446,0.006,-0.012,0.004,57.23,1,942.59,35.68,653.62,1,940.80,36.19,621.43
T,4962237,1,353560183,-1178180640,599746,5953945,3,31,1,-0.196,-6.743,7.456,0.005,-0.012,0.004,57.20,1,942.54,35.71,654.06,1,940.79,36.22,621.52
T,4963222,1,353560188,-1178180643,599684,5953945,3,31,1,-0.201,-6.753,7.451,0.005,-0.012,0.004,57.23,1,942.58,35.74,653.71,1,940.87,36.25,620.82
T,4964210,1,353560190,-1178180641,599508,5953945,3,32,1,-0.201,-6.743,7.470,0.005,-0.012,0.005,57.20,1,942.56,35.77,653.89,1,940.82,36.28,621.26
T,4965195,1,353560188,-1178180637,599379,5953945,3,32,1,-0.201,-6.753,7.451,0.005,-0.013,0.004,57.23,1,942.52,35.80,654.24,1,940.78,36.30,621.61
T,4966181,1,353560187,-1178180633,599307,5953945,3,32,1,-0.201,-6.753,7.446,0.005,-0.012,0.004,57.21,1,942.48,35.83,654.59,1,940.78,36.33,621.61
T,4967269,1,353560186,-1178180631,599275,5953945,3,32,1,-0.211,-6.757,7.427,0.004,-0.012,0.005,57.26,1,942.57,35.86,653.80,1,940.82,36.36,621.26
T,4968259,1,353560182,-1178180630,599247,5953945,3,32,1,-0.206,-6.757,7.451,0.006,-0.012,0.005,57.29,1,942.58,35.89,653.71,1,940.81,36.39,621.35
T,4969245,1,353560182,-1178180632,599333,5953945,3,32,1,-0.211,-6.748,7.451,0.005,-0.012,0.005,57.29,1,942.55,35.92,653.97,1,940.82,36.42,621.26
T,4970230,1,353560185,-1178180638,599339,5953945,3,32,1,-0.201,-6.757,7.466,0.007,-0.012,0.004,57.21,1,942.56,35.95,653.89,1,940.83,36.45,621.17
T,4971216,1,353560189,-1178180638,599409,5953945,3,32,1,-0.191,-6.757,7.442,0.006,-0.013,0.004,57.24,1,942.58,35.98,653.71,1,940.83,36.47,621.17
T,4972202,1,353560194,-1178180643,599352,5953945,3,32,1,-0.215,-6.762,7.437,0.006,-0.012,0.004,57.22,1,942.58,36.01,653.71,1,940.87,36.50,620.82
T,4973199,1,353560198,-1178180649,599332,5953945,3,31,1,-0.201,-6.738,7.466,0.007,-0.011,0.005,57.23,1,942.54,36.04,654.06,1,940.86,36.53,620.90
T,4974186,1,353560205,-1178180653,599313,5953945,3,31,1,-0.206,-6.748,7.466,0.005,-0.013,0.005,57.22,1,942.56,36.08,653.89,1,940.84,36.56,621.08
T,4975272,1,353560208,-1178180663,599318,5953945,3,32,1,-0.211,-6.748,7.461,0.009,-0.012,0.005,57.16,1,942.53,36.11,654.15,1,940.80,36.59,621.43
T,4976257,1,353560208,-1178180666,599354,5953945,3,31,1,-0.211,-6.753,7.466,0.004,-0.012,0.005,57.16,1,942.54,36.14,654.06,1,940.81,36.62,621.35
T,4977242,1,353560208,-1178180665,599400,5953945,3,32,1,-0.211,-6.757,7.451,0.006,-0.012,0.005,57.15,1,942.56,36.17,653.89,1,940.84,36.65,621.08
T,4978228,1,353560212,-1178180662,599469,5953945,3,30,1,-0.211,-6.748,7.446,0.004,-0.012,0.005,57.15,1,942.56,36.21,653.89,1,940.84,36.68,621.08
T,4979318,1,353560217,-1178180659,599591,5953945,3,32,1,-0.206,-6.753,7.456,0.005,-0.012,0.004,57.15,1,942.62,36.24,653.36,1,940.79,36.70,621.52
T,4980205,1,353560221,-1178180651,599647,5953945,3,32,1,-0.196,-6.748,7.461,0.005,-0.013,0.005,57.21,1,942.58,36.26,653.71,1,940.83,36.73,621.17
T,4981191,1,353560220,-1178180641,599715,5953945,3,32,1,-0.211,-6.743,7.456,0.005,-0.013,0.004,57.18,1,942.61,36.29,653.45,1,940.81,36.76,621.35
T,4982177,1,353560220,-1178180636,599801,5953945,3,32,1,-0.206,-6.762,7.446,0.004,-0.013,0.004,57.09,1,942.55,36.32,653.97,1,940.84,36.79,621.08
T,4983264,1,353560221,-1178180633,599942,5953945,3,32,1,-0.201,-6.757,7.456,0.005,-0.012,0.005,57.07,1,942.57,36.35,653.80,1,940.84,36.81,621.08
T,4984257,1,353560224,-1178180634,600010,5953945,3,32,1,-0.206,-6.753,7.461,0.004,-0.013,0.004,57.07,1,942.59,36.38,653.62,1,940.84,36.84,621.08
T,4985256,1,353560227,-1178180632,600061,5953945,3,32,1,-0.201,-6.748,7.442,0.005,-0.012,0.004,57.09,1,942.58,36.41,653.71,1,940.82,36.87,621.26
T,4986242,1,353560234,-1178180634,600154,5953945,3,32,1,-0.196,-6.753,7.451,0.005,-0.012,0.005,57.07,1,942.59,36.44,653.62,1,940.85,36.90,620.99
T,4987233,1,353560238,-1178180631,600190,5953945,3,32,1,-0.196,-6.748,7.461,0.004,-0.013,0.004,57.11,1,942.58,36.47,653.71,1,940.83,36.92,621.17
T,4988217,1,353560241,-1178180628,600239,5953945,3,32,1,-0.206,-6.753,7.451,0.005,-0.013,0.005,57.09,1,942.58,36.50,653.71,1,940.81,36.95,621.35
T,4989207,1,353560244,-1178180628,600233,5953945,3,31,1,-0.201,-6.748,7.466,0.006,-0.013,0.005,57.08,1,942.57,36.53,653.80,1,940.78,36.98,621.61
T,4990201,1,353560243,-1178180627,600179,5953945,3,32,1,-0.206,-6.743,7.451,0.005,-0.012,0.005,57.08,1,942.56,36.56,653.89,1,940.82,37.00,621.26
T,4991191,1,353560235,-1178180619,600108,5953945,3,32,1,-0.206,-6.757,7.451,0.005,-0.012,0.004,57.04,1,942.56,36.59,653.89,1,940.82,37.03,621.26
T,4992177,1,353560229,-1178180615,600032,5953945,3,32,1,-0.201,-6.753,7.446,0.005,-0.013,0.005,57.02,1,942.56,36.62,653.89,1,940.79,37.06,621.52
T,4993267,1,353560225,-1178180613,599931,5953945,3,32,1,-0.206,-6.753,7.456,0.005,-0.012,0.005,57.04,1,942.54,36.65,654.06,1,940.83,37.09,621.17
T,4994257,1,353560223,-1178180611,599809,5953945,3,32,1,-0.201,-6.748,7.456,0.005,-0.013,0.005,56.98,1,942.54,36.68,654.06,1,940.86,37.11,620.90
T,4995242,1,353560218,-1178180609,599764,5953945,3,32,1,-0.206,-6.753,7.456,0.005,-0.012,0.004,57.02,1,942.61,36.70,653.45,1,940.83,37.14,621.17
T,4996230,1,353560215,-1178180605,599764,5953945,3,32,1,-0.191,-6.753,7.466,0.005,-0.013,0.005,56.99,1,942.53,36.73,654.15,1,940.83,37.17,621.17
T,4997216,1,353560214,-1178180602,599710,5953945,3,32,1,-0.196,-6.757,7.446,0.004,-0.015,0.004,56.98,1,942.57,36.76,653.80,1,940.82,37.19,621.26
T,4998209,1,353560212,-1178180601,599678,5953945,3,32,1,-0.196,-6.757,7.446,0.005,-0.012,0.004,56.98,1,942.53,36.79,654.15,1,940.82,37.22,621.26
T,4999211,1,353560213,-1178180601,599682,5953945,3,32,1,-0.191,-6.753,7.446,0.004,-0.012,0.004,57.02,1,942.58,36.82,653.71,1,940.83,37.25,621.17
T,5000195,1,353560217,-1178180603,599644,5953945,3,32,1,-0.191,-6.748,7.451,0.005,-0.012,0.004,56.96,1,942.56,36.85,653.89,1,940.81,37.27,621.35
T,5001283,1,353560217,-1178180606,599647,5953945,3,32,1,-0.191,-6.757,7.442,0.006,-0.012,0.005,56.98,1,942.54,36.88,654.06,1,940.81,37.30,621.35
T,5002271,1,353560220,-1178180607,599704,5953945,3,31,1,-0.196,-6.762,7.451,0.004,-0.013,0.006,57.00,1,942.55,36.91,653.97,1,940.77,37.33,621.70
T,5003259,1,353560226,-1178180611,599776,5953945,3,31,1,-0.196,-6.762,7.461,0.006,-0.012,0.004,57.02,1,942.54,36.94,654.06,1,940.82,37.36,621.26
T,5004246,1,353560230,-1178180610,599904,5953945,3,31,1,-0.196,-6.748,7.456,0.006,-0.013,0.005,57.06,1,942.56,36.96,653.89,1,940.79,37.38,621.52
T,5005234,1,353560234,-1178180613,599920,5953945,3,31,1,-0.191,-6.753,7.446,0.004,-0.012,0.005,57.02,1,942.50,36.99,654.42,1,940.83,37.41,621.17
T,5006220,1,353560236,-1178180610,600047,5953945,3,31,1,-0.206,-6.757,7.456,0.006,-0.013,0.004,56.99,1,942.57,37.02,653.80,1,940.86,37.44,620.90
T,5007213,1,353560239,-1178180606,600094,5953945,3,31,1,-0.201,-6.748,7.446,0.005,-0.011,0.004,56.98,1,942.54,37.05,654.06,1,940.83,37.46,621.17
T,5008199,1,353560240,-1178180602,600050,5953945,3,31,1,-0.201,-6.757,7.451,0.005,-0.012,0.004,57.01,1,942.55,37.08,653.97,1,940.83,37.49,621.17
T,5009185,1,353560245,-1178180601,600031,5953945,3,31,1,-0.196,-6.757,7.461,0.005,-0.012,0.004,57.02,1,942.53,37.11,654.15,1,940.78,37.52,621.61
T,5010172,1,353560255,-1178180608,599940,5953945,3,31,1,-0.196,-6.762,7.437,0.006,-0.012,0.004,57.06,1,942.57,37.14,653.80,1,940.85,37.54,620.99
T,5011256,1,353560262,-1178180614,599889,5953945,3,32,1,-0.201,-6.753,7.456,0.005,-0.012,0.005,57.04,1,942.54,37.17,654.06,1,940.82,37.57,621.26
T,5012245,1,353560265,-1178180619,599835,5953945,3,30,1,-0.196,-6.753,7.451,0.005,-0.013,0.005,57.04,1,942.54,37.19,654.06,1,940.80,37.60,621.43
T,5013232,1,353560271,-1178180624,599931,5953945,3,32,1,-0.196,-6.757,7.456,0.005,-0.013,0.004,57.07,1,942.53,37.22,654.15,1,940.80,37.62,621.43
T,5014225,1,353560274,-1178180626,600045,5953945,3,32,1,-0.196,-6.762,7.446,0.005,-0.012,0.004,57.09,1,942.55,37.25,653.97,1,940.84,37.65,621.08
T,5015216,1,353560277,-1178180629,600227,5953945,3,32,1,-0.196,-6.757,7.456,0.005,-0.013,0.005,57.07,1,942.54,37.28,654.06,1,940.84,37.68,621.08
T,5016203,1,353560281,-1178180632,600355,5953945,3,32,1,-0.206,-6.757,7.461,0.006,-0.013,0.004,57.12,1,942.54,37.30,654.06,1,940.82,37.71,621.26
T,5017192,1,353560281,-1178180635,600518,5953945,3,32,1,-0.201,-6.767,7.446,0.005,-0.012,0.005,57.05,1,942.56,37.33,653.89,1,940.82,37.74,621.26
T,5018281,1,353560284,-1178180637,600652,5953945,3,32,1,-0.220,-6.753,7.451,0.005,-0.016,0.010,57.12,1,942.55,37.37,653.97,1,940.77,37.76,621.70
T,5019278,1,353560286,-1178180637,600771,5953945,3,32,1,-0.206,-6.757,7.446,0.006,-0.012,0.005,57.16,1,942.57,37.39,653.80,1,940.81,37.79,621.35
T,5020264,1,353560287,-1178180638,600806,5953945,3,32,1,-0.196,-6.762,7.461,0.004,-0.012,0.004,57.18,1,942.54,37.42,654.06,1,940.83,37.81,621.17
T,5021252,1,353560292,-1178180640,600817,5953945,3,32,1,-0.196,-6.762,7.446,0.006,-0.012,0.004,57.19,1,942.57,37.45,653.80,1,940.79,37.84,621.52
T,5022238,1,353560294,-1178180643,600903,5953945,3,32,1,-0.196,-6.753,7.442,0.006,-0.012,0.005,57.16,1,942.57,37.48,653.80,1,940.85,37.87,620.99
T,5023229,1,353560296,-1178180645,600965,5953945,3,32,1,-0.196,-6.757,7.442,0.006,-0.013,0.004,57.17,1,942.55,37.51,653.97,1,940.80,37.90,621.43
T,5024219,1,353560294,-1178180650,601012,5953945,3,32,1,-0.196,-6.753,7.451,0.005,-0.013,0.004,57.21,1,942.49,37.53,654.50,1,940.82,37.92,621.26
T,5025204,1,353560289,-1178180654,601035,5953945,3,32,1,-0.206,-6.762,7.451,0.005,-0.011,0.004,57.23,1,942.58,37.56,653.71,1,940.82,37.95,621.26
T,5026192,1,353560288,-1178180652,600974,5953945,3,32,1,-0.191,-6.757,7.456,0.006,-0.012,0.005,57.21,1,942.55,37.59,653.97,1,940.83,37.98,621.17
T,5027285,1,353560283,-1178180649,600998,5953945,3,32,1,-0.196,-6.757,7.451,0.006,-0.011,0.004,57.23,1,942.58,37.62,653.71,1,940.78,38.01,621.61
T,5028272,1,353560277,-1178180651,600997,5953945,3,32,1,-0.196,-6.748,7.446,0.004,-0.013,0.005,57.21,1,942.53,37.65,654.15,1,940.82,38.03,621.26
T,5029261,1,353560273,-1178180652,601011,5953945,3,31,1,-0.196,-6.757,7.446,0.006,-0.013,0.005,57.30,1,942.56,37.68,653.89,1,940.81,38.06,621.35
T,5030251,1,353560273,-1178180655,601113,5953945,3,32,1,-0.191,-6.757,7.446,0.005,-0.013,0.004,57.33,1,942.56,37.70,653.89,1,940.82,38.09,621.26
T,5031237,1,353560272,-1178180658,601106,5953945,3,32,1,-0.191,-6.767,7.446,0.005,-0.012,0.004,57.33,1,942.49,37.73,654.50,1,940.80,38.11,621.43
T,5032223,1,353560266,-1178180658,601126,5953945,3,32,1,-0.191,-6.753,7.456,0.006,-0.013,0.004,57.34,1,942.48,37.76,654.59,1,940.79,38.14,621.52
T,5033213,1,353560261,-1178180658,601115,5953945,3,31,1,-0.196,-6.757,7.442,0.005,-0.012,0.005,57.32,1,942.51,37.79,654.33,1,940.78,38.17,621.61
T,5034196,1,353560252,-1178180656,601107,5953945,3,31,1,-0.196,-6.748,7.446,0.005,-0.013,0.005,57.37,1,942.52,37.82,654.24,1,940.79,38.20,621.52
T,5035283,1,353560246,-1178180654,601018,5953945,3,31,1,-0.187,-6.748,7.446,0.005,-0.011,0.005,57.42,1,942.51,37.85,654.33,1,940.82,38.23,621.26
T,5036273,1,353560242,-1178180654,601012,5953945,3,32,1,-0.191,-6.748,7.442,0.006,-0.013,0.004,57.40,1,942.55,37.87,653.97,1,940.78,38.25,621.61
T,5037261,1,353560241,-1178180657,601009,5953945,3,32,1,-0.206,-6.753,7.456,0.006,-0.013,0.004,57.46,1,942.47,37.90,654.68,1,940.83,38.28,621.17
T,5038246,1,353560238,-1178180660,601020,5953945,3,32,1,-0.191,-6.748,7.442,0.006,-0.011,0.005,57.43,1,942.54,37.93,654.06,1,940.82,38.31,621.26
T,5039232,1,353560238,-1178180665,601033,5953945,3,31,1,-0.201,-6.757,7.442,0.004,-0.012,0.005,57.48,1,942.50,37.96,654.42,1,940.80,38.34,621.43
T,5040227,1,353560236,-1178180665,601001,5953945,3,31,1,-0.191,-6.762,7.456,0.006,-0.013,0.004,57.47,1,942.55,37.99,653.97,1,940.83,38.36,621.17
T,5041213,1,353560233,-1178180662,600940,5953945,3,30,1,-0.196,-6.757,7.451,0.005,-0.012,0.005,57.50,1,942.52,38.02,654.24,1,940.80,38.39,621.43
T,5042197,1,353560227,-1178180657,600918,5953945,3,31,1,-0.196,-6.753,7.442,0.005,-0.012,0.004,57.52,1,942.52,38.04,654.24,1,940.79,38.42,621.52
T,5043185,1,353560225,-1178180655,600904,5953945,3,31,1,-0.196,-6.757,7.446,0.005,-0.013,0.005,57.52,1,942.48,38.07,654.59,1,940.76,38.44,621.79
T,5044175,1,353560224,-1178180656,600877,5953945,3,32,1,-0.182,-6.757,7.451,0.005,-0.012,0.005,57.52,1,942.48,38.10,654.59,1,940.79,38.47,621.52
T,5045260,1,353560223,-1178180655,600846,5953945,3,32,1,-0.187,-6.753,7.437,0.005,-0.011,0.004,57.54,1,942.52,38.13,654.24,1,940.80,38.50,621.43
T,5046246,1,353560223,-1178180654,600797,5953945,3,32,1,-0.201,-6.757,7.456,0.005,-0.012,0.004,57.59,1,942.53,38.16,654.15,1,940.80,38.53,621.43
T,5047237,1,353560219,-1178180651,600788,5953945,3,32,1,-0.196,-6.753,7.446,0.005,-0.013,0.004,57.61,1,942.50,38.19,654.42,1,940.82,38.55,621.26
T,5048222,1,353560216,-1178180651,600646,5953945,3,32,1,-0.191,-6.757,7.442,0.005,-0.011,0.004,57.64,1,942.46,38.21,654.77,1,940.77,38.58,621.70
T,5049207,1,353560214,-1178180651,600537,5953945,3,32,1,-0.187,-6.762,7.446,0.005,-0.012,0.006,57.63,1,942.50,38.24,654.42,1,940.76,38.61,621.79
T,5050195,1,353560212,-1178180651,600475,5953945,3,32,1,-0.191,-6.762,7.446,0.005,-0.012,0.005,57.66,1,942.50,38.27,654.42,1,940.84,38.64,621.08
T,5051283,1,353560210,-1178180648,600470,5953945,3,32,1,-0.191,-6.757,7.446,0.005,-0.012,0.002,57.70,1,942.48,38.30,654.59,1,940.78,38.67,621.61
T,5052269,1,353560210,-1178180648,600429,5953945,3,32,1,-0.196,-6.762,7.446,0.006,-0.012,0.005,57.72,1,942.48,38.33,654.59,1,940.79,38.70,621.52
T,5053256,1,353560209,-1178180646,600378,5953945,3,30,1,-0.196,-6.767,7.451,0.006,-0.012,0.005,57.71,1,942.55,38.36,653.97,1,940.77,38.72,621.70
T,5054246,1,353560207,-1178180642,600388,5953945,3,32,1,-0.196,-6.772,7.446,0.005,-0.011,0.005,57.73,1,942.52,38.39,654.24,1,940.78,38.75,621.61
T,5055237,1,353560208,-1178180643,600359,5953945,3,31,1,-0.196,-6.767,7.451,0.006,-0.012,0.005,57.79,1,942.48,38.42,654.59,1,940.73,38.78,622.05
T,5056225,1,353560210,-1178180641,600372,5953945,3,32,1,-0.187,-6.762,7.451,0.006,-0.012,0.005,57.80,1,942.50,38.45,654.42,1,940.75,38.81,621.88
T,5057213,1,353560210,-1178180635,600371,5953945,3,31,1,-0.196,-6.757,7.446,0.005,-0.013,0.005,57.77,1,942.47,38.48,654.68,1,940.74,38.83,621.96
T,5058196,1,353560213,-1178180634,600224,5953945,3,31,1,-0.196,-6.757,7.437,0.005,-0.012,0.005,57.82,1,942.50,38.50,654.42,1,940.78,38.86,621.61
T,5059181,1,353560220,-1178180638,600168,5953945,3,31,1,-0.191,-6.753,7.451,0.006,-0.013,0.005,57.83,1,942.50,38.53,654.42,1,940.78,38.89,621.61
T,5060171,1,353560224,-1178180640,600059,5953945,3,31,1,-0.206,-6.753,7.442,0.005,-0.013,0.004,57.84,1,942.50,38.56,654.42,1,940.74,38.92,621.96
T,5061262,1,353560226,-1178180642,599949,5953945,3,31,1,-0.191,-6.748,7.446,0.005,-0.012,0.005,57.91,1,942.50,38.59,654.42,1,940.81,38.95,621.35
T,5062247,1,353560231,-1178180648,599835,5953945,3,31,1,-0.201,-6.757,7.442,0.006,-0.012,0.005,57.95,1,942.50,38.62,654.42,1,940.79,38.97,621.52
T,5063235,1,353560230,-1178180650,599750,5953945,3,32,1,-0.191,-6.757,7.446,0.006,-0.012,0.005,57.95,1,942.50,38.65,654.42,1,940.76,39.00,621.79
T,5064227,1,353560230,-1178180654,599733,5953945,3,31,1,-0.201,-6.757,7.456,0.005,-0.013,0.004,57.98,1,942.49,38.67,654.50,1,940.75,39.03,621.88
T,5065214,1,353560231,-1178180655,599761,5953945,3,32,1,-0.191,-6.757,7.437,0.006,-0.012,0.005,57.97,1,942.52,38.70,654.24,1,940.81,39.06,621.35
T,5066199,1,353560233,-1178180658,599966,5953945,3,31,1,-0.196,-6.762,7.442,0.005,-0.013,0.005,57.98,1,942.50,38.73,654.42,1,940.79,39.08,621.52
T,5067185,1,353560237,-1178180662,600134,5953945,3,31,1,-0.191,-6.767,7.451,0.006,-0.011,0.005,58.03,1,942.47,38.76,654.68,1,940.80,39.11,621.43
T,5068274,1,353560241,-1178180663,600178,5953945,3,31,1,-0.201,-6.762,7.456,0.006,-0.012,0.004,58.04,1,942.47,38.79,654.68,1,940.77,39.14,621.70
T,5069256,1,353560241,-1178180663,600220,5953945,3,31,1,-0.201,-6.757,7.442,0.005,-0.011,0.004,58.08,1,942.47,38.81,654.68,1,940.78,39.17,621.61
T,5070243,1,353560247,-1178180667,600492,5953945,3,31,1,-0.191,-6.757,7.442,0.004,-0.013,0.005,58.07,1,942.48,38.84,654.59,1,940.78,39.19,621.61
T,5071232,1,353560248,-1178180668,600526,5953945,3,32,1,-0.196,-6.767,7.446,0.005,-0.013,0.006,58.06,1,942.49,38.87,654.50,1,940.81,39.22,621.35
T,5072221,1,353560247,-1178180669,600553,5953945,3,32,1,-0.206,-6.762,7.451,0.005,-0.012,0.005,58.16,1,942.52,38.90,654.24,1,940.74,39.25,621.96
T,5073207,1,353560244,-1178180671,600576,5953945,3,31,1,-0.191,-6.753,7.442,0.004,-0.012,0.005,58.14,1,942.48,38.93,654.59,1,940.78,39.28,621.61
T,5074192,1,353560238,-1178180670,600593,5953945,3,31,1,-0.191,-6.767,7.446,0.005,-0.012,0.004,58.14,1,942.47,38.96,654.68,1,940.77,39.30,621.70
T,5075182,1,353560235,-1178180669,600659,5953945,3,31,1,-0.191,-6.762,7.451,0.006,-0.013,0.005,58.13,1,942.49,38.99,654.50,1,940.75,39.33,621.88
T,5076267,1,353560236,-1178180671,600721,5953945,3,32,1,-0.201,-6.753,7.446,0.006,-0.012,0.005,58.20,1,942.49,39.02,654.50,1,940.80,39.36,621.43
T,5077251,1,353560231,-1178180671,600761,5953945,3,31,1,-0.196,-6.762,7.451,0.005,-0.013,0.005,58.22,1,942.48,39.04,654.59,1,940.78,39.39,621.61
T,5078238,1,353560226,-1178180669,600780,5953945,3,32,1,-0.187,-6.753,7.456,0.004,-0.012,0.004,58.33,1,942.52,39.07,654.24,1,940.77,39.41,621.70
T,5079223,1,353560225,-1178180671,600737,5953945,3,32,1,-0.201,-6.762,7.437,0.005,-0.013,0.004,58.27,1,942.49,39.10,654.50,1,940.73,39.44,622.05
T,5080216,1,353560227,-1178180673,600654,5953945,3,31,1,-0.196,-6.767,7.442,0.006,-0.012,0.005,58.30,1,942.48,39.13,654.59,1,940.71,39.47,622.23
T,5081201,1,353560225,-1178180677,600581,5953945,3,32,1,-0.196,-6.762,7.442,0.006,-0.012,0.005,58.30,1,942.43,39.15,655.03,1,940.75,39.50,621.88
T,5082189,1,353560227,-1178180681,600583,5953945,3,31,1,-0.196,-6.757,7.446,0.006,-0.013,0.005,58.35,1,942.46,39.18,654.77,1,940.75,39.53,621.88
T,5083177,1,353560229,-1178180683,600552,5953945,3,32,1,-0.196,-6.757,7.451,0.005,-0.013,0.005,58.41,1,942.43,39.21,655.03,1,940.72,39.55,622.14
T,5084163,1,353560227,-1178180684,600560,5953945,3,32,1,-0.191,-6.762,7.446,0.005,-0.013,0.005,58.35,1,942.45,39.24,654.86,1,940.81,39.58,621.35
T,5085252,1,353560223,-1178180685,600586,5953945,3,31,1,-0.191,-6.767,7.451,0.005,-0.012,0.005,58.45,1,942.42,39.27,655.12,1,940.70,39.61,622.32
T,5086237,1,353560219,-1178180686,600614,5953945,3,32,1,-0.191,-6.762,7.437,0.006,-0.012,0.005,58.50,1,942.43,39.30,655.03,1,940.75,39.64,621.88
T,5087222,1,353560220,-1178180689,600512,5953945,3,32,1,-0.196,-6.772,7.432,0.006,-0.013,0.005,58.50,1,942.44,39.32,654.95,1,940.72,39.66,622.14
T,5088209,1,353560222,-1178180692,600437,5953945,3,32,1,-0.201,-6.762,7.442,0.006,-0.013,0.005,58.49,1,942.50,39.35,654.42,1,940.71,39.69,622.23
T,5089197,1,353560228,-1178180696,600316,5953945,3,32,1,-0.201,-6.762,7.437,0.005,-0.012,0.002,58.48,1,942.44,39.38,654.95,1,940.72,39.72,622.14
T,5090283,1,353560230,-1178180699,600235,5953945,3,32,1,-0.191,-6.762,7.442,0.005,-0.012,0.005,58.49,1,942.47,39.41,654.68,1,940.71,39.75,622.23
T,5091273,1,353560226,-1178180697,600056,5953945,3,31,1,-0.201,-6.762,7.446,0.005,-0.012,0.005,58.52,1,942.45,39.44,654.86,1,940.73,39.77,622.05
T,5092262,1,353560225,-1178180696,600042,5953945,3,31,1,-0.196,-6.767,7.451,0.005,-0.012,0.004,58.57,1,942.41,39.47,655.21,1,940.74,39.80,621.96
T,5093247,1,353560225,-1178180697,600066,5953945,3,31,1,-0.201,-6.757,7.446,0.005,-0.012,0.005,58.59,1,942.43,39.49,655.03,1,940.71,39.83,622.23
T,5094233,1,353560227,-1178180698,600068,5953945,3,31,1,-0.191,-6.772,7.442,0.005,-0.012,0.005,58.59,1,942.47,39.52,654.68,1,940.72,39.86,622.14
T,5095220,1,353560229,-1178180699,600147,5953945,3,32,1,-0.196,-6.762,7.442,0.006,-0.013,0.005,58.64,1,942.45,39.55,654.86,1,940.71,39.88,622.23
T,5096213,1,353560230,-1178180696,600051,5953945,3,31,1,-0.196,-6.757,7.442,0.006,-0.013,0.004,58.66,1,942.45,39.58,654.86,1,940.69,39.91,622.41
T,5097200,1,353560229,-1178180694,599880,5953945,3,32,1,-0.196,-6.762,7.442,0.006,-0.012,0.004,58.76,1,942.45,39.61,654.86,1,940.73,39.94,622.05
T,5098185,1,353560226,-1178180696,599755,5953945,3,32,1,-0.196,-6.767,7.442,0.006,-0.012,0.005,58.72,1,942.41,39.64,655.21,1,940.75,39.97,621.88
T,5099273,1,353560231,-1178180695,599681,5953945,3,32,1,-0.196,-6.762,7.451,0.005,-0.013,0.005,58.76,1,942.48,39.66,654.59,1,940.69,40.00,622.41
T,5100262,1,353560236,-1178180695,599590,5953945,3,32,1,-0.191,-6.767,7.446,0.005,-0.012,0.005,58.79,1,942.43,39.69,655.03,1,940.72,40.02,622.14
T,5101244,1,353560239,-1178180698,599518,5953945,3,32,1,-0.206,-6.762,7.442,0.006,-0.012,0.004,58.80,1,942.40,39.72,655.30,1,940.70,40.05,622.32
T,5102226,1,353560240,-1178180698,599460,5953945,3,32,1,-0.201,-6.772,7.442,0.005,-0.013,0.005,58.80,1,942.44,39.75,654.95,1,940.76,40.08,621.79
T,5103213,1,353560244,-1178180696,599368,5953945,3,32,1,-0.191,-6.767,7.446,0.006,-0.012,0.005,58.86,1,942.43,39.77,655.03,1,940.71,40.10,622.23
T,5104198,1,353560247,-1178180691,599262,5953945,3,31,1,-0.191,-6.762,7.437,0.006,-0.012,0.005,58.87,1,942.43,39.80,655.03,1,940.73,40.13,622.05
T,5105182,1,353560244,-1178180688,599289,5953945,3,31,1,-0.187,-6.767,7.442,0.006,-0.012,0.004,58.88,1,942.49,39.83,654.50,1,940.71,40.16,622.23
T,5106170,1,353560243,-1178180686,599292,5953945,3,31,1,-0.201,-6.762,7.432,0.005,-0.012,0.004,58.91,1,942.42,39.86,655.12,1,940.70,40.19,622.32
T,5107156,1,353560245,-1178180684,599239,5953945,3,32,1,-0.196,-6.767,7.451,0.006,-0.012,0.005,58.96,1,942.45,39.89,654.86,1,940.73,40.21,622.05
T,5108244,1,353560247,-1178180681,599239,5953945,3,32,1,-0.196,-6.757,7.437,0.005,-0.013,0.005,58.95,1,942.45,39.92,654.86,1,940.71,40.24,622.23
T,5109228,1,353560250,-1178180678,599233,5953945,3,32,1,-0.201,-6.767,7.446,0.007,-0.012,0.004,58.99,1,942.44,39.94,654.95,1,940.72,40.27,622.14
T,5110215,1,353560257,-1178180672,599181,5953945,3,32,1,-0.201,-6.762,7.442,0.006,-0.012,0.004,59.03,1,942.43,39.97,655.03,1,940.72,40.30,622.14
T,5111201,1,353560264,-1178180669,599105,5953945,3,32,1,-0.196,-6.757,7.451,0.005,-0.012,0.005,59.04,1,942.40,40.00,655.30,1,940.74,40.33,621.96
T,5112188,1,353560270,-1178180668,599042,5953945,3,32,1,-0.196,-6.772,7.451,0.006,-0.013,0.004,59.03,1,942.43,40.03,655.03,1,940.71,40.36,622.23
T,5113276,1,353560273,-1178180667,599015,5953945,3,32,1,-0.196,-6.762,7.432,0.005,-0.012,0.005,59.06,1,942.39,40.06,655.38,1,940.71,40.38,622.23
T,5114261,1,353560279,-1178180668,598953,5953945,3,32,1,-0.191,-6.753,7.446,0.006,-0.012,0.005,59.08,1,942.47,40.08,654.68,1,940.71,40.41,622.23
T,5115249,1,353560280,-1178180667,598929,5953945,3,32,1,-0.201,-6.767,7.446,0.006,-0.012,0.004,59.12,1,942.47,40.11,654.68,1,940.70,40.44,622.32
T,5116237,1,353560281,-1178180665,598910,5953945,3,32,1,-0.191,-6.776,7.442,0.005,-0.012,0.004,59.12,1,942.44,40.14,654.95,1,940.72,40.46,622.14
T,5117225,1,353560284,-1178180662,598949,5953945,3,32,1,-0.196,-6.767,7.446,0.006,-0.013,0.004,59.16,1,942.36,40.16,655.65,1,940.69,40.49,622.41
T,5118209,1,353560287,-1178180659,598981,5953945,3,32,1,-0.196,-6.762,7.442,0.006,-0.013,0.005,59.21,1,942.41,40.19,655.21,1,940.75,40.52,621.88
T,5119196,1,353560289,-1178180658,598957,5953945,3,32,1,-0.201,-6.757,7.437,0.006,-0.013,0.005,59.22,1,942.44,40.22,654.95,1,940.71,40.55,622.23
T,5120284,1,353560287,-1178180655,598954,5953945,3,32,1,-0.201,-6.762,7.451,0.006,-0.012,0.004,59.24,1,942.41,40.25,655.21,1,940.71,40.57,622.23
T,5121268,1,353560281,-1178180656,598907,5953945,3,31,1,-0.191,-6.767,7.437,0.006,-0.011,0.004,59.29,1,942.40,40.27,655.30,1,940.70,40.60,622.32
T,5122254,1,353560279,-1178180656,598909,5953945,3,31,1,-0.196,-6.767,7.446,0.005,-0.012,0.005,59.25,1,942.41,40.30,655.21,1,940.69,40.62,622.41
T,5123242,1,353560277,-1178180656,598953,5953945,3,31,1,-0.191,-6.762,7.446,0.006,-0.010,0.004,59.30,1,942.41,40.33,655.21,1,940.72,40.65,622.14
T,5124234,1,353560273,-1178180655,599024,5953945,3,31,1,-0.196,-6.762,7.442,0.005,-0.013,0.005,59.31,1,942.41,40.35,655.21,1,940.71,40.68,622.23
T,5125217,1,353560273,-1178180656,599042,5953945,3,32,1,-0.191,-6.762,7.442,0.006,-0.012,0.002,59.33,1,942.36,40.38,655.65,1,940.71,40.70,622.23
T,5126200,1,353560267,-1178180656,599090,5953945,3,32,1,-0.191,-6.762,7.446,0.005,-0.013,0.004,59.38,1,942.40,40.41,655.30,1,940.69,40.74,622.41
T,5127185,1,353560262,-1178180655,599080,5953945,3,32,1,-0.201,-6.762,7.446,0.006,-0.012,0.004,59.34,1,942.40,40.44,655.30,1,940.72,40.76,622.14
T,5128282,1,353560256,-1178180654,599070,5953945,3,32,1,-0.196,-6.762,7.442,0.007,-0.013,0.005,59.43,1,942.44,40.47,654.95,1,940.72,40.79,622.14
T,5129164,1,353560255,-1178180649,599049,5953945,3,32,1,-0.201,-6.772,7.432,0.006,-0.012,0.005,59.39,1,942.36,40.49,655.65,1,940.69,40.82,622.41
T,5130250,1,353560252,-1178180645,599006,5953945,3,32,1,-0.191,-6.762,7.446,0.005,-0.012,0.005,59.44,1,942.43,40.52,655.03,1,940.70,40.84,622.32
T,5131239,1,353560258,-1178180641,598848,5953945,3,32,1,-0.201,-6.757,7.446,0.007,-0.013,0.006,59.46,1,942.40,40.54,655.30,1,940.73,40.87,622.05
T,5132223,1,353560262,-1178180637,598732,5953945,3,32,1,-0.196,-6.757,7.446,0.006,-0.013,0.006,59.46,1,942.39,40.58,655.38,1,940.67,40.91,622.58
T,5133208,1,353560266,-1178180636,598693,5953945,3,32,1,-0.196,-6.772,7.437,0.005,-0.013,0.004,59.52,1,942.39,40.62,655.38,1,940.72,40.94,622.14
T,5134195,1,353560272,-1178180636,598630,5953945,3,32,1,-0.196,-6.767,7.442,0.006,-0.012,0.005,59.55,1,942.39,40.64,655.38,1,940.71,40.96,622.23
T,5135189,1,353560281,-1178180642,598520,5953945,3,32,1,-0.201,-6.767,7.442,0.007,-0.011,0.004,59.61,1,942.39,40.66,655.38,1,940.69,40.99,622.41
T,5136174,1,353560290,-1178180646,598462,5953945,3,32,1,-0.191,-6.767,7.442,0.007,-0.012,0.004,59.55,1,942.43,40.69,655.03,1,940.71,41.01,622.23
T,5137265,1,353560297,-1178180648,598398,5953945,3,32,1,-0.206,-6.757,7.442,0.007,-0.013,0.005,59.57,1,942.39,40.72,655.38,1,940.69,41.04,622.41
T,5138251,1,353560302,-1178180650,598372,5953945,3,32,1,-0.191,-6.762,7.446,0.007,-0.012,0.004,59.64,1,942.37,40.74,655.56,1,940.67,41.06,622.58
T,5139236,1,353560299,-1178180652,598384,5953945,3,32,1,-0.196,-6.762,7.442,0.005,-0.012,0.006,59.64,1,942.35,40.77,655.74,1,940.70,41.09,622.32
T,5140222,1,353560287,-1178180650,598555,5953945,3,32,1,-0.196,-6.767,7.446,0.006,-0.012,0.004,59.67,1,942.38,40.79,655.47,1,940.67,41.11,622.58
T,5141208,1,353560279,-1178180646,598772,5953945,3,32,1,-0.191,-6.767,7.437,0.005,-0.012,0.005,59.71,1,942.36,40.82,655.65,1,940.65,41.14,622.76
T,5142188,1,353560270,-1178180639,598939,5953945,3,32,1,-0.196,-6.767,7.442,0.005,-0.013,0.005,59.73,1,942.36,40.85,655.65,1,940.67,41.17,622.58
T,5143168,1,353560260,-1178180634,599119,5953945,3,32,1,-0.206,-6.767,7.437,0.004,-0.012,0.004,59.79,1,942.34,40.88,655.83,1,940.69,41.19,622.41
T,5144250,1,353560250,-1178180625,599264,5953945,3,31,1,-0.187,-6.757,7.442,0.004,-0.012,0.006,59.82,1,942.37,40.90,655.56,1,940.65,41.22,622.76
T,5145232,1,353560248,-1178180626,599275,5953945,3,32,1,-0.191,-6.762,7.442,0.006,-0.012,0.004,59.81,1,942.34,40.93,655.83,1,940.66,41.25,622.67
T,5146217,1,353560239,-1178180617,599481,5953945,3,32,1,-0.191,-6.767,7.437,0.006,-0.013,0.005,59.87,1,942.38,40.96,655.47,1,940.66,41.28,622.67
T,5147198,1,353560243,-1178180623,599548,5953945,3,32,1,-0.191,-6.772,7.446,0.005,-0.011,0.005,59.88,1,942.36,40.99,655.65,1,940.66,41.30,622.67
T,5148181,1,353560244,-1178180627,599578,5953945,3,32,1,-0.196,-6.767,7.446,0.005,-0.013,0.005,59.84,1,942.35,41.01,655.74,1,940.67,41.33,622.58
T,5149263,1,353560242,-1178180629,599783,5953945,3,32,1,-0.182,-6.762,7.446,0.006,-0.012,0.004,59.91,1,942.37,41.03,655.56,1,940.68,41.35,622.49
T,5150243,1,353560242,-1178180629,599710,5953945,3,31,1,-0.201,-6.772,7.437,0.006,-0.012,0.005,59.92,1,942.37,41.06,655.56,1,940.63,41.38,622.94
T,5151223,1,353560246,-1178180632,599579,5953945,3,31,1,-0.196,-6.767,7.451,0.006,-0.012,0.005,59.95,1,942.38,41.08,655.47,1,940.63,41.40,622.94
T,5152205,1,353560250,-1178180634,599504,5953945,3,32,1,-0.201,-6.772,7.432,0.005,-0.013,0.005,59.99,1,942.35,41.11,655.74,1,940.72,41.43,622.14
T,5153185,1,353560249,-1178180632,599407,5953945,3,32,1,-0.206,-6.767,7.451,0.005,-0.012,0.005,60.02,1,942.36,41.13,655.65,1,940.67,41.45,622.58
T,5154167,1,353560251,-1178180630,599252,5953945,3,31,1,-0.191,-6.757,7.446,0.005,-0.013,0.005,60.02,1,942.37,41.16,655.56,1,940.69,41.48,622.41
T,5155251,1,353560253,-1178180630,599101,5953945,3,32,1,-0.196,-6.767,7.442,0.005,-0.013,0.004,60.00,1,942.38,41.19,655.47,1,940.71,41.51,622.23
T,5156233,1,353560255,-1178180631,598985,5953945,3,32,1,-0.206,-6.767,7.451,0.006,-0.012,0.006,60.07,1,942.42,41.22,655.12,1,940.68,41.54,622.49
T,5157213,1,353560255,-1178180630,598876,5953945,3,32,1,-0.196,-6.767,7.446,0.007,-0.012,0.005,60.07,1,942.42,41.24,655.12,1,940.65,41.56,622.76
T,5158193,1,353560256,-1178180630,598779,5953945,3,32,1,-0.191,-6.762,7.446,0.006,-0.012,0.004,60.09,1,942.30,41.26,656.18,1,940.59,41.59,623.29
T,5159174,1,353560260,-1178180630,598666,5953945,3,32,1,-0.191,-6.767,7.446,0.006,-0.012,0.005,60.11,1,942.34,41.29,655.83,1,940.66,41.61,622.67
T,5160256,1,353560265,-1178180631,598590,5953945,3,32,1,-0.196,-6.753,7.446,0.006,-0.012,0.005,60.11,1,942.37,41.32,655.56,1,940.66,41.64,622.67
T,5161238,1,353560268,-1178180633,598567,5953945,3,32,1,-0.196,-6.767,7.446,0.006,-0.013,0.005,60.16,1,942.34,41.34,655.83,1,940.64,41.66,622.85
T,5162221,1,353560271,-1178180638,598511,5953945,3,32,1,-0.201,-6.762,7.437,0.007,-0.012,0.004,60.16,1,942.35,41.37,655.74,1,940.59,41.69,623.29
T,5163203,1,353560276,-1178180641,598420,5953945,3,32,1,-0.187,-6.762,7.432,0.005,-0.012,0.004,60.20,1,942.36,41.40,655.65,1,940.67,41.72,622.58
T,5164184,1,353560280,-1178180645,598319,5953945,3,32,1,-0.201,-6.753,7.451,0.007,-0.012,0.005,60.19,1,942.40,41.42,655.30,1,940.67,41.74,622.58
T,5165165,1,353560285,-1178180647,598197,5953945,3,32,1,-0.191,-6.767,7.432,0.005,-0.013,0.006,60.20,1,942.40,41.45,655.30,1,940.66,41.77,622.67
T,5166319,1,353560290,-1178180651,598083,5953945,3,32,1,-0.196,-6.757,7.442,0.007,-0.012,0.005,60.27,1,942.36,41.47,655.65,1,940.63,41.79,622.94
T,5167201,1,353560291,-1178180650,597934,5953945,3,32,1,-0.196,-6.762,7.437,0.005,-0.012,0.004,60.29,1,942.36,41.49,655.65,1,940.65,41.82,622.76
T,5168185,1,353560291,-1178180650,597850,5953945,3,32,1,-0.196,-6.772,7.432,0.006,-0.012,0.004,60.30,1,942.40,41.52,655.30,1,940.67,41.85,622.58
T,5169169,1,353560293,-1178180649,597772,5953945,3,32,1,-0.201,-6.762,7.446,0.006,-0.012,0.005,60.30,1,942.35,41.55,655.74,1,940.68,41.87,622.49
T,5170253,1,353560296,-1178180650,597704,5953945,3,32,1,-0.196,-6.753,7.437,0.005,-0.013,0.005,60.33,1,942.38,41.57,655.47,1,940.67,41.89,622.58
T,5171239,1,353560299,-1178180652,597565,5953945,3,32,1,-0.196,-6.762,7.437,0.006,-0.013,0.005,60.34,1,942.37,41.59,655.56,1,940.69,41.92,622.41
T,5172221,1,353560305,-1178180653,597481,5953945,3,31,1,-0.196,-6.767,7.451,0.006,-0.015,0.005,60.39,1,942.37,41.62,655.56,1,940.63,41.94,622.94
T,5173206,1,353560307,-1178180655,597398,5953945,3,31,1,-0.196,-6.757,7.451,0.006,-0.013,0.005,60.44,1,942.36,41.64,655.65,1,940.67,41.96,622.58
T,5174187,1,353560306,-1178180657,597303,5953945,3,32,1,-0.196,-6.762,7.437,0.006,-0.012,0.004,60.45,1,942.37,41.67,655.56,1,940.67,41.99,622.58
T,5175278,1,353560301,-1178180657,597258,5953945,3,32,1,-0.187,-6.762,7.437,0.007,-0.012,0.005,60.52,1,942.34,41.69,655.83,1,940.67,42.01,622.58
T,5176262,1,353560302,-1178180661,597134,5953945,3,32,1,-0.191,-6.767,7.446,0.004,-0.015,0.005,60.50,1,942.36,41.72,655.65,1,940.65,42.04,622.76
T,5177246,1,353560301,-1178180664,597100,5953945,3,32,1,-0.201,-6.772,7.432,0.006,-0.013,0.005,60.52,1,942.39,41.74,655.38,1,940.64,42.06,622.85
T,5178229,1,353560306,-1178180665,597003,5953945,3,32,1,-0.191,-6.762,7.446,0.007,-0.013,0.005,60.53,1,942.39,41.76,655.38,1,940.66,42.09,622.67
T,5179213,1,353560308,-1178180670,597009,5953945,3,32,1,-0.191,-6.762,7.451,0.006,-0.013,0.006,60.56,1,942.37,41.79,655.56,1,940.65,42.11,622.76
T,5180198,1,353560313,-1178180670,596922,5953945,3,32,1,-0.201,-6.753,7.442,0.006,-0.011,0.004,60.57,1,942.39,41.82,655.38,1,940.64,42.14,622.85
T,5181181,1,353560314,-1178180676,596852,5953945,3,32,1,-0.196,-6.767,7.437,0.006,-0.013,0.005,60.62,1,942.38,41.84,655.47,1,940.62,42.16,623.02
T,5182166,1,353560314,-1178180684,596901,5953945,3,32,1,-0.191,-6.762,7.442,0.005,-0.013,0.005,60.61,1,942.34,41.86,655.83,1,940.62,42.19,623.02
T,5183252,1,353560314,-1178180685,596900,5953945,3,32,1,-0.196,-6.767,7.442,0.004,-0.012,0.004,60.62,1,942.35,41.89,655.74,1,940.67,42.21,622.58
T,5184242,1,353560318,-1178180692,596877,5953945,3,30,1,-0.191,-6.772,7.427,0.005,-0.013,0.006,60.65,1,942.35,41.91,655.74,1,940.68,42.24,622.49
T,5185230,1,353560319,-1178180693,596756,5953945,3,30,1,-0.196,-6.767,7.442,0.005,-0.013,0.005,60.68,1,942.34,41.94,655.83,1,940.66,42.26,622.67
T,5186225,1,353560322,-1178180702,596821,5953945,3,31,1,-0.191,-6.762,7.437,0.006,-0.013,0.004,60.72,1,942.32,41.96,656.00,1,940.64,42.28,622.85
T,5187214,1,353560325,-1178180711,596865,5953945,3,31,1,-0.196,-6.757,7.442,0.006,-0.013,0.005,60.73,1,942.35,41.99,655.74,1,940.66,42.31,622.67
T,5188200,1,353560332,-1178180725,597076,5953945,3,31,1,-0.206,-6.767,7.427,0.005,-0.013,0.005,60.77,1,942.39,42.01,655.38,1,940.66,42.33,622.67
T,5189188,1,353560342,-1178180740,597240,5953945,3,32,1,-0.191,-6.767,7.442,0.006,-0.012,0.004,60.74,1,942.38,42.04,655.47,1,940.68,42.36,622.49
T,5190286,1,353560341,-1178180745,597475,5953945,3,31,1,-0.187,-6.767,7.442,0.006,-0.012,0.005,60.77,1,942.38,42.07,655.47,1,940.65,42.38,622.76
T,5191270,1,353560339,-1178180747,597691,5953945,3,31,1,-0.196,-6.767,7.432,0.006,-0.013,0.005,60.79,1,942.35,42.09,655.74,1,940.66,42.41,622.67
T,5192255,1,353560341,-1178180750,597850,5953945,3,32,1,-0.196,-6.762,7.437,0.005,-0.012,0.005,60.83,1,942.39,42.11,655.38,1,940.65,42.43,622.76
T,5193245,1,353560343,-1178180753,598030,5953945,3,32,1,-0.191,-6.762,7.437,0.006,-0.013,0.005,60.86,1,942.36,42.14,655.65,1,940.64,42.46,622.85
T,5194242,1,353560345,-1178180757,598202,5953945,3,32,1,-0.201,-6.753,7.437,0.005,-0.013,0.005,60.92,1,942.37,42.16,655.56,1,940.64,42.48,622.85
T,5195229,1,353560345,-1178180757,598349,5953945,3,32,1,-0.196,-6.753,7.442,0.006,-0.012,0.005,60.91,1,942.38,42.19,655.47,1,940.67,42.51,622.58
T,5196214,1,353560344,-1178180756,598494,5953945,3,31,1,-0.196,-6.762,7.432,0.007,-0.012,0.005,60.93,1,942.37,42.21,655.56,1,940.71,42.53,622.23
T,5197200,1,353560348,-1178180754,598566,5953945,3,31,1,-0.187,-6.767,7.432,0.006,-0.013,0.006,60.96,1,942.37,42.24,655.56,1,940.64,42.55,622.85
T,5198185,1,353560350,-1178180751,598639,5953945,3,32,1,-0.187,-6.757,7.442,0.006,-0.013,0.004,60.98,1,942.36,42.26,655.65,1,940.65,42.58,622.76
T,5199179,1,353560350,-1178180746,598682,5953945,3,32,1,-0.187,-6.762,7.437,0.005,-0.012,0.004,61.05,1,942.38,42.28,655.47,1,940.69,42.60,622.41
T,5200165,1,353560349,-1178180741,598695,5953945,3,32,1,-0.196,-6.767,7.437,0.006,-0.012,0.006,61.02,1,942.33,42.31,655.92,1,940.66,42.63,622.67
T,5201256,1,353560349,-1178180740,598658,5953945,3,32,1,-0.196,-6.772,7.437,0.006,-0.012,0.005,61.05,1,942.31,42.33,656.09,1,940.62,42.65,623.02
T,5202245,1,353560352,-1178180743,598629,5953945,3,31,1,-0.201,-6.762,7.432,0.007,-0.013,0.005,61.07,1,942.34,42.36,655.83,1,940.65,42.68,622.76
T,5203229,1,353560354,-1178180744,598606,5953945,3,32,1,-0.187,-6.762,7.442,0.005,-0.012,0.005,61.09,1,942.35,42.38,655.74,1,940.64,42.70,622.85
T,5204216,1,353560354,-1178180747,598552,5953945,3,32,1,-0.191,-6.762,7.437,0.005,-0.011,0.005,61.11,1,942.37,42.41,655.56,1,940.65,42.72,622.76
T,5205202,1,353560358,-1178180751,598529,5953945,3,32,1,-0.187,-6.757,7.451,0.005,-0.012,0.005,61.13,1,942.33,42.43,655.92,1,940.60,42.75,623.20
T,5206189,1,353560357,-1178180752,598585,5953945,3,32,1,-0.191,-6.757,7.432,0.006,-0.012,0.005,61.12,1,942.32,42.45,656.00,1,940.60,42.77,623.20
T,5207180,1,353560357,-1178180754,598586,5953945,3,32,1,-0.187,-6.767,7.432,0.006,-0.012,0.005,61.19,1,942.31,42.48,656.09,1,940.64,42.80,622.85
T,5208169,1,353560355,-1178180751,598645,5953945,3,31,1,-0.191,-6.757,7.432,0.005,-0.012,0.005,61.19,1,942.36,42.50,655.65,1,940.62,42.82,623.02
T,5209255,1,353560354,-1178180754,598775,5953945,3,32,1,-0.187,-6.762,7.442,0.006,-0.012,0.005,61.19,1,942.34,42.53,655.83,1,940.64,42.84,622.85
T,5210241,1,353560347,-1178180746,598787,5953945,3,32,1,-0.201,-6.776,7.442,0.006,-0.011,0.005,61.26,1,942.32,42.55,656.00,1,940.60,42.87,623.20
T,5211231,1,353560346,-1178180748,598900,5953945,3,32,1,-0.191,-6.767,7.432,0.006,-0.012,0.005,61.29,1,942.35,42.58,655.74,1,940.61,42.89,623.11
T,5212219,1,353560356,-1178180756,598902,5953945,3,32,1,-0.187,-6.762,7.427,0.006,-0.012,0.005,61.26,1,942.35,42.60,655.74,1,940.62,42.92,623.02
T,5213205,1,353560360,-1178180758,598914,5953945,3,32,1,-0.196,-6.767,7.442,0.006,-0.013,0.005,61.32,1,942.36,42.63,655.65,1,940.63,42.94,622.94
T,5214192,1,353560363,-1178180757,598915,5953945,3,32,1,-0.191,-6.772,7.442,0.005,-0.013,0.006,61.34,1,942.31,42.65,656.09,1,940.64,42.96,622.85
T,5215183,1,353560367,-1178180759,598857,5953945,3,31,1,-0.201,-6.767,7.432,0.006,-0.012,0.005,61.34,1,942.35,42.67,655.74,1,940.64,42.99,622.85
T,5216268,1,353560371,-1178180758,598751,5953945,3,32,1,-0.187,-6.762,7.446,0.005,-0.013,0.005,61.38,1,942.32,42.70,656.00,1,940.64,43.02,622.85
T,5217254,1,353560375,-1178180754,598697,5953945,3,32,1,-0.201,-6.762,7.437,0.006,-0.013,0.004,61.38,1,942.29,42.72,656.27,1,940.66,43.04,622.67
T,5218246,1,353560372,-1178180746,598681,5953945,3,32,1,-0.196,-6.762,7.442,0.006,-0.013,0.005,61.41,1,942.34,42.75,655.83,1,940.64,43.06,622.85
T,5219240,1,353560371,-1178180741,598684,5953945,3,32,1,-0.196,-6.762,7.432,0.006,-0.013,0.005,61.47,1,942.34,42.77,655.83,1,940.60,43.09,623.20
T,5220226,1,353560373,-1178180740,598726,5953945,3,32,1,-0.191,-6.767,7.437,0.006,-0.013,0.005,61.50,1,942.33,42.79,655.92,1,940.60,43.11,623.20
T,5221210,1,353560375,-1178180740,598697,5953945,3,32,1,-0.196,-6.757,7.437,0.005,-0.013,0.005,61.49,1,942.34,42.81,655.83,1,940.64,43.13,622.85
T,5222196,1,353560376,-1178180738,598707,5953945,3,32,1,-0.196,-6.762,7.442,0.006,-0.013,0.005,61.51,1,942.33,42.84,655.92,1,940.65,43.16,622.76
T,5223186,1,353560377,-1178180739,598637,5953945,3,32,1,-0.191,-6.757,7.442,0.007,-0.012,0.004,61.58,1,942.33,42.87,655.92,1,940.65,43.18,622.76
T,5224177,1,353560384,-1178180744,598589,5953945,3,32,1,-0.196,-6.757,7.442,0.005,-0.013,0.005,61.51,1,942.33,42.89,655.92,1,940.63,43.21,622.94
T,5225267,1,353560389,-1178180746,598593,5953945,3,31,1,-0.187,-6.762,7.437,0.006,-0.012,0.005,61.59,1,942.31,42.91,656.09,1,940.62,43.23,623.02
T,5226251,1,353560389,-1178180740,598506,5953945,3,32,1,-0.196,-6.757,7.446,0.006,-0.013,0.005,61.60,1,942.29,42.94,656.27,1,940.64,43.26,622.85
T,5227240,1,353560390,-1178180736,598490,5953945,3,32,1,-0.196,-6.767,7.442,0.006,-0.011,0.005,61.61,1,942.32,42.96,656.00,1,940.65,43.28,622.76
T,5228227,1,353560391,-1178180732,598449,5953945,3,32,1,-0.191,-6.767,7.427,0.007,-0.013,0.006,61.62,1,942.35,42.98,655.74,1,940.67,43.30,622.58
T,5229215,1,353560390,-1178180726,598420,5953945,3,32,1,-0.201,-6.753,7.442,0.006,-0.013,0.005,61.63,1,942.37,43.01,655.56,1,940.61,43.33,623.11
T,5230201,1,353560392,-1178180722,598398,5953945,3,32,1,-0.191,-6.772,7.432,0.005,-0.012,0.005,61.66,1,942.33,43.03,655.92,1,940.61,43.35,623.11
T,5231187,1,353560394,-1178180720,598405,5953945,3,32,1,-0.201,-6.762,7.442,0.009,-0.012,0.005,61.70,1,942.32,43.05,656.00,1,940.65,43.37,622.76
T,5232181,1,353560396,-1178180716,598424,5953945,3,32,1,-0.191,-6.762,7.442,0.006,-0.012,0.006,61.75,1,942.31,43.08,656.09,1,940.60,43.40,623.20
T,5233166,1,353560397,-1178180710,598352,5953945,3,32,1,-0.187,-6.767,7.432,0.009,-0.012,0.004,61.72,1,942.31,43.10,656.09,1,940.62,43.42,623.02
T,5234253,1,353560388,-1178180699,598144,5953945,3,32,1,-0.196,-6.772,7.446,0.006,-0.012,0.006,61.79,1,942.33,43.12,655.92,1,940.66,43.45,622.67
T,5235238,1,353560388,-1178180697,597992,5953945,3,32,1,-0.191,-6.772,7.437,0.006,-0.012,0.004,61.79,1,942.34,43.15,655.83,1,940.61,43.47,623.11
T,5236225,1,353560390,-1178180692,597888,5953945,3,32,1,-0.196,-6.762,7.427,0.006,-0.012,0.005,61.83,1,942.33,43.17,655.92,1,940.63,43.49,622.94
T,5237208,1,353560394,-1178180691,597823,5953945,3,31,1,-0.196,-6.757,7.437,0.005,-0.012,0.005,61.87,1,942.29,43.20,656.27,1,940.60,43.52,623.20
T,5238195,1,353560391,-1178180690,597840,5953945,3,32,1,-0.206,-6.762,7.432,0.007,-0.012,0.005,61.84,1,942.33,43.22,655.92,1,940.59,43.54,623.29
T,5239184,1,353560384,-1178180691,597859,5953945,3,32,1,-0.191,-6.762,7.432,0.005,-0.012,0.005,61.89,1,942.33,43.25,655.92,1,940.63,43.58,622.94
T,5240172,1,353560380,-1178180687,597819,5953945,3,32,1,-0.196,-6.762,7.442,0.005,-0.012,0.005,61.89,1,942.32,43.27,656.00,1,940.63,43.60,622.94
T,5241259,1,353560380,-1178180686,597753,5953945,3,32,1,-0.201,-6.762,7.427,0.005,-0.013,0.004,61.89,1,942.32,43.29,656.00,1,940.67,43.62,622.58
T,5242244,1,353560377,-1178180685,597730,5953945,3,32,1,-0.191,-6.762,7.442,0.005,-0.012,0.006,61.92,1,942.36,43.32,655.65,1,940.68,43.64,622.49
T,5243235,1,353560378,-1178180689,597727,5953945,3,32,1,-0.191,-6.767,7.432,0.005,-0.013,0.005,61.94,1,942.38,43.34,655.47,1,940.66,43.66,622.67
T,5244220,1,353560378,-1178180688,597724,5953945,3,32,1,-0.191,-6.757,7.442,0.006,-0.013,0.005,61.98,1,942.31,43.36,656.09,1,940.63,43.68,622.94
T,5245204,1,353560382,-1178180690,597702,5953945,3,32,1,-0.196,-6.772,7.446,0.005,-0.012,0.005,61.96,1,942.31,43.39,656.09,1,940.64,43.71,622.85
T,5246188,1,353560389,-1178180691,597618,5953945,3,30,1,-0.201,-6.762,7.437,0.007,-0.012,0.006,62.04,1,942.34,43.41,655.83,1,940.63,43.73,622.94
T,5247177,1,353560392,-1178180694,597591,5953945,3,32,1,-0.191,-6.772,7.437,0.006,-0.012,0.005,62.04,1,942.32,43.43,656.00,1,940.63,43.75,622.94
T,5248262,1,353560392,-1178180697,597529,5953945,3,32,1,-0.191,-6.772,7.437,0.005,-0.013,0.005,62.09,1,942.33,43.46,655.92,1,940.58,43.78,623.38
T,5249247,1,353560391,-1178180697,597529,5953945,3,31,1,-0.201,-6.767,7.451,0.005,-0.015,0.006,62.07,1,942.33,43.48,655.92,1,940.64,43.80,622.85
T,5250235,1,353560390,-1178180700,597597,5953945,3,31,1,-0.201,-6.767,7.437,0.005,-0.013,0.004,62.12,1,942.33,43.50,655.92,1,940.63,43.82,622.94
T,5251226,1,353560386,-1178180701,597651,5953945,3,32,1,-0.191,-6.762,7.446,0.006,-0.012,0.005,62.10,1,942.32,43.52,656.00,1,940.63,43.84,622.94
T,5252211,1,353560381,-1178180705,597748,5953945,3,31,1,-0.187,-6.767,7.437,0.005,-0.012,0.006,62.13,1,942.31,43.54,656.09,1,940.60,43.87,623.20
T,5253196,1,353560381,-1178180709,597792,5953945,3,32,1,-0.196,-6.762,7.437,0.006,-0.012,0.004,62.14,1,942.31,43.57,656.09,1,940.64,43.89,622.85
T,5254182,1,353560382,-1178180714,597868,5953945,3,32,1,-0.201,-6.776,7.437,0.006,-0.013,0.005,62.18,1,942.33,43.59,655.92,1,940.66,43.91,622.67
T,5255171,1,353560390,-1178180723,597818,5953945,3,31,1,-0.201,-6.767,7.427,0.007,-0.013,0.005,62.16,1,942.30,43.62,656.18,1,940.62,43.94,623.02
T,5256256,1,353560395,-1178180726,597839,5953945,3,32,1,-0.196,-6.781,7.442,0.006,-0.012,0.005,62.19,1,942.32,43.65,656.00,1,940.59,43.97,623.29
T,5257244,1,353560399,-1178180729,597837,5953945,3,31,1,-0.196,-6.772,7.442,0.007,-0.012,0.006,62.21,1,942.33,43.67,655.92,1,940.61,44.00,623.11
T,5258229,1,353560402,-1178180732,597772,5953945,3,32,1,-0.196,-6.772,7.442,0.005,-0.013,0.004,62.25,1,942.28,43.69,656.36,1,940.61,44.02,623.11
T,5259215,1,353560395,-1178180726,597676,5953945,3,32,1,-0.201,-6.776,7.451,0.006,-0.013,0.005,62.29,1,942.36,43.71,655.65,1,940.62,44.04,623.02
T,5260200,1,353560392,-1178180726,597713,5953945,3,32,1,-0.191,-6.772,7.432,0.006,-0.012,0.005,62.29,1,942.35,43.73,655.74,1,940.63,44.06,622.94
T,5261188,1,353560390,-1178180725,597735,5953945,3,32,1,-0.196,-6.767,7.437,0.006,-0.013,0.004,62.34,1,942.30,43.75,656.18,1,940.60,44.08,623.20
T,5262174,1,353560385,-1178180734,597942,5953945,3,31,1,-0.191,-6.772,7.437,0.004,-0.012,0.005,62.37,1,942.31,43.77,656.09,1,940.62,44.10,623.02
T,5263261,1,353560379,-1178180737,598073,5953945,3,32,1,-0.196,-6.776,7.442,0.005,-0.012,0.005,62.37,1,942.31,43.80,656.09,1,940.65,44.12,622.76
T,5264250,1,353560374,-1178180748,598398,5953945,3,32,1,-0.201,-6.767,7.442,0.006,-0.013,0.004,62.37,1,942.32,43.82,656.00,1,940.59,44.14,623.29
T,5265236,1,353560371,-1178180760,598696,5953945,3,32,1,-0.201,-6.767,7.432,0.005,-0.013,0.005,62.41,1,942.31,43.84,656.09,1,940.60,44.17,623.20
T,5266225,1,353560367,-1178180767,598908,5953945,3,32,1,-0.201,-6.767,7.442,0.006,-0.013,0.005,62.41,1,942.34,43.86,655.83,1,940.64,44.19,622.85
T,5267219,1,353560364,-1178180777,599210,5953945,3,32,1,-0.196,-6.772,7.442,0.006,-0.013,0.005,62.47,1,942.32,43.89,656.00,1,940.63,44.22,622.94
T,5268205,1,353560360,-1178180786,599468,5953945,3,32,1,-0.196,-6.776,7.437,0.005,-0.013,0.005,62.48,1,942.30,43.91,656.18,1,940.62,44.24,623.02
T,5269190,1,353560359,-1178180794,599681,5953945,3,32,1,-0.191,-6.781,7.432,0.006,-0.013,0.005,62.48,1,942.27,43.93,656.45,1,940.62,44.26,623.02
T,5270174,1,353560359,-1178180804,599858,5953945,3,31,1,-0.201,-6.776,7.432,0.006,-0.013,0.004,62.53,1,942.33,43.95,655.92,1,940.60,44.28,623.20
T,5271261,1,353560358,-1178180805,599975,5953945,3,32,1,-0.201,-6.772,7.437,0.007,-0.012,0.006,62.56,1,942.33,43.97,655.92,1,940.60,44.30,623.20
T,5272246,1,353560351,-1178180805,600113,5953945,3,32,1,-0.196,-6.772,7.437,0.006,-0.013,0.005,62.55,1,942.33,44.00,655.92,1,940.62,44.32,623.02
T,5273231,1,353560346,-1178180808,600262,5953945,3,32,1,-0.196,-6.772,7.442,0.005,-0.013,0.005,62.59,1,942.31,44.02,656.09,1,940.60,44.35,623.20
T,5274215,1,353560340,-1178180808,600331,5953945,3,32,1,-0.187,-6.767,7.437,0.006,-0.012,0.005,62.62,1,942.30,44.04,656.18,1,940.60,44.37,623.20
T,5275201,1,353560342,-1178180810,600336,5953945,3,32,1,-0.201,-6.772,7.446,0.006,-0.015,0.005,62.61,1,942.30,44.06,656.18,1,940.64,44.39,622.85
T,5276185,1,353560342,-1178180811,600396,5953945,3,32,1,-0.191,-6.776,7.437,0.007,-0.011,0.005,62.62,1,942.30,44.08,656.18,1,940.61,44.41,623.11
T,5277168,1,353560342,-1178180814,600493,5953945,3,32,1,-0.201,-6.767,7.432,0.005,-0.013,0.004,62.66,1,942.31,44.11,656.09,1,940.63,44.43,622.94
T,5278256,1,353560344,-1178180817,600505,5953945,3,32,1,-0.201,-6.767,7.437,0.005,-0.013,0.006,62.68,1,942.32,44.13,656.00,1,940.57,44.46,623.47
T,5279242,1,353560345,-1178180817,600460,5953945,3,32,1,-0.201,-6.772,7.432,0.006,-0.013,0.005,62.71,1,942.32,44.15,656.00,1,940.60,44.48,623.20
T,5280228,1,353560345,-1178180815,600374,5953945,3,32,1,-0.196,-6.767,7.437,0.006,-0.013,0.005,62.66,1,942.30,44.17,656.18,1,940.60,44.50,623.20
T,5281213,1,353560349,-1178180815,600293,5953945,3,32,1,-0.206,-6.772,7.427,0.005,-0.013,0.004,62.75,1,942.33,44.19,655.92,1,940.61,44.52,623.11
T,5282203,1,353560352,-1178180816,600193,5953945,3,32,1,-0.196,-6.776,7.442,0.005,-0.012,0.005,62.73,1,942.33,44.22,655.92,1,940.61,44.54,623.11
T,5283189,1,353560356,-1178180822,600293,5953945,3,32,1,-0.201,-6.772,7.437,0.006,-0.013,0.005,62.79,1,942.29,44.24,656.27,1,940.60,44.57,623.20
T,5284275,1,353560361,-1178180822,600223,5953945,3,31,1,-0.191,-6.767,7.437,0.007,-0.013,0.005,62.81,1,942.29,44.27,656.27,1,940.63,44.59,622.94
T,5285263,1,353560361,-1178180818,600130,5953945,3,31,1,-0.196,-6.776,7.442,0.005,-0.013,0.006,62.83,1,942.27,44.29,656.45,1,940.60,44.61,623.20
T,5286248,1,353560361,-1178180814,600063,5953945,3,32,1,-0.201,-6.767,7.427,0.005,-0.013,0.006,62.92,1,942.30,44.31,656.18,1,940.60,44.64,623.20
T,5287234,1,353560360,-1178180811,599926,5953945,3,31,1,-0.196,-6.767,7.442,0.006,-0.013,0.005,62.88,1,942.31,44.33,656.09,1,940.57,44.66,623.47
T,5288220,1,353560358,-1178180809,599804,5953945,3,31,1,-0.191,-6.767,7.437,0.006,-0.012,0.005,62.91,1,942.28,44.36,656.36,1,940.59,44.68,623.29
T,5289208,1,353560349,-1178180804,599783,5953945,3,32,1,-0.191,-6.767,7.432,0.006,-0.013,0.005,62.92,1,942.27,44.38,656.45,1,940.57,44.70,623.47
T,5290192,1,353560343,-1178180805,599800,5953945,3,31,1,-0.191,-6.762,7.437,0.006,-0.013,0.006,62.98,1,942.27,44.40,656.45,1,940.61,44.73,623.11
T,5291278,1,353560339,-1178180806,599786,5953945,3,31,1,-0.196,-6.772,7.437,0.006,-0.013,0.005,63.00,1,942.33,44.42,655.92,1,940.61,44.75,623.11
T,5292265,1,353560335,-1178180805,599760,5953945,3,31,1,-0.191,-6.772,7.442,0.006,-0.012,0.005,63.05,1,942.26,44.44,656.53,1,940.58,44.77,623.38
T,5293256,1,353560331,-1178180806,599753,5953945,3,32,1,-0.201,-6.767,7.446,0.006,-0.013,0.005,63.06,1,942.28,44.47,656.36,1,940.60,44.79,623.20
T,5294242,1,353560327,-1178180802,599624,5953945,3,32,1,-0.196,-6.772,7.437,0.006,-0.012,0.006,63.07,1,942.25,44.49,656.62,1,940.60,44.81,623.20
T,5295228,1,353560327,-1178180801,599591,5953945,3,31,1,-0.191,-6.767,7.442,0.005,-0.013,0.004,63.07,1,942.33,44.51,655.92,1,940.58,44.84,623.38
T,5296215,1,353560323,-1178180799,599536,5953945,3,32,1,-0.191,-6.767,7.442,0.007,-0.012,0.005,63.10,1,942.29,44.54,656.27,1,940.62,44.86,623.02
T,5297200,1,353560324,-1178180795,599530,5953945,3,32,1,-0.206,-6.776,7.432,0.006,-0.012,0.005,63.12,1,942.28,44.56,656.36,1,940.59,44.88,623.29
T,5298183,1,353560325,-1178180790,599499,5953945,3,32,1,-0.191,-6.772,7.442,0.006,-0.013,0.004,63.12,1,942.26,44.58,656.53,1,940.60,44.91,623.20
T,5299272,1,353560328,-1178180786,599357,5953945,3,32,1,-0.191,-6.767,7.446,0.006,-0.012,0.004,63.17,1,942.30,44.61,656.18,1,940.60,44.93,623.20
T,5300260,1,353560329,-1178180783,599255,5953945,3,31,1,-0.191,-6.762,7.437,0.006,-0.013,0.004,63.17,1,942.30,44.63,656.18,1,940.58,44.95,623.38
T,5301245,1,353560326,-1178180778,599222,5953945,3,32,1,-0.191,-6.776,7.427,0.006,-0.011,0.005,63.17,1,942.27,44.65,656.45,1,940.57,44.97,623.47
T,5302230,1,353560326,-1178180775,599182,5953945,3,31,1,-0.191,-6.772,7.442,0.006,-0.015,0.005,63.18,1,942.28,44.67,656.36,1,940.60,45.00,623.20
T,5303216,1,353560324,-1178180771,599112,5953945,3,31,1,-0.187,-6.776,7.437,0.006,-0.012,0.005,63.19,1,942.27,44.70,656.45,1,940.60,45.02,623.20
T,5304202,1,353560319,-1178180766,599059,5953945,3,32,1,-0.191,-6.776,7.423,0.007,-0.012,0.006,63.26,1,942.28,44.72,656.36,1,940.60,45.04,623.20
T,5305191,1,353560319,-1178180765,598979,5953945,3,32,1,-0.191,-6.767,7.437,0.006,-0.012,0.005,63.30,1,942.30,44.74,656.18,1,940.61,45.06,623.11
T,5306179,1,353560321,-1178180762,598931,5953945,3,32,1,-0.196,-6.772,7.437,0.006,-0.012,0.004,63.31,1,942.30,44.77,656.18,1,940.63,45.09,622.94
T,5307265,1,353560319,-1178180761,598935,5953945,3,32,1,-0.206,-6.781,7.442,0.006,-0.013,0.005,63.31,1,942.31,44.79,656.09,1,940.61,45.11,623.11
T,5308252,1,353560312,-1178180752,598769,5953945,3,30,1,-0.196,-6.776,7.427,0.007,-0.012,0.005,63.33,1,942.33,44.81,655.92,1,940.62,45.13,623.02
T,5309241,1,353560313,-1178180752,598796,5953945,3,32,1,-0.196,-6.762,7.437,0.006,-0.013,0.004,63.37,1,942.32,44.83,656.00,1,940.64,45.15,622.85
T,5310242,1,353560312,-1178180753,598922,5953945,3,31,1,-0.196,-6.776,7.432,0.006,-0.012,0.005,63.41,1,942.30,44.85,656.18,1,940.59,45.18,623.29
T,5311230,1,353560314,-1178180758,598908,5953945,3,31,1,-0.191,-6.776,7.437,0.006,-0.012,0.006,63.39,1,942.31,44.88,656.09,1,940.58,45.20,623.38
T,5312215,1,353560317,-1178180760,598995,5953945,3,30,1,-0.191,-6.762,7.427,0.006,-0.012,0.005,63.41,1,942.29,44.90,656.27,1,940.61,45.22,623.11
T,5313201,1,353560317,-1178180761,598929,5953945,3,30,1,-0.191,-6.767,7.427,0.006,-0.013,0.004,63.42,1,942.30,44.92,656.18,1,940.59,45.24,623.29
T,5314192,1,353560317,-1178180763,598984,5953945,3,32,1,-0.201,-6.772,7.442,0.007,-0.012,0.005,63.46,1,942.28,44.94,656.36,1,940.60,45.27,623.20
T,5315277,1,353560314,-1178180758,598996,5953945,3,32,1,-0.196,-6.772,7.451,0.007,-0.015,0.005,63.47,1,942.28,44.97,656.36,1,940.60,45.29,623.20
T,5316261,1,353560314,-1178180759,598954,5953945,3,31,1,-0.196,-6.772,7.432,0.007,-0.012,0.005,63.48,1,942.30,44.99,656.18,1,940.59,45.31,623.29
T,5317250,1,353560313,-1178180763,598945,5953945,3,31,1,-0.191,-6.776,7.427,0.007,-0.012,0.006,63.55,1,942.26,45.01,656.53,1,940.58,45.34,623.38
T,5318234,1,353560309,-1178180765,598877,5953945,3,31,1,-0.196,-6.767,7.442,0.005,-0.012,0.006,63.54,1,942.28,45.04,656.36,1,940.59,45.36,623.29
T,5319217,1,353560309,-1178180769,598804,5953945,3,32,1,-0.196,-6.776,7.432,0.007,-0.013,0.005,63.59,1,942.29,45.05,656.27,1,940.55,45.38,623.65
T,5320204,1,353560312,-1178180773,598700,5953945,3,32,1,-0.187,-6.772,7.437,0.006,-0.013,0.006,63.60,1,942.21,45.08,656.98,1,940.59,45.40,623.29
T,5321189,1,353560314,-1178180774,598581,5953945,3,32,1,-0.191,-6.781,7.432,0.006,-0.012,0.005,63.60,1,942.28,45.10,656.36,1,940.58,45.42,623.38
T,5322275,1,353560314,-1178180773,598528,5953945,3,31,1,-0.201,-6.762,7.427,0.005,-0.013,0.005,63.62,1,942.24,45.12,656.71,1,940.62,45.45,623.02
T,5323260,1,353560320,-1178180777,598360,5953945,3,30,1,-0.196,-6.776,7.432,0.006,-0.013,0.005,63.68,1,942.20,45.15,657.06,1,940.59,45.47,623.29
T,5324248,1,353560326,-1178180784,598246,5953945,3,30,1,-0.201,-6.776,7.451,0.006,-0.012,0.005,63.67,1,942.25,45.17,656.62,1,940.55,45.49,623.65
T,5325240,1,353560326,-1178180788,598218,5953945,3,30,1,-0.196,-6.776,7.446,0.005,-0.013,0.005,63.71,1,942.25,45.19,656.62,1,940.57,45.51,623.47
T,5326231,1,353560329,-1178180794,598140,5953945,3,31,1,-0.196,-6.767,7.442,0.006,-0.012,0.005,63.70,1,942.25,45.21,656.62,1,940.58,45.54,623.38
T,5327217,1,353560333,-1178180798,598086,5953945,3,31,1,-0.191,-6.767,7.442,0.006,-0.013,0.005,63.74,1,942.26,45.24,656.53,1,940.56,45.56,623.56
T,5328201,1,353560335,-1178180797,598014,5953945,3,31,1,-0.191,-6.772,7.423,0.004,-0.013,0.006,63.83,1,942.25,45.26,656.62,1,940.57,45.58,623.47
T,5329186,1,353560340,-1178180795,597924,5953945,3,31,1,-0.191,-6.776,7.442,0.006,-0.012,0.006,63.71,1,942.26,45.28,656.53,1,940.53,45.60,623.82
T,5330177,1,353560348,-1178180795,597796,5953945,3,30,1,-0.201,-6.776,7.432,0.006,-0.013,0.006,63.83,1,942.25,45.31,656.62,1,940.58,45.62,623.38
T,5331264,1,353560351,-1178180797,597761,5953945,3,31,1,-0.196,-6.772,7.437,0.007,-0.012,0.005,63.83,1,942.23,45.33,656.80,1,940.56,45.65,623.56
T,5332250,1,353560348,-1178180797,597768,5953945,3,30,1,-0.196,-6.776,7.446,0.005,-0.015,0.005,63.85,1,942.24,45.35,656.71,1,940.55,45.67,623.65
T,5333235,1,353560347,-1178180798,597777,5953945,3,32,1,-0.196,-6.772,7.437,0.005,-0.012,0.005,63.88,1,942.23,45.37,656.80,1,940.56,45.69,623.56
T,5334223,1,353560345,-1178180795,597813,5953945,3,32,1,-0.187,-6.772,7.437,0.005,-0.012,0.004,63.94,1,942.26,45.39,656.53,1,940.57,45.72,623.47
T,5335210,1,353560341,-1178180792,597897,5953945,3,31,1,-0.191,-6.767,7.432,0.007,-0.012,0.005,63.93,1,942.25,45.42,656.62,1,940.59,45.74,623.29
T,5336196,1,353560338,-1178180790,597966,5953945,3,31,1,-0.196,-6.767,7.461,0.006,-0.013,0.005,63.95,1,942.22,45.44,656.89,1,940.55,45.76,623.65
T,5337181,1,353560335,-1178180787,597974,5953945,3,30,1,-0.196,-6.772,7.432,0.007,-0.013,0.005,63.96,1,942.25,45.48,656.62,1,940.55,45.80,623.65
T,5338170,1,353560336,-1178180786,597964,5953945,3,30,1,-0.196,-6.772,7.423,0.007,-0.013,0.006,63.98,1,942.26,45.50,656.53,1,940.59,45.83,623.29
T,5339255,1,353560338,-1178180785,597865,5953945,3,31,1,-0.196,-6.767,7.442,0.006,-0.013,0.005,64.00,1,942.26,45.52,656.53,1,940.52,45.84,623.91
T,5340241,1,353560335,-1178180782,597868,5953945,3,31,1,-0.196,-6.776,7.432,0.007,-0.012,0.005,64.07,1,942.24,45.54,656.71,1,940.55,45.86,623.65
T,5341233,1,353560335,-1178180778,597796,5953945,3,31,1,-0.187,-6.781,7.437,0.005,-0.012,0.004,64.10,1,942.27,45.57,656.45,1,940.52,45.88,623.91
T,5342229,1,353560331,-1178180772,597717,5953945,3,30,1,-0.191,-6.767,7.432,0.009,-0.013,0.005,64.11,1,942.24,45.59,656.71,1,940.56,45.91,623.56
T,5343214,1,353560332,-1178180768,597640,5953945,3,31,1,-0.196,-6.762,7.442,0.005,-0.012,0.005,64.16,1,942.23,45.61,656.80,1,940.56,45.93,623.56
T,5344197,1,353560336,-1178180768,597599,5953945,3,31,1,-0.206,-6.772,7.432,0.007,-0.012,0.005,64.14,1,942.26,45.63,656.53,1,940.55,45.95,623.65
T,5345185,1,353560339,-1178180768,597590,5953945,3,31,1,-0.206,-6.781,7.437,0.006,-0.013,0.005,64.16,1,942.20,45.64,657.06,1,940.55,45.97,623.65
T,5346173,1,353560344,-1178180769,597558,5953945,3,31,1,-0.191,-6.767,7.442,0.006,-0.012,0.007,64.16,1,942.25,45.67,656.62,1,940.55,45.99,623.65
T,5347259,1,353560342,-1178180769,597556,5953945,3,31,1,-0.201,-6.772,7.432,0.006,-0.012,0.005,64.18,1,942.25,45.69,656.62,1,940.54,46.01,623.73
T,5348247,1,353560332,-1178180765,597568,5953945,3,30,1,-0.191,-6.767,7.442,0.007,-0.013,0.005,64.18,1,942.23,45.71,656.80,1,940.57,46.03,623.47
T,5349234,1,353560324,-1178180764,597603,5953945,3,31,1,-0.191,-6.772,7.442,0.007,-0.012,0.007,64.23,1,942.24,45.73,656.71,1,940.55,46.05,623.65
T,5350217,1,353560323,-1178180766,597574,5953945,3,31,1,-0.191,-6.767,7.437,0.006,-0.012,0.006,64.25,1,942.26,45.75,656.53,1,940.52,46.08,623.91
T,5351212,1,353560316,-1178180762,597619,5953945,3,31,1,-0.182,-6.767,7.437,0.007,-0.013,0.005,64.28,1,942.23,45.77,656.80,1,940.56,46.10,623.56
T,5352200,1,353560313,-1178180763,597598,5953945,3,31,1,-0.196,-6.772,7.437,0.006,-0.013,0.005,64.31,1,942.20,45.80,657.06,1,940.57,46.12,623.47
T,5353185,1,353560316,-1178180769,597553,5953945,3,31,1,-0.196,-6.772,7.432,0.006,-0.012,0.005,64.30,1,942.23,45.82,656.80,1,940.50,46.14,624.09
T,5354170,1,353560311,-1178180774,597591,5953945,3,31,1,-0.196,-6.772,7.432,0.007,-0.013,0.005,64.32,1,942.21,45.84,656.98,1,940.54,46.16,623.73
T,5355261,1,353560306,-1178180779,597613,5953945,3,31,1,-0.177,-6.767,7.437,0.007,-0.012,0.005,64.36,1,942.25,45.86,656.62,1,940.51,46.18,624.00
T,5356246,1,353560302,-1178180781,597646,5953945,3,31,1,-0.196,-6.772,7.437,0.007,-0.013,0.006,64.39,1,942.25,45.88,656.62,1,940.55,46.20,623.65
T,5357232,1,353560298,-1178180782,597633,5953945,3,31,1,-0.201,-6.767,7.427,0.007,-0.013,0.005,64.43,1,942.20,45.90,657.06,1,940.54,46.23,623.73
T,5358221,1,353560292,-1178180781,597622,5953945,3,31,1,-0.196,-6.776,7.442,0.006,-0.013,0.005,64.42,1,942.26,45.92,656.53,1,940.53,46.25,623.82
T,5359208,1,353560286,-1178180779,597636,5953945,3,31,1,-0.191,-6.772,7.432,0.006,-0.012,0.005,64.43,1,942.22,45.94,656.89,1,940.56,46.27,623.56
T,5360192,1,353560279,-1178180774,597642,5953945,3,31,1,-0.191,-6.781,7.432,0.005,-0.013,0.005,64.43,1,942.22,45.96,656.89,1,940.54,46.29,623.73
T,5361180,1,353560274,-1178180771,597684,5953945,3,31,1,-0.191,-6.776,7.451,0.006,-0.013,0.005,64.47,1,942.26,45.99,656.53,1,940.63,46.32,622.94
T,5362168,1,353560271,-1178180768,597669,5953945,3,31,1,-0.191,-6.767,7.442,0.006,-0.012,0.006,64.46,1,942.25,46.01,656.62,1,940.57,46.33,623.47
T,5363260,1,353560268,-1178180763,597636,5953945,3,31,1,-0.196,-6.776,7.432,0.007,-0.013,0.005,64.54,1,942.27,46.03,656.45,1,940.58,46.35,623.38
T,5364254,1,353560266,-1178180759,597628,5953945,3,31,1,-0.201,-6.767,7.442,0.006,-0.012,0.005,64.49,1,942.23,46.05,656.80,1,940.52,46.37,623.91
T,5365238,1,353560255,-1178180742,597781,5953945,3,31,1,-0.201,-6.776,7.437,0.007,-0.013,0.006,64.54,1,942.27,46.07,656.45,1,940.56,46.39,623.56
T,5366224,1,353560256,-1178180741,597761,5953945,3,32,1,-0.196,-6.767,7.442,0.006,-0.013,0.006,64.53,1,942.21,46.09,656.98,1,940.55,46.41,623.65
T,5367209,1,353560259,-1178180740,597700,5953945,3,31,1,-0.191,-6.776,7.442,0.006,-0.013,0.005,64.63,1,942.23,46.11,656.80,1,940.50,46.43,624.09
T,5368193,1,353560264,-1178180742,597678,5953945,3,31,1,-0.196,-6.776,7.437,0.005,-0.012,0.005,64.58,1,942.24,46.13,656.71,1,940.58,46.46,623.38
T,5369180,1,353560265,-1178180740,597678,5953945,3,30,1,-0.191,-6.772,7.446,0.007,-0.013,0.005,64.63,1,942.23,46.15,656.80,1,940.57,46.48,623.47
T,5370269,1,353560264,-1178180736,597661,5953945,3,31,1,-0.196,-6.772,7.442,0.006,-0.013,0.005,64.62,1,942.24,46.18,656.71,1,940.55,46.50,623.65
T,5371262,1,353560265,-1178180734,597613,5953945,3,30,1,-0.191,-6.772,7.446,0.006,-0.013,0.005,64.70,1,942.27,46.19,656.45,1,940.55,46.52,623.65
T,5372249,1,353560264,-1178180731,597614,5953945,3,31,1,-0.196,-6.757,7.451,0.006,-0.013,0.005,64.71,1,942.25,46.22,656.62,1,940.55,46.54,623.65
T,5373237,1,353560262,-1178180732,597710,5953945,3,31,1,-0.201,-6.772,7.437,0.009,-0.013,0.005,64.73,1,942.26,46.25,656.53,1,940.60,46.58,623.20
T,5374222,1,353560263,-1178180731,597622,5953945,3,31,1,-0.201,-6.762,7.456,0.006,-0.013,0.005,64.70,1,942.22,46.27,656.89,1,940.53,46.60,623.82
T,5375211,1,353560262,-1178180727,597577,5953945,3,31,1,-0.196,-6.776,7.442,0.001,-0.013,0.005,64.73,1,942.28,46.31,656.36,1,940.56,46.63,623.56
T,5376198,1,353560264,-1178180726,597537,5953945,3,30,1,-0.191,-6.757,7.437,0.005,-0.013,0.006,64.73,1,942.28,46.32,656.36,1,940.58,46.65,623.38
T,5377182,1,353560267,-1178180733,597677,5953945,3,31,1,-0.191,-6.762,7.442,0.007,-0.013,0.006,64.80,1,942.23,46.34,656.80,1,940.57,46.66,623.47
T,5378170,1,353560269,-1178180739,597787,5953945,3,32,1,-0.187,-6.776,7.437,0.005,-0.012,0.005,64.84,1,942.25,46.35,656.62,1,940.57,46.68,623.47
T,5379256,1,353560271,-1178180746,597904,5953945,3,32,1,-0.187,-6.772,7.442,0.006,-0.013,0.005,64.84,1,942.28,46.37,656.36,1,940.58,46.70,623.38
T,5380244,1,353560274,-1178180751,598018,5953945,3,32,1,-0.191,-6.762,7.442,0.006,-0.012,0.006,64.87,1,942.26,46.39,656.53,1,940.59,46.72,623.29
T,5381231,1,353560275,-1178180752,598102,5953945,3,32,1,-0.191,-6.767,7.446,0.006,-0.013,0.005,64.88,1,942.29,46.41,656.27,1,940.56,46.74,623.56
T,5382215,1,353560274,-1178180754,598194,5953945,3,32,1,-0.191,-6.772,7.437,0.006,-0.012,0.005,64.92,1,942.25,46.43,656.62,1,940.54,46.76,623.73
T,5383204,1,353560273,-1178180756,598270,5953945,3,32,1,-0.196,-6.776,7.442,0.006,-0.013,0.006,64.94,1,942.28,46.45,656.36,1,940.58,46.78,623.38
T,5384190,1,353560273,-1178180757,598344,5953945,3,32,1,-0.191,-6.767,7.437,0.006,-0.012,0.006,64.92,1,942.27,46.47,656.45,1,940.60,46.80,623.20
T,5385281,1,353560277,-1178180760,598420,5953945,3,30,1,-0.191,-6.767,7.437,0.006,-0.012,0.005,64.97,1,942.28,46.49,656.36,1,940.55,46.82,623.65
T,5386167,1,353560277,-1178180760,598483,5953945,3,32,1,-0.191,-6.767,7.437,0.006,-0.012,0.005,65.01,1,942.24,46.51,656.71,1,940.57,46.84,623.47
T,5387257,1,353560277,-1178180762,598531,5953945,3,32,1,-0.196,-6.762,7.375,0.006,-0.013,0.006,65.51,1,942.26,46.53,656.53,1,940.54,46.86,623.73
T,5388245,1,353560275,-1178180762,598586,5953945,3,31,1,-0.196,-6.772,7.394,0.007,-0.013,0.005,65.68,1,942.25,46.55,656.62,1,940.58,46.88,623.38
T,5389238,1,353560273,-1178180762,598606,5953945,3,32,1,-0.187,-6.772,7.432,0.005,-0.013,0.006,65.92,1,942.25,46.57,656.62,1,940.54,46.90,623.73
T,5390293,1,353560269,-1178180762,598683,5953945,3,32,1,-0.201,-6.767,7.432,0.007,-0.013,0.005,65.97,1,942.22,46.60,656.89,1,940.55,46.94,623.65
T,5391280,1,353560265,-1178180755,598841,5953945,3,32,1,-0.201,-6.762,7.432,0.005,-0.012,0.005,66.02,1,942.30,46.62,656.18,1,940.59,46.96,623.29
T,5392263,1,353560265,-1178180753,598846,5953945,3,32,1,-0.196,-6.772,7.432,0.007,-0.012,0.007,66.12,1,942.27,46.64,656.45,1,940.59,46.98,623.29
T,5393248,1,353560265,-1178180751,598823,5953945,3,32,1,-0.196,-6.767,7.427,0.006,-0.013,0.006,66.14,1,942.26,46.66,656.53,1,940.55,47.01,623.65
T,5394237,1,353560264,-1178180747,598795,5953945,3,32,1,-0.206,-6.762,7.451,0.006,-0.012,0.006,66.18,1,942.25,46.68,656.62,1,940.55,47.03,623.65
T,5395221,1,353560260,-1178180744,598787,5953945,3,32,1,-0.201,-6.776,7.437,0.007,-0.013,0.005,66.24,1,942.25,46.70,656.62,1,940.61,47.06,623.11
T,5396206,1,353560261,-1178180742,598724,5953945,3,32,1,-0.201,-6.776,7.432,0.006,-0.013,0.006,66.24,1,942.26,46.73,656.53,1,940.56,47.08,623.56
T,5397191,1,353560261,-1178180738,598653,5953945,3,32,1,-0.201,-6.772,7.437,0.006,-0.013,0.005,66.27,1,942.31,46.75,656.09,1,940.56,47.10,623.56
T,5398174,1,353560261,-1178180734,598577,5953945,3,32,1,-0.196,-6.767,7.437,0.006,-0.013,0.006,66.27,1,942.27,46.77,656.45,1,940.57,47.13,623.47
T,5399260,1,353560262,-1178180732,598462,5953945,3,32,1,-0.201,-6.767,7.432,0.007,-0.013,0.005,66.32,1,942.26,46.79,656.53,1,940.61,47.15,623.11
T,5400246,1,353560260,-1178180726,598451,5953945,3,32,1,-0.206,-6.767,7.432,0.007,-0.012,0.006,66.32,1,942.29,46.82,656.27,1,940.56,47.18,623.56
T,5401235,1,353560260,-1178180723,598363,5953945,3,32,1,-0.201,-6.776,7.446,0.006,-0.013,0.006,66.36,1,942.26,46.84,656.53,1,940.57,47.20,623.47
T,5402221,1,353560263,-1178180722,598272,5953945,3,31,1,-0.201,-6.772,7.437,0.006,-0.013,0.006,66.43,1,942.27,46.86,656.45,1,940.58,47.22,623.38
T,5403206,1,353560270,-1178180720,598168,5953945,3,32,1,-0.201,-6.772,7.442,0.007,-0.013,0.006,66.40,1,942.23,46.88,656.80,1,940.54,47.24,623.73
T,5404203,1,353560263,-1178180709,598240,5953945,3,32,1,-0.201,-6.757,7.446,0.006,-0.011,0.006,66.44,1,942.23,46.90,656.80,1,940.60,47.26,623.20
T,5405191,1,353560266,-1178180708,598233,5953945,3,32,1,-0.201,-6.781,7.442,0.007,-0.013,0.005,66.47,1,942.26,46.93,656.53,1,940.55,47.29,623.65
T,5406176,1,353560269,-1178180708,598215,5953945,3,32,1,-0.201,-6.767,7.456,0.006,-0.012,0.006,66.48,1,942.27,46.95,656.45,1,940.57,47.31,623.47
T,5407267,1,353560264,-1178180696,598395,5953945,3,32,1,-0.201,-6.772,7.442,0.006,-0.012,0.006,66.52,1,942.25,46.97,656.62,1,940.59,47.33,623.29
T,5408256,1,353560265,-1178180694,598354,5953945,3,32,1,-0.206,-6.776,7.432,0.006,-0.012,0.005,66.53,1,942.28,47.00,656.36,1,940.59,47.36,623.29
T,5409242,1,353560263,-1178180695,598325,5953945,3,32,1,-0.206,-6.776,7.432,0.006,-0.013,0.005,66.56,1,942.27,47.02,656.45,1,940.59,47.38,623.29
T,5410232,1,353560262,-1178180694,598263,5953945,3,31,1,-0.206,-6.781,7.437,0.005,-0.013,0.005,66.58,1,942.25,47.04,656.62,1,940.56,47.40,623.56
T,5411220,1,353560259,-1178180694,598208,5953945,3,32,1,-0.191,-6.772,7.446,0.006,-0.013,0.006,66.61,1,942.28,47.06,656.36,1,940.58,47.42,623.38
T,5412207,1,353560255,-1178180694,598189,5953945,3,31,1,-0.196,-6.767,7.446,0.006,-0.013,0.005,66.68,1,942.28,47.08,656.36,1,940.58,47.44,623.38
T,5413192,1,353560258,-1178180695,598096,5953945,3,32,1,-0.201,-6.767,7.437,0.005,-0.013,0.006,66.68,1,942.26,47.10,656.53,1,940.59,47.47,623.29
T,5414180,1,353560263,-1178180695,598019,5953945,3,32,1,-0.196,-6.767,7.442,0.007,-0.013,0.005,66.70,1,942.27,47.13,656.45,1,940.56,47.49,623.56
T,5415270,1,353560268,-1178180694,597945,5953945,3,31,1,-0.196,-6.772,7.432,0.006,-0.012,0.005,66.74,1,942.25,47.15,656.62,1,940.54,47.51,623.73
T,5416256,1,353560272,-1178180694,597868,5953945,3,32,1,-0.201,-6.776,7.442,0.006,-0.013,0.006,66.75,1,942.25,47.17,656.62,1,940.55,47.53,623.65
T,5417245,1,353560274,-1178180689,597827,5953945,3,32,1,-0.201,-6.767,7.442,0.006,-0.013,0.006,66.77,1,942.25,47.19,656.62,1,940.56,47.56,623.56
T,5418236,1,353560275,-1178180685,597777,5953945,3,32,1,-0.201,-6.772,7.442,0.006,-0.015,0.005,66.82,1,942.27,47.22,656.45,1,940.56,47.58,623.56
T,5419220,1,353560275,-1178180686,597764,5953945,3,32,1,-0.206,-6.767,7.442,0.006,-0.012,0.005,66.85,1,942.27,47.24,656.45,1,940.54,47.60,623.73
T,5420204,1,353560273,-1178180681,597879,5953945,3,31,1,-0.215,-6.772,7.446,0.007,-0.013,0.006,66.81,1,942.28,47.26,656.36,1,940.58,47.62,623.38
T,5421193,1,353560271,-1178180677,597911,5953945,3,31,1,-0.196,-6.772,7.442,0.006,-0.012,0.006,66.85,1,942.26,47.28,656.53,1,940.58,47.64,623.38
T,5422186,1,353560272,-1178180677,597820,5953945,3,32,1,-0.206,-6.767,7.437,0.007,-0.012,0.005,66.86,1,942.25,47.30,656.62,1,940.55,47.66,623.65
T,5423171,1,353560273,-1178180671,597780,5953945,3,32,1,-0.201,-6.762,7.432,0.007,-0.013,0.006,66.92,1,942.25,47.32,656.62,1,940.55,47.69,623.65
T,5424157,1,353560267,-1178180661,597837,5953945,3,31,1,-0.201,-6.772,7.446,0.007,-0.013,0.006,66.94,1,942.24,47.35,656.71,1,940.55,47.71,623.65
T,5425246,1,353560259,-1178180653,597881,5953945,3,32,1,-0.201,-6.767,7.442,0.006,-0.013,0.006,67.00,1,942.29,47.37,656.27,1,940.55,47.73,623.65
T,5426232,1,353560260,-1178180652,597804,5953945,3,32,1,-0.206,-6.776,7.437,0.006,-0.012,0.006,66.97,1,942.26,47.39,656.53,1,940.55,47.75,623.65
T,5427220,1,353560257,-1178180646,597788,5953945,3,32,1,-0.201,-6.772,7.446,0.006,-0.013,0.006,67.02,1,942.25,47.41,656.62,1,940.58,47.78,623.38
T,5428204,1,353560252,-1178180642,597917,5953945,3,31,1,-0.201,-6.772,7.442,0.006,-0.012,0.006,67.02,1,942.25,47.44,656.62,1,940.53,47.80,623.82
T,5429196,1,353560254,-1178180639,597958,5953945,3,32,1,-0.191,-6.776,7.442,0.009,-0.013,0.006,67.07,1,942.24,47.46,656.71,1,940.56,47.82,623.56
T,5430191,1,353560259,-1178180632,597952,5953945,3,32,1,-0.196,-6.772,7.446,0.006,-0.012,0.006,67.08,1,942.18,47.48,657.24,1,940.58,47.84,623.38
T,5431278,1,353560254,-1178180631,598057,5953945,3,32,1,-0.201,-6.781,7.446,0.007,-0.012,0.006,67.12,1,942.29,47.50,656.27,1,940.57,47.86,623.47
T,5432269,1,353560267,-1178180623,597889,5953945,3,32,1,-0.211,-6.772,7.442,0.006,-0.013,0.007,67.14,1,942.28,47.53,656.36,1,940.57,47.89,623.47
T,5433252,1,353560264,-1178180620,597953,5953945,3,32,1,-0.201,-6.772,7.446,0.006,-0.012,0.005,67.15,1,942.26,47.55,656.53,1,940.59,47.91,623.29
T,5434240,1,353560258,-1178180620,598068,5953945,3,32,1,-0.201,-6.772,7.442,0.006,-0.015,0.006,67.20,1,942.26,47.57,656.53,1,940.54,47.93,623.73
T,5435225,1,353560261,-1178180610,597987,5953945,3,32,1,-0.201,-6.767,7.451,0.007,-0.013,0.006,67.22,1,942.25,47.59,656.62,1,940.56,47.95,623.56
T,5436212,1,353560264,-1178180602,597933,5953945,3,32,1,-0.201,-6.772,7.442,0.006,-0.013,0.006,67.26,1,942.25,47.61,656.62,1,940.54,47.97,623.73
T,5437198,1,353560263,-1178180600,597967,5953945,3,32,1,-0.196,-6.776,7.446,0.007,-0.013,0.006,67.27,1,942.28,47.63,656.36,1,940.54,47.99,623.73
T,5438189,1,353560262,-1178180598,597975,5953945,3,32,1,-0.206,-6.776,7.446,0.006,-0.013,0.006,67.28,1,942.25,47.65,656.62,1,940.51,48.01,624.00
T,5439175,1,353560262,-1178180595,598015,5953945,3,32,1,-0.206,-6.767,7.442,0.007,-0.013,0.005,67.25,1,942.25,47.68,656.62,1,940.57,48.04,623.47
T,5440263,1,353560260,-1178180594,598083,5953945,3,32,1,-0.196,-6.772,7.432,0.006,-0.013,0.006,67.31,1,942.22,47.70,656.89,1,940.53,48.06,623.82
T,5441249,1,353560257,-1178180594,598186,5953945,3,32,1,-0.201,-6.772,7.437,0.006,-0.012,0.006,67.32,1,942.24,47.72,656.71,1,940.56,48.08,623.56
T,5442235,1,353560256,-1178180596,598263,5953945,3,32,1,-0.211,-6.776,7.437,0.006,-0.013,0.005,67.33,1,942.26,47.74,656.53,1,940.52,48.10,623.91
T,5443223,1,353560256,-1178180598,598327,5953945,3,32,1,-0.201,-6.772,7.446,0.005,-0.013,0.006,67.37,1,942.23,47.76,656.80,1,940.54,48.12,623.73
T,5444209,1,353560260,-1178180596,598294,5953945,3,32,1,-0.196,-6.767,7.446,0.007,-0.013,0.005,67.34,1,942.23,47.79,656.80,1,940.54,48.14,623.73
T,5445195,1,353560259,-1178180593,598291,5953945,3,32,1,-0.215,-6.772,7.451,0.006,-0.015,0.006,67.41,1,942.28,47.80,656.36,1,940.55,48.17,623.65
T,5446183,1,353560252,-1178180591,598356,5953945,3,32,1,-0.201,-6.772,7.446,0.006,-0.013,0.007,67.43,1,942.21,47.83,656.98,1,940.53,48.19,623.82
T,5447169,1,353560247,-1178180586,598360,5953945,3,32,1,-0.196,-6.781,7.442,0.006,-0.015,0.007,67.46,1,942.25,47.85,656.62,1,940.54,48.21,623.73
T,5448259,1,353560242,-1178180584,598351,5953945,3,32,1,-0.201,-6.781,7.446,0.005,-0.013,0.005,67.50,1,942.23,47.87,656.80,1,940.53,48.23,623.82
T,5449252,1,353560238,-1178180584,598336,5953945,3,32,1,-0.201,-6.772,7.451,0.007,-0.012,0.006,67.52,1,942.25,47.89,656.62,1,940.56,48.25,623.56
T,5450242,1,353560239,-1178180585,598249,5953945,3,32,1,-0.206,-6.776,7.442,0.006,-0.013,0.006,67.55,1,942.25,47.91,656.62,1,940.51,48.27,624.00
T,5451228,1,353560232,-1178180586,598311,5953945,3,31,1,-0.201,-6.776,7.442,0.009,-0.015,0.006,67.56,1,942.28,47.93,656.36,1,940.54,48.29,623.73
T,5452216,1,353560229,-1178180586,598304,5953945,3,31,1,-0.191,-6.767,7.446,0.006,-0.013,0.006,67.55,1,942.26,47.96,656.53,1,940.54,48.32,623.73
T,5453210,1,353560227,-1178180588,598263,5953945,3,30,1,-0.187,-6.776,7.451,0.007,-0.012,0.006,67.61,1,942.23,47.98,656.80,1,940.55,48.34,623.65
T,5454196,1,353560225,-1178180591,598279,5953945,3,31,1,-0.211,-6.767,7.442,0.006,-0.013,0.006,67.64,1,942.24,48.00,656.71,1,940.53,48.36,623.82
T,5455186,1,353560227,-1178180595,598268,5953945,3,31,1,-0.201,-6.767,7.442,0.006,-0.013,0.006,67.59,1,942.23,48.02,656.80,1,940.55,48.38,623.65
T,5456180,1,353560226,-1178180601,598300,5953945,3,31,1,-0.206,-6.762,7.442,0.006,-0.015,0.006,67.64,1,942.24,48.04,656.71,1,940.52,48.40,623.91
T,5457276,1,353560223,-1178180606,598350,5953945,3,31,1,-0.201,-6.767,7.451,0.009,-0.013,0.006,67.66,1,942.22,48.06,656.89,1,940.54,48.42,623.73
T,5458262,1,353560221,-1178180608,598419,5953945,3,31,1,-0.206,-6.767,7.437,0.007,-0.013,0.005,67.70,1,942.20,48.08,657.06,1,940.55,48.44,623.65
T,5459248,1,353560220,-1178180610,598519,5953945,3,30,1,-0.201,-6.776,7.442,0.006,-0.013,0.006,67.73,1,942.23,48.10,656.80,1,940.55,48.46,623.65
T,5460235,1,353560221,-1178180609,598568,5953945,3,30,1,-0.201,-6.762,7.451,0.007,-0.013,0.006,67.76,1,942.24,48.13,656.71,1,940.56,48.49,623.56
T,5461222,1,353560223,-1178180608,598600,5953945,3,30,1,-0.206,-6.776,7.446,0.007,-0.013,0.006,67.78,1,942.21,48.15,656.98,1,940.53,48.51,623.82
T,5462207,1,353560223,-1178180612,598693,5953945,3,30,1,-0.201,-6.776,7.451,0.006,-0.012,0.005,67.77,1,942.22,48.17,656.89,1,940.51,48.53,624.00
T,5463294,1,353560223,-1178180615,598793,5953945,3,30,1,-0.201,-6.781,7.456,0.007,-0.015,0.006,67.83,1,942.23,48.19,656.80,1,940.53,48.55,623.82
T,5464285,1,353560225,-1178180619,598849,5953945,3,31,1,-0.201,-6.776,7.456,0.007,-0.013,0.006,67.87,1,942.16,48.21,657.42,1,940.53,48.57,623.82
T,5465268,1,353560225,-1178180620,598918,5953945,3,31,1,-0.201,-6.776,7.442,0.007,-0.013,0.006,67.87,1,942.21,48.23,656.98,1,940.58,48.59,623.38
T,5466252,1,353560226,-1178180619,598959,5953945,3,30,1,-0.196,-6.772,7.456,0.007,-0.012,0.006,67.84,1,942.21,48.25,656.98,1,940.52,48.61,623.91
T,5467245,1,353560225,-1178180621,599056,5953945,3,31,1,-0.196,-6.772,7.451,0.005,-0.013,0.006,67.89,1,942.21,48.27,656.98,1,940.55,48.63,623.65
T,5468233,1,353560223,-1178180621,599190,5953945,3,30,1,-0.201,-6.757,7.446,0.010,-0.012,0.005,67.95,1,942.16,48.29,657.42,1,940.50,48.65,624.09
T,5469219,1,353560221,-1178180620,599256,5953945,3,31,1,-0.206,-6.781,7.442,0.006,-0.013,0.006,67.97,1,942.18,48.31,657.24,1,940.55,48.67,623.65
T,5470203,1,353560218,-1178180620,599316,5953945,3,31,1,-0.201,-6.772,7.446,0.007,-0.013,0.006,67.99,1,942.20,48.33,657.06,1,940.52,48.69,623.91
T,5471192,1,353560216,-1178180621,599409,5953945,3,31,1,-0.201,-6.762,7.437,0.007,-0.013,0.007,68.05,1,942.22,48.35,656.89,1,940.50,48.71,624.09
T,5472179,1,353560216,-1178180622,599446,5953945,3,31,1,-0.191,-6.776,7.437,0.007,-0.012,0.006,68.06,1,942.25,48.37,656.62,1,940.51,48.73,624.00
T,5473268,1,353560214,-1178180621,599550,5953945,3,31,1,-0.201,-6.772,7.437,0.006,-0.012,0.006,68.03,1,942.23,48.39,656.80,1,940.56,48.75,623.56
T,5474258,1,353560213,-1178180622,599634,5953945,3,30,1,-0.201,-6.772,7.456,0.006,-0.013,0.006,68.06,1,942.19,48.41,657.15,1,940.53,48.77,623.82
T,5475244,1,353560213,-1178180622,599736,5953945,3,31,1,-0.196,-6.762,7.446,0.010,-0.015,0.005,68.13,1,942.24,48.43,656.71,1,940.57,48.79,623.47
T,5476228,1,353560214,-1178180625,599842,5953945,3,31,1,-0.196,-6.781,7.437,0.006,-0.013,0.005,68.11,1,942.22,48.45,656.89,1,940.52,48.81,623.91
T,5477216,1,353560214,-1178180628,599898,5953945,3,31,1,-0.191,-6.767,7.451,0.009,-0.013,0.006,68.17,1,942.21,48.47,656.98,1,940.49,48.83,624.17
T,5478205,1,353560213,-1178180631,599966,5953945,3,31,1,-0.201,-6.767,7.437,0.006,-0.013,0.006,68.19,1,942.24,48.49,656.71,1,940.55,48.86,623.65
T,5479190,1,353560212,-1178180632,599971,5953945,3,31,1,-0.206,-6.753,7.446,0.007,-0.012,0.006,68.21,1,942.22,48.51,656.89,1,940.51,48.87,624.00
T,5480175,1,353560214,-1178180635,600000,5953945,3,31,1,-0.191,-6.772,7.442,0.006,-0.013,0.006,68.23,1,942.21,48.53,656.98,1,940.53,48.89,623.82
T,5481264,1,353560216,-1178180637,600037,5953945,3,31,1,-0.201,-6.781,7.442,0.009,-0.013,0.005,68.22,1,942.19,48.54,657.15,1,940.49,48.91,624.17
T,5482250,1,353560218,-1178180643,600079,5953945,3,31,1,-0.191,-6.767,7.442,0.007,-0.013,0.006,68.26,1,942.21,48.56,656.98,1,940.49,48.93,624.17
T,5483235,1,353560215,-1178180648,600187,5953945,3,31,1,-0.196,-6.772,7.442,0.006,-0.012,0.006,68.30,1,942.21,48.58,656.98,1,940.53,48.95,623.82
T,5484221,1,353560218,-1178180652,600203,5953945,3,31,1,-0.196,-6.776,7.446,0.006,-0.012,0.006,68.27,1,942.18,48.59,657.24,1,940.53,48.97,623.82
T,5485209,1,353560220,-1178180651,600186,5953945,3,31,1,-0.201,-6.772,7.446,0.007,-0.013,0.007,68.27,1,942.18,48.61,657.24,1,940.51,48.98,624.00
T,5486192,1,353560221,-1178180652,600187,5953945,3,31,1,-0.206,-6.772,7.446,0.007,-0.012,0.005,68.33,1,942.19,48.63,657.15,1,940.50,49.00,624.09
T,5487183,1,353560224,-1178180655,600214,5953945,3,31,1,-0.191,-6.772,7.442,0.006,-0.013,0.007,68.32,1,942.16,48.65,657.42,1,940.50,49.02,624.09
T,5488268,1,353560226,-1178180658,600248,5953945,3,31,1,-0.191,-6.772,7.446,0.006,-0.013,0.006,68.34,1,942.22,48.67,656.89,1,940.51,49.04,624.00
T,5489252,1,353560226,-1178180661,600267,5953945,3,31,1,-0.201,-6.776,7.437,0.007,-0.015,0.007,68.33,1,942.22,48.69,656.89,1,940.52,49.06,623.91
T,5490242,1,353560232,-1178180665,600236,5953945,3,31,1,-0.191,-6.776,7.451,0.006,-0.013,0.006,68.42,1,942.18,48.71,657.24,1,940.50,49.08,624.09
T,5491227,1,353560238,-1178180667,600185,5953945,3,31,1,-0.206,-6.767,7.451,0.006,-0.013,0.006,68.39,1,942.25,48.73,656.62,1,940.52,49.10,623.91
T,5492214,1,353560241,-1178180670,600162,5953945,3,31,1,-0.201,-6.772,7.442,0.006,-0.013,0.006,68.48,1,942.19,48.74,657.15,1,940.47,49.12,624.35
T,5493199,1,353560247,-1178180667,600005,5953945,3,31,1,-0.196,-6.772,7.442,0.007,-0.013,0.006,68.47,1,942.21,48.76,656.98,1,940.50,49.14,624.09
T,5494187,1,353560253,-1178180666,599885,5953945,3,31,1,-0.196,-6.772,7.442,0.006,-0.015,0.006,68.48,1,942.20,48.78,657.06,1,940.50,49.15,624.09
T,5495272,1,353560259,-1178180663,599760,5953945,3,31,1,-0.201,-6.776,7.442,0.007,-0.015,0.006,68.52,1,942.15,48.80,657.51,1,940.46,49.17,624.44
T,5496259,1,353560259,-1178180665,599758,5953945,3,31,1,-0.196,-6.776,7.437,0.006,-0.013,0.006,68.49,1,942.18,48.82,657.24,1,940.51,49.19,624.00
T,5497245,1,353560262,-1178180664,599693,5953945,3,31,1,-0.211,-6.772,7.451,0.006,-0.013,0.006,68.55,1,942.18,48.83,657.24,1,940.47,49.21,624.35
T,5498230,1,353560268,-1178180663,599594,5953945,3,31,1,-0.201,-6.776,7.446,0.006,-0.012,0.006,68.53,1,942.25,48.85,656.62,1,940.51,49.22,624.00
T,5499216,1,353560273,-1178180664,599515,5953945,3,30,1,-0.187,-6.767,7.442,0.007,-0.013,0.007,68.55,1,942.20,48.87,657.06,1,940.54,49.25,623.73
T,5500204,1,353560281,-1178180663,599427,5953945,3,31,1,-0.206,-6.776,7.446,0.006,-0.013,0.005,68.62,1,942.20,48.89,657.06,1,940.51,49.26,624.00
T,5501192,1,353560283,-1178180665,599411,5953945,3,31,1,-0.196,-6.772,7.451,0.007,-0.013,0.006,68.60,1,942.19,48.91,657.15,1,940.51,49.28,624.00
T,5502177,1,353560286,-1178180665,599392,5953945,3,31,1,-0.196,-6.772,7.451,0.006,-0.013,0.006,68.64,1,942.14,48.93,657.59,1,940.50,49.31,624.09
T,5503266,1,353560288,-1178180662,599397,5953945,3,31,1,-0.201,-6.767,7.437,0.007,-0.012,0.006,68.64,1,942.17,48.95,657.33,1,940.49,49.32,624.17
T,5504252,1,353560287,-1178180661,599405,5953945,3,31,1,-0.201,-6.776,7.437,0.009,-0.013,0.006,68.66,1,942.17,48.96,657.33,1,940.50,49.34,624.09
T,5505241,1,353560288,-1178180660,599407,5953945,3,30,1,-0.196,-6.776,7.442,0.006,-0.013,0.007,68.68,1,942.17,48.98,657.33,1,940.50,49.36,624.09
T,5506229,1,353560289,-1178180659,599399,5953945,3,31,1,-0.201,-6.776,7.432,0.007,-0.013,0.007,68.75,1,942.21,49.00,656.98,1,940.53,49.38,623.82
T,5507213,1,353560290,-1178180661,599349,5953945,3,30,1,-0.196,-6.762,7.442,0.007,-0.012,0.005,68.74,1,942.24,49.02,656.71,1,940.54,49.39,623.73
T,5508300,1,353560289,-1178180659,599353,5953945,3,30,1,-0.191,-6.776,7.456,0.007,-0.013,0.005,68.75,1,942.20,49.04,657.06,1,940.52,49.41,623.91
T,5509284,1,353560291,-1178180660,599331,5953945,3,30,1,-0.196,-6.776,7.442,0.006,-0.013,0.006,68.80,1,942.19,49.05,657.15,1,940.52,49.43,623.91
T,5510276,1,353560294,-1178180664,599312,5953945,3,29,1,-0.201,-6.772,7.442,0.006,-0.013,0.005,68.81,1,942.16,49.07,657.42,1,940.47,49.45,624.35
T,5511264,1,353560296,-1178180668,599321,5953945,3,30,1,-0.206,-6.786,7.442,0.006,-0.013,0.005,68.79,1,942.13,49.09,657.68,1,940.52,49.47,623.91
T,5512248,1,353560298,-1178180672,599351,5953945,3,30,1,-0.201,-6.776,7.446,0.007,-0.015,0.006,68.88,1,942.20,49.11,657.06,1,940.52,49.48,623.91
T,5513236,1,353560300,-1178180675,599348,5953945,3,31,1,-0.206,-6.776,7.451,0.006,-0.012,0.006,68.82,1,942.17,49.12,657.33,1,940.53,49.51,623.82
T,5514223,1,353560296,-1178180672,599329,5953945,3,31,1,-0.201,-6.786,7.442,0.007,-0.012,0.006,68.86,1,942.24,49.14,656.71,1,940.50,49.52,624.09
T,5515213,1,353560291,-1178180668,599357,5953945,3,31,1,-0.206,-6.772,7.442,0.006,-0.013,0.006,68.89,1,942.22,49.16,656.89,1,940.52,49.54,623.91
T,5516201,1,353560290,-1178180669,599269,5953945,3,31,1,-0.201,-6.776,7.446,0.009,-0.012,0.005,68.89,1,942.13,49.18,657.68,1,940.49,49.55,624.17
T,5517191,1,353560288,-1178180668,599206,5953945,3,31,1,-0.201,-6.776,7.442,0.010,-0.013,0.006,68.91,1,942.17,49.20,657.33,1,940.51,49.57,624.00
T,5518175,1,353560287,-1178180668,599206,5953945,3,31,1,-0.196,-6.772,7.446,0.005,-0.013,0.007,68.89,1,942.17,49.21,657.33,1,940.51,49.59,624.00
T,5519262,1,353560289,-1178180672,599137,5953945,3,31,1,-0.196,-6.786,7.446,0.006,-0.013,0.006,68.94,1,942.15,49.23,657.51,1,940.52,49.61,623.91
T,5520249,1,353560288,-1178180676,599112,5953945,3,31,1,-0.206,-6.772,7.451,0.007,-0.013,0.006,69.00,1,942.15,49.25,657.51,1,940.53,49.63,623.82
T,5521233,1,353560288,-1178180679,599024,5953945,3,31,1,-0.211,-6.781,7.437,0.007,-0.012,0.005,69.00,1,942.21,49.27,656.98,1,940.55,49.65,623.65
T,5522232,1,353560284,-1178180677,599006,5953945,3,31,1,-0.196,-6.772,7.442,0.007,-0.012,0.007,69.01,1,942.21,49.28,656.98,1,940.49,49.66,624.17
T,5523223,1,353560279,-1178180676,599064,5953945,3,31,1,-0.211,-6.776,7.446,0.006,-0.013,0.005,69.03,1,942.19,49.30,657.15,1,940.51,49.68,624.00
T,5524209,1,353560274,-1178180671,599090,5953945,3,30,1,-0.196,-6.776,7.442,0.009,-0.015,0.006,69.05,1,942.19,49.32,657.15,1,940.51,49.70,624.00
T,5525295,1,353560268,-1178180667,599150,5953945,3,30,1,-0.206,-6.776,7.442,0.007,-0.013,0.006,69.14,1,942.18,49.34,657.24,1,940.50,49.72,624.09
T,5526300,1,353560265,-1178180664,599173,5953945,3,30,1,-0.201,-6.776,7.437,0.006,-0.012,0.006,69.12,1,942.23,49.36,656.80,1,940.51,49.74,624.00
T,5527291,1,353560262,-1178180662,599204,5953945,3,31,1,-0.201,-6.776,7.446,0.007,-0.015,0.006,69.14,1,942.16,49.37,657.42,1,940.52,49.76,623.91
T,5528175,1,353560260,-1178180659,599210,5953945,3,31,1,-0.206,-6.772,7.446,0.006,-0.013,0.006,69.16,1,942.18,49.39,657.24,1,940.49,49.78,624.17
T,5529261,1,353560257,-1178180657,599172,5953945,3,31,1,-0.206,-6.767,7.446,0.006,-0.015,0.006,69.18,1,942.19,49.41,657.15,1,940.53,49.79,623.82
T,5530250,1,353560256,-1178180657,599089,5953945,3,30,1,-0.201,-6.772,7.451,0.007,-0.013,0.006,69.23,1,942.22,49.43,656.89,1,940.51,49.81,624.00
T,5531238,1,353560254,-1178180655,599043,5953945,3,31,1,-0.206,-6.776,7.451,0.007,-0.015,0.006,69.20,1,942.21,49.45,656.98,1,940.54,49.83,623.73
T,5532225,1,353560250,-1178180652,599087,5953945,3,31,1,-0.201,-6.772,7.451,0.006,-0.013,0.006,69.24,1,942.22,49.46,656.89,1,940.53,49.85,623.82
T,5533211,1,353560244,-1178180648,599092,5953945,3,31,1,-0.201,-6.776,7.446,0.007,-0.015,0.006,69.28,1,942.20,49.48,657.06,1,940.54,49.86,623.73
T,5534202,1,353560237,-1178180642,599102,5953945,3,31,1,-0.201,-6.772,7.437,0.006,-0.013,0.007,69.25,1,942.21,49.50,656.98,1,940.47,49.88,624.35
T,5535191,1,353560231,-1178180639,599152,5953945,3,30,1,-0.206,-6.776,7.442,0.007,-0.013,0.006,69.31,1,942.17,49.52,657.33,1,940.50,49.90,624.09
T,5536177,1,353560227,-1178180638,599193,5953945,3,31,1,-0.201,-6.776,7.446,0.006,-0.013,0.006,69.32,1,942.20,49.54,657.06,1,940.52,49.92,623.91
T,5537265,1,353560223,-1178180640,599247,5953945,3,31,1,-0.196,-6.772,7.446,0.007,-0.012,0.006,69.36,1,942.23,49.56,656.80,1,940.50,49.94,624.09
T,5538254,1,353560221,-1178180644,599342,5953945,3,31,1,-0.201,-6.772,7.451,0.007,-0.013,0.007,69.34,1,942.20,49.58,657.06,1,940.51,49.96,624.00
T,5539240,1,353560219,-1178180646,599428,5953945,3,31,1,-0.201,-6.781,7.446,0.006,-0.013,0.006,69.34,1,942.22,49.59,656.89,1,940.52,49.97,623.91
T,5540225,1,353560221,-1178180652,599436,5953945,3,30,1,-0.206,-6.776,7.437,0.006,-0.013,0.007,69.35,1,942.17,49.61,657.33,1,940.51,49.99,624.00
T,5541212,1,353560218,-1178180653,599480,5953945,3,31,1,-0.196,-6.776,7.451,0.007,-0.013,0.006,69.37,1,942.17,49.63,657.33,1,940.48,50.01,624.26
T,5542198,1,353560216,-1178180658,599563,5953945,3,31,1,-0.206,-6.791,7.437,0.009,-0.015,0.006,69.44,1,942.20,49.65,657.06,1,940.47,50.03,624.35
T,5543184,1,353560210,-1178180654,599656,5953945,3,31,1,-0.201,-6.772,7.442,0.006,-0.012,0.006,69.43,1,942.19,49.67,657.15,1,940.49,50.04,624.17
T,5544167,1,353560210,-1178180653,599597,5953945,3,31,1,-0.206,-6.786,7.442,0.007,-0.013,0.006,69.41,1,942.20,49.68,657.06,1,940.51,50.07,624.00
T,5545260,1,353560204,-1178180652,599689,5953945,3,31,1,-0.201,-6.772,7.442,0.006,-0.012,0.006,69.46,1,942.18,49.70,657.24,1,940.50,50.08,624.09
T,5546256,1,353560198,-1178180649,599765,5953945,3,31,1,-0.215,-6.781,7.446,0.006,-0.013,0.006,69.45,1,942.22,49.72,656.89,1,940.52,50.10,623.91
T,5547242,1,353560192,-1178180648,599858,5953945,3,31,1,-0.206,-6.776,7.446,0.007,-0.013,0.006,69.52,1,942.20,49.74,657.06,1,940.50,50.12,624.09
T,5548235,1,353560190,-1178180648,599853,5953945,3,31,1,-0.206,-6.776,7.437,0.009,-0.013,0.006,69.58,1,942.17,49.75,657.33,1,940.51,50.14,624.00
T,5549227,1,353560187,-1178180647,599868,5953945,3,31,1,-0.206,-6.776,7.437,0.007,-0.013,0.006,69.56,1,942.20,49.77,657.06,1,940.49,50.15,624.17
T,5550212,1,353560184,-1178180648,599868,5953945,3,31,1,-0.206,-6.781,7.442,0.006,-0.012,0.006,69.60,1,942.19,49.79,657.15,1,940.54,50.17,623.73
T,5551198,1,353560184,-1178180652,599897,5953945,3,31,1,-0.206,-6.781,7.442,0.007,-0.013,0.006,69.60,1,942.18,49.81,657.24,1,940.51,50.19,624.00
T,5552186,1,353560182,-1178180654,599930,5953945,3,31,1,-0.206,-6.772,7.442,0.007,-0.013,0.006,69.59,1,942.22,49.83,656.89,1,940.48,50.21,624.26
T,5553271,1,353560179,-1178180655,599986,5953945,3,31,1,-0.191,-6.772,7.442,0.007,-0.012,0.006,69.65,1,942.15,49.84,657.51,1,940.48,50.23,624.26
T,5554256,1,353560176,-1178180658,600061,5953945,3,31,1,-0.196,-6.776,7.437,0.005,-0.013,0.005,69.66,1,942.15,49.86,657.51,1,940.51,50.24,624.00
T,5555249,1,353560173,-1178180657,600108,5953945,3,31,1,-0.196,-6.772,7.442,0.005,-0.012,0.006,69.68,1,942.18,49.88,657.24,1,940.51,50.26,624.00
T,5556232,1,353560174,-1178180658,600144,5953945,3,31,1,-0.191,-6.776,7.437,0.006,-0.013,0.006,69.66,1,942.21,49.89,656.98,1,940.50,50.28,624.09
T,5557221,1,353560175,-1178180658,600175,5953945,3,31,1,-0.201,-6.781,7.446,0.006,-0.013,0.007,69.71,1,942.18,49.91,657.24,1,940.50,50.30,624.09
T,5558219,1,353560174,-1178180660,600176,5953945,3,31,1,-0.211,-6.772,7.442,0.007,-0.013,0.006,69.73,1,942.18,49.93,657.24,1,940.50,50.31,624.09
T,5559207,1,353560173,-1178180663,600242,5953945,3,31,1,-0.211,-6.781,7.437,0.007,-0.012,0.006,69.71,1,942.21,49.95,656.98,1,940.53,50.33,623.82
T,5560192,1,353560173,-1178180666,600224,5953945,3,31,1,-0.206,-6.767,7.446,0.007,-0.013,0.006,69.77,1,942.15,49.97,657.51,1,940.50,50.35,624.09
T,5561184,1,353560177,-1178180668,600156,5953945,3,31,1,-0.211,-6.772,7.446,0.006,-0.012,0.007,69.77,1,942.13,49.98,657.68,1,940.45,50.37,624.53
T,5562270,1,353560178,-1178180669,600112,5953945,3,31,1,-0.201,-6.786,7.451,0.007,-0.012,0.006,69.82,1,942.17,50.00,657.33,1,940.50,50.38,624.09
T,5563259,1,353560179,-1178180669,600063,5953945,3,31,1,-0.211,-6.786,7.442,0.009,-0.013,0.006,69.87,1,942.15,50.02,657.51,1,940.51,50.40,624.00
T,5564251,1,353560181,-1178180669,600017,5953945,3,31,1,-0.201,-6.776,7.437,0.006,-0.015,0.006,69.87,1,942.19,50.04,657.15,1,940.54,50.42,623.73
T,5565236,1,353560181,-1178180666,599966,5953945,3,31,1,-0.211,-6.772,7.446,0.006,-0.012,0.005,69.85,1,942.16,50.06,657.42,1,940.47,50.44,624.35
T,5566223,1,353560182,-1178180663,599901,5953945,3,31,1,-0.196,-6.776,7.437,0.009,-0.015,0.006,69.87,1,942.16,50.07,657.42,1,940.50,50.46,624.09
T,5567207,1,353560183,-1178180660,599865,5953945,3,31,1,-0.201,-6.772,7.442,0.007,-0.012,0.007,69.85,1,942.17,50.09,657.33,1,940.49,50.47,624.17
T,5568191,1,353560185,-1178180660,599895,5953945,3,31,1,-0.211,-6.767,7.446,0.009,-0.013,0.007,69.89,1,942.22,50.11,656.89,1,940.49,50.49,624.17
T,5569280,1,353560183,-1178180657,599878,5953945,3,31,1,-0.196,-6.786,7.442,0.007,-0.012,0.006,69.90,1,942.17,50.13,657.33,1,940.48,50.51,624.26
T,5570264,1,353560181,-1178180655,599899,5953945,3,31,1,-0.201,-6.776,7.437,0.007,-0.013,0.006,69.95,1,942.18,50.14,657.24,1,940.51,50.53,624.00
T,5571250,1,353560179,-1178180653,599996,5953945,3,31,1,-0.196,-6.767,7.442,0.005,-0.012,0.007,69.95,1,942.20,50.16,657.06,1,940.52,50.54,623.91
T,5572235,1,353560177,-1178180648,600093,5953945,3,31,1,-0.206,-6.767,7.451,0.006,-0.013,0.006,69.96,1,942.15,50.18,657.51,1,940.51,50.56,624.00
T,5573224,1,353560177,-1178180647,600130,5953945,3,30,1,-0.211,-6.772,7.451,0.006,-0.012,0.006,69.97,1,942.17,50.19,657.33,1,940.52,50.58,623.91
T,5574207,1,353560178,-1178180645,600132,5953945,3,30,1,-0.206,-6.786,7.446,0.006,-0.015,0.007,70.04,1,942.18,50.21,657.24,1,940.49,50.60,624.17
T,5575191,1,353560180,-1178180645,600120,5953945,3,31,1,-0.201,-6.776,7.446,0.006,-0.013,0.007,70.01,1,942.16,50.23,657.42,1,940.51,50.61,624.00
T,5576177,1,353560183,-1178180648,600072,5953945,3,31,1,-0.201,-6.767,7.437,0.007,-0.013,0.006,70.05,1,942.16,50.25,657.42,1,940.49,50.63,624.17
T,5577263,1,353560184,-1178180651,599965,5953945,3,31,1,-0.206,-6.772,7.442,0.006,-0.012,0.006,70.07,1,942.14,50.26,657.59,1,940.51,50.65,624.00
T,5578249,1,353560178,-1178180647,599968,5953945,3,31,1,-0.201,-6.776,7.451,0.006,-0.013,0.006,70.09,1,942.19,50.28,657.15,1,940.52,50.67,623.91
T,5579232,1,353560172,-1178180645,600009,5953945,3,31,1,-0.211,-6.781,7.432,0.007,-0.013,0.006,70.15,1,942.19,50.30,657.15,1,940.48,50.69,624.26
T,5580221,1,353560169,-1178180643,599977,5953945,3,30,1,-0.201,-6.781,7.446,0.007,-0.012,0.005,70.16,1,942.16,50.32,657.42,1,940.53,50.70,623.82
T,5581207,1,353560172,-1178180642,599919,5953945,3,31,1,-0.206,-6.776,7.437,0.007,-0.013,0.006,70.20,1,942.19,50.34,657.15,1,940.48,50.72,624.26
T,5582192,1,353560173,-1178180643,599873,5953945,3,31,1,-0.206,-6.772,7.442,0.007,-0.013,0.007,70.16,1,942.19,50.35,657.15,1,940.50,50.74,624.09
T,5583283,1,353560176,-1178180645,599809,5953945,3,30,1,-0.206,-6.776,7.442,0.006,-0.015,0.006,70.22,1,942.16,50.37,657.42,1,940.52,50.76,623.91
T,5584268,1,353560181,-1178180649,599780,5953945,3,30,1,-0.211,-6.776,7.456,0.006,-0.013,0.006,70.24,1,942.17,50.39,657.33,1,940.48,50.77,624.26
T,5585252,1,353560185,-1178180651,599772,5953945,3,30,1,-0.206,-6.776,7.446,0.006,-0.012,0.006,70.31,1,942.20,50.40,657.06,1,940.47,50.79,624.35
T,5586240,1,353560193,-1178180653,599731,5953945,3,30,1,-0.211,-6.776,7.427,0.006,-0.012,0.007,70.33,1,942.18,50.42,657.24,1,940.51,50.81,624.00
T,5587233,1,353560195,-1178180659,599825,5953945,3,31,1,-0.206,-6.776,7.451,0.007,-0.015,0.006,70.31,1,942.21,50.44,656.98,1,940.50,50.82,624.09
T,5588220,1,353560195,-1178180665,599853,5953945,3,31,1,-0.206,-6.776,7.446,0.006,-0.012,0.005,70.32,1,942.16,50.46,657.42,1,940.49,50.84,624.17
T,5589204,1,353560195,-1178180670,599880,5953945,3,30,1,-0.206,-6.772,7.451,0.006,-0.013,0.007,70.37,1,942.17,50.48,657.33,1,940.45,50.86,624.53
T,5590191,1,353560194,-1178180673,599893,5953945,3,31,1,-0.201,-6.781,7.437,0.007,-0.013,0.006,70.36,1,942.19,50.49,657.15,1,940.49,50.88,624.17
T,5591193,1,353560191,-1178180675,599976,5953945,3,30,1,-0.191,-6.781,7.442,0.007,-0.013,0.006,70.37,1,942.19,50.51,657.15,1,940.50,50.89,624.09
T,5592179,1,353560189,-1178180677,600017,5953945,3,30,1,-0.196,-6.781,7.437,0.006,-0.012,0.006,70.38,1,942.14,50.53,657.59,1,940.47,50.91,624.35
T,5593164,1,353560182,-1178180674,600085,5953945,3,31,1,-0.196,-6.772,7.437,0.006,-0.013,0.006,70.38,1,942.18,50.55,657.24,1,940.49,50.93,624.17
T,5594253,1,353560177,-1178180672,600168,5953945,3,31,1,-0.211,-6.772,7.446,0.006,-0.015,0.006,70.40,1,942.17,50.56,657.33,1,940.49,50.95,624.17
T,5595248,1,353560174,-1178180670,600195,5953945,3,31,1,-0.201,-6.776,7.451,0.007,-0.015,0.006,70.39,1,942.19,50.58,657.15,1,940.49,50.96,624.17
T,5596232,1,353560172,-1178180668,600293,5953945,3,31,1,-0.196,-6.776,7.437,0.006,-0.012,0.007,70.39,1,942.16,50.60,657.42,1,940.47,50.98,624.35
T,5597218,1,353560175,-1178180669,600340,5953945,3,31,1,-0.201,-6.772,7.446,0.007,-0.013,0.006,70.42,1,942.11,50.61,657.86,1,940.48,51.00,624.26
T,5598207,1,353560177,-1178180669,600373,5953945,3,31,1,-0.201,-6.781,7.446,0.007,-0.013,0.006,70.42,1,942.15,50.63,657.51,1,940.49,51.02,624.17
T,5599213,1,353560179,-1178180671,600372,5953945,3,31,1,-0.206,-6.776,7.446,0.007,-0.013,0.006,70.46,1,942.14,50.65,657.59,1,940.50,51.03,624.09
T,5600198,1,353560184,-1178180675,600297,5953945,3,31,1,-0.201,-6.776,7.442,0.007,-0.013,0.007,70.50,1,942.17,50.67,657.33,1,940.48,51.05,624.26
T,5601297,1,353560187,-1178180677,600232,5953945,3,30,1,-0.206,-6.776,7.442,0.006,-0.013,0.007,70.51,1,942.14,50.68,657.59,1,940.52,51.07,623.91
T,5602184,1,353560188,-1178180675,600176,5953945,3,31,1,-0.201,-6.776,7.442,0.007,-0.012,0.006,70.46,1,942.15,50.70,657.51,1,940.44,51.09,624.62
T,5603279,1,353560190,-1178180677,600136,5953945,3,31,1,-0.196,-6.767,7.446,0.007,-0.013,0.006,70.54,1,942.18,50.72,657.24,1,940.42,51.11,624.79
T,5604268,1,353560194,-1178180679,600102,5953945,3,31,1,-0.196,-6.776,7.442,0.006,-0.013,0.006,70.59,1,942.15,50.74,657.51,1,940.46,51.13,624.44
T,5605252,1,353560190,-1178180674,600161,5953945,3,31,1,-0.201,-6.772,7.446,0.007,-0.013,0.006,70.58,1,942.12,50.76,657.77,1,940.44,51.14,624.62
T,5606237,1,353560188,-1178180670,600160,5953945,3,31,1,-0.201,-6.786,7.442,0.007,-0.012,0.006,70.62,1,942.19,50.77,657.15,1,940.44,51.16,624.62
T,5607224,1,353560186,-1178180671,600230,5953945,3,31,1,-0.206,-6.776,7.446,0.007,-0.013,0.006,70.61,1,942.16,50.79,657.42,1,940.47,51.18,624.35
T,5608221,1,353560183,-1178180672,600280,5953945,3,30,1,-0.201,-6.762,7.456,0.006,-0.013,0.007,70.65,1,942.13,50.81,657.68,1,940.46,51.19,624.44
T,5609208,1,353560179,-1178180672,600313,5953945,3,30,1,-0.201,-6.776,7.451,0.007,-0.013,0.005,70.66,1,942.13,50.82,657.68,1,940.45,51.21,624.53
T,5610195,1,353560176,-1178180674,600374,5953945,3,29,1,-0.187,-6.776,7.442,0.007,-0.013,0.006,70.66,1,942.15,50.84,657.51,1,940.46,51.23,624.44
T,5611297,1,353560172,-1178180672,600435,5953945,3,29,1,-0.206,-6.786,7.442,0.007,-0.013,0.006,70.68,1,942.13,50.86,657.68,1,940.46,51.25,624.44
T,5612282,1,353560167,-1178180667,600514,5953945,3,30,1,-0.201,-6.767,7.451,0.007,-0.012,0.006,70.68,1,942.10,50.88,657.95,1,940.44,51.26,624.62
T,5613267,1,353560158,-1178180661,600583,5953945,3,31,1,-0.201,-6.786,7.442,0.006,-0.013,0.006,70.71,1,942.13,50.89,657.68,1,940.49,51.28,624.17
T,5614253,1,353560148,-1178180655,600653,5953945,3,31,1,-0.201,-6.767,7.437,0.007,-0.013,0.006,70.77,1,942.15,50.91,657.51,1,940.45,51.30,624.53
T,5615313,1,353560143,-1178180652,600699,5953945,3,30,1,-0.187,-6.767,7.432,0.007,-0.015,0.007,70.76,1,942.09,50.93,658.03,1,940.42,51.31,624.79
T,5616197,1,353560141,-1178180652,600753,5953945,3,31,1,-0.201,-6.781,7.442,0.007,-0.013,0.007,70.80,1,942.09,50.95,658.03,1,940.47,51.33,624.35
T,5617291,1,353560138,-1178180653,600845,5953945,3,30,1,-0.196,-6.776,7.442,0.009,-0.015,0.006,70.86,1,942.14,50.96,657.59,1,940.46,51.35,624.44
T,5618279,1,353560136,-1178180651,600877,5953945,3,31,1,-0.206,-6.772,7.437,0.007,-0.015,0.006,70.85,1,942.11,50.98,657.86,1,940.45,51.37,624.53
T,5619269,1,353560137,-1178180653,600915,5953945,3,31,1,-0.196,-6.776,7.442,0.006,-0.013,0.006,70.86,1,942.08,51.00,658.12,1,940.45,51.38,624.53
T,5620254,1,353560136,-1178180654,600949,5953945,3,30,1,-0.201,-6.776,7.442,0.007,-0.015,0.006,70.87,1,942.12,51.02,657.77,1,940.45,51.40,624.53
T,5621243,1,353560135,-1178180654,600956,5953945,3,31,1,-0.201,-6.776,7.451,0.006,-0.015,0.006,70.90,1,942.11,51.03,657.86,1,940.44,51.42,624.62
T,5622229,1,353560132,-1178180654,600973,5953945,3,29,1,-0.187,-6.781,7.451,0.007,-0.013,0.006,70.90,1,942.12,51.05,657.77,1,940.43,51.43,624.70
T,5623215,1,353560132,-1178180653,600963,5953945,3,31,1,-0.206,-6.781,7.442,0.009,-0.016,0.006,70.90,1,942.07,51.06,658.21,1,940.41,51.45,624.88
T,5624202,1,353560134,-1178180655,600900,5953945,3,31,1,-0.201,-6.776,7.442,0.007,-0.013,0.006,70.91,1,942.14,51.08,657.59,1,940.45,51.47,624.53
T,5625194,1,353560135,-1178180657,600834,5953945,3,31,1,-0.196,-6.776,7.442,0.006,-0.013,0.005,70.90,1,942.10,51.10,657.95,1,940.42,51.49,624.79
T,5626180,1,353560132,-1178180655,600788,5953945,3,30,1,-0.191,-6.767,7.456,0.009,-0.015,0.007,70.96,1,942.09,51.12,658.03,1,940.45,51.51,624.53
T,5627267,1,353560130,-1178180654,600767,5953945,3,30,1,-0.201,-6.772,7.446,0.009,-0.012,0.006,71.00,1,942.13,51.13,657.68,1,940.38,51.52,625.15
T,5628252,1,353560127,-1178180652,600739,5953945,3,31,1,-0.211,-6.772,7.442,0.009,-0.013,0.006,70.99,1,942.08,51.15,658.12,1,940.42,51.54,624.79
T,5629242,1,353560126,-1178180654,600718,5953945,3,30,1,-0.191,-6.772,7.442,0.007,-0.013,0.007,71.07,1,942.13,51.17,657.68,1,940.45,51.56,624.53
T,5630227,1,353560125,-1178180655,600695,5953945,3,30,1,-0.196,-6.776,7.446,0.007,-0.015,0.007,71.09,1,942.16,51.18,657.42,1,940.41,51.57,624.88
T,5631212,1,353560124,-1178180656,600692,5953945,3,31,1,-0.201,-6.781,7.446,0.006,-0.015,0.006,71.07,1,942.09,51.20,658.03,1,940.41,51.59,624.88
T,5632205,1,353560123,-1178180654,600662,5953945,3,31,1,-0.191,-6.781,7.442,0.007,-0.012,0.006,71.07,1,942.11,51.22,657.86,1,940.45,51.61,624.53
T,5633195,1,353560125,-1178180653,600581,5953945,3,30,1,-0.206,-6.776,7.446,0.007,-0.013,0.006,71.13,1,942.09,51.24,658.03,1,940.44,51.63,624.62
T,5634282,1,353560124,-1178180648,600540,5953945,3,29,1,-0.196,-6.776,7.446,0.007,-0.013,0.006,71.13,1,942.10,51.25,657.95,1,940.47,51.64,624.35
T,5635269,1,353560125,-1178180646,600468,5953945,3,29,1,-0.201,-6.776,7.451,0.007,-0.013,0.006,71.16,1,942.16,51.27,657.42,1,940.42,51.66,624.79
T,5636255,1,353560128,-1178180645,600411,5953945,3,29,1,-0.196,-6.772,7.442,0.007,-0.013,0.006,71.17,1,942.13,51.29,657.68,1,940.43,51.67,624.70
T,5637242,1,353560128,-1178180645,600401,5953945,3,29,1,-0.206,-6.781,7.446,0.007,-0.013,0.006,71.20,1,942.13,51.30,657.68,1,940.44,51.69,624.62
T,5638227,1,353560127,-1178180643,600357,5953945,3,31,1,-0.201,-6.772,7.446,0.007,-0.013,0.006,71.23,1,942.04,51.32,658.48,1,940.41,51.71,624.88
T,5639213,1,353560124,-1178180641,600370,5953945,3,30,1,-0.201,-6.776,7.442,0.009,-0.013,0.006,71.24,1,942.05,51.34,658.39,1,940.45,51.72,624.53
T,5640201,1,353560121,-1178180637,600389,5953945,3,31,1,-0.196,-6.786,7.446,0.007,-0.013,0.006,71.29,1,942.10,51.35,657.95,1,940.40,51.74,624.97
T,5641186,1,353560119,-1178180634,600452,5953945,3,30,1,-0.201,-6.776,7.451,0.006,-0.013,0.009,71.29,1,942.09,51.37,658.03,1,940.42,51.76,624.79
T,5642169,1,353560117,-1178180632,600512,5953945,3,30,1,-0.196,-6.772,7.446,0.005,-0.013,0.009,71.33,1,942.10,51.39,657.95,1,940.46,51.78,624.44
T,5643264,1,353560118,-1178180632,600567,5953945,3,30,1,-0.196,-6.772,7.442,0.007,-0.012,0.006,71.34,1,942.12,51.41,657.77,1,940.41,51.80,624.88
T,5644248,1,353560119,-1178180633,600605,5953945,3,30,1,-0.196,-6.786,7.446,0.007,-0.013,0.007,71.37,1,942.06,51.42,658.30,1,940.41,51.81,624.88
T,5645232,1,353560118,-1178180634,600632,5953945,3,30,1,-0.206,-6.772,7.437,0.007,-0.013,0.007,71.38,1,942.14,51.44,657.59,1,940.41,51.83,624.88
T,5646217,1,353560118,-1178180633,600636,5953945,3,30,1,-0.201,-6.767,7.442,0.009,-0.013,0.006,71.38,1,942.07,51.46,658.21,1,940.42,51.85,624.79
T,5647204,1,353560118,-1178180631,600615,5953945,3,30,1,-0.196,-6.772,7.437,0.006,-0.013,0.006,71.38,1,942.09,51.47,658.03,1,940.40,51.86,624.97
T,5648188,1,353560118,-1178180632,600578,5953945,3,31,1,-0.206,-6.781,7.442,0.009,-0.013,0.007,71.36,1,942.09,51.49,658.03,1,940.43,51.88,624.70
T,5649171,1,353560115,-1178180633,600522,5953945,3,31,1,-0.201,-6.781,7.437,0.007,-0.013,0.006,71.41,1,942.16,51.51,657.42,1,940.43,51.90,624.70
T,5650259,1,353560115,-1178180632,600472,5953945,3,31,1,-0.201,-6.786,7.437,0.009,-0.013,0.007,71.41,1,942.11,51.52,657.86,1,940.40,51.91,624.97
T,5651245,1,353560113,-1178180633,600456,5953945,3,32,1,-0.211,-6.772,7.432,0.007,-0.013,0.007,71.41,1,942.10,51.54,657.95,1,940.42,51.93,624.79
T,5652231,1,353560106,-1178180632,600488,5953945,3,32,1,-0.201,-6.772,7.427,0.007,-0.013,0.006,71.43,1,942.11,51.56,657.86,1,940.44,51.95,624.62
T,5653224,1,353560105,-1178180632,600479,5953945,3,32,1,-0.196,-6.781,7.432,0.006,-0.015,0.005,71.45,1,942.11,51.58,657.86,1,940.43,51.96,624.70
T,5654212,1,353560102,-1178180631,600476,5953945,3,31,1,-0.196,-6.772,7.432,0.007,-0.012,0.006,71.48,1,942.12,51.59,657.77,1,940.42,51.98,624.79
T,5655196,1,353560100,-1178180629,600510,5953945,3,32,1,-0.196,-6.776,7.437,0.007,-0.013,0.006,71.45,1,942.11,51.61,657.86,1,940.39,52.00,625.06
T,5656181,1,353560103,-1178180628,600476,5953945,3,31,1,-0.187,-6.776,7.437,0.007,-0.013,0.006,71.47,1,942.09,51.62,658.03,1,940.42,52.01,624.79
T,5657276,1,353560104,-1178180626,600479,5953945,3,32,1,-0.191,-6.772,7.437,0.006,-0.013,0.007,71.54,1,942.09,51.64,658.03,1,940.44,52.03,624.62
T,5658263,1,353560110,-1178180624,600477,5953945,3,31,1,-0.201,-6.776,7.437,0.007,-0.013,0.006,71.57,1,942.10,51.66,657.95,1,940.40,52.05,624.97
T,5659248,1,353560117,-1178180623,600429,5953945,3,31,1,-0.196,-6.772,7.437,0.007,-0.013,0.007,71.56,1,942.14,51.68,657.59,1,940.44,52.07,624.62
T,5660234,1,353560123,-1178180626,600396,5953945,3,32,1,-0.201,-6.781,7.437,0.006,-0.013,0.006,71.59,1,942.12,51.69,657.77,1,940.39,52.08,625.06
T,5661221,1,353560123,-1178180631,600428,5953945,3,30,1,-0.201,-6.776,7.437,0.007,-0.013,0.006,71.60,1,942.12,51.71,657.77,1,940.41,52.10,624.88
T,5662207,1,353560130,-1178180631,600312,5953945,3,30,1,-0.201,-6.781,7.437,0.007,-0.013,0.007,71.60,1,942.12,51.72,657.77,1,940.41,52.11,624.88
T,5663193,1,353560138,-1178180627,600116,5953945,3,31,1,-0.206,-6.776,7.437,0.007,-0.013,0.005,71.61,1,942.14,51.74,657.59,1,940.42,52.13,624.79
T,5664285,1,353560147,-1178180623,599899,5953945,3,32,1,-0.206,-6.781,7.437,0.007,-0.013,0.006,71.69,1,942.12,51.76,657.77,1,940.40,52.15,624.97
T,5665173,1,353560155,-1178180618,599752,5953945,3,32,1,-0.191,-6.781,7.437,0.006,-0.015,0.007,71.66,1,942.09,51.78,658.03,1,940.43,52.17,624.70
T,5666260,1,353560160,-1178180614,599634,5953945,3,31,1,-0.211,-6.776,7.432,0.009,-0.013,0.007,71.67,1,942.10,51.79,657.95,1,940.44,52.18,624.62
T,5667248,1,353560168,-1178180611,599475,5953945,3,32,1,-0.196,-6.781,7.437,0.005,-0.012,0.006,71.70,1,942.09,51.81,658.03,1,940.46,52.20,624.44
T,5668232,1,353560178,-1178180610,599316,5953945,3,32,1,-0.206,-6.772,7.427,0.007,-0.013,0.007,71.70,1,942.09,51.82,658.03,1,940.39,52.22,625.06
T,5669216,1,353560186,-1178180606,599148,5953945,3,32,1,-0.201,-6.772,7.442,0.007,-0.015,0.006,71.69,1,942.09,51.84,658.03,1,940.41,52.23,624.88
T,5670203,1,353560197,-1178180604,598970,5953945,3,32,1,-0.196,-6.776,7.446,0.007,-0.015,0.006,71.75,1,942.10,51.86,657.95,1,940.41,52.25,624.88
T,5671294,1,353560205,-1178180600,598808,5953945,3,32,1,-0.206,-6.776,7.442,0.009,-0.013,0.007,71.77,1,942.09,51.87,658.03,1,940.38,52.27,625.15
T,5672182,1,353560211,-1178180598,598671,5953945,3,32,1,-0.211,-6.776,7.432,0.007,-0.015,0.007,71.75,1,942.07,51.89,658.21,1,940.41,52.29,624.88
T,5673270,1,353560214,-1178180598,598634,5953945,3,32,1,-0.201,-6.776,7.432,0.007,-0.015,0.007,71.84,1,942.09,51.91,658.03,1,940.44,52.30,624.62
T,5674259,1,353560217,-1178180597,598536,5953945,3,32,1,-0.196,-6.776,7.437,0.006,-0.013,0.006,71.84,1,942.09,51.92,658.03,1,940.43,52.32,624.70
T,5675248,1,353560222,-1178180596,598457,5953945,3,32,1,-0.206,-6.776,7.432,0.007,-0.015,0.006,71.84,1,942.08,51.94,658.12,1,940.45,52.34,624.53
T,5676232,1,353560223,-1178180592,598335,5953945,3,32,1,-0.201,-6.772,7.437,0.006,-0.013,0.007,71.88,1,942.12,51.96,657.77,1,940.41,52.35,624.88
T,5677217,1,353560224,-1178180589,598268,5953945,3,32,1,-0.201,-6.776,7.437,0.007,-0.013,0.006,71.88,1,942.09,51.97,658.03,1,940.39,52.37,625.06
T,5678205,1,353560226,-1178180589,598230,5953945,3,32,1,-0.206,-6.772,7.432,0.005,-0.015,0.006,71.87,1,942.04,51.99,658.48,1,940.39,52.39,625.06
T,5679192,1,353560229,-1178180588,598174,5953945,3,32,1,-0.191,-6.776,7.437,0.007,-0.013,0.006,71.95,1,942.11,52.01,657.86,1,940.39,52.40,625.06
T,5680179,1,353560230,-1178180590,598144,5953945,3,32,1,-0.201,-6.776,7.446,0.006,-0.013,0.006,71.95,1,942.07,52.02,658.21,1,940.39,52.42,625.06
T,5681268,1,353560229,-1178180592,598185,5953945,3,32,1,-0.211,-6.781,7.442,0.006,-0.013,0.006,71.95,1,942.06,52.04,658.30,1,940.38,52.44,625.15
T,5682254,1,353560230,-1178180594,598194,5953945,3,32,1,-0.201,-6.776,7.442,0.006,-0.015,0.006,71.91,1,942.02,52.06,658.65,1,940.37,52.46,625.24
T,5683244,1,353560233,-1178180595,598189,5953945,3,32,1,-0.206,-6.776,7.446,0.009,-0.013,0.007,71.98,1,942.11,52.07,657.86,1,940.38,52.47,625.15
T,5684228,1,353560236,-1178180595,598173,5953945,3,31,1,-0.206,-6.776,7.432,0.009,-0.013,0.006,72.00,1,942.06,52.09,658.30,1,940.41,52.49,624.88
T,5685214,1,353560238,-1178180593,598154,5953945,3,31,1,-0.201,-6.781,7.437,0.009,-0.013,0.006,72.03,1,942.02,52.11,658.65,1,940.37,52.51,625.24
T,5686200,1,353560235,-1178180596,598193,5953945,3,31,1,-0.201,-6.776,7.432,0.010,-0.012,0.007,72.05,1,941.96,52.12,659.18,1,940.36,52.53,625.33
T,5687187,1,353560225,-1178180601,598357,5953945,3,32,1,-0.201,-6.776,7.446,0.010,-0.015,0.007,72.06,1,942.01,52.14,658.74,1,940.40,52.54,624.97
T,5688276,1,353560225,-1178180602,598369,5953945,3,31,1,-0.201,-6.772,7.456,0.010,-0.013,0.006,72.03,1,942.01,52.15,658.74,1,940.38,52.56,625.15
T,5689262,1,353560226,-1178180605,598385,5953945,3,31,1,-0.201,-6.781,7.446,0.006,-0.015,0.007,72.09,1,942.07,52.16,658.21,1,940.40,52.58,624.97
T,5690251,1,353560222,-1178180610,598481,5953945,3,32,1,-0.206,-6.791,7.446,0.009,-0.013,0.007,72.12,1,942.06,52.18,658.30,1,940.37,52.59,625.24
T,5691235,1,353560219,-1178180615,598603,5953945,3,32,1,-0.206,-6.776,7.437,0.009,-0.012,0.006,72.16,1,942.06,52.20,658.30,1,940.38,52.61,625.15
T,5692224,1,353560217,-1178180621,598750,5953945,3,32,1,-0.196,-6.772,7.423,0.005,-0.015,0.006,72.18,1,942.10,52.22,657.95,1,940.42,52.63,624.79
T,5693209,1,353560211,-1178180628,598914,5953945,3,32,1,-0.196,-6.776,7.446,0.009,-0.013,0.007,72.20,1,942.09,52.23,658.03,1,940.39,52.64,625.06
T,5694195,1,353560207,-1178180631,599056,5953945,3,32,1,-0.201,-6.776,7.451,0.007,-0.013,0.006,72.20,1,942.06,52.25,658.30,1,940.39,52.66,625.06
T,5695182,1,353560200,-1178180637,599223,5953945,3,32,1,-0.191,-6.786,7.442,0.007,-0.013,0.007,72.21,1,942.04,52.26,658.48,1,940.42,52.67,624.79
T,5696168,1,353560193,-1178180642,599468,5953945,3,32,1,-0.211,-6.776,7.432,0.007,-0.015,0.006,72.20,1,942.05,52.28,658.39,1,940.39,52.69,625.06
T,5697261,1,353560185,-1178180648,599655,5953945,3,31,1,-0.201,-6.772,7.442,0.007,-0.013,0.006,72.23,1,942.06,52.30,658.30,1,940.40,52.72,624.97
T,5698246,1,353560178,-1178180654,599821,5953945,3,31,1,-0.201,-6.786,7.432,0.010,-0.013,0.006,72.23,1,942.06,52.32,658.30,1,940.40,52.74,624.97
T,5699234,1,353560168,-1178180661,600050,5953945,3,32,1,-0.211,-6.781,7.432,0.007,-0.013,0.006,72.29,1,942.03,52.34,658.57,1,940.36,52.75,625.33
T,5700221,1,353560161,-1178180669,600220,5953945,3,32,1,-0.196,-6.786,7.437,0.009,-0.013,0.007,72.33,1,942.07,52.35,658.21,1,940.40,52.76,624.97
T,5701210,1,353560155,-1178180675,600391,5953945,3,32,1,-0.201,-6.776,7.456,0.005,-0.013,0.006,72.38,1,942.06,52.37,658.30,1,940.42,52.78,624.79
T,5702198,1,353560151,-1178180680,600524,5953945,3,32,1,-0.206,-6.776,7.451,0.007,-0.015,0.006,72.36,1,942.05,52.39,658.39,1,940.38,52.79,625.15
T,5703287,1,353560149,-1178180684,600602,5953945,3,31,1,-0.196,-6.791,7.442,0.011,-0.015,0.006,72.32,1,942.05,52.40,658.39,1,940.45,52.81,624.53
T,5704173,1,353560146,-1178180686,600699,5953945,3,32,1,-0.201,-6.772,7.456,0.007,-0.013,0.006,72.41,1,942.02,52.42,658.65,1,940.37,52.83,625.24
T,5705260,1,353560144,-1178180686,600774,5953945,3,31,1,-0.206,-6.796,7.418,0.005,-0.013,0.006,72.43,1,942.03,52.44,658.57,1,940.43,52.84,624.70
T,5706249,1,353560142,-1178180686,600839,5953945,3,31,1,-0.206,-6.781,7.442,0.009,-0.013,0.007,72.44,1,942.04,52.45,658.48,1,940.36,52.86,625.33
T,5707235,1,353560140,-1178180688,600883,5953945,3,31,1,-0.201,-6.781,7.442,0.009,-0.012,0.007,72.45,1,942.07,52.47,658.21,1,940.43,52.88,624.70
T,5708223,1,353560140,-1178180686,600876,5953945,3,32,1,-0.201,-6.776,7.442,0.007,-0.013,0.007,72.44,1,942.04,52.49,658.48,1,940.39,52.89,625.06
T,5709213,1,353560139,-1178180685,600890,5953945,3,32,1,-0.201,-6.772,7.442,0.005,-0.012,0.006,72.44,1,942.03,52.51,658.57,1,940.39,52.92,625.06
T,5710199,1,353560138,-1178180685,600881,5953945,3,32,1,-0.206,-6.786,7.437,0.007,-0.013,0.007,72.48,1,942.03,52.52,658.57,1,940.36,52.94,625.33
T,5711185,1,353560136,-1178180685,600854,5953945,3,32,1,-0.206,-6.786,7.432,0.007,-0.013,0.006,72.49,1,942.09,52.54,658.03,1,940.38,52.96,625.15
T,5712282,1,353560132,-1178180681,600825,5953945,3,32,1,-0.201,-6.786,7.432,0.010,-0.013,0.006,72.52,1,942.06,52.56,658.30,1,940.39,52.97,625.06
T,5713268,1,353560130,-1178180678,600790,5953945,3,32,1,-0.196,-6.786,7.446,0.006,-0.013,0.006,72.51,1,942.09,52.57,658.03,1,940.39,52.98,625.06
T,5714252,1,353560129,-1178180673,600751,5953945,3,31,1,-0.201,-6.786,7.437,0.007,-0.013,0.007,72.59,1,942.05,52.59,658.39,1,940.41,53.00,624.88
T,5715237,1,353560127,-1178180667,600714,5953945,3,32,1,-0.211,-6.786,7.442,0.007,-0.013,0.006,72.57,1,942.02,52.61,658.65,1,940.37,53.02,625.24
T,5716224,1,353560126,-1178180664,600641,5953945,3,31,1,-0.201,-6.772,7.442,0.009,-0.013,0.007,72.58,1,942.03,52.62,658.57,1,940.38,53.03,625.15
T,5717207,1,353560125,-1178180661,600566,5953945,3,32,1,-0.206,-6.786,7.432,0.006,-0.015,0.007,72.58,1,942.03,52.64,658.57,1,940.39,53.04,625.06
T,5718190,1,353560123,-1178180658,600540,5953945,3,32,1,-0.201,-6.762,7.446,0.009,-0.015,0.007,72.66,1,942.00,52.66,658.83,1,940.37,53.06,625.24
T,5719178,1,353560122,-1178180657,600532,5953945,3,32,1,-0.201,-6.776,7.442,0.007,-0.013,0.007,72.66,1,942.10,52.67,657.95,1,940.38,53.08,625.15
T,5720265,1,353560124,-1178180655,600487,5953945,3,32,1,-0.196,-6.776,7.432,0.005,-0.015,0.007,72.70,1,942.03,52.69,658.57,1,940.36,53.10,625.33
T,5721248,1,353560124,-1178180653,600525,5953945,3,32,1,-0.196,-6.786,7.432,0.006,-0.013,0.007,72.66,1,942.07,52.71,658.21,1,940.39,53.12,625.06
T,5722231,1,353560126,-1178180651,600499,5953945,3,31,1,-0.201,-6.772,7.446,0.013,-0.015,0.007,72.70,1,942.02,52.73,658.65,1,940.34,53.15,625.50
T,5723218,1,353560134,-1178180657,600309,5953945,3,32,1,-0.206,-6.800,7.432,0.004,-0.013,0.006,72.70,1,942.04,52.75,658.48,1,940.39,53.16,625.06
T,5724211,1,353560140,-1178180659,600185,5953945,3,31,1,-0.201,-6.781,7.437,0.011,-0.013,0.006,72.72,1,942.05,52.76,658.39,1,940.38,53.18,625.15
T,5725195,1,353560143,-1178180662,600055,5953945,3,31,1,-0.211,-6.786,7.451,0.006,-0.012,0.006,72.73,1,942.07,52.78,658.21,1,940.39,53.19,625.06
T,5726186,1,353560144,-1178180660,600040,5953945,3,32,1,-0.211,-6.776,7.437,0.007,-0.015,0.006,72.72,1,942.03,52.80,658.57,1,940.37,53.21,625.24
T,5727273,1,353560146,-1178180658,600051,5953945,3,31,1,-0.196,-6.781,7.442,0.007,-0.013,0.007,72.77,1,942.04,52.82,658.48,1,940.41,53.22,624.88
T,5728266,1,353560147,-1178180652,600049,5953945,3,32,1,-0.206,-6.776,7.437,0.009,-0.013,0.007,72.84,1,942.07,52.83,658.21,1,940.43,53.24,624.70
T,5729251,1,353560145,-1178180651,600033,5953945,3,31,1,-0.206,-6.776,7.451,0.007,-0.013,0.006,72.84,1,942.06,52.85,658.30,1,940.38,53.25,625.15
T,5730242,1,353560145,-1178180650,599996,5953945,3,32,1,-0.206,-6.786,7.437,0.006,-0.013,0.006,72.87,1,942.02,52.86,658.65,1,940.40,53.27,624.97
T,5731225,1,353560147,-1178180651,599964,5953945,3,32,1,-0.201,-6.781,7.451,0.007,-0.013,0.006,72.82,1,942.09,52.88,658.03,1,940.43,53.28,624.70
T,5732208,1,353560147,-1178180652,599930,5953945,3,31,1,-0.196,-6.786,7.442,0.010,-0.015,0.007,72.88,1,942.09,52.90,658.03,1,940.44,53.30,624.62
T,5733190,1,353560146,-1178180652,599929,5953945,3,31,1,-0.206,-6.786,7.451,0.009,-0.013,0.007,72.87,1,942.08,52.91,658.12,1,940.40,53.32,624.97
T,5734278,1,353560147,-1178180655,599940,5953945,3,32,1,-0.201,-6.786,7.442,0.007,-0.015,0.007,72.94,1,942.03,52.93,658.57,1,940.42,53.33,624.79
T,5735261,1,353560147,-1178180658,599930,5953945,3,32,1,-0.206,-6.781,7.451,0.007,-0.013,0.006,72.95,1,942.06,52.95,658.30,1,940.40,53.35,624.97
T,5736246,1,353560145,-1178180659,599948,5953945,3,32,1,-0.201,-6.786,7.437,0.009,-0.012,0.007,72.98,1,942.09,52.97,658.03,1,940.41,53.37,624.88
T,5737236,1,353560144,-1178180661,599967,5953945,3,32,1,-0.211,-6.791,7.442,0.006,-0.012,0.006,72.95,1,942.06,52.98,658.30,1,940.42,53.38,624.79
T,5738219,1,353560143,-1178180662,600016,5953945,3,31,1,-0.201,-6.776,7.437,0.009,-0.015,0.009,72.98,1,942.07,53.00,658.21,1,940.44,53.40,624.62
T,5739204,1,353560145,-1178180662,600007,5953945,3,31,1,-0.201,-6.781,7.442,0.007,-0.013,0.007,73.00,1,942.13,53.02,657.68,1,940.39,53.42,625.06
T,5740187,1,353560146,-1178180664,600032,5953945,3,31,1,-0.201,-6.772,7.442,0.007,-0.013,0.007,73.03,1,942.08,53.03,658.12,1,940.35,53.44,625.41
T,5741273,1,353560144,-1178180666,600020,5953945,3,31,1,-0.196,-6.781,7.432,0.007,-0.012,0.007,73.08,1,942.06,53.05,658.30,1,940.35,53.45,625.41
T,5742255,1,353560144,-1178180669,600027,5953945,3,31,1,-0.215,-6.781,7.446,0.006,-0.013,0.006,73.05,1,942.07,53.07,658.21,1,940.39,53.47,625.06
T,5743239,1,353560145,-1178180672,599996,5953945,3,32,1,-0.211,-6.786,7.446,0.009,-0.015,0.006,73.09,1,942.01,53.08,658.74,1,940.36,53.48,625.33
T,5744223,1,353560147,-1178180673,599945,5953945,3,32,1,-0.206,-6.776,7.442,0.006,-0.013,0.006,73.10,1,942.02,53.10,658.65,1,940.39,53.50,625.06
T,5745205,1,353560148,-1178180676,599890,5953945,3,31,1,-0.201,-6.781,7.437,0.009,-0.013,0.007,73.14,1,942.06,53.11,658.30,1,940.39,53.52,625.06
T,5746190,1,353560149,-1178180678,599823,5953945,3,32,1,-0.201,-6.786,7.442,0.006,-0.013,0.006,73.15,1,942.02,53.13,658.65,1,940.34,53.53,625.50
T,5747174,1,353560149,-1178180679,599799,5953945,3,32,1,-0.201,-6.791,7.432,0.007,-0.015,0.006,73.18,1,942.07,53.15,658.21,1,940.39,53.55,625.06
T,5748274,1,353560148,-1178180679,599805,5953945,3,32,1,-0.206,-6.786,7.432,0.007,-0.013,0.007,73.20,1,942.09,53.16,658.03,1,940.40,53.57,624.97
T,5749257,1,353560148,-1178180680,599785,5953945,3,31,1,-0.211,-6.786,7.442,0.007,-0.012,0.006,73.18,1,942.06,53.18,658.30,1,940.39,53.59,625.06
T,5750241,1,353560150,-1178180682,599798,5953945,3,31,1,-0.206,-6.772,7.442,0.007,-0.015,0.007,73.20,1,942.02,53.20,658.65,1,940.39,53.60,625.06
T,5751228,1,353560152,-1178180681,599802,5953945,3,32,1,-0.211,-6.772,7.446,0.007,-0.013,0.007,73.27,1,942.05,53.21,658.39,1,940.35,53.62,625.41
T,5752214,1,353560153,-1178180683,599836,5953945,3,32,1,-0.206,-6.786,7.437,0.007,-0.012,0.007,73.29,1,942.05,53.23,658.39,1,940.35,53.63,625.41
T,5753198,1,353560153,-1178180684,599848,5953945,3,32,1,-0.201,-6.781,7.442,0.009,-0.013,0.006,73.30,1,942.03,53.24,658.57,1,940.37,53.64,625.24
T,5754181,1,353560153,-1178180685,599803,5953945,3,31,1,-0.201,-6.781,7.451,0.007,-0.012,0.007,73.32,1,942.05,53.26,658.39,1,940.35,53.66,625.41
T,5755278,1,353560153,-1178180686,599768,5953945,3,32,1,-0.206,-6.776,7.442,0.009,-0.013,0.006,73.33,1,942.07,53.28,658.21,1,940.33,53.68,625.59
T,5756266,1,353560151,-1178180687,599740,5953945,3,32,1,-0.201,-6.781,7.442,0.006,-0.012,0.006,73.31,1,942.03,53.29,658.57,1,940.40,53.70,624.97
T,5757250,1,353560148,-1178180689,599737,5953945,3,31,1,-0.191,-6.776,7.446,0.007,-0.013,0.007,73.39,1,942.03,53.31,658.57,1,940.38,53.71,625.15
T,5758239,1,353560145,-1178180691,599760,5953945,3,31,1,-0.206,-6.786,7.437,0.006,-0.013,0.007,73.41,1,942.04,53.32,658.48,1,940.35,53.73,625.41
T,5759235,1,353560143,-1178180690,599763,5953945,3,32,1,-0.206,-6.781,7.442,0.007,-0.013,0.006,73.41,1,942.03,53.34,658.57,1,940.38,53.75,625.15
T,5760218,1,353560141,-1178180687,599789,5953945,3,31,1,-0.201,-6.772,7.446,0.006,-0.013,0.007,73.44,1,942.06,53.36,658.30,1,940.37,53.76,625.24
T,5761206,1,353560137,-1178180685,599806,5953945,3,31,1,-0.201,-6.786,7.437,0.009,-0.013,0.007,73.45,1,942.05,53.37,658.39,1,940.39,53.78,625.06
T,5762192,1,353560136,-1178180684,599821,5953945,3,31,1,-0.206,-6.776,7.442,0.006,-0.013,0.007,73.46,1,942.02,53.39,658.65,1,940.40,53.80,624.97
T,5763278,1,353560135,-1178180685,599802,5953945,3,31,1,-0.201,-6.776,7.442,0.007,-0.013,0.006,73.44,1,942.05,53.41,658.39,1,940.39,53.81,625.06
T,5764262,1,353560136,-1178180687,599753,5953945,3,31,1,-0.206,-6.772,7.442,0.009,-0.013,0.006,73.48,1,942.07,53.42,658.21,1,940.37,53.83,625.24
T,5765247,1,353560136,-1178180689,599737,5953945,3,31,1,-0.196,-6.781,7.437,0.009,-0.013,0.007,73.48,1,942.04,53.44,658.48,1,940.37,53.84,625.24
T,5766234,1,353560138,-1178180688,599673,5953945,3,31,1,-0.196,-6.781,7.442,0.009,-0.013,0.006,73.50,1,942.02,53.45,658.65,1,940.36,53.86,625.33
T,5767217,1,353560139,-1178180688,599637,5953945,3,32,1,-0.206,-6.781,7.456,0.007,-0.013,0.007,73.52,1,942.03,53.47,658.57,1,940.38,53.88,625.15
T,5768202,1,353560142,-1178180688,599591,5953945,3,32,1,-0.201,-6.786,7.451,0.006,-0.013,0.006,73.54,1,942.07,53.49,658.21,1,940.34,53.89,625.50
T,5769187,1,353560143,-1178180686,599531,5953945,3,31,1,-0.191,-6.781,7.437,0.007,-0.013,0.006,73.57,1,942.04,53.50,658.48,1,940.35,53.91,625.41
T,5770272,1,353560143,-1178180682,599467,5953945,3,31,1,-0.201,-6.781,7.446,0.007,-0.013,0.007,73.55,1,942.00,53.52,658.83,1,940.37,53.93,625.24
T,5771257,1,353560140,-1178180680,599487,5953945,3,32,1,-0.201,-6.781,7.446,0.006,-0.015,0.007,73.61,1,942.04,53.54,658.48,1,940.37,53.94,625.24
T,5772244,1,353560137,-1178180681,599485,5953945,3,32,1,-0.201,-6.786,7.437,0.006,-0.013,0.007,73.63,1,942.05,53.55,658.39,1,940.31,53.96,625.77
T,5773233,1,353560139,-1178180687,599433,5953945,3,32,1,-0.206,-6.781,7.446,0.009,-0.013,0.007,73.64,1,942.04,53.57,658.48,1,940.33,53.97,625.59
T,5774220,1,353560140,-1178180690,599448,5953945,3,31,1,-0.201,-6.786,7.446,0.007,-0.015,0.007,73.63,1,942.05,53.58,658.39,1,940.37,53.99,625.24
T,5775207,1,353560141,-1178180692,599497,5953945,3,31,1,-0.196,-6.776,7.446,0.007,-0.013,0.007,73.63,1,942.04,53.60,658.48,1,940.36,54.00,625.33
T,5776198,1,353560141,-1178180694,599552,5953945,3,31,1,-0.206,-6.767,7.442,0.006,-0.013,0.006,73.70,1,942.03,53.62,658.57,1,940.37,54.02,625.24
T,5777284,1,353560140,-1178180695,599587,5953945,3,32,1,-0.196,-6.786,7.456,0.007,-0.013,0.007,73.71,1,941.99,53.63,658.92,1,940.36,54.04,625.33
T,5778274,1,353560142,-1178180704,599575,5953945,3,32,1,-0.201,-6.781,7.446,0.007,-0.013,0.006,73.71,1,942.07,53.65,658.21,1,940.37,54.05,625.24
T,5779257,1,353560143,-1178180706,599563,5953945,3,31,1,-0.196,-6.781,7.446,0.007,-0.013,0.006,73.72,1,942.03,53.66,658.57,1,940.35,54.07,625.41
T,5780243,1,353560140,-1178180699,599621,5953945,3,31,1,-0.201,-6.796,7.427,0.009,-0.013,0.007,73.72,1,942.03,53.68,658.57,1,940.34,54.08,625.50
T,5781231,1,353560140,-1178180692,599713,5953945,3,31,1,-0.196,-6.786,7.451,0.007,-0.011,0.006,73.76,1,942.02,53.70,658.65,1,940.35,54.10,625.41
T,5782220,1,353560138,-1178180691,599758,5953945,3,31,1,-0.201,-6.776,7.442,0.007,-0.013,0.006,73.76,1,941.98,53.71,659.01,1,940.43,54.12,624.70
T,5783204,1,353560137,-1178180684,599778,5953945,3,32,1,-0.201,-6.781,7.446,0.006,-0.013,0.006,73.76,1,942.03,53.73,658.57,1,940.32,54.13,625.68
T,5784186,1,353560136,-1178180678,599850,5953945,3,32,1,-0.201,-6.776,7.446,0.009,-0.015,0.007,73.82,1,942.02,53.74,658.65,1,940.35,54.15,625.41
T,5785271,1,353560138,-1178180673,599917,5953945,3,32,1,-0.201,-6.781,7.446,0.007,-0.013,0.007,73.80,1,942.02,53.76,658.65,1,940.35,54.16,625.41
T,5786255,1,353560135,-1178180668,600022,5953945,3,31,1,-0.211,-6.781,7.446,0.006,-0.013,0.007,73.82,1,942.02,53.78,658.65,1,940.38,54.18,625.15
T,5787241,1,353560127,-1178180658,600148,5953945,3,31,1,-0.201,-6.786,7.442,0.007,-0.015,0.007,73.86,1,942.02,53.79,658.65,1,940.35,54.20,625.41
T,5788229,1,353560121,-1178180648,600266,5953945,3,31,1,-0.206,-6.781,7.437,0.007,-0.013,0.006,73.82,1,942.02,53.81,658.65,1,940.37,54.21,625.24
T,5789212,1,353560113,-1178180640,600421,5953945,3,32,1,-0.191,-6.791,7.432,0.006,-0.015,0.006,73.89,1,942.07,53.82,658.21,1,940.35,54.23,625.41
T,5790198,1,353560109,-1178180631,600565,5953945,3,32,1,-0.211,-6.786,7.456,0.009,-0.015,0.007,73.86,1,942.01,53.84,658.74,1,940.36,54.24,625.33
T,5791182,1,353560105,-1178180624,600731,5953945,3,32,1,-0.201,-6.786,7.451,0.009,-0.015,0.007,73.93,1,942.02,53.85,658.65,1,940.36,54.26,625.33
T,5792168,1,353560099,-1178180619,600859,5953945,3,31,1,-0.201,-6.796,7.451,0.007,-0.013,0.007,73.93,1,942.02,53.87,658.65,1,940.36,54.28,625.33
T,5793151,1,353560093,-1178180610,600981,5953945,3,32,1,-0.196,-6.781,7.437,0.009,-0.012,0.006,73.96,1,942.02,53.89,658.65,1,940.33,54.29,625.59
T,5794240,1,353560089,-1178180602,601074,5953945,3,32,1,-0.191,-6.786,7.451,0.007,-0.013,0.006,74.00,1,942.02,53.90,658.65,1,940.37,54.31,625.24
T,5795230,1,353560092,-1178180600,601084,5953945,3,32,1,-0.206,-6.791,7.442,0.007,-0.013,0.007,73.99,1,941.98,53.92,659.01,1,940.37,54.32,625.24
T,5796214,1,353560095,-1178180603,601012,5953945,3,32,1,-0.201,-6.786,7.442,0.007,-0.013,0.007,74.00,1,942.01,53.94,658.74,1,940.33,54.34,625.59
T,5797209,1,353560097,-1178180609,600979,5953945,3,32,1,-0.201,-6.772,7.437,0.009,-0.013,0.007,74.06,1,942.02,53.95,658.65,1,940.38,54.36,625.15
T,5798191,1,353560093,-1178180611,600991,5953945,3,32,1,-0.206,-6.781,7.456,0.007,-0.016,0.007,74.00,1,942.03,53.97,658.57,1,940.29,54.37,625.94
T,5799276,1,353560092,-1178180612,600993,5953945,3,31,1,-0.201,-6.776,7.446,0.007,-0.012,0.006,74.06,1,942.03,53.98,658.57,1,940.33,54.39,625.59
T,5800260,1,353560094,-1178180613,601008,5953945,3,32,1,-0.191,-6.791,7.442,0.007,-0.015,0.007,74.07,1,942.04,54.00,658.48,1,940.33,54.41,625.59
T,5801257,1,353560095,-1178180614,601051,5953945,3,32,1,-0.196,-6.781,7.442,0.007,-0.013,0.007,74.15,1,941.99,54.01,658.92,1,940.37,54.42,625.24
T,5802250,1,353560098,-1178180614,601065,5953945,3,32,1,-0.201,-6.786,7.451,0.007,-0.013,0.007,74.13,1,942.06,54.03,658.30,1,940.34,54.44,625.50
T,5803234,1,353560100,-1178180616,601109,5953945,3,32,1,-0.196,-6.786,7.437,0.006,-0.012,0.006,74.16,1,942.00,54.05,658.83,1,940.35,54.46,625.41
T,5804219,1,353560101,-1178180615,601126,5953945,3,32,1,-0.201,-6.781,7.437,0.006,-0.015,0.007,74.14,1,942.03,54.06,658.57,1,940.34,54.47,625.50
T,5805201,1,353560100,-1178180615,601123,5953945,3,32,1,-0.187,-6.791,7.442,0.007,-0.013,0.006,74.17,1,942.02,54.08,658.65,1,940.33,54.48,625.59
T,5806188,1,353560102,-1178180616,601092,5953945,3,32,1,-0.201,-6.781,7.446,0.010,-0.015,0.006,74.20,1,942.02,54.09,658.65,1,940.34,54.50,625.50
T,5807273,1,353560103,-1178180616,601084,5953945,3,32,1,-0.211,-6.776,7.446,0.006,-0.015,0.006,74.22,1,942.04,54.11,658.48,1,940.33,54.52,625.59
T,5808259,1,353560102,-1178180616,601124,5953945,3,32,1,-0.201,-6.791,7.446,0.007,-0.015,0.007,74.22,1,941.99,54.12,658.92,1,940.36,54.53,625.33
T,5809243,1,353560102,-1178180614,601112,5953945,3,32,1,-0.201,-6.772,7.446,0.009,-0.015,0.007,74.23,1,942.00,54.14,658.83,1,940.31,54.55,625.77
T,5810226,1,353560107,-1178180619,601096,5953945,3,32,1,-0.201,-6.781,7.442,0.007,-0.013,0.007,74.30,1,942.05,54.16,658.39,1,940.36,54.56,625.33
T,5811213,1,353560114,-1178180622,601147,5953945,3,32,1,-0.201,-6.772,7.451,0.007,-0.013,0.007,74.29,1,942.00,54.17,658.83,1,940.32,54.58,625.68
T,5812201,1,353560121,-1178180629,601048,5953945,3,32,1,-0.206,-6.786,7.437,0.007,-0.013,0.007,74.27,1,941.97,54.19,659.09,1,940.31,54.59,625.77
T,5813192,1,353560119,-1178180624,601011,5953945,3,30,1,-0.201,-6.786,7.446,0.007,-0.013,0.007,74.32,1,942.00,54.20,658.83,1,940.33,54.61,625.59
T,5814176,1,353560120,-1178180621,600928,5953945,3,31,1,-0.206,-6.776,7.446,0.006,-0.015,0.007,74.36,1,941.98,54.22,659.01,1,940.33,54.63,625.59
T,5815265,1,353560121,-1178180619,600865,5953945,3,32,1,-0.201,-6.791,7.446,0.007,-0.015,0.007,74.38,1,942.02,54.24,658.65,1,940.31,54.64,625.77
T,5816248,1,353560127,-1178180627,600664,5953945,3,32,1,-0.201,-6.786,7.437,0.006,-0.015,0.007,74.37,1,942.00,54.25,658.83,1,940.34,54.66,625.50
T,5817232,1,353560133,-1178180636,600480,5953945,3,32,1,-0.201,-6.786,7.442,0.007,-0.013,0.007,74.41,1,942.04,54.27,658.48,1,940.29,54.67,625.94
T,5818220,1,353560134,-1178180642,600279,5953945,3,31,1,-0.196,-6.781,7.442,0.006,-0.013,0.007,74.44,1,942.03,54.28,658.57,1,940.37,54.69,625.24
T,5819209,1,353560141,-1178180655,600142,5953945,3,32,1,-0.201,-6.786,7.446,0.007,-0.013,0.006,74.43,1,942.00,54.30,658.83,1,940.34,54.71,625.50
T,5820192,1,353560151,-1178180668,600038,5953945,3,32,1,-0.206,-6.781,7.437,0.009,-0.015,0.007,74.45,1,942.05,54.32,658.39,1,940.36,54.72,625.33
T,5821175,1,353560152,-1178180668,600041,5953945,3,32,1,-0.201,-6.786,7.451,0.009,-0.013,0.007,74.47,1,942.01,54.33,658.74,1,940.36,54.74,625.33
T,5822262,1,353560155,-1178180671,599914,5953945,3,32,1,-0.201,-6.781,7.446,0.007,-0.015,0.007,74.46,1,942.01,54.35,658.74,1,940.32,54.75,625.68
T,5823246,1,353560158,-1178180670,599894,5953945,3,32,1,-0.206,-6.781,7.442,0.007,-0.015,0.007,74.49,1,941.99,54.36,658.92,1,940.35,54.77,625.41
T,5824231,1,353560162,-1178180677,599741,5953945,3,32,1,-0.201,-6.781,7.446,0.009,-0.013,0.007,74.48,1,942.03,54.38,658.57,1,940.32,54.79,625.68
T,5825218,1,353560165,-1178180684,599546,5953945,3,32,1,-0.201,-6.791,7.427,0.007,-0.013,0.007,74.54,1,942.00,54.39,658.83,1,940.33,54.80,625.59
T,5826203,1,353560166,-1178180686,599471,5953945,3,32,1,-0.201,-6.776,7.446,0.006,-0.013,0.007,74.52,1,942.01,54.41,658.74,1,940.36,54.82,625.33
T,5827187,1,353560170,-1178180690,599360,5953945,3,32,1,-0.206,-6.776,7.437,0.009,-0.013,0.007,74.58,1,942.01,54.42,658.74,1,940.34,54.83,625.50
T,5828279,1,353560172,-1178180692,599282,5953945,3,32,1,-0.201,-6.786,7.451,0.009,-0.012,0.007,74.59,1,942.01,54.44,658.74,1,940.33,54.85,625.59
T,5829266,1,353560168,-1178180690,599341,5953945,3,32,1,-0.191,-6.781,7.442,0.009,-0.013,0.007,74.60,1,942.01,54.45,658.74,1,940.31,54.87,625.77
T,5830251,1,353560165,-1178180688,599370,5953945,3,32,1,-0.196,-6.781,7.451,0.009,-0.015,0.007,74.61,1,942.04,54.47,658.48,1,940.35,54.88,625.41
T,5831243,1,353560162,-1178180685,599428,5953945,3,32,1,-0.206,-6.786,7.427,0.007,-0.013,0.007,74.63,1,942.03,54.49,658.57,1,940.31,54.89,625.77
T,5832238,1,353560158,-1178180679,599490,5953945,3,32,1,-0.201,-6.781,7.446,0.009,-0.013,0.006,74.65,1,942.03,54.50,658.57,1,940.34,54.92,625.50
T,5833222,1,353560151,-1178180669,599491,5953945,3,32,1,-0.196,-6.781,7.442,0.009,-0.013,0.007,74.65,1,941.99,54.52,658.92,1,940.34,54.94,625.50
T,5834206,1,353560143,-1178180666,599562,5953945,3,32,1,-0.206,-6.786,7.446,0.006,-0.013,0.007,74.66,1,942.02,54.53,658.65,1,940.34,54.95,625.50
T,5835191,1,353560139,-1178180661,599589,5953945,3,32,1,-0.196,-6.781,7.446,0.009,-0.013,0.007,74.71,1,942.00,54.55,658.83,1,940.36,54.96,625.33
T,5836176,1,353560140,-1178180655,599559,5953945,3,32,1,-0.201,-6.786,7.456,0.007,-0.015,0.007,74.74,1,941.98,54.56,659.01,1,940.34,54.98,625.50
T,5837261,1,353560142,-1178180651,599578,5953945,3,32,1,-0.201,-6.781,7.442,0.009,-0.012,0.007,74.73,1,942.02,54.58,658.65,1,940.30,54.99,625.85
T,5838245,1,353560144,-1178180649,599603,5953945,3,32,1,-0.191,-6.781,7.446,0.007,-0.013,0.006,74.73,1,942.05,54.59,658.39,1,940.33,55.01,625.59
T,5839298,1,353560144,-1178180649,599557,5953945,3,32,1,-0.196,-6.772,7.451,0.007,-0.013,0.007,74.73,1,942.04,54.61,658.48,1,940.33,55.02,625.59
T,5840183,1,353560146,-1178180647,599549,5953945,3,32,1,-0.196,-6.791,7.446,0.007,-0.015,0.007,74.76,1,942.03,54.62,658.57,1,940.32,55.03,625.68
T,5841167,1,353560149,-1178180647,599472,5953945,3,32,1,-0.196,-6.786,7.446,0.007,-0.015,0.007,74.77,1,942.05,54.64,658.39,1,940.36,55.05,625.33
T,5842155,1,353560150,-1178180645,599359,5953945,3,32,1,-0.201,-6.786,7.442,0.009,-0.012,0.007,74.83,1,941.99,54.65,658.92,1,940.36,55.07,625.33
T,5843243,1,353560151,-1178180645,599269,5953945,3,32,1,-0.191,-6.781,7.442,0.009,-0.013,0.007,74.80,1,942.02,54.67,658.65,1,940.37,55.08,625.24
T,5844226,1,353560154,-1178180643,599247,5953945,3,32,1,-0.196,-6.776,7.442,0.007,-0.013,0.007,74.81,1,942.04,54.69,658.48,1,940.36,55.10,625.33
T,5845210,1,353560155,-1178180639,599096,5953945,3,32,1,-0.206,-6.781,7.456,0.007,-0.013,0.007,74.86,1,941.97,54.70,659.09,1,940.37,55.11,625.24
T,5846196,1,353560159,-1178180642,599003,5953945,3,31,1,-0.187,-6.791,7.446,0.009,-0.013,0.006,74.84,1,941.98,54.71,659.01,1,940.34,55.13,625.50
T,5847180,1,353560165,-1178180645,598873,5953945,3,32,1,-0.201,-6.781,7.442,0.007,-0.013,0.006,74.93,1,942.01,54.73,658.74,1,940.31,55.14,625.77
T,5848265,1,353560171,-1178180649,598775,5953945,3,32,1,-0.196,-6.776,7.446,0.010,-0.012,0.007,74.88,1,941.98,54.75,659.01,1,940.34,55.16,625.50
T,5849248,1,353560170,-1178180644,598659,5953945,3,31,1,-0.206,-6.772,7.442,0.006,-0.013,0.006,74.95,1,942.03,54.76,658.57,1,940.32,55.17,625.68
T,5850235,1,353560171,-1178180640,598581,5953945,3,32,1,-0.196,-6.781,7.446,0.009,-0.013,0.006,74.96,1,942.05,54.78,658.39,1,940.35,55.19,625.41
T,5851226,1,353560170,-1178180637,598543,5953945,3,32,1,-0.196,-6.786,7.451,0.009,-0.013,0.006,74.99,1,942.06,54.79,658.30,1,940.37,55.20,625.24
T,5852209,1,353560170,-1178180633,598541,5953945,3,31,1,-0.201,-6.781,7.442,0.007,-0.015,0.007,74.96,1,942.01,54.81,658.74,1,940.33,55.22,625.59
T,5853195,1,353560167,-1178180625,598495,5953945,3,32,1,-0.201,-6.786,7.437,0.009,-0.013,0.007,74.98,1,942.05,54.82,658.39,1,940.36,55.24,625.33
T,5854178,1,353560168,-1178180627,598372,5953945,3,32,1,-0.196,-6.786,7.437,0.007,-0.015,0.007,75.01,1,942.06,54.84,658.30,1,940.34,55.25,625.50
T,5855263,1,353560169,-1178180628,598274,5953945,3,32,1,-0.201,-6.796,7.432,0.011,-0.016,0.006,75.02,1,942.04,54.86,658.48,1,940.32,55.27,625.68
T,5856247,1,353560170,-1178180631,598180,5953945,3,32,1,-0.201,-6.781,7.442,0.007,-0.012,0.007,74.98,1,942.02,54.87,658.65,1,940.33,55.28,625.59
T,5857235,1,353560175,-1178180634,598133,5953945,3,32,1,-0.201,-6.786,7.437,0.007,-0.012,0.009,75.05,1,941.98,54.89,659.01,1,940.32,55.30,625.68
T,5858226,1,353560179,-1178180636,598048,5953945,3,32,1,-0.201,-6.786,7.442,0.009,-0.013,0.006,75.07,1,942.09,54.90,658.03,1,940.34,55.31,625.50
T,5859209,1,353560181,-1178180636,597955,5953945,3,32,1,-0.187,-6.781,7.437,0.007,-0.013,0.007,75.03,1,942.06,54.92,658.30,1,940.33,55.33,625.59
T,5860195,1,353560182,-1178180635,597882,5953945,3,32,1,-0.191,-6.786,7.446,0.009,-0.015,0.007,75.16,1,942.03,54.93,658.57,1,940.36,55.35,625.33
T,5861285,1,353560184,-1178180636,597886,5953945,3,32,1,-0.211,-6.786,7.446,0.009,-0.013,0.006,75.14,1,942.01,54.95,658.74,1,940.40,55.37,624.97
T,5862269,1,353560183,-1178180636,597849,5953945,3,32,1,-0.206,-6.786,7.446,0.009,-0.015,0.007,75.18,1,942.03,54.96,658.57,1,940.35,55.38,625.41
T,5863253,1,353560180,-1178180635,597850,5953945,3,32,1,-0.196,-6.791,7.437,0.009,-0.013,0.006,75.12,1,942.02,54.98,658.65,1,940.35,55.39,625.41
T,5864239,1,353560176,-1178180635,597839,5953945,3,32,1,-0.201,-6.781,7.446,0.005,-0.013,0.007,75.20,1,942.01,54.99,658.74,1,940.32,55.41,625.68
T,5865223,1,353560171,-1178180635,597768,5953945,3,32,1,-0.196,-6.781,7.437,0.009,-0.013,0.007,75.21,1,942.01,55.01,658.74,1,940.35,55.42,625.41
T,5866208,1,353560168,-1178180635,597744,5953945,3,32,1,-0.206,-6.786,7.442,0.007,-0.015,0.006,75.22,1,942.02,55.02,658.65,1,940.33,55.43,625.59
T,5867194,1,353560163,-1178180635,597665,5953945,3,32,1,-0.196,-6.781,7.442,0.007,-0.013,0.006,75.24,1,941.98,55.03,659.01,1,940.33,55.45,625.59
T,5868182,1,353560159,-1178180637,597653,5953945,3,32,1,-0.201,-6.786,7.442,0.010,-0.015,0.007,75.24,1,942.02,55.05,658.65,1,940.36,55.46,625.33
T,5869267,1,353560155,-1178180637,597620,5953945,3,32,1,-0.196,-6.781,7.446,0.010,-0.015,0.006,75.27,1,942.02,55.07,658.65,1,940.35,55.48,625.41
T,5870256,1,353560156,-1178180638,597629,5953945,3,32,1,-0.206,-6.786,7.432,0.005,-0.013,0.007,75.30,1,942.01,55.08,658.74,1,940.30,55.49,625.85
T,5871242,1,353560155,-1178180639,597610,5953945,3,32,1,-0.201,-6.781,7.451,0.009,-0.013,0.007,75.30,1,942.03,55.09,658.57,1,940.36,55.51,625.33
T,5872226,1,353560156,-1178180643,597598,5953945,3,32,1,-0.206,-6.791,7.456,0.009,-0.016,0.007,75.29,1,942.05,55.11,658.39,1,940.38,55.52,625.15
T,5873210,1,353560152,-1178180649,597529,5953945,3,31,1,-0.191,-6.781,7.446,0.009,-0.015,0.006,75.35,1,942.00,55.12,658.83,1,940.35,55.53,625.41
T,5874198,1,353560148,-1178180654,597482,5953945,3,32,1,-0.201,-6.781,7.446,0.006,-0.015,0.007,75.36,1,942.05,55.14,658.39,1,940.37,55.55,625.24
T,5875183,1,353560146,-1178180658,597419,5953945,3,32,1,-0.201,-6.786,7.432,0.010,-0.013,0.007,75.34,1,942.04,55.15,658.48,1,940.37,55.56,625.24
T,5876268,1,353560143,-1178180658,597348,5953945,3,32,1,-0.201,-6.776,7.456,0.007,-0.015,0.007,75.37,1,941.95,55.16,659.27,1,940.30,55.58,625.85
T,5877256,1,353560140,-1178180656,597341,5953945,3,32,1,-0.201,-6.772,7.456,0.006,-0.015,0.006,75.35,1,942.01,55.18,658.74,1,940.38,55.59,625.15
T,5878245,1,353560138,-1178180653,597340,5953945,3,32,1,-0.201,-6.786,7.437,0.010,-0.013,0.007,75.43,1,942.06,55.19,658.30,1,940.35,55.61,625.41
T,5879228,1,353560139,-1178180652,597314,5953945,3,32,1,-0.196,-6.791,7.442,0.006,-0.013,0.006,75.48,1,942.02,55.20,658.65,1,940.34,55.62,625.50
T,5880212,1,353560139,-1178180649,597270,5953945,3,32,1,-0.201,-6.786,7.451,0.007,-0.013,0.007,75.45,1,942.03,55.21,658.57,1,940.33,55.63,625.59
T,5881198,1,353560138,-1178180644,597221,5953945,3,32,1,-0.206,-6.786,7.442,0.010,-0.012,0.007,75.45,1,942.00,55.23,658.83,1,940.36,55.65,625.33
T,5882181,1,353560140,-1178180641,597156,5953945,3,32,1,-0.201,-6.776,7.442,0.009,-0.013,0.006,75.50,1,942.10,55.25,657.95,1,940.31,55.66,625.77
T,5883268,1,353560140,-1178180639,597142,5953945,3,32,1,-0.211,-6.781,7.432,0.007,-0.015,0.007,75.48,1,941.99,55.26,658.92,1,940.35,55.68,625.41
T,5884253,1,353560139,-1178180638,597090,5953945,3,32,1,-0.206,-6.786,7.437,0.007,-0.015,0.007,75.50,1,942.05,55.27,658.39,1,940.33,55.69,625.59
T,5885240,1,353560139,-1178180638,597035,5953945,3,32,1,-0.196,-6.781,7.451,0.007,-0.013,0.009,75.50,1,941.99,55.28,658.92,1,940.38,55.70,625.15
T,5886223,1,353560141,-1178180639,596988,5953945,3,32,1,-0.201,-6.786,7.442,0.009,-0.013,0.006,75.55,1,942.00,55.30,658.83,1,940.31,55.72,625.77
T,5887210,1,353560141,-1178180638,596958,5953945,3,32,1,-0.201,-6.781,7.442,0.007,-0.015,0.006,75.54,1,942.03,55.31,658.57,1,940.36,55.73,625.33
T,5888201,1,353560142,-1178180639,596919,5953945,3,32,1,-0.206,-6.781,7.446,0.007,-0.015,0.006,75.53,1,942.02,55.33,658.65,1,940.35,55.75,625.41
T,5889185,1,353560143,-1178180644,596796,5953945,3,31,1,-0.201,-6.796,7.437,0.009,-0.013,0.007,75.57,1,941.98,55.34,659.01,1,940.30,55.76,625.85
T,5890271,1,353560143,-1178180646,596729,5953945,3,32,1,-0.201,-6.796,7.442,0.007,-0.013,0.007,75.57,1,941.99,55.35,658.92,1,940.34,55.78,625.50
T,5891254,1,353560142,-1178180645,596734,5953945,3,32,1,-0.187,-6.796,7.437,0.010,-0.013,0.007,75.58,1,942.03,55.37,658.57,1,940.33,55.79,625.59
T,5892240,1,353560141,-1178180642,596742,5953945,3,32,1,-0.196,-6.791,7.442,0.006,-0.013,0.007,75.64,1,941.98,55.38,659.01,1,940.30,55.80,625.85
T,5893225,1,353560143,-1178180642,596676,5953945,3,32,1,-0.206,-6.800,7.423,0.010,-0.013,0.007,75.60,1,941.98,55.39,659.01,1,940.32,55.81,625.68
T,5894222,1,353560143,-1178180642,596661,5953945,3,32,1,-0.196,-6.796,7.446,0.007,-0.015,0.007,75.68,1,942.03,55.41,658.57,1,940.32,55.83,625.68
T,5895209,1,353560144,-1178180639,596694,5953945,3,32,1,-0.196,-6.776,7.451,0.007,-0.013,0.006,75.65,1,942.00,55.42,658.83,1,940.30,55.84,625.85
T,5896192,1,353560145,-1178180636,596765,5953945,3,32,1,-0.196,-6.781,7.451,0.009,-0.013,0.007,75.66,1,942.05,55.43,658.39,1,940.35,55.85,625.41
T,5897277,1,353560143,-1178180633,596818,5953945,3,32,1,-0.196,-6.786,7.446,0.009,-0.015,0.007,75.64,1,942.05,55.45,658.39,1,940.33,55.87,625.59
T,5898261,1,353560139,-1178180625,596866,5953945,3,32,1,-0.201,-6.781,7.442,0.006,-0.013,0.006,75.70,1,942.01,55.46,658.74,1,940.34,55.88,625.50
T,5899248,1,353560138,-1178180621,596985,5953945,3,32,1,-0.201,-6.786,7.451,0.010,-0.015,0.006,75.71,1,942.03,55.47,658.57,1,940.31,55.90,625.77
T,5900231,1,353560137,-1178180617,597034,5953945,3,32,1,-0.196,-6.776,7.437,0.009,-0.013,0.007,75.70,1,942.04,55.49,658.48,1,940.33,55.91,625.59
T,5901220,1,353560138,-1178180616,597077,5953945,3,32,1,-0.211,-6.791,7.446,0.007,-0.015,0.007,75.70,1,942.06,55.50,658.30,1,940.34,55.92,625.50
T,5902218,1,353560138,-1178180615,597077,5953945,3,32,1,-0.201,-6.786,7.456,0.009,-0.013,0.009,75.76,1,942.02,55.51,658.65,1,940.34,55.94,625.50
T,5903201,1,353560137,-1178180613,597076,5953945,3,32,1,-0.196,-6.796,7.437,0.009,-0.015,0.009,75.77,1,942.06,55.53,658.30,1,940.38,55.95,625.15
T,5904185,1,353560134,-1178180612,597042,5953945,3,32,1,-0.211,-6.791,7.446,0.010,-0.015,0.009,75.77,1,942.02,55.54,658.65,1,940.34,55.96,625.50
T,5905269,1,353560135,-1178180611,597051,5953945,3,32,1,-0.196,-6.786,7.446,0.006,-0.015,0.007,75.77,1,941.99,55.55,658.92,1,940.32,55.98,625.68
T,5906265,1,353560136,-1178180610,597064,5953945,3,32,1,-0.201,-6.786,7.446,0.010,-0.013,0.009,75.80,1,942.00,55.57,658.83,1,940.32,55.99,625.68
T,5907249,1,353560135,-1178180607,597005,5953945,3,32,1,-0.196,-6.786,7.437,0.006,-0.015,0.006,75.78,1,942.03,55.58,658.57,1,940.33,56.01,625.59
T,5908244,1,353560133,-1178180605,596983,5953945,3,32,1,-0.191,-6.791,7.446,0.010,-0.013,0.007,75.80,1,942.00,55.59,658.83,1,940.37,56.02,625.24
T,5909230,1,353560134,-1178180606,597070,5953945,3,32,1,-0.201,-6.791,7.446,0.007,-0.015,0.006,75.83,1,941.99,55.61,658.92,1,940.32,56.03,625.68
T,5910223,1,353560134,-1178180608,597291,5953945,3,32,1,-0.196,-6.791,7.442,0.009,-0.015,0.007,75.86,1,942.03,55.62,658.57,1,940.35,56.05,625.41
T,5911208,1,353560136,-1178180609,597399,5953945,3,32,1,-0.201,-6.786,7.437,0.009,-0.013,0.007,75.83,1,942.05,55.64,658.39,1,940.34,56.06,625.50
T,5912193,1,353560135,-1178180609,597430,5953945,3,32,1,-0.196,-6.791,7.446,0.009,-0.013,0.006,75.87,1,942.00,55.65,658.83,1,940.35,56.07,625.41
T,5913178,1,353560136,-1178180610,597483,5953945,3,32,1,-0.196,-6.781,7.437,0.009,-0.013,0.007,75.90,1,942.00,55.66,658.83,1,940.33,56.09,625.59
T,5914162,1,353560133,-1178180611,597585,5953945,3,32,1,-0.201,-6.786,7.442,0.010,-0.015,0.007,75.86,1,941.99,55.68,658.92,1,940.33,56.10,625.59
T,5915258,1,353560129,-1178180609,597621,5953945,3,32,1,-0.191,-6.781,7.442,0.009,-0.015,0.007,75.93,1,941.98,55.69,659.01,1,940.32,56.12,625.68
T,5916246,1,353560127,-1178180608,597712,5953945,3,32,1,-0.201,-6.791,7.437,0.009,-0.015,0.007,75.90,1,942.01,55.70,658.74,1,940.35,56.13,625.41
T,5917231,1,353560125,-1178180609,597764,5953945,3,32,1,-0.196,-6.786,7.442,0.007,-0.013,0.006,75.97,1,941.97,55.72,659.09,1,940.33,56.14,625.59
T,5918214,1,353560124,-1178180608,597757,5953945,3,32,1,-0.201,-6.796,7.446,0.007,-0.013,0.009,75.96,1,942.00,55.73,658.83,1,940.29,56.16,625.94
T,5919198,1,353560124,-1178180608,597803,5953945,3,32,1,-0.206,-6.776,7.442,0.007,-0.013,0.007,75.96,1,941.99,55.74,658.92,1,940.30,56.17,625.85
T,5920184,1,353560120,-1178180603,597820,5953945,3,32,1,-0.201,-6.786,7.446,0.009,-0.015,0.007,76.02,1,941.99,55.76,658.92,1,940.29,56.19,625.94
T,5921269,1,353560115,-1178180599,597845,5953945,3,32,1,-0.196,-6.786,7.446,0.007,-0.013,0.006,76.03,1,941.99,55.77,658.92,1,940.31,56.20,625.77
T,5922253,1,353560113,-1178180599,597834,5953945,3,32,1,-0.191,-6.791,7.451,0.006,-0.013,0.007,76.06,1,941.97,55.78,659.09,1,940.29,56.21,625.94
T,5923241,1,353560110,-1178180600,597822,5953945,3,32,1,-0.196,-6.781,7.446,0.007,-0.013,0.006,76.04,1,942.00,55.80,658.83,1,940.32,56.23,625.68
T,5924227,1,353560109,-1178180601,597805,5953945,3,32,1,-0.182,-6.791,7.437,0.006,-0.012,0.007,76.07,1,941.95,55.81,659.27,1,940.31,56.24,625.77
T,5925216,1,353560110,-1178180603,597754,5953945,3,32,1,-0.196,-6.786,7.427,0.007,-0.013,0.006,76.07,1,942.03,55.82,658.57,1,940.32,56.25,625.68
T,5926200,1,353560109,-1178180603,597687,5953945,3,32,1,-0.201,-6.791,7.432,0.009,-0.013,0.007,76.12,1,941.99,55.84,658.92,1,940.31,56.27,625.77
T,5927188,1,353560110,-1178180604,597676,5953945,3,32,1,-0.196,-6.781,7.446,0.010,-0.013,0.007,76.12,1,942.00,55.85,658.83,1,940.27,56.28,626.12
T,5928173,1,353560109,-1178180605,597659,5953945,3,32,1,-0.191,-6.791,7.446,0.007,-0.012,0.006,76.10,1,941.95,55.86,659.27,1,940.31,56.30,625.77
T,5929258,1,353560108,-1178180605,597680,5953945,3,32,1,-0.196,-6.781,7.437,0.007,-0.015,0.009,76.14,1,941.93,55.88,659.45,1,940.32,56.31,625.68
T,5930245,1,353560109,-1178180609,597658,5953945,3,32,1,-0.196,-6.791,7.446,0.006,-0.015,0.007,76.14,1,941.95,55.89,659.27,1,940.29,56.32,625.94
T,5931231,1,353560110,-1178180612,597674,5953945,3,32,1,-0.196,-6.796,7.437,0.006,-0.013,0.007,76.16,1,941.97,55.90,659.09,1,940.26,56.34,626.21
T,5932219,1,353560108,-1178180611,597718,5953945,3,32,1,-0.196,-6.796,7.442,0.006,-0.013,0.007,76.20,1,941.99,55.92,658.92,1,940.29,56.35,625.94
T,5933204,1,353560111,-1178180615,597678,5953945,3,32,1,-0.196,-6.781,7.446,0.009,-0.015,0.007,76.18,1,941.92,55.93,659.54,1,940.31,56.36,625.77
T,5934190,1,353560108,-1178180609,597751,5953945,3,31,1,-0.206,-6.791,7.451,0.009,-0.013,0.007,76.27,1,941.98,55.94,659.01,1,940.31,56.37,625.77
T,5935174,1,353560108,-1178180605,597808,5953945,3,32,1,-0.191,-6.791,7.446,0.007,-0.016,0.007,76.23,1,942.00,55.95,658.83,1,940.25,56.39,626.30
T,5936260,1,353560105,-1178180602,597889,5953945,3,32,1,-0.191,-6.786,7.437,0.009,-0.013,0.007,76.24,1,941.95,55.97,659.27,1,940.31,56.40,625.77
T,5937245,1,353560104,-1178180602,597909,5953945,3,32,1,-0.201,-6.786,7.446,0.007,-0.015,0.007,76.25,1,941.93,55.98,659.45,1,940.28,56.42,626.03
T,5938229,1,353560102,-1178180604,597974,5953945,3,32,1,-0.201,-6.786,7.442,0.007,-0.013,0.006,76.27,1,941.98,55.99,659.01,1,940.27,56.43,626.12
T,5939212,1,353560102,-1178180609,598093,5953945,3,32,1,-0.191,-6.796,7.442,0.007,-0.013,0.006,76.30,1,941.96,56.01,659.18,1,940.28,56.44,626.03
T,5940197,1,353560108,-1178180615,598157,5953945,3,32,1,-0.196,-6.791,7.446,0.009,-0.015,0.007,76.30,1,941.94,56.02,659.36,1,940.24,56.46,626.39
T,5941183,1,353560112,-1178180619,598174,5953945,3,32,1,-0.187,-6.786,7.442,0.007,-0.015,0.006,76.32,1,941.97,56.03,659.09,1,940.29,56.47,625.94
T,5942166,1,353560117,-1178180623,598226,5953945,3,32,1,-0.196,-6.791,7.432,0.009,-0.015,0.007,76.34,1,941.95,56.04,659.27,1,940.28,56.48,626.03
T,5943252,1,353560122,-1178180626,598297,5953945,3,32,1,-0.196,-6.786,7.442,0.007,-0.015,0.009,76.39,1,942.04,56.06,658.48,1,940.30,56.50,625.85
T,5944238,1,353560125,-1178180629,598327,5953945,3,32,1,-0.196,-6.791,7.437,0.007,-0.015,0.006,76.39,1,942.02,56.07,658.65,1,940.26,56.51,626.21
T,5945222,1,353560128,-1178180628,598442,5953945,3,31,1,-0.201,-6.786,7.442,0.007,-0.013,0.007,76.39,1,941.97,56.08,659.09,1,940.27,56.52,626.12
T,5946208,1,353560131,-1178180627,598499,5953945,3,31,1,-0.196,-6.786,7.437,0.009,-0.012,0.006,76.42,1,941.92,56.10,659.54,1,940.31,56.53,625.77
T,5947193,1,353560135,-1178180628,598518,5953945,3,32,1,-0.196,-6.781,7.437,0.007,-0.013,0.007,76.45,1,941.96,56.11,659.18,1,940.29,56.55,625.94
T,5948178,1,353560136,-1178180628,598545,5953945,3,32,1,-0.191,-6.786,7.446,0.009,-0.013,0.007,76.41,1,942.02,56.13,658.65,1,940.28,56.56,626.03
T,5949267,1,353560134,-1178180628,598629,5953945,3,32,1,-0.191,-6.781,7.437,0.009,-0.013,0.007,76.51,1,941.98,56.14,659.01,1,940.33,56.58,625.59
T,5950253,1,353560129,-1178180625,598654,5953945,3,32,1,-0.196,-6.786,7.446,0.007,-0.013,0.007,76.52,1,941.96,56.15,659.18,1,940.30,56.59,625.85
T,5951241,1,353560122,-1178180624,598750,5953945,3,31,1,-0.196,-6.786,7.437,0.007,-0.013,0.007,76.47,1,941.99,56.17,658.92,1,940.31,56.60,625.77
T,5952230,1,353560114,-1178180625,598835,5953945,3,32,1,-0.206,-6.791,7.432,0.007,-0.015,0.007,76.51,1,941.99,56.18,658.92,1,940.30,56.62,625.85
T,5953219,1,353560112,-1178180629,598932,5953945,3,32,1,-0.182,-6.786,7.446,0.009,-0.013,0.006,76.51,1,941.96,56.20,659.18,1,940.30,56.63,625.85
T,5954204,1,353560109,-1178180631,598970,5953945,3,32,1,-0.196,-6.786,7.446,0.009,-0.015,0.007,76.57,1,941.93,56.21,659.45,1,940.27,56.64,626.12
T,5955193,1,353560106,-1178180632,599063,5953945,3,32,1,-0.196,-6.800,7.432,0.007,-0.015,0.007,76.51,1,942.00,56.22,658.83,1,940.32,56.66,625.68
T,5956178,1,353560104,-1178180632,599146,5953945,3,32,1,-0.191,-6.791,7.451,0.007,-0.013,0.009,76.55,1,941.96,56.24,659.18,1,940.27,56.68,626.12
T,5957262,1,353560099,-1178180631,599248,5953945,3,32,1,-0.196,-6.781,7.437,0.010,-0.013,0.007,76.57,1,941.96,56.25,659.18,1,940.33,56.69,625.59
T,5958257,1,353560097,-1178180630,599284,5953945,3,32,1,-0.191,-6.796,7.446,0.006,-0.013,0.006,76.59,1,941.98,56.27,659.01,1,940.30,56.70,625.85
T,5959240,1,353560096,-1178180629,599338,5953945,3,32,1,-0.201,-6.791,7.442,0.009,-0.015,0.009,76.59,1,941.96,56.28,659.18,1,940.28,56.72,626.03
T,5960223,1,353560095,-1178180629,599378,5953945,3,32,1,-0.191,-6.796,7.432,0.007,-0.013,0.007,76.60,1,941.94,56.29,659.36,1,940.30,56.73,625.85
T,5961207,1,353560096,-1178180630,599375,5953945,3,32,1,-0.191,-6.781,7.432,0.005,-0.013,0.009,76.58,1,941.98,56.31,659.01,1,940.28,56.74,626.03
T,5962192,1,353560097,-1178180631,599398,5953945,3,32,1,-0.201,-6.796,7.451,0.009,-0.015,0.007,76.62,1,941.99,56.32,658.92,1,940.29,56.75,625.94
T,5963175,1,353560101,-1178180639,599300,5953945,3,32,1,-0.201,-6.781,7.451,0.007,-0.013,0.007,76.62,1,942.00,56.33,658.83,1,940.29,56.77,625.94
T,5964159,1,353560104,-1178180649,599216,5953945,3,32,1,-0.196,-6.796,7.451,0.010,-0.015,0.007,76.64,1,942.00,56.34,658.83,1,940.31,56.78,625.77
T,5965247,1,353560109,-1178180651,599200,5953945,3,32,1,-0.211,-6.791,7.446,0.007,-0.015,0.007,76.69,1,942.00,56.36,658.83,1,940.31,56.79,625.77
T,5966234,1,353560109,-1178180654,599206,5953945,3,32,1,-0.182,-6.786,7.451,0.006,-0.013,0.007,76.70,1,941.97,56.37,659.09,1,940.30,56.81,625.85
T,5967216,1,353560109,-1178180656,599198,5953945,3,32,1,-0.201,-6.791,7.442,0.006,-0.013,0.009,76.72,1,941.96,56.39,659.18,1,940.32,56.82,625.68
T,5968200,1,353560113,-1178180662,599123,5953945,3,32,1,-0.201,-6.791,7.446,0.010,-0.015,0.007,76.72,1,941.99,56.40,658.92,1,940.31,56.83,625.77
T,5969287,1,353560114,-1178180661,599111,5953945,3,32,1,-0.201,-6.781,7.442,0.009,-0.013,0.007,76.71,1,941.94,56.41,659.36,1,940.28,56.85,626.03
T,5970270,1,353560112,-1178180659,599114,5953945,3,32,1,-0.211,-6.781,7.437,0.006,-0.013,0.007,76.66,1,941.98,56.42,659.01,1,940.30,56.85,625.85
T,5971256,1,353560111,-1178180660,599123,5953945,3,32,1,-0.201,-6.786,7.446,0.007,-0.013,0.007,76.74,1,941.92,56.42,659.54,1,940.27,56.87,626.12
T,5972245,1,353560112,-1178180663,599172,5953945,3,30,1,-0.191,-6.800,7.427,0.010,-0.013,0.007,76.77,1,941.96,56.43,659.18,1,940.28,56.89,626.03
T,5973228,1,353560114,-1178180662,599269,5953945,3,32,1,-0.196,-6.796,7.451,0.007,-0.013,0.007,76.76,1,942.00,56.45,658.83,1,940.33,56.90,625.59
T,5974211,1,353560114,-1178180662,599344,5953945,3,32,1,-0.191,-6.796,7.442,0.006,-0.013,0.007,76.78,1,941.97,56.47,659.09,1,940.27,56.91,626.12
T,5975197,1,353560113,-1178180664,599427,5953945,3,31,1,-0.206,-6.786,7.446,0.009,-0.013,0.007,76.82,1,942.00,56.48,658.83,1,940.31,56.92,625.77
T,5976184,1,353560117,-1178180669,599423,5953945,3,31,1,-0.191,-6.781,7.456,0.006,-0.015,0.007,76.81,1,941.99,56.49,658.92,1,940.34,56.93,625.50
T,5977272,1,353560118,-1178180675,599374,5953945,3,32,1,-0.196,-6.776,7.451,0.009,-0.015,0.007,76.82,1,941.93,56.51,659.45,1,940.33,56.94,625.59
T,5978256,1,353560119,-1178180676,599328,5953945,3,30,1,-0.206,-6.786,7.461,0.011,-0.013,0.007,76.81,1,941.96,56.52,659.18,1,940.26,56.96,626.21
T,5979244,1,353560119,-1178180675,599345,5953945,3,31,1,-0.201,-6.791,7.451,0.007,-0.013,0.006,76.83,1,941.99,56.53,658.92,1,940.30,56.97,625.85
T,5980232,1,353560119,-1178180677,599319,5953945,3,32,1,-0.187,-6.791,7.451,0.010,-0.013,0.007,76.84,1,941.92,56.54,659.54,1,940.27,56.99,626.12
T,5981216,1,353560119,-1178180680,599266,5953945,3,31,1,-0.191,-6.786,7.442,0.007,-0.012,0.007,76.85,1,942.01,56.56,658.74,1,940.29,56.99,625.94
T,5982200,1,353560117,-1178180683,599248,5953945,3,31,1,-0.191,-6.776,7.461,0.007,-0.013,0.007,76.89,1,942.00,56.57,658.83,1,940.32,57.01,625.68
T,5983187,1,353560119,-1178180687,599196,5953945,3,32,1,-0.196,-6.796,7.432,0.007,-0.013,0.007,76.86,1,942.01,56.58,658.74,1,940.33,57.02,625.59
T,5984173,1,353560119,-1178180688,599173,5953945,3,31,1,-0.191,-6.796,7.442,0.007,-0.013,0.007,76.90,1,941.93,56.60,659.45,1,940.33,57.04,625.59
T,5985258,1,353560119,-1178180689,599139,5953945,3,31,1,-0.201,-6.791,7.442,0.009,-0.013,0.007,76.94,1,942.05,56.61,658.39,1,940.36,57.05,625.33
T,5986245,1,353560117,-1178180690,599117,5953945,3,31,1,-0.201,-6.791,7.437,0.011,-0.013,0.007,76.94,1,942.01,56.62,658.74,1,940.32,57.06,625.68
T,5987232,1,353560116,-1178180690,599121,5953945,3,32,1,-0.191,-6.776,7.456,0.009,-0.012,0.007,76.94,1,942.00,56.63,658.83,1,940.36,57.07,625.33
T,5988216,1,353560115,-1178180691,599165,5953945,3,32,1,-0.191,-6.786,7.446,0.007,-0.013,0.009,76.95,1,941.97,56.64,659.09,1,940.33,57.08,625.59
T,5989201,1,353560116,-1178180692,599156,5953945,3,32,1,-0.196,-6.796,7.432,0.009,-0.013,0.007,77.04,1,941.98,56.65,659.01,1,940.33,57.09,625.59
T,5990187,1,353560115,-1178180694,599159,5953945,3,31,1,-0.196,-6.791,7.437,0.009,-0.013,0.007,77.00,1,942.01,56.66,658.74,1,940.35,57.10,625.41
T,5991172,1,353560116,-1178180697,599155,5953945,3,32,1,-0.196,-6.786,7.451,0.007,-0.013,0.009,77.02,1,942.03,56.67,658.57,1,940.39,57.12,625.06
T,5992263,1,353560114,-1178180697,599178,5953945,3,31,1,-0.196,-6.791,7.451,0.010,-0.013,0.006,77.03,1,942.01,56.69,658.74,1,940.33,57.13,625.59
T,5993250,1,353560111,-1178180695,599214,5953945,3,32,1,-0.201,-6.786,7.446,0.007,-0.012,0.009,77.00,1,941.97,56.70,659.09,1,940.30,57.14,625.85
T,5994235,1,353560106,-1178180691,599255,5953945,3,31,1,-0.187,-6.781,7.451,0.007,-0.013,0.007,77.00,1,941.99,56.71,658.92,1,940.28,57.15,626.03
T,5995227,1,353560102,-1178180687,599280,5953945,3,32,1,-0.191,-6.796,7.446,0.007,-0.013,0.007,77.06,1,942.00,56.72,658.83,1,940.31,57.16,625.77
T,5996213,1,353560099,-1178180685,599349,5953945,3,31,1,-0.201,-6.786,7.446,0.011,-0.013,0.007,77.07,1,942.02,56.73,658.65,1,940.34,57.17,625.50
T,5997200,1,353560095,-1178180684,599376,5953945,3,32,1,-0.191,-6.786,7.451,0.006,-0.015,0.007,77.06,1,941.98,56.74,659.01,1,940.32,57.19,625.68
T,5998183,1,353560092,-1178180687,599376,5953945,3,31,1,-0.196,-6.791,7.461,0.009,-0.015,0.007,77.10,1,941.96,56.76,659.18,1,940.34,57.20,625.50
T,5999284,1,353560090,-1178180689,599395,5953945,3,31,1,-0.187,-6.786,7.451,0.010,-0.013,0.007,77.09,1,942.01,56.77,658.74,1,940.32,57.21,625.68
T,6000188,1,353560091,-1178180691,599417,5953945,3,32,1,-0.196,-6.800,7.442,0.009,-0.015,0.007,77.11,1,941.98,56.78,659.01,1,940.31,57.22,625.77
T,6001272,1,353560090,-1178180696,599395,5953945,3,31,1,-0.196,-6.791,7.442,0.009,-0.015,0.007,77.09,1,941.99,56.79,658.92,1,940.31,57.24,625.77
T,6002257,1,353560088,-1178180696,599355,5953945,3,32,1,-0.191,-6.805,7.446,0.007,-0.013,0.007,77.15,1,941.96,56.80,659.18,1,940.29,57.25,625.94
T,6003243,1,353560088,-1178180699,599325,5953945,3,31,1,-0.191,-6.786,7.446,0.007,-0.013,0.007,77.20,1,942.00,56.81,658.83,1,940.32,57.26,625.68
T,6004230,1,353560087,-1178180697,599213,5953945,3,31,1,-0.191,-6.786,7.451,0.007,-0.013,0.009,77.15,1,942.02,56.82,658.65,1,940.26,57.27,626.21
T,6005215,1,353560087,-1178180695,599164,5953945,3,32,1,-0.191,-6.796,7.446,0.006,-0.013,0.007,77.18,1,941.96,56.84,659.18,1,940.29,57.29,625.94
T,6006199,1,353560088,-1178180691,599065,5953945,3,31,1,-0.196,-6.786,7.442,0.009,-0.013,0.009,77.19,1,941.95,56.85,659.27,1,940.33,57.29,625.59
T,6007193,1,353560086,-1178180687,599005,5953945,3,32,1,-0.187,-6.791,7.451,0.009,-0.013,0.006,77.19,1,941.97,56.86,659.09,1,940.31,57.31,625.77
T,6008182,1,353560086,-1178180685,598960,5953945,3,31,1,-0.187,-6.800,7.446,0.007,-0.015,0.006,77.21,1,941.98,56.87,659.01,1,940.30,57.32,625.85
T,6009267,1,353560083,-1178180681,598901,5953945,3,32,1,-0.191,-6.786,7.442,0.007,-0.015,0.007,77.27,1,941.98,56.88,659.01,1,940.31,57.33,625.77
T,6010254,1,353560080,-1178180684,598836,5953945,3,32,1,-0.201,-6.791,7.446,0.009,-0.013,0.007,77.27,1,941.96,56.90,659.18,1,940.30,57.34,625.85
T,6011251,1,353560082,-1178180689,598790,5953945,3,32,1,-0.196,-6.791,7.446,0.007,-0.015,0.006,77.30,1,941.95,56.91,659.27,1,940.28,57.36,626.03
T,6012235,1,353560084,-1178180694,598730,5953945,3,31,1,-0.191,-6.786,7.456,0.009,-0.015,0.009,77.29,1,941.97,56.92,659.09,1,940.31,57.36,625.77
T,6013218,1,353560087,-1178180693,598680,5953945,3,32,1,-0.191,-6.791,7.437,0.009,-0.013,0.007,77.33,1,941.91,56.93,659.63,1,940.24,57.38,626.39
T,6014213,1,353560091,-1178180693,598596,5953945,3,31,1,-0.201,-6.791,7.442,0.007,-0.013,0.007,77.32,1,941.97,56.94,659.09,1,940.28,57.39,626.03
T,6015199,1,353560094,-1178180690,598506,5953945,3,31,1,-0.191,-6.791,7.437,0.007,-0.013,0.007,77.32,1,941.95,56.95,659.27,1,940.25,57.40,626.30
T,6016182,1,353560097,-1178180689,598446,5953945,3,31,1,-0.187,-6.786,7.451,0.007,-0.013,0.007,77.32,1,941.93,56.97,659.45,1,940.23,57.41,626.48
T,6017268,1,353560099,-1178180689,598370,5953945,3,32,1,-0.196,-6.796,7.442,0.007,-0.015,0.007,77.36,1,941.91,56.98,659.63,1,940.25,57.42,626.30
T,6018257,1,353560100,-1178180688,598407,5953945,3,32,1,-0.196,-6.791,7.446,0.009,-0.013,0.007,77.39,1,941.95,56.99,659.27,1,940.29,57.44,625.94
T,6019240,1,353560100,-1178180687,598383,5953945,3,32,1,-0.187,-6.800,7.437,0.009,-0.013,0.007,77.40,1,941.93,57.00,659.45,1,940.28,57.45,626.03
T,6020224,1,353560100,-1178180689,598325,5953945,3,32,1,-0.187,-6.796,7.437,0.010,-0.013,0.007,77.41,1,941.98,57.01,659.01,1,940.26,57.46,626.21
T,6021231,1,353560101,-1178180689,598277,5953945,3,31,1,-0.196,-6.786,7.446,0.007,-0.015,0.007,77.45,1,941.91,57.02,659.63,1,940.20,57.47,626.74
T,6022219,1,353560100,-1178180687,598307,5953945,3,31,1,-0.196,-6.800,7.442,0.009,-0.013,0.009,77.43,1,941.91,57.04,659.63,1,940.28,57.48,626.03
T,6023202,1,353560101,-1178180687,598339,5953945,3,32,1,-0.196,-6.791,7.437,0.007,-0.015,0.007,77.47,1,941.90,57.05,659.71,1,940.22,57.49,626.56
T,6024185,1,353560099,-1178180687,598336,5953945,3,32,1,-0.191,-6.796,7.446,0.007,-0.015,0.007,77.49,1,941.91,57.06,659.63,1,940.22,57.51,626.56
T,6025272,1,353560099,-1178180691,598316,5953945,3,31,1,-0.187,-6.786,7.446,0.009,-0.015,0.007,77.48,1,941.91,57.07,659.63,1,940.23,57.52,626.48
T,6026258,1,353560098,-1178180692,598239,5953945,3,31,1,-0.196,-6.796,7.456,0.007,-0.013,0.007,77.51,1,941.93,57.08,659.45,1,940.26,57.53,626.21
T,6027243,1,353560098,-1178180693,598210,5953945,3,32,1,-0.191,-6.796,7.456,0.009,-0.013,0.007,77.50,1,941.93,57.10,659.45,1,940.24,57.55,626.39
T,6028251,1,353560097,-1178180692,598237,5953945,3,32,1,-0.187,-6.786,7.437,0.009,-0.015,0.007,77.50,1,941.96,57.10,659.18,1,940.25,57.56,626.30
T,6029241,1,353560097,-1178180693,598198,5953945,3,31,1,-0.187,-6.791,7.446,0.007,-0.013,0.009,77.55,1,941.94,57.12,659.36,1,940.21,57.57,626.65
T,6030223,1,353560094,-1178180690,598153,5953945,3,31,1,-0.191,-6.786,7.442,0.007,-0.013,0.007,77.53,1,941.92,57.13,659.54,1,940.22,57.58,626.56
T,6031208,1,353560091,-1178180687,598112,5953945,3,31,1,-0.182,-6.796,7.442,0.009,-0.016,0.007,77.53,1,941.92,57.14,659.54,1,940.28,57.59,626.03
T,6032196,1,353560090,-1178180682,598074,5953945,3,32,1,-0.191,-6.796,7.446,0.007,-0.015,0.009,77.57,1,941.97,57.15,659.09,1,940.27,57.60,626.12
T,6033182,1,353560090,-1178180678,597983,5953945,3,31,1,-0.196,-6.800,7.446,0.007,-0.015,0.007,77.55,1,941.91,57.17,659.63,1,940.24,57.61,626.39
T,6034270,1,353560090,-1178180678,597908,5953945,3,32,1,-0.187,-6.791,7.442,0.007,-0.015,0.007,77.59,1,941.93,57.18,659.45,1,940.26,57.63,626.21
T,6035274,1,353560087,-1178180677,597936,5953945,3,31,1,-0.182,-6.791,7.451,0.007,-0.013,0.009,77.58,1,941.96,57.19,659.18,1,940.23,57.64,626.48
T,6036264,1,353560089,-1178180680,597881,5953945,3,32,1,-0.191,-6.791,7.446,0.007,-0.015,0.007,77.59,1,941.93,57.20,659.45,1,940.31,57.65,625.77
T,6037250,1,353560088,-1178180682,597875,5953945,3,32,1,-0.196,-6.796,7.442,0.009,-0.013,0.007,77.62,1,941.95,57.21,659.27,1,940.25,57.66,626.30
T,6038235,1,353560086,-1178180682,597881,5953945,3,32,1,-0.187,-6.786,7.446,0.009,-0.012,0.007,77.62,1,941.96,57.22,659.18,1,940.26,57.67,626.21
T,6039223,1,353560085,-1178180682,597930,5953945,3,31,1,-0.191,-6.800,7.442,0.007,-0.013,0.007,77.62,1,941.93,57.24,659.45,1,940.31,57.68,625.77
T,6040207,1,353560085,-1178180682,597958,5953945,3,32,1,-0.187,-6.800,7.437,0.007,-0.015,0.009,77.63,1,941.97,57.25,659.09,1,940.27,57.70,626.12
T,6041193,1,353560086,-1178180685,597939,5953945,3,31,1,-0.206,-6.800,7.446,0.007,-0.015,0.007,77.67,1,941.93,57.26,659.45,1,940.28,57.71,626.03
T,6042177,1,353560087,-1178180686,597967,5953945,3,32,1,-0.191,-6.786,7.442,0.011,-0.013,0.009,77.64,1,941.86,57.27,660.07,1,940.25,57.72,626.30
T,6043266,1,353560088,-1178180689,597994,5953945,3,32,1,-0.191,-6.791,7.408,0.009,-0.013,0.009,77.58,1,941.88,57.26,659.89,1,940.27,57.72,626.12
T,6044253,1,353560088,-1178180686,598088,5953945,3,31,1,-0.191,-6.791,7.437,0.009,-0.012,0.007,77.61,1,941.90,57.26,659.71,1,940.23,57.73,626.48
T,6045238,1,353560085,-1178180682,598227,5953945,3,32,1,-0.187,-6.786,7.437,0.012,-0.016,0.007,77.62,1,941.91,57.28,659.63,1,940.26,57.75,626.21
T,6046226,1,353560082,-1178180678,598330,5953945,3,32,1,-0.191,-6.800,7.437,0.007,-0.015,0.007,77.64,1,941.95,57.29,659.27,1,940.29,57.77,625.94
T,6047212,1,353560079,-1178180674,598435,5953945,3,30,1,-0.177,-6.791,7.456,0.007,-0.013,0.007,77.69,1,941.94,57.31,659.36,1,940.28,57.78,626.03
T,6048197,1,353560075,-1178180670,598532,5953945,3,32,1,-0.187,-6.796,7.446,0.009,-0.013,0.007,77.69,1,941.97,57.32,659.09,1,940.31,57.79,625.77
T,6049183,1,353560073,-1178180668,598604,5953945,3,32,1,-0.196,-6.791,7.437,0.006,-0.013,0.009,77.77,1,942.02,57.34,658.65,1,940.30,57.80,625.85
T,6050175,1,353560072,-1178180667,598662,5953945,3,31,1,-0.187,-6.791,7.442,0.009,-0.013,0.007,77.75,1,942.02,57.35,658.65,1,940.29,57.81,625.94
T,6051260,1,353560071,-1178180664,598729,5953945,3,32,1,-0.182,-6.791,7.466,0.009,-0.013,0.009,77.76,1,941.93,57.36,659.45,1,940.27,57.82,626.12
T,6052255,1,353560070,-1178180660,598785,5953945,3,31,1,-0.191,-6.796,7.446,0.009,-0.013,0.007,77.78,1,941.96,57.37,659.18,1,940.29,57.83,625.94
T,6053246,1,353560068,-1178180656,598875,5953945,3,31,1,-0.191,-6.796,7.451,0.006,-0.015,0.007,77.80,1,941.93,57.39,659.45,1,940.29,57.84,625.94
T,6054229,1,353560068,-1178180652,598924,5953945,3,31,1,-0.196,-6.796,7.437,0.009,-0.016,0.007,77.80,1,941.94,57.40,659.36,1,940.30,57.85,625.85
T,6055214,1,353560066,-1178180646,598962,5953945,3,31,1,-0.191,-6.796,7.446,0.009,-0.015,0.007,77.82,1,941.97,57.41,659.09,1,940.29,57.87,625.94
T,6056199,1,353560069,-1178180641,598963,5953945,3,30,1,-0.177,-6.786,7.442,0.006,-0.013,0.007,77.80,1,941.97,57.42,659.09,1,940.27,57.88,626.12
T,6057186,1,353560069,-1178180637,598984,5953945,3,32,1,-0.187,-6.786,7.456,0.006,-0.013,0.007,77.83,1,941.96,57.44,659.18,1,940.29,57.89,625.94
T,6058271,1,353560069,-1178180634,599044,5953945,3,31,1,-0.182,-6.800,7.442,0.011,-0.015,0.006,77.86,1,941.94,57.45,659.36,1,940.23,57.91,626.48
T,6059261,1,353560075,-1178180644,599005,5953945,3,32,1,-0.182,-6.791,7.437,0.007,-0.013,0.007,77.82,1,941.97,57.46,659.09,1,940.29,57.92,625.94
T,6060257,1,353560080,-1178180651,598969,5953945,3,32,1,-0.177,-6.791,7.446,0.005,-0.016,0.009,77.89,1,941.94,57.47,659.36,1,940.30,57.93,625.85
T,6061245,1,353560083,-1178180657,598966,5953945,3,31,1,-0.187,-6.786,7.466,0.006,-0.015,0.007,77.87,1,942.00,57.48,658.83,1,940.32,57.94,625.68
T,6062240,1,353560086,-1178180659,598965,5953945,3,32,1,-0.182,-6.796,7.451,0.010,-0.013,0.007,77.88,1,941.92,57.50,659.54,1,940.30,57.95,625.85
T,6063228,1,353560089,-1178180660,599026,5953945,3,32,1,-0.191,-6.805,7.432,0.015,-0.013,0.009,77.90,1,941.94,57.51,659.36,1,940.27,57.96,626.12
T,6064297,1,353560090,-1178180660,599105,5953945,3,32,1,-0.196,-6.791,7.446,0.007,-0.013,0.007,77.91,1,941.96,57.52,659.18,1,940.27,57.98,626.12
T,6065187,1,353560093,-1178180662,599103,5953945,3,31,1,-0.182,-6.800,7.442,0.011,-0.015,0.007,77.89,1,941.95,57.53,659.27,1,940.29,57.99,625.94
T,6066173,1,353560097,-1178180665,599086,5953945,3,31,1,-0.191,-6.800,7.427,0.007,-0.015,0.007,77.93,1,941.98,57.54,659.01,1,940.33,58.01,625.59
T,6067265,1,353560100,-1178180667,599106,5953945,3,31,1,-0.187,-6.805,7.446,0.007,-0.015,0.007,77.95,1,941.96,57.56,659.18,1,940.29,58.03,625.94
T,6068265,1,353560102,-1178180668,599120,5953945,3,32,1,-0.177,-6.781,7.456,0.013,-0.015,0.009,77.94,1,941.98,57.57,659.01,1,940.31,58.04,625.77
T,6069250,1,353560103,-1178180667,599150,5953945,3,32,1,-0.191,-6.791,7.446,0.009,-0.015,0.009,77.95,1,941.99,57.58,658.92,1,940.29,58.04,625.94
T,6070235,1,353560100,-1178180665,599198,5953945,3,31,1,-0.191,-6.800,7.437,0.009,-0.015,0.007,77.97,1,942.00,57.59,658.83,1,940.29,58.05,625.94
T,6071223,1,353560099,-1178180668,599220,5953945,3,32,1,-0.196,-6.810,7.451,0.009,-0.015,0.007,78.00,1,941.93,57.61,659.45,1,940.32,58.06,625.68
T,6072207,1,353560104,-1178180674,599237,5953945,3,32,1,-0.196,-6.800,7.451,0.007,-0.012,0.009,78.04,1,941.98,57.62,659.01,1,940.31,58.07,625.77
T,6073193,1,353560107,-1178180676,599268,5953945,3,31,1,-0.187,-6.796,7.442,0.007,-0.015,0.007,78.02,1,942.01,57.63,658.74,1,940.33,58.09,625.59
T,6074183,1,353560111,-1178180678,599354,5953945,3,31,1,-0.196,-6.805,7.446,0.011,-0.013,0.009,78.04,1,941.96,57.64,659.18,1,940.29,58.10,625.94
T,6075270,1,353560108,-1178180677,599387,5953945,3,32,1,-0.191,-6.796,7.451,0.007,-0.015,0.007,78.06,1,941.95,57.65,659.27,1,940.29,58.11,625.94
T,6076253,1,353560107,-1178180679,599361,5953945,3,32,1,-0.187,-6.800,7.446,0.009,-0.015,0.007,78.05,1,941.97,57.66,659.09,1,940.30,58.12,625.85
T,6077244,1,353560105,-1178180679,599417,5953945,3,32,1,-0.187,-6.791,7.451,0.010,-0.013,0.007,78.08,1,941.97,57.68,659.09,1,940.30,58.13,625.85
T,6078233,1,353560108,-1178180682,599415,5953945,3,32,1,-0.191,-6.786,7.451,0.011,-0.015,0.007,78.09,1,941.94,57.69,659.36,1,940.29,58.14,625.94
T,6079220,1,353560110,-1178180681,599499,5953945,3,31,1,-0.196,-6.805,7.442,0.009,-0.015,0.009,78.09,1,941.97,57.70,659.09,1,940.32,58.15,625.68
T,6080204,1,353560111,-1178180677,599540,5953945,3,32,1,-0.187,-6.805,7.446,0.007,-0.013,0.007,78.09,1,941.98,57.71,659.01,1,940.33,58.16,625.59
T,6081196,1,353560111,-1178180674,599510,5953945,3,32,1,-0.182,-6.805,7.437,0.007,-0.013,0.009,78.09,1,941.98,57.72,659.01,1,940.33,58.17,625.59
T,6082180,1,353560108,-1178180671,599459,5953945,3,31,1,-0.182,-6.791,7.442,0.007,-0.013,0.009,78.12,1,941.98,57.73,659.01,1,940.32,58.18,625.68
T,6083267,1,353560111,-1178180675,599367,5953945,3,32,1,-0.187,-6.786,7.451,0.009,-0.015,0.009,78.07,1,941.98,57.74,659.01,1,940.31,58.20,625.77
T,6084252,1,353560109,-1178180676,599361,5953945,3,31,1,-0.196,-6.805,7.451,0.010,-0.015,0.009,78.15,1,941.98,57.75,659.01,1,940.30,58.21,625.85
T,6085238,1,353560107,-1178180679,599359,5953945,3,32,1,-0.196,-6.786,7.451,0.009,-0.013,0.007,78.14,1,941.99,57.76,658.92,1,940.34,58.22,625.50
T,6086224,1,353560104,-1178180680,599351,5953945,3,31,1,-0.182,-6.796,7.442,0.009,-0.015,0.007,78.16,1,941.97,57.78,659.09,1,940.33,58.23,625.59
T,6087214,1,353560103,-1178180682,599335,5953945,3,32,1,-0.187,-6.796,7.442,0.009,-0.015,0.009,78.23,1,941.99,57.79,658.92,1,940.27,58.24,626.12
T,6088204,1,353560099,-1178180679,599321,5953945,3,31,1,-0.182,-6.800,7.446,0.010,-0.013,0.007,78.21,1,941.96,57.80,659.18,1,940.29,58.25,625.94
T,6089190,1,353560096,-1178180675,599274,5953945,3,32,1,-0.187,-6.796,7.446,0.007,-0.013,0.007,78.21,1,941.97,57.81,659.09,1,940.33,58.26,625.59
T,6090179,1,353560098,-1178180673,599156,5953945,3,32,1,-0.177,-6.796,7.456,0.006,-0.015,0.007,78.25,1,941.95,57.82,659.27,1,940.29,58.27,625.94
T,6091267,1,353560098,-1178180671,599031,5953945,3,31,1,-0.182,-6.796,7.442,0.009,-0.015,0.007,78.24,1,941.96,57.83,659.18,1,940.26,58.29,626.21
T,6092255,1,353560100,-1178180669,598900,5953945,3,31,1,-0.187,-6.796,7.432,0.009,-0.013,0.007,78.27,1,942.02,57.84,658.65,1,940.33,58.30,625.59
T,6093241,1,353560103,-1178180671,598794,5953945,3,32,1,-0.187,-6.800,7.456,0.009,-0.013,0.009,78.26,1,941.97,57.85,659.09,1,940.29,58.31,625.94
T,6094226,1,353560107,-1178180675,598643,5953945,3,32,1,-0.187,-6.805,7.456,0.007,-0.013,0.009,78.29,1,941.97,57.87,659.09,1,940.27,58.32,626.12
T,6095215,1,353560111,-1178180680,598510,5953945,3,32,1,-0.187,-6.786,7.437,0.007,-0.013,0.009,78.30,1,941.96,57.88,659.18,1,940.27,58.33,626.12
T,6096200,1,353560111,-1178180681,598449,5953945,3,32,1,-0.187,-6.791,7.451,0.007,-0.013,0.009,78.30,1,941.97,57.89,659.09,1,940.29,58.34,625.94
T,6097288,1,353560112,-1178180683,598424,5953945,3,32,1,-0.182,-6.791,7.446,0.009,-0.013,0.009,78.33,1,941.98,57.90,659.01,1,940.28,58.35,626.03
T,6098274,1,353560117,-1178180686,598443,5953945,3,32,1,-0.191,-6.796,7.446,0.009,-0.015,0.006,78.36,1,941.92,57.91,659.54,1,940.28,58.36,626.03
T,6099267,1,353560121,-1178180689,598435,5953945,3,32,1,-0.187,-6.805,7.446,0.009,-0.015,0.007,78.33,1,941.93,57.92,659.45,1,940.29,58.37,625.94
T,6100253,1,353560124,-1178180695,598423,5953945,3,31,1,-0.182,-6.796,7.451,0.009,-0.013,0.007,78.34,1,941.94,57.93,659.36,1,940.31,58.38,625.77
T,6101239,1,353560126,-1178180698,598429,5953945,3,31,1,-0.182,-6.781,7.442,0.009,-0.015,0.007,78.34,1,941.98,57.94,659.01,1,940.28,58.39,626.03
T,6102226,1,353560126,-1178180698,598350,5953945,3,32,1,-0.187,-6.796,7.442,0.006,-0.015,0.007,78.38,1,941.93,57.94,659.45,1,940.29,58.40,625.94
T,6103217,1,353560126,-1178180698,598300,5953945,3,31,1,-0.177,-6.800,7.446,0.009,-0.015,0.009,78.36,1,941.94,57.95,659.36,1,940.24,58.41,626.39
T,6104203,1,353560128,-1178180699,598238,5953945,3,31,1,-0.196,-6.791,7.446,0.009,-0.013,0.007,78.38,1,941.97,57.96,659.09,1,940.28,58.42,626.03
T,6105200,1,353560129,-1178180702,598212,5953945,3,32,1,-0.182,-6.805,7.442,0.007,-0.013,0.007,78.38,1,941.98,57.98,659.01,1,940.29,58.44,625.94
T,6106187,1,353560132,-1178180706,598233,5953945,3,31,1,-0.201,-6.810,7.442,0.007,-0.015,0.009,78.38,1,941.96,57.99,659.18,1,940.26,58.45,626.21
T,6107278,1,353560134,-1178180709,598331,5953945,3,32,1,-0.187,-6.791,7.451,0.007,-0.013,0.007,78.38,1,941.97,57.99,659.09,1,940.26,58.46,626.21
T,6108263,1,353560138,-1178180714,598388,5953945,3,32,1,-0.182,-6.805,7.446,0.009,-0.012,0.007,78.39,1,941.96,58.00,659.18,1,940.29,58.46,625.94
T,6109248,1,353560139,-1178180717,598444,5953945,3,32,1,-0.187,-6.800,7.446,0.007,-0.013,0.009,78.38,1,941.90,58.01,659.71,1,940.29,58.47,625.94
T,6110241,1,353560136,-1178180716,598512,5953945,3,31,1,-0.201,-6.796,7.446,0.009,-0.015,0.007,78.40,1,941.93,58.02,659.45,1,940.26,58.49,626.21
T,6111226,1,353560135,-1178180715,598626,5953945,3,31,1,-0.182,-6.800,7.442,0.007,-0.016,0.009,78.45,1,941.91,58.03,659.63,1,940.30,58.49,625.85
T,6112212,1,353560134,-1178180715,598654,5953945,3,32,1,-0.187,-6.796,7.451,0.007,-0.013,0.006,78.45,1,941.91,58.05,659.63,1,940.27,58.51,626.12
T,6113198,1,353560136,-1178180714,598688,5953945,3,31,1,-0.182,-6.800,7.437,0.006,-0.015,0.007,78.45,1,941.96,58.06,659.18,1,940.28,58.52,626.03
T,6114182,1,353560138,-1178180713,598720,5953945,3,31,1,-0.177,-6.786,7.456,0.009,-0.013,0.007,78.48,1,941.88,58.07,659.89,1,940.27,58.54,626.12
T,6115271,1,353560140,-1178180713,598727,5953945,3,32,1,-0.182,-6.800,7.446,0.009,-0.015,0.007,78.46,1,941.92,58.08,659.54,1,940.26,58.55,626.21
T,6116261,1,353560141,-1178180712,598760,5953945,3,31,1,-0.187,-6.805,7.423,0.007,-0.012,0.009,78.46,1,941.93,58.09,659.45,1,940.27,58.55,626.12
T,6117248,1,353560139,-1178180708,598785,5953945,3,32,1,-0.182,-6.805,7.432,0.009,-0.013,0.007,78.50,1,941.92,58.09,659.54,1,940.27,58.56,626.12
T,6118233,1,353560138,-1178180709,598828,5953945,3,31,1,-0.182,-6.800,7.451,0.009,-0.013,0.007,78.55,1,941.94,58.11,659.36,1,940.27,58.57,626.12
T,6119221,1,353560137,-1178180708,598807,5953945,3,31,1,-0.191,-6.800,7.451,0.010,-0.015,0.009,78.54,1,941.93,58.12,659.45,1,940.28,58.58,626.03
T,6120208,1,353560136,-1178180707,598756,5953945,3,31,1,-0.187,-6.805,7.437,0.007,-0.015,0.007,78.57,1,941.92,58.12,659.54,1,940.28,58.59,626.03
T,6121198,1,353560134,-1178180704,598653,5953945,3,32,1,-0.177,-6.805,7.437,0.010,-0.013,0.009,78.55,1,941.92,58.13,659.54,1,940.25,58.60,626.30
T,6122284,1,353560132,-1178180704,598579,5953945,3,31,1,-0.182,-6.800,7.451,0.007,-0.015,0.007,78.52,1,941.91,58.14,659.63,1,940.29,58.61,625.94
T,6123277,1,353560129,-1178180704,598494,5953945,3,32,1,-0.182,-6.800,7.442,0.009,-0.015,0.007,78.55,1,941.95,58.16,659.27,1,940.28,58.62,626.03
T,6124265,1,353560128,-1178180706,598468,5953945,3,32,1,-0.182,-6.800,7.461,0.009,-0.013,0.009,78.60,1,941.93,58.16,659.45,1,940.24,58.63,626.39
T,6125250,1,353560126,-1178180708,598507,5953945,3,32,1,-0.177,-6.796,7.442,0.009,-0.015,0.007,78.60,1,941.97,58.17,659.09,1,940.25,58.64,626.30
T,6126238,1,353560124,-1178180709,598562,5953945,3,32,1,-0.187,-6.796,7.451,0.009,-0.013,0.007,78.61,1,941.96,58.18,659.18,1,940.26,58.65,626.21
T,6127225,1,353560122,-1178180709,598595,5953945,3,31,1,-0.172,-6.805,7.437,0.007,-0.015,0.007,78.59,1,941.96,58.19,659.18,1,940.29,58.66,625.94
T,6128210,1,353560122,-1178180715,598584,5953945,3,31,1,-0.177,-6.791,7.451,0.007,-0.015,0.009,78.62,1,941.95,58.20,659.27,1,940.26,58.67,626.21
T,6129198,1,353560118,-1178180719,598669,5953945,3,32,1,-0.187,-6.800,7.446,0.007,-0.016,0.007,78.67,1,941.94,58.20,659.36,1,940.27,58.68,626.12
T,6130186,1,353560115,-1178180723,598772,5953945,3,32,1,-0.182,-6.800,7.446,0.009,-0.013,0.009,78.66,1,941.93,58.21,659.45,1,940.26,58.69,626.21
T,6131277,1,353560114,-1178180725,598825,5953945,3,32,1,-0.182,-6.800,7.446,0.007,-0.015,0.009,78.64,1,941.90,58.23,659.71,1,940.26,58.70,626.21
T,6132264,1,353560113,-1178180724,598919,5953945,3,32,1,-0.191,-6.805,7.446,0.007,-0.013,0.007,78.64,1,941.93,58.23,659.45,1,940.26,58.71,626.21
T,6133250,1,353560117,-1178180731,598965,5953945,3,32,1,-0.182,-6.796,7.451,0.007,-0.013,0.007,78.69,1,941.94,58.24,659.36,1,940.27,58.72,626.12
T,6134246,1,353560121,-1178180737,598980,5953945,3,32,1,-0.172,-6.805,7.451,0.007,-0.015,0.007,78.65,1,941.94,58.26,659.36,1,940.25,58.73,626.30
T,6135233,1,353560122,-1178180739,599079,5953945,3,32,1,-0.182,-6.800,7.451,0.009,-0.013,0.006,78.66,1,941.92,58.27,659.54,1,940.27,58.74,626.12
T,6136216,1,353560124,-1178180740,599108,5953945,3,32,1,-0.172,-6.786,7.446,0.010,-0.015,0.007,78.70,1,941.96,58.28,659.18,1,940.29,58.75,625.94
T,6137203,1,353560126,-1178180738,599205,5953945,3,32,1,-0.177,-6.805,7.446,0.009,-0.013,0.009,78.71,1,941.93,58.29,659.45,1,940.28,58.76,626.03
T,6138191,1,353560127,-1178180736,599265,5953945,3,32,1,-0.172,-6.805,7.437,0.009,-0.013,0.007,78.70,1,941.92,58.30,659.54,1,940.25,58.77,626.30
T,6139173,1,353560125,-1178180731,599375,5953945,3,32,1,-0.167,-6.805,7.437,0.007,-0.015,0.007,78.75,1,941.93,58.31,659.45,1,940.28,58.78,626.03
T,6140265,1,353560123,-1178180727,599432,5953945,3,32,1,-0.187,-6.796,7.442,0.007,-0.013,0.007,78.77,1,941.92,58.32,659.54,1,940.25,58.79,626.30
T,6141253,1,353560120,-1178180722,599494,5953945,3,32,1,-0.182,-6.800,7.437,0.010,-0.015,0.007,78.78,1,941.91,58.33,659.63,1,940.25,58.80,626.30
T,6142240,1,353560118,-1178180716,599543,5953945,3,32,1,-0.187,-6.796,7.442,0.009,-0.015,0.009,78.79,1,941.86,58.34,660.07,1,940.25,58.81,626.30
T,6143230,1,353560111,-1178180708,599544,5953945,3,32,1,-0.177,-6.805,7.451,0.007,-0.015,0.007,78.79,1,941.92,58.35,659.54,1,940.31,58.82,625.77
T,6144214,1,353560107,-1178180703,599591,5953945,3,32,1,-0.177,-6.796,7.442,0.007,-0.015,0.006,78.79,1,941.94,58.36,659.36,1,940.29,58.83,625.94
T,6145202,1,353560105,-1178180701,599638,5953945,3,32,1,-0.177,-6.800,7.442,0.007,-0.015,0.007,78.82,1,941.92,58.37,659.54,1,940.24,58.84,626.39
T,6146200,1,353560103,-1178180699,599632,5953945,3,32,1,-0.187,-6.791,7.442,0.007,-0.013,0.007,78.78,1,941.95,58.38,659.27,1,940.31,58.85,625.77
T,6147187,1,353560101,-1178180696,599691,5953945,3,32,1,-0.177,-6.796,7.442,0.009,-0.015,0.007,78.86,1,941.89,58.39,659.80,1,940.21,58.86,626.65
T,6148276,1,353560100,-1178180692,599748,5953945,3,32,1,-0.182,-6.800,7.456,0.009,-0.013,0.009,78.84,1,941.94,58.41,659.36,1,940.23,58.87,626.48
T,6149261,1,353560096,-1178180685,599803,5953945,3,32,1,-0.177,-6.791,7.451,0.009,-0.015,0.007,78.81,1,941.93,58.42,659.45,1,940.27,58.88,626.12
T,6150251,1,353560095,-1178180680,599881,5953945,3,32,1,-0.177,-6.800,7.442,0.009,-0.013,0.007,78.89,1,941.93,58.43,659.45,1,940.26,58.89,626.21
T,6151242,1,353560094,-1178180675,600002,5953945,3,32,1,-0.177,-6.796,7.442,0.009,-0.015,0.009,78.87,1,941.90,58.44,659.71,1,940.24,58.90,626.39
T,6152226,1,353560095,-1178180671,600080,5953945,3,32,1,-0.177,-6.800,7.451,0.009,-0.015,0.006,78.90,1,941.95,58.45,659.27,1,940.26,58.91,626.21
T,6153210,1,353560097,-1178180669,600131,5953945,3,32,1,-0.182,-6.805,7.456,0.009,-0.013,0.009,78.87,1,941.95,58.46,659.27,1,940.26,58.92,626.21
T,6154194,1,353560097,-1178180664,600112,5953945,3,32,1,-0.177,-6.815,7.432,0.009,-0.013,0.007,78.90,1,941.88,58.47,659.89,1,940.26,58.94,626.21
T,6155182,1,353560096,-1178180662,600088,5953945,3,32,1,-0.167,-6.796,7.437,0.007,-0.013,0.007,78.91,1,941.93,58.48,659.45,1,940.26,58.95,626.21
T,6156270,1,353560098,-1178180659,600026,5953945,3,32,1,-0.182,-6.800,7.446,0.006,-0.016,0.007,78.88,1,941.90,58.49,659.71,1,940.27,58.96,626.12
T,6157257,1,353560100,-1178180658,599941,5953945,3,32,1,-0.177,-6.800,7.446,0.007,-0.013,0.009,78.94,1,941.89,58.50,659.80,1,940.22,58.97,626.56
T,6158245,1,353560103,-1178180660,599801,5953945,3,32,1,-0.172,-6.800,7.446,0.007,-0.013,0.009,78.95,1,941.89,58.51,659.80,1,940.24,58.98,626.39
T,6159234,1,353560105,-1178180661,599707,5953945,3,32,1,-0.182,-6.800,7.437,0.010,-0.016,0.009,78.93,1,941.93,58.52,659.45,1,940.25,58.99,626.30
T,6160220,1,353560103,-1178180659,599608,5953945,3,32,1,-0.172,-6.791,7.451,0.007,-0.015,0.007,79.00,1,941.93,58.53,659.45,1,940.24,59.00,626.39
T,6161205,1,353560106,-1178180661,599505,5953945,3,32,1,-0.177,-6.805,7.442,0.006,-0.015,0.007,78.96,1,941.91,58.54,659.63,1,940.21,59.01,626.65
T,6162193,1,353560107,-1178180666,599432,5953945,3,32,1,-0.167,-6.791,7.437,0.009,-0.015,0.007,78.97,1,941.89,58.56,659.80,1,940.21,59.02,626.65
T,6163176,1,353560106,-1178180666,599392,5953945,3,32,1,-0.182,-6.800,7.432,0.007,-0.015,0.007,78.96,1,941.86,58.57,660.07,1,940.26,59.03,626.21
T,6164265,1,353560107,-1178180668,599337,5953945,3,32,1,-0.187,-6.800,7.446,0.009,-0.013,0.009,79.00,1,941.92,58.58,659.54,1,940.26,59.04,626.21
T,6165253,1,353560106,-1178180669,599266,5953945,3,32,1,-0.182,-6.805,7.442,0.009,-0.015,0.007,79.06,1,941.90,58.58,659.71,1,940.23,59.05,626.48
T,6166237,1,353560107,-1178180672,599247,5953945,3,32,1,-0.167,-6.796,7.446,0.009,-0.012,0.007,79.05,1,941.93,58.60,659.45,1,940.23,59.07,626.48
T,6167226,1,353560107,-1178180672,599222,5953945,3,32,1,-0.172,-6.791,7.451,0.009,-0.013,0.006,79.10,1,941.90,58.61,659.71,1,940.23,59.07,626.48
T,6168212,1,353560108,-1178180674,599195,5953945,3,32,1,-0.172,-6.800,7.437,0.007,-0.015,0.007,79.09,1,941.88,58.62,659.89,1,940.26,59.08,626.21
T,6169197,1,353560107,-1178180674,599158,5953945,3,32,1,-0.177,-6.796,7.461,0.009,-0.013,0.009,79.06,1,941.87,58.63,659.98,1,940.20,59.09,626.74
T,6170184,1,353560108,-1178180675,599033,5953945,3,32,1,-0.167,-6.805,7.442,0.007,-0.015,0.007,79.16,1,941.88,58.64,659.89,1,940.25,59.10,626.30
T,6171270,1,353560113,-1178180678,598964,5953945,3,31,1,-0.172,-6.810,7.446,0.009,-0.016,0.007,79.09,1,941.90,58.65,659.71,1,940.30,59.12,625.85
T,6172256,1,353560116,-1178180678,598871,5953945,3,32,1,-0.182,-6.796,7.451,0.009,-0.012,0.009,79.09,1,941.92,58.66,659.54,1,940.23,59.13,626.48
T,6173264,1,353560119,-1178180676,598775,5953945,3,31,1,-0.163,-6.796,7.451,0.009,-0.013,0.009,79.12,1,941.92,58.67,659.54,1,940.21,59.14,626.65
T,6174253,1,353560120,-1178180675,598757,5953945,3,32,1,-0.177,-6.805,7.432,0.009,-0.015,0.007,79.13,1,941.92,58.68,659.54,1,940.26,59.15,626.21
T,6175237,1,353560122,-1178180676,598769,5953945,3,32,1,-0.177,-6.810,7.446,0.009,-0.015,0.007,79.16,1,941.92,58.70,659.54,1,940.24,59.16,626.39
T,6176224,1,353560122,-1178180675,598818,5953945,3,32,1,-0.172,-6.800,7.451,0.010,-0.013,0.007,79.14,1,941.92,58.71,659.54,1,940.20,59.17,626.74
T,6177211,1,353560121,-1178180674,598845,5953945,3,31,1,-0.187,-6.805,7.456,0.009,-0.012,0.007,79.16,1,941.90,58.72,659.71,1,940.26,59.18,626.21
T,6178196,1,353560121,-1178180673,598855,5953945,3,31,1,-0.172,-6.805,7.446,0.010,-0.015,0.007,79.17,1,941.89,58.73,659.80,1,940.29,59.19,625.94
T,6179183,1,353560118,-1178180671,598847,5953945,3,32,1,-0.172,-6.800,7.442,0.009,-0.012,0.006,79.19,1,941.89,58.74,659.80,1,940.27,59.20,626.12
T,6180270,1,353560120,-1178180669,598790,5953945,3,32,1,-0.172,-6.800,7.461,0.010,-0.015,0.007,79.17,1,941.90,58.75,659.71,1,940.25,59.22,626.30
T,6181257,1,353560123,-1178180671,598752,5953945,3,32,1,-0.177,-6.796,7.451,0.006,-0.013,0.007,79.20,1,941.88,58.76,659.89,1,940.24,59.23,626.39
T,6182243,1,353560124,-1178180672,598738,5953945,3,32,1,-0.172,-6.800,7.442,0.006,-0.013,0.009,79.27,1,941.93,58.78,659.45,1,940.25,59.24,626.30
T,6183234,1,353560126,-1178180672,598738,5953945,3,31,1,-0.172,-6.800,7.446,0.007,-0.015,0.007,79.24,1,941.88,58.79,659.89,1,940.26,59.25,626.21
T,6184217,1,353560129,-1178180670,598712,5953945,3,32,1,-0.182,-6.800,7.446,0.006,-0.012,0.007,79.25,1,941.93,58.80,659.45,1,940.19,59.26,626.83
T,6185203,1,353560130,-1178180669,598628,5953945,3,32,1,-0.167,-6.805,7.446,0.009,-0.013,0.007,79.23,1,941.90,58.81,659.71,1,940.29,59.27,625.94
T,6186195,1,353560130,-1178180668,598591,5953945,3,31,1,-0.177,-6.810,7.432,0.007,-0.013,0.007,79.29,1,941.90,58.82,659.71,1,940.24,59.28,626.39
T,6187182,1,353560131,-1178180667,598574,5953945,3,32,1,-0.177,-6.805,7.451,0.007,-0.013,0.006,79.33,1,941.90,58.83,659.71,1,940.23,59.30,626.48
T,6188167,1,353560130,-1178180667,598584,5953945,3,32,1,-0.172,-6.800,7.442,0.007,-0.013,0.009,79.28,1,941.91,58.84,659.63,1,940.26,59.31,626.21
T,6189259,1,353560129,-1178180668,598602,5953945,3,31,1,-0.167,-6.800,7.442,0.009,-0.013,0.009,79.31,1,941.92,58.85,659.54,1,940.22,59.32,626.56
T,6190245,1,353560128,-1178180670,598631,5953945,3,31,1,-0.177,-6.791,7.446,0.010,-0.015,0.007,79.38,1,941.87,58.86,659.98,1,940.27,59.33,626.12
T,6191233,1,353560127,-1178180674,598614,5953945,3,32,1,-0.172,-6.796,7.442,0.007,-0.015,0.007,79.32,1,941.97,58.87,659.09,1,940.26,59.34,626.21
T,6192218,1,353560132,-1178180681,598578,5953945,3,31,1,-0.167,-6.805,7.446,0.007,-0.013,0.007,79.39,1,941.92,58.89,659.54,1,940.26,59.35,626.21
T,6193204,1,353560134,-1178180683,598547,5953945,3,32,1,-0.172,-6.791,7.451,0.007,-0.015,0.007,79.37,1,941.90,58.90,659.71,1,940.25,59.36,626.30
T,6194190,1,353560135,-1178180686,598491,5953945,3,32,1,-0.163,-6.796,7.451,0.009,-0.015,0.007,79.41,1,941.90,58.91,659.71,1,940.26,59.37,626.21
T,6195176,1,353560134,-1178180688,598394,5953945,3,31,1,-0.177,-6.796,7.437,0.009,-0.013,0.007,79.40,1,941.91,58.92,659.63,1,940.23,59.38,626.48
T,6196263,1,353560131,-1178180687,598326,5953945,3,32,1,-0.167,-6.810,7.442,0.011,-0.016,0.007,79.42,1,941.92,58.93,659.54,1,940.22,59.39,626.56
T,6197252,1,353560128,-1178180684,598229,5953945,3,32,1,-0.172,-6.800,7.456,0.005,-0.015,0.007,79.45,1,941.93,58.94,659.45,1,940.24,59.40,626.39
T,6198241,1,353560125,-1178180677,598138,5953945,3,32,1,-0.172,-6.805,7.446,0.007,-0.013,0.006,79.41,1,941.86,58.95,660.07,1,940.25,59.42,626.30
T,6199225,1,353560124,-1178180671,598047,5953945,3,32,1,-0.163,-6.815,7.446,0.009,-0.015,0.009,79.46,1,941.91,58.96,659.63,1,940.27,59.43,626.12
T,6200212,1,353560124,-1178180667,598024,5953945,3,32,1,-0.177,-6.800,7.442,0.009,-0.013,0.009,79.50,1,941.92,58.97,659.54,1,940.25,59.44,626.30
T,6201198,1,353560126,-1178180663,597972,5953945,3,32,1,-0.167,-6.800,7.437,0.009,-0.013,0.007,79.45,1,941.90,58.99,659.71,1,940.25,59.45,626.30
T,6202184,1,353560128,-1178180663,597925,5953945,3,31,1,-0.167,-6.805,7.442,0.009,-0.015,0.007,79.52,1,941.92,58.99,659.54,1,940.25,59.46,626.30
T,6203170,1,353560132,-1178180667,597890,5953945,3,32,1,-0.177,-6.805,7.451,0.009,-0.015,0.007,79.53,1,941.90,59.01,659.71,1,940.25,59.47,626.30
T,6204257,1,353560136,-1178180672,597890,5953945,3,31,1,-0.172,-6.805,7.446,0.010,-0.013,0.007,79.56,1,941.90,59.02,659.71,1,940.23,59.48,626.48
T,6205243,1,353560140,-1178180675,597901,5953945,3,31,1,-0.172,-6.796,7.451,0.007,-0.013,0.007,79.54,1,941.91,59.03,659.63,1,940.29,59.49,625.94
T,6206231,1,353560145,-1178180677,597887,5953945,3,31,1,-0.163,-6.805,7.451,0.009,-0.016,0.007,79.58,1,941.91,59.04,659.63,1,940.24,59.50,626.39
T,6207220,1,353560150,-1178180681,597896,5953945,3,32,1,-0.163,-6.805,7.461,0.009,-0.013,0.009,79.57,1,941.90,59.05,659.71,1,940.25,59.51,626.30
T,6208211,1,353560153,-1178180681,597919,5953945,3,31,1,-0.167,-6.800,7.446,0.010,-0.013,0.009,79.54,1,941.90,59.06,659.71,1,940.23,59.52,626.48
T,6209200,1,353560155,-1178180681,597972,5953945,3,32,1,-0.167,-6.805,7.446,0.007,-0.015,0.009,79.59,1,941.93,59.07,659.45,1,940.20,59.53,626.74
T,6210186,1,353560155,-1178180681,598078,5953945,3,32,1,-0.172,-6.796,7.456,0.010,-0.013,0.007,79.58,1,941.90,59.08,659.71,1,940.26,59.55,626.21
T,6211172,1,353560153,-1178180679,598161,5953945,3,32,1,-0.163,-6.815,7.456,0.009,-0.013,0.007,79.62,1,941.89,59.09,659.80,1,940.25,59.56,626.30
T,6212257,1,353560156,-1178180679,598263,5953945,3,32,1,-0.167,-6.810,7.456,0.009,-0.013,0.006,79.59,1,941.91,59.10,659.63,1,940.22,59.57,626.56
T,6213242,1,353560157,-1178180681,598316,5953945,3,32,1,-0.163,-6.805,7.446,0.009,-0.015,0.007,79.63,1,941.90,59.12,659.71,1,940.25,59.58,626.30
T,6214232,1,353560156,-1178180679,598344,5953945,3,32,1,-0.167,-6.805,7.451,0.009,-0.016,0.007,79.62,1,941.89,59.13,659.80,1,940.25,59.59,626.30
T,6215223,1,353560155,-1178180677,598353,5953945,3,32,1,-0.163,-6.791,7.456,0.009,-0.015,0.007,79.64,1,941.90,59.14,659.71,1,940.24,59.60,626.39
T,6216211,1,353560155,-1178180678,598358,5953945,3,32,1,-0.172,-6.805,7.437,0.010,-0.013,0.009,79.63,1,941.90,59.15,659.71,1,940.24,59.61,626.39
T,6217196,1,353560156,-1178180680,598351,5953945,3,31,1,-0.153,-6.805,7.437,0.009,-0.013,0.009,79.66,1,941.86,59.16,660.07,1,940.28,59.62,626.03
T,6218185,1,353560158,-1178180679,598370,5953945,3,31,1,-0.167,-6.800,7.442,0.009,-0.013,0.009,79.67,1,941.87,59.17,659.98,1,940.26,59.63,626.21
T,6219272,1,353560162,-1178180680,598323,5953945,3,32,1,-0.163,-6.800,7.451,0.009,-0.013,0.007,79.68,1,941.88,59.18,659.89,1,940.22,59.65,626.56
T,6220259,1,353560166,-1178180683,598257,5953945,3,31,1,-0.158,-6.800,7.446,0.009,-0.015,0.007,79.69,1,941.89,59.19,659.80,1,940.23,59.66,626.48
T,6221246,1,353560171,-1178180686,598275,5953945,3,31,1,-0.158,-6.800,7.446,0.009,-0.016,0.007,79.69,1,941.89,59.20,659.80,1,940.27,59.66,626.12
T,6222241,1,353560175,-1178180691,598384,5953945,3,32,1,-0.167,-6.800,7.446,0.007,-0.015,0.009,79.73,1,941.87,59.21,659.98,1,940.23,59.68,626.48
T,6223226,1,353560178,-1178180694,598482,5953945,3,32,1,-0.158,-6.810,7.456,0.010,-0.015,0.007,79.72,1,941.87,59.22,659.98,1,940.23,59.69,626.48
T,6224210,1,353560179,-1178180698,598558,5953945,3,31,1,-0.163,-6.805,7.446,0.009,-0.015,0.007,79.70,1,941.89,59.23,659.80,1,940.24,59.70,626.39
T,6225200,1,353560180,-1178180702,598615,5953945,3,31,1,-0.158,-6.800,7.446,0.009,-0.015,0.009,79.75,1,941.85,59.24,660.15,1,940.22,59.71,626.56
T,6226187,1,353560181,-1178180700,598636,5953945,3,31,1,-0.172,-6.800,7.456,0.009,-0.015,0.007,79.75,1,941.88,59.25,659.89,1,940.21,59.72,626.65
T,6227274,1,353560185,-1178180699,598639,5953945,3,31,1,-0.172,-6.800,7.437,0.009,-0.015,0.009,79.79,1,941.86,59.26,660.07,1,940.21,59.73,626.65
T,6228262,1,353560185,-1178180701,598696,5953945,3,30,1,-0.167,-6.805,7.442,0.010,-0.013,0.009,79.78,1,941.88,59.27,659.89,1,940.16,59.74,627.09
T,6229245,1,353560183,-1178180699,598773,5953945,3,32,1,-0.163,-6.796,7.432,0.009,-0.013,0.007,79.81,1,941.86,59.28,660.07,1,940.22,59.75,626.56
T,6230229,1,353560181,-1178180695,598840,5953945,3,31,1,-0.163,-6.800,7.442,0.007,-0.013,0.009,79.82,1,941.86,59.29,660.07,1,940.22,59.76,626.56
T,6231216,1,353560180,-1178180692,598892,5953945,3,31,1,-0.167,-6.805,7.437,0.009,-0.016,0.007,79.87,1,941.89,59.30,659.80,1,940.15,59.77,627.18
T,6232203,1,353560181,-1178180690,598899,5953945,3,32,1,-0.158,-6.805,7.446,0.007,-0.013,0.007,79.82,1,941.81,59.31,660.51,1,940.21,59.78,626.65
T,6233189,1,353560182,-1178180686,598858,5953945,3,32,1,-0.163,-6.800,7.442,0.009,-0.015,0.007,79.83,1,941.85,59.32,660.15,1,940.20,59.79,626.74
T,6234175,1,353560183,-1178180686,598845,5953945,3,31,1,-0.158,-6.805,7.442,0.009,-0.013,0.009,79.88,1,941.84,59.33,660.24,1,940.21,59.80,626.65
T,6235265,1,353560182,-1178180683,598882,5953945,3,32,1,-0.163,-6.810,7.442,0.009,-0.012,0.007,79.85,1,941.89,59.34,659.80,1,940.19,59.81,626.83
T,6236250,1,353560182,-1178180680,598884,5953945,3,32,1,-0.163,-6.810,7.451,0.009,-0.015,0.009,79.89,1,941.85,59.35,660.15,1,940.22,59.82,626.56
T,6237236,1,353560182,-1178180677,598892,5953945,3,30,1,-0.158,-6.800,7.437,0.009,-0.015,0.009,79.88,1,941.83,59.36,660.33,1,940.16,59.83,627.09
T,6238224,1,353560181,-1178180673,598945,5953945,3,31,1,-0.167,-6.805,7.437,0.009,-0.013,0.007,79.89,1,941.86,59.37,660.07,1,940.20,59.84,626.74
T,6239213,1,353560179,-1178180674,598977,5953945,3,32,1,-0.163,-6.815,7.442,0.009,-0.013,0.007,79.88,1,941.84,59.38,660.24,1,940.18,59.85,626.92
T,6240198,1,353560176,-1178180673,599102,5953945,3,32,1,-0.163,-6.805,7.451,0.009,-0.015,0.007,79.90,1,941.88,59.39,659.89,1,940.21,59.86,626.65
T,6241184,1,353560175,-1178180674,599195,5953945,3,32,1,-0.163,-6.805,7.442,0.009,-0.015,0.009,79.90,1,941.83,59.40,660.33,1,940.18,59.87,626.92
T,6242272,1,353560178,-1178180676,599266,5953945,3,31,1,-0.167,-6.800,7.461,0.007,-0.015,0.009,79.92,1,941.84,59.41,660.24,1,940.23,59.88,626.48
T,6243259,1,353560178,-1178180675,599350,5953945,3,31,1,-0.158,-6.810,7.446,0.010,-0.013,0.007,79.93,1,941.82,59.43,660.42,1,940.16,59.89,627.09
T,6244243,1,353560177,-1178180672,599434,5953945,3,32,1,-0.158,-6.805,7.432,0.009,-0.015,0.009,79.96,1,941.87,59.43,659.98,1,940.20,59.90,626.74
T,6245228,1,353560175,-1178180667,599511,5953945,3,32,1,-0.167,-6.800,7.451,0.009,-0.013,0.007,79.96,1,941.84,59.44,660.24,1,940.16,59.91,627.09
T,6246217,1,353560173,-1178180657,599547,5953945,3,32,1,-0.158,-6.805,7.432,0.009,-0.015,0.009,79.94,1,941.85,59.46,660.15,1,940.21,59.92,626.65
T,6247221,1,353560171,-1178180648,599537,5953945,3,32,1,-0.158,-6.800,7.451,0.009,-0.013,0.007,79.96,1,941.85,59.47,660.15,1,940.12,59.93,627.45
T,6248209,1,353560171,-1178180643,599488,5953945,3,32,1,-0.158,-6.800,7.446,0.009,-0.015,0.007,79.98,1,941.83,59.47,660.33,1,940.19,59.94,626.83
T,6249197,1,353560173,-1178180642,599468,5953945,3,32,1,-0.158,-6.805,7.446,0.010,-0.013,0.009,79.95,1,941.83,59.49,660.33,1,940.21,59.95,626.65
T,6250183,1,353560171,-1178180643,599504,5953945,3,32,1,-0.163,-6.805,7.451,0.009,-0.015,0.006,79.98,1,941.87,59.50,659.98,1,940.17,59.96,627.01
T,6251269,1,353560170,-1178180644,599518,5953945,3,32,1,-0.153,-6.810,7.451,0.009,-0.013,0.009,80.03,1,941.80,59.51,660.60,1,940.19,59.98,626.83
T,6252254,1,353560168,-1178180642,599496,5953945,3,32,1,-0.158,-6.810,7.451,0.010,-0.015,0.007,80.00,1,941.86,59.52,660.07,1,940.19,59.99,626.83
T,6253242,1,353560165,-1178180642,599445,5953945,3,32,1,-0.163,-6.796,7.446,0.009,-0.013,0.009,80.05,1,941.85,59.53,660.15,1,940.21,60.00,626.65
T,6254249,1,353560161,-1178180637,599429,5953945,3,32,1,-0.163,-6.805,7.456,0.009,-0.015,0.007,80.05,1,941.83,59.54,660.33,1,940.12,60.01,627.45
T,6255242,1,353560158,-1178180634,599412,5953945,3,31,1,-0.158,-6.810,7.446,0.009,-0.013,0.007,80.12,1,941.81,59.55,660.51,1,940.19,60.02,626.83
T,6256227,1,353560155,-1178180631,599390,5953945,3,31,1,-0.153,-6.805,7.437,0.007,-0.015,0.009,80.11,1,941.83,59.56,660.33,1,940.17,60.03,627.01
T,6257209,1,353560150,-1178180624,599378,5953945,3,31,1,-0.148,-6.805,7.446,0.010,-0.015,0.007,80.10,1,941.85,59.57,660.15,1,940.17,60.04,627.01
T,6258195,1,353560148,-1178180622,599364,5953945,3,32,1,-0.158,-6.810,7.451,0.007,-0.013,0.007,80.13,1,941.78,59.58,660.77,1,940.12,60.05,627.45
T,6259184,1,353560145,-1178180619,599328,5953945,3,31,1,-0.167,-6.815,7.437,0.009,-0.013,0.007,80.13,1,941.83,59.59,660.33,1,940.15,60.06,627.18
T,6260169,1,353560145,-1178180616,599262,5953945,3,32,1,-0.153,-6.810,7.446,0.009,-0.015,0.007,80.14,1,941.81,59.60,660.51,1,940.14,60.07,627.27
T,6261256,1,353560146,-1178180614,599177,5953945,3,31,1,-0.158,-6.805,7.456,0.010,-0.013,0.009,80.13,1,941.80,59.61,660.60,1,940.13,60.08,627.36
T,6262243,1,353560149,-1178180614,599107,5953945,3,31,1,-0.158,-6.800,7.446,0.009,-0.015,0.009,80.16,1,941.83,59.62,660.33,1,940.16,60.09,627.09
T,6263231,1,353560153,-1178180615,599013,5953945,3,32,1,-0.158,-6.805,7.442,0.009,-0.015,0.007,80.19,1,941.82,59.63,660.42,1,940.17,60.10,627.01
T,6264224,1,353560155,-1178180619,598920,5953945,3,30,1,-0.158,-6.805,7.446,0.007,-0.015,0.009,80.17,1,941.82,59.64,660.42,1,940.13,60.11,627.36
T,6265210,1,353560156,-1178180620,598819,5953945,3,32,1,-0.158,-6.815,7.446,0.007,-0.013,0.007,80.19,1,941.81,59.65,660.51,1,940.17,60.12,627.01
T,6266197,1,353560159,-1178180620,598800,5953945,3,32,1,-0.153,-6.805,7.446,0.009,-0.015,0.007,80.22,1,941.83,59.67,660.33,1,940.17,60.13,627.01
T,6267187,1,353560158,-1178180620,598831,5953945,3,32,1,-0.163,-6.815,7.456,0.009,-0.015,0.009,80.20,1,941.84,59.67,660.24,1,940.15,60.14,627.18
T,6268275,1,353560157,-1178180620,598835,5953945,3,32,1,-0.158,-6.810,7.446,0.010,-0.013,0.009,80.21,1,941.80,59.68,660.60,1,940.17,60.15,627.01
T,6269263,1,353560152,-1178180616,598781,5953945,3,30,1,-0.153,-6.805,7.442,0.009,-0.015,0.007,80.19,1,941.78,59.69,660.77,1,940.14,60.16,627.27
T,6270252,1,353560149,-1178180615,598794,5953945,3,31,1,-0.153,-6.815,7.456,0.011,-0.013,0.009,80.32,1,941.81,59.71,660.51,1,940.11,60.17,627.54
T,6271239,1,353560150,-1178180615,598886,5953945,3,32,1,-0.163,-6.805,7.437,0.010,-0.015,0.007,80.27,1,941.82,59.72,660.42,1,940.13,60.18,627.36
T,6272223,1,353560154,-1178180615,598910,5953945,3,32,1,-0.148,-6.810,7.451,0.009,-0.013,0.007,80.24,1,941.81,59.73,660.51,1,940.17,60.19,627.01
T,6273210,1,353560156,-1178180613,598898,5953945,3,31,1,-0.163,-6.815,7.442,0.007,-0.013,0.009,80.30,1,941.80,59.74,660.60,1,940.12,60.20,627.45
T,6274198,1,353560155,-1178180611,598930,5953945,3,31,1,-0.158,-6.805,7.451,0.010,-0.015,0.007,80.35,1,941.78,59.75,660.77,1,940.15,60.21,627.18
T,6275285,1,353560156,-1178180608,598954,5953945,3,31,1,-0.158,-6.815,7.461,0.009,-0.013,0.007,80.37,1,941.77,59.76,660.86,1,940.14,60.23,627.27
T,6276270,1,353560157,-1178180610,599038,5953945,3,32,1,-0.158,-6.810,7.446,0.009,-0.015,0.007,80.37,1,941.80,59.77,660.60,1,940.16,60.24,627.09
T,6277256,1,353560154,-1178180614,599094,5953945,3,32,1,-0.153,-6.810,7.461,0.009,-0.012,0.009,80.39,1,941.79,59.78,660.69,1,940.17,60.25,627.01
T,6278244,1,353560149,-1178180617,599112,5953945,3,31,1,-0.148,-6.805,7.456,0.007,-0.013,0.009,80.36,1,941.85,59.78,660.15,1,940.18,60.26,626.92
T,6279233,1,353560147,-1178180620,599166,5953945,3,32,1,-0.153,-6.796,7.456,0.007,-0.015,0.009,80.41,1,941.81,59.79,660.51,1,940.13,60.27,627.36
T,6280218,1,353560146,-1178180624,599146,5953945,3,32,1,-0.148,-6.796,7.451,0.010,-0.013,0.009,80.38,1,941.80,59.80,660.60,1,940.16,60.28,627.09
T,6281205,1,353560144,-1178180625,599158,5953945,3,32,1,-0.148,-6.805,7.461,0.009,-0.015,0.009,80.41,1,941.79,59.81,660.69,1,940.14,60.29,627.27
T,6282190,1,353560143,-1178180625,599175,5953945,3,32,1,-0.153,-6.800,7.451,0.009,-0.013,0.009,80.44,1,941.81,59.82,660.51,1,940.16,60.30,627.09
T,6283174,1,353560144,-1178180622,599194,5953945,3,32,1,-0.153,-6.810,7.451,0.007,-0.015,0.007,80.46,1,941.80,59.83,660.60,1,940.16,60.30,627.09
T,6284160,1,353560144,-1178180621,599200,5953945,3,32,1,-0.153,-6.805,7.451,0.007,-0.015,0.007,80.44,1,941.83,59.84,660.33,1,940.15,60.31,627.18
T,6285249,1,353560141,-1178180618,599270,5953945,3,31,1,-0.148,-6.800,7.456,0.010,-0.015,0.009,80.46,1,941.79,59.85,660.69,1,940.20,60.32,626.74
T,6286233,1,353560140,-1178180614,599278,5953945,3,32,1,-0.158,-6.805,7.446,0.009,-0.015,0.010,80.48,1,941.81,59.86,660.51,1,940.14,60.33,627.27
T,6287217,1,353560136,-1178180614,599346,5953945,3,32,1,-0.144,-6.796,7.446,0.010,-0.013,0.007,80.45,1,941.78,59.87,660.77,1,940.14,60.34,627.27
T,6288273,1,353560132,-1178180613,599393,5953945,3,32,1,-0.148,-6.820,7.451,0.009,-0.015,0.007,80.50,1,941.78,59.87,660.77,1,940.12,60.35,627.45
T,6289260,1,353560129,-1178180612,599386,5953945,3,32,1,-0.158,-6.810,7.456,0.009,-0.015,0.007,80.48,1,941.78,59.89,660.77,1,940.16,60.36,627.09
T,6290246,1,353560128,-1178180618,599390,5953945,3,32,1,-0.153,-6.810,7.446,0.009,-0.017,0.007,80.51,1,941.78,59.89,660.77,1,940.15,60.37,627.18
T,6291232,1,353560129,-1178180626,599249,5953945,3,32,1,-0.153,-6.810,7.451,0.009,-0.015,0.007,80.54,1,941.77,59.90,660.86,1,940.13,60.38,627.36
T,6292221,1,353560132,-1178180632,599206,5953945,3,31,1,-0.153,-6.810,7.451,0.009,-0.013,0.007,80.52,1,941.77,59.91,660.86,1,940.13,60.39,627.36
T,6293204,1,353560129,-1178180628,599329,5953945,3,31,1,-0.158,-6.800,7.451,0.009,-0.013,0.009,80.55,1,941.76,59.92,660.95,1,940.18,60.39,626.92
T,6294187,1,353560126,-1178180625,599357,5953945,3,32,1,-0.148,-6.810,7.446,0.009,-0.015,0.009,80.55,1,941.79,59.93,660.69,1,940.13,60.40,627.36
T,6295274,1,353560122,-1178180622,599393,5953945,3,32,1,-0.153,-6.805,7.442,0.007,-0.015,0.009,80.57,1,941.81,59.94,660.51,1,940.14,60.41,627.27
T,6296257,1,353560115,-1178180617,599360,5953945,3,32,1,-0.148,-6.815,7.446,0.009,-0.013,0.009,80.57,1,941.82,59.95,660.42,1,940.17,60.42,627.01
T,6297240,1,353560108,-1178180613,599381,5953945,3,32,1,-0.148,-6.810,7.446,0.009,-0.015,0.010,80.57,1,941.79,59.96,660.69,1,940.13,60.43,627.36
T,6298229,1,353560100,-1178180610,599494,5953945,3,32,1,-0.144,-6.810,7.451,0.009,-0.013,0.007,80.61,1,941.82,59.96,660.42,1,940.14,60.44,627.27
T,6299212,1,353560095,-1178180609,599607,5953945,3,32,1,-0.153,-6.810,7.451,0.009,-0.016,0.010,80.57,1,941.77,59.97,660.86,1,940.20,60.45,626.74
T,6300193,1,353560087,-1178180607,599785,5953945,3,32,1,-0.148,-6.815,7.451,0.009,-0.012,0.009,80.62,1,941.79,59.98,660.69,1,940.15,60.45,627.18
T,6301281,1,353560085,-1178180606,599789,5953945,3,31,1,-0.148,-6.805,7.442,0.009,-0.016,0.009,80.64,1,941.74,59.99,661.13,1,940.09,60.46,627.71
T,6302265,1,353560081,-1178180608,599894,5953945,3,32,1,-0.139,-6.810,7.456,0.009,-0.015,0.007,80.61,1,941.78,60.00,660.77,1,940.12,60.47,627.45
T,6303248,1,353560079,-1178180604,599957,5953945,3,32,1,-0.153,-6.810,7.456,0.009,-0.015,0.009,80.65,1,941.75,60.01,661.04,1,940.11,60.48,627.54
T,6304230,1,353560077,-1178180601,599996,5953945,3,32,1,-0.153,-6.810,7.442,0.007,-0.013,0.007,80.66,1,941.77,60.01,660.86,1,940.11,60.49,627.54
T,6305211,1,353560079,-1178180603,599998,5953945,3,32,1,-0.144,-6.810,7.456,0.007,-0.013,0.007,80.66,1,941.76,60.02,660.95,1,940.11,60.50,627.54
T,6306195,1,353560077,-1178180601,600076,5953945,3,31,1,-0.144,-6.810,7.461,0.007,-0.013,0.009,80.69,1,941.79,60.03,660.69,1,940.13,60.51,627.36
T,6307177,1,353560076,-1178180599,600137,5953945,3,32,1,-0.139,-6.810,7.451,0.009,-0.013,0.007,80.67,1,941.77,60.04,660.86,1,940.10,60.51,627.62
T,6308160,1,353560072,-1178180596,600133,5953945,3,31,1,-0.148,-6.805,7.461,0.009,-0.015,0.007,80.69,1,941.81,60.05,660.51,1,940.14,60.52,627.27
T,6309247,1,353560068,-1178180595,600124,5953945,3,32,1,-0.144,-6.810,7.451,0.009,-0.015,0.007,80.67,1,941.78,60.06,660.77,1,940.14,60.53,627.27
T,6310234,1,353560066,-1178180591,600116,5953945,3,31,1,-0.144,-6.810,7.456,0.010,-0.015,0.007,80.70,1,941.77,60.07,660.86,1,940.13,60.54,627.36
T,6311225,1,353560067,-1178180588,600045,5953945,3,31,1,-0.148,-6.820,7.451,0.009,-0.013,0.009,80.72,1,941.76,60.08,660.95,1,940.11,60.55,627.54
T,6312208,1,353560067,-1178180587,600031,5953945,3,31,1,-0.139,-6.810,7.451,0.010,-0.015,0.007,80.70,1,941.72,60.09,661.30,1,940.11,60.56,627.54
T,6313191,1,353560067,-1178180588,600022,5953945,3,32,1,-0.148,-6.805,7.466,0.007,-0.015,0.009,80.73,1,941.76,60.09,660.95,1,940.10,60.56,627.62
T,6314274,1,353560068,-1178180588,600015,5953945,3,32,1,-0.144,-6.805,7.446,0.009,-0.015,0.007,80.72,1,941.75,60.10,661.04,1,940.09,60.57,627.71
T,6315255,1,353560069,-1178180591,599954,5953945,3,32,1,-0.148,-6.815,7.451,0.007,-0.013,0.010,80.73,1,941.77,60.11,660.86,1,940.13,60.58,627.36
T,6316238,1,353560070,-1178180592,599918,5953945,3,31,1,-0.144,-6.815,7.461,0.007,-0.015,0.009,80.76,1,941.75,60.12,661.04,1,940.10,60.59,627.62
T,6317221,1,353560070,-1178180593,599886,5953945,3,32,1,-0.148,-6.815,7.451,0.009,-0.015,0.009,80.74,1,941.74,60.13,661.13,1,940.09,60.60,627.71
T,6318204,1,353560068,-1178180595,599925,5953945,3,31,1,-0.144,-6.810,7.451,0.009,-0.015,0.007,80.76,1,941.76,60.14,660.95,1,940.09,60.60,627.71
T,6319188,1,353560068,-1178180599,599908,5953945,3,31,1,-0.134,-6.805,7.461,0.009,-0.015,0.007,80.75,1,941.74,60.15,661.13,1,940.06,60.61,627.98
T,6320171,1,353560071,-1178180604,599867,5953945,3,32,1,-0.134,-6.805,7.451,0.009,-0.015,0.007,80.78,1,941.71,60.15,661.39,1,940.10,60.62,627.62
T,6321255,1,353560072,-1178180606,599811,5953945,3,31,1,-0.148,-6.810,7.451,0.007,-0.013,0.007,80.82,1,941.71,60.16,661.39,1,940.10,60.63,627.62
T,6322245,1,353560071,-1178180609,599821,5953945,3,32,1,-0.144,-6.820,7.466,0.009,-0.015,0.009,80.82,1,941.74,60.17,661.13,1,940.07,60.64,627.89
T,6323231,1,353560072,-1178180614,599833,5953945,3,31,1,-0.139,-6.815,7.456,0.007,-0.013,0.007,80.77,1,941.76,60.18,660.95,1,940.16,60.65,627.09
T,6324213,1,353560071,-1178180616,599878,5953945,3,31,1,-0.148,-6.805,7.461,0.007,-0.015,0.007,80.86,1,941.78,60.19,660.77,1,940.14,60.66,627.27
T,6325199,1,353560072,-1178180617,599867,5953945,3,31,1,-0.144,-6.810,7.456,0.009,-0.013,0.007,80.84,1,941.75,60.20,661.04,1,940.10,60.67,627.62
T,6326181,1,353560075,-1178180619,599857,5953945,3,32,1,-0.144,-6.815,7.451,0.007,-0.015,0.007,80.83,1,941.74,60.20,661.13,1,940.10,60.67,627.62
T,6327266,1,353560077,-1178180619,599828,5953945,3,31,1,-0.144,-6.805,7.451,0.007,-0.013,0.007,80.87,1,941.75,60.21,661.04,1,940.10,60.68,627.62
T,6328249,1,353560079,-1178180622,599874,5953945,3,31,1,-0.148,-6.815,7.446,0.009,-0.015,0.009,80.86,1,941.71,60.22,661.39,1,940.09,60.69,627.71
T,6329233,1,353560078,-1178180623,599937,5953945,3,32,1,-0.144,-6.810,7.461,0.007,-0.016,0.007,80.81,1,941.73,60.23,661.22,1,940.09,60.70,627.71
T,6330218,1,353560080,-1178180626,599920,5953945,3,32,1,-0.134,-6.810,7.451,0.007,-0.015,0.007,80.88,1,941.75,60.24,661.04,1,940.12,60.71,627.45
T,6331200,1,353560078,-1178180628,599843,5953945,3,31,1,-0.139,-6.815,7.456,0.009,-0.016,0.009,80.89,1,941.72,60.25,661.30,1,940.11,60.71,627.54
T,6332188,1,353560079,-1178180630,599808,5953945,3,32,1,-0.144,-6.810,7.451,0.009,-0.016,0.007,80.91,1,941.77,60.25,660.86,1,940.09,60.72,627.71
T,6333169,1,353560078,-1178180631,599851,5953945,3,31,1,-0.139,-6.820,7.456,0.007,-0.015,0.009,80.94,1,941.75,60.26,661.04,1,940.15,60.73,627.18
T,6334265,1,353560076,-1178180630,599874,5953945,3,31,1,-0.134,-6.815,7.451,0.009,-0.013,0.009,80.90,1,941.77,60.27,660.86,1,940.13,60.74,627.36
T,6335251,1,353560075,-1178180628,599882,5953945,3,31,1,-0.148,-6.815,7.451,0.009,-0.013,0.007,80.90,1,941.77,60.28,660.86,1,940.09,60.75,627.71
T,6336235,1,353560072,-1178180624,599899,5953945,3,31,1,-0.134,-6.810,7.456,0.007,-0.015,0.007,80.91,1,941.76,60.29,660.95,1,940.11,60.76,627.54
T,6337222,1,353560069,-1178180619,599969,5953945,3,32,1,-0.139,-6.815,7.466,0.009,-0.015,0.009,80.92,1,941.78,60.30,660.77,1,940.11,60.77,627.54
T,6338208,1,353560067,-1178180614,600001,5953945,3,32,1,-0.139,-6.810,7.456,0.010,-0.015,0.009,80.93,1,941.77,60.30,660.86,1,940.10,60.77,627.62
T,6339192,1,353560062,-1178180609,600029,5953945,3,32,1,-0.148,-6.815,7.451,0.009,-0.015,0.009,80.92,1,941.76,60.31,660.95,1,940.12,60.78,627.45
T,6340178,1,353560060,-1178180606,600036,5953945,3,32,1,-0.144,-6.815,7.446,0.009,-0.016,0.009,80.93,1,941.73,60.32,661.22,1,940.12,60.79,627.45
T,6341267,1,353560059,-1178180603,600050,5953945,3,31,1,-0.144,-6.815,7.456,0.009,-0.015,0.009,80.96,1,941.74,60.32,661.13,1,940.09,60.80,627.71
T,6342252,1,353560057,-1178180601,600107,5953945,3,32,1,-0.139,-6.805,7.451,0.009,-0.015,0.009,80.95,1,941.75,60.34,661.04,1,940.16,60.80,627.09
T,6343238,1,353560054,-1178180599,600120,5953945,3,30,1,-0.139,-6.820,7.461,0.007,-0.013,0.009,80.98,1,941.74,60.34,661.13,1,940.15,60.81,627.18
T,6344225,1,353560054,-1178180598,600156,5953945,3,32,1,-0.139,-6.820,7.456,0.009,-0.015,0.007,80.98,1,941.75,60.35,661.04,1,940.08,60.82,627.80
T,6345212,1,353560051,-1178180595,600200,5953945,3,32,1,-0.139,-6.815,7.451,0.010,-0.015,0.009,80.95,1,941.78,60.36,660.77,1,940.10,60.83,627.62
T,6346198,1,353560050,-1178180594,600228,5953945,3,31,1,-0.144,-6.810,7.451,0.010,-0.015,0.009,80.98,1,941.76,60.37,660.95,1,940.13,60.84,627.36
T,6347185,1,353560049,-1178180591,600257,5953945,3,31,1,-0.139,-6.815,7.446,0.009,-0.015,0.007,80.98,1,941.75,60.37,661.04,1,940.14,60.85,627.27
T,6348174,1,353560051,-1178180590,600209,5953945,3,32,1,-0.134,-6.805,7.461,0.009,-0.013,0.009,80.99,1,941.77,60.38,660.86,1,940.15,60.85,627.18
T,6349266,1,353560051,-1178180588,600155,5953945,3,31,1,-0.153,-6.800,7.451,0.009,-0.013,0.007,81.03,1,941.78,60.39,660.77,1,940.07,60.86,627.89
T,6350250,1,353560052,-1178180588,600134,5953945,3,32,1,-0.144,-6.810,7.451,0.007,-0.015,0.007,81.03,1,941.75,60.40,661.04,1,940.11,60.87,627.54
T,6351238,1,353560054,-1178180588,600127,5953945,3,31,1,-0.139,-6.820,7.466,0.009,-0.015,0.007,81.04,1,941.74,60.40,661.13,1,940.12,60.88,627.45
T,6352228,1,353560060,-1178180593,600037,5953945,3,32,1,-0.134,-6.824,7.451,0.007,-0.015,0.009,81.04,1,941.76,60.41,660.95,1,940.13,60.88,627.36
T,6353215,1,353560064,-1178180597,599964,5953945,3,32,1,-0.139,-6.810,7.446,0.009,-0.016,0.007,81.04,1,941.77,60.42,660.86,1,940.12,60.89,627.45
T,6354200,1,353560066,-1178180599,599904,5953945,3,31,1,-0.129,-6.820,7.442,0.010,-0.013,0.009,81.05,1,941.72,60.43,661.30,1,940.10,60.90,627.62
T,6355189,1,353560067,-1178180601,599893,5953945,3,31,1,-0.144,-6.820,7.442,0.009,-0.015,0.007,81.11,1,941.80,60.43,660.60,1,940.09,60.91,627.71
T,6356175,1,353560068,-1178180603,599918,5953945,3,31,1,-0.139,-6.810,7.442,0.009,-0.015,0.009,81.07,1,941.75,60.44,661.04,1,940.11,60.91,627.54
T,6357169,1,353560071,-1178180605,599920,5953945,3,31,1,-0.139,-6.815,7.456,0.009,-0.013,0.007,81.11,1,941.76,60.45,660.95,1,940.15,60.92,627.18
T,6358160,1,353560076,-1178180610,599844,5953945,3,32,1,-0.134,-6.815,7.451,0.007,-0.015,0.009,81.11,1,941.78,60.45,660.77,1,940.11,60.93,627.54
T,6359247,1,353560079,-1178180612,599772,5953945,3,32,1,-0.139,-6.815,7.461,0.009,-0.015,0.009,81.11,1,941.72,60.46,661.30,1,940.13,60.94,627.36
T,6360232,1,353560080,-1178180614,599765,5953945,3,32,1,-0.139,-6.815,7.442,0.009,-0.013,0.007,81.09,1,941.78,60.47,660.77,1,940.09,60.95,627.71
T,6361218,1,353560082,-1178180615,599772,5953945,3,32,1,-0.139,-6.805,7.456,0.007,-0.013,0.007,81.11,1,941.76,60.47,660.95,1,940.11,60.95,627.54
T,6362206,1,353560082,-1178180613,599803,5953945,3,32,1,-0.139,-6.815,7.446,0.007,-0.015,0.007,81.09,1,941.78,60.48,660.77,1,940.14,60.96,627.27
T,6363192,1,353560082,-1178180612,599832,5953945,3,32,1,-0.134,-6.815,7.446,0.009,-0.015,0.007,81.13,1,941.73,60.49,661.22,1,940.08,60.97,627.80
T,6364179,1,353560081,-1178180610,599865,5953945,3,32,1,-0.134,-6.815,7.442,0.009,-0.013,0.009,81.13,1,941.73,60.50,661.22,1,940.16,60.97,627.09
T,6365168,1,353560083,-1178180614,599805,5953945,3,32,1,-0.124,-6.800,7.451,0.009,-0.013,0.009,81.11,1,941.76,60.50,660.95,1,940.11,60.98,627.54
T,6366254,1,353560082,-1178180616,599767,5953945,3,32,1,-0.124,-6.815,7.451,0.009,-0.015,0.007,81.16,1,941.73,60.51,661.22,1,940.08,60.99,627.80
T,6367239,1,353560082,-1178180616,599714,5953945,3,32,1,-0.134,-6.815,7.456,0.010,-0.013,0.009,81.17,1,941.74,60.52,661.13,1,940.05,61.00,628.07
T,6368224,1,353560084,-1178180617,599685,5953945,3,32,1,-0.129,-6.810,7.446,0.009,-0.015,0.007,81.21,1,941.71,60.53,661.39,1,940.08,61.00,627.80
T,6369219,1,353560084,-1178180615,599698,5953945,3,32,1,-0.129,-6.805,7.451,0.009,-0.013,0.007,81.20,1,941.82,60.54,660.42,1,940.10,61.01,627.62
T,6370203,1,353560087,-1178180615,599698,5953945,3,32,1,-0.134,-6.810,7.451,0.009,-0.015,0.007,81.21,1,941.75,60.54,661.04,1,940.06,61.02,627.98
T,6371201,1,353560092,-1178180617,599676,5953945,3,32,1,-0.120,-6.820,7.446,0.007,-0.013,0.007,81.21,1,941.76,60.55,660.95,1,940.11,61.03,627.54
T,6372189,1,353560096,-1178180619,599646,5953945,3,32,1,-0.124,-6.810,7.451,0.009,-0.015,0.007,81.18,1,941.77,60.55,660.86,1,940.10,61.03,627.62
T,6373173,1,353560100,-1178180620,599688,5953945,3,32,1,-0.129,-6.815,7.456,0.009,-0.013,0.009,81.22,1,941.72,60.56,661.30,1,940.13,61.04,627.36
T,6374259,1,353560103,-1178180619,599779,5953945,3,32,1,-0.129,-6.815,7.461,0.009,-0.015,0.007,81.22,1,941.75,60.57,661.04,1,940.10,61.05,627.62
T,6375245,1,353560105,-1178180619,599821,5953945,3,32,1,-0.120,-6.815,7.442,0.009,-0.015,0.007,81.26,1,941.78,60.58,660.77,1,940.09,61.06,627.71
T,6376236,1,353560109,-1178180622,599854,5953945,3,32,1,-0.120,-6.805,7.446,0.009,-0.015,0.009,81.26,1,941.71,60.58,661.39,1,940.12,61.06,627.45
T,6377220,1,353560111,-1178180620,599880,5953945,3,32,1,-0.129,-6.815,7.446,0.007,-0.015,0.007,81.24,1,941.73,60.59,661.22,1,940.08,61.07,627.80
T,6378203,1,353560113,-1178180619,599886,5953945,3,31,1,-0.120,-6.815,7.451,0.009,-0.013,0.007,81.24,1,941.72,60.60,661.30,1,940.11,61.08,627.54
T,6379194,1,353560117,-1178180620,599861,5953945,3,32,1,-0.134,-6.810,7.451,0.009,-0.015,0.009,81.25,1,941.72,60.60,661.30,1,940.10,61.08,627.62
T,6380180,1,353560120,-1178180622,599861,5953945,3,32,1,-0.129,-6.815,7.446,0.009,-0.015,0.009,81.29,1,941.71,60.61,661.39,1,940.11,61.09,627.54
T,6381165,1,353560121,-1178180623,599845,5953945,3,31,1,-0.124,-6.800,7.442,0.007,-0.015,0.009,81.27,1,941.76,60.62,660.95,1,940.10,61.10,627.62
T,6382250,1,353560125,-1178180625,599858,5953945,3,31,1,-0.129,-6.820,7.456,0.007,-0.015,0.009,81.32,1,941.69,60.63,661.57,1,940.12,61.10,627.45
T,6383238,1,353560128,-1178180624,599838,5953945,3,31,1,-0.120,-6.815,7.451,0.009,-0.013,0.007,81.31,1,941.77,60.63,660.86,1,940.09,61.11,627.71
T,6384232,1,353560126,-1178180624,599829,5953945,3,31,1,-0.124,-6.820,7.451,0.009,-0.013,0.007,81.31,1,941.75,60.64,661.04,1,940.11,61.12,627.54
T,6385216,1,353560126,-1178180623,599862,5953945,3,32,1,-0.124,-6.805,7.456,0.009,-0.015,0.007,81.33,1,941.71,60.65,661.39,1,940.12,61.13,627.45
T,6386203,1,353560127,-1178180623,599907,5953945,3,31,1,-0.120,-6.805,7.442,0.009,-0.015,0.009,81.34,1,941.75,60.65,661.04,1,940.11,61.14,627.54
T,6387195,1,353560129,-1178180626,599901,5953945,3,32,1,-0.120,-6.805,7.446,0.009,-0.013,0.009,81.37,1,941.71,60.66,661.39,1,940.12,61.14,627.45
T,6388181,1,353560131,-1178180629,599898,5953945,3,31,1,-0.124,-6.815,7.446,0.009,-0.013,0.006,81.36,1,941.74,60.67,661.13,1,940.08,61.15,627.80
T,6389288,1,353560130,-1178180631,599879,5953945,3,31,1,-0.115,-6.810,7.451,0.007,-0.015,0.007,81.32,1,941.68,60.68,661.66,1,940.04,61.16,628.16
T,6390178,1,353560130,-1178180633,599897,5953945,3,31,1,-0.120,-6.810,7.461,0.009,-0.015,0.009,81.37,1,941.72,60.68,661.30,1,940.08,61.16,627.80
T,6391263,1,353560137,-1178180640,599982,5953945,3,31,1,-0.115,-6.815,7.451,0.010,-0.013,0.007,81.38,1,941.75,60.69,661.04,1,940.05,61.17,628.07
T,6392250,1,353560140,-1178180644,600048,5953945,3,32,1,-0.115,-6.810,7.456,0.007,-0.015,0.007,81.38,1,941.69,60.70,661.57,1,940.08,61.18,627.80
T,6393239,1,353560142,-1178180643,600141,5953945,3,31,1,-0.124,-6.810,7.456,0.010,-0.015,0.009,81.42,1,941.72,60.70,661.30,1,940.08,61.18,627.80
T,6394226,1,353560143,-1178180643,600180,5953945,3,32,1,-0.115,-6.815,7.451,0.009,-0.015,0.009,81.42,1,941.70,60.71,661.48,1,940.05,61.20,628.07
T,6395213,1,353560146,-1178180645,600166,5953945,3,30,1,-0.124,-6.820,7.446,0.009,-0.015,0.009,81.42,1,941.66,60.72,661.83,1,940.03,61.20,628.24
T,6396299,1,353560148,-1178180648,600197,5953945,3,32,1,-0.105,-6.820,7.442,0.009,-0.015,0.009,81.43,1,941.67,60.72,661.74,1,940.04,61.21,628.16
T,6397185,1,353560151,-1178180654,600074,5953945,3,32,1,-0.124,-6.815,7.446,0.010,-0.015,0.007,81.43,1,941.71,60.73,661.39,1,940.07,61.22,627.89
T,6398272,1,353560152,-1178180659,599942,5953945,3,32,1,-0.120,-6.805,7.451,0.009,-0.013,0.009,81.45,1,941.64,60.74,662.01,1,940.05,61.22,628.07
T,6399257,1,353560151,-1178180658,599941,5953945,3,31,1,-0.129,-6.810,7.442,0.009,-0.013,0.009,81.45,1,941.73,60.75,661.22,1,940.09,61.23,627.71
T,6400242,1,353560152,-1178180661,599872,5953945,3,32,1,-0.115,-6.796,7.451,0.007,-0.015,0.007,81.48,1,941.69,60.75,661.57,1,940.04,61.24,628.16
T,6401228,1,353560152,-1178180662,599845,5953945,3,32,1,-0.124,-6.824,7.442,0.009,-0.015,0.009,81.48,1,941.70,60.76,661.48,1,940.03,61.24,628.24
T,6402213,1,353560149,-1178180661,599871,5953945,3,30,1,-0.115,-6.815,7.437,0.009,-0.015,0.007,81.50,1,941.72,60.77,661.30,1,940.06,61.25,627.98
T,6403199,1,353560147,-1178180661,599907,5953945,3,31,1,-0.120,-6.820,7.451,0.007,-0.013,0.007,81.48,1,941.68,60.77,661.66,1,940.02,61.26,628.33
T,6404187,1,353560145,-1178180659,599938,5953945,3,31,1,-0.115,-6.815,7.446,0.009,-0.013,0.007,81.48,1,941.69,60.78,661.57,1,940.06,61.27,627.98
T,6405176,1,353560144,-1178180657,599916,5953945,3,32,1,-0.110,-6.820,7.446,0.009,-0.015,0.009,81.53,1,941.73,60.78,661.22,1,940.05,61.27,628.07
T,6406161,1,353560144,-1178180656,599803,5953945,3,31,1,-0.110,-6.824,7.451,0.009,-0.016,0.009,81.49,1,941.70,60.79,661.48,1,940.06,61.28,627.98
T,6407255,1,353560143,-1178180654,599715,5953945,3,31,1,-0.110,-6.810,7.451,0.009,-0.013,0.009,81.48,1,941.70,60.80,661.48,1,940.06,61.29,627.98
T,6408239,1,353560142,-1178180651,599681,5953945,3,31,1,-0.124,-6.810,7.446,0.010,-0.015,0.007,81.51,1,941.69,60.80,661.57,1,940.01,61.29,628.42
T,6409226,1,353560143,-1178180649,599622,5953945,3,31,1,-0.110,-6.815,7.451,0.010,-0.016,0.007,81.57,1,941.70,60.81,661.48,1,940.06,61.30,627.98
T,6410210,1,353560142,-1178180648,599606,5953945,3,31,1,-0.115,-6.815,7.446,0.009,-0.015,0.007,81.54,1,941.69,60.81,661.57,1,940.06,61.31,627.98
T,6411196,1,353560143,-1178180648,599588,5953945,3,30,1,-0.110,-6.810,7.451,0.010,-0.015,0.006,81.51,1,941.69,60.82,661.57,1,940.06,61.31,627.98
T,6412181,1,353560145,-1178180647,599513,5953945,3,31,1,-0.120,-6.810,7.446,0.007,-0.015,0.007,81.55,1,941.69,60.83,661.57,1,940.03,61.32,628.24
T,6413272,1,353560145,-1178180646,599514,5953945,3,31,1,-0.110,-6.810,7.461,0.009,-0.013,0.009,81.59,1,941.66,60.84,661.83,1,940.07,61.33,627.89
T,6414259,1,353560146,-1178180647,599441,5953945,3,31,1,-0.115,-6.815,7.442,0.009,-0.016,0.009,81.57,1,941.68,60.84,661.66,1,940.04,61.33,628.16
T,6415245,1,353560148,-1178180649,599387,5953945,3,32,1,-0.115,-6.810,7.461,0.009,-0.015,0.009,81.58,1,941.71,60.85,661.39,1,940.09,61.34,627.71
T,6416240,1,353560148,-1178180650,599306,5953945,3,32,1,-0.115,-6.815,7.442,0.007,-0.015,0.010,81.62,1,941.69,60.86,661.57,1,940.08,61.35,627.80
T,6417224,1,353560147,-1178180648,599287,5953945,3,31,1,-0.105,-6.805,7.446,0.009,-0.013,0.007,81.61,1,941.71,60.87,661.39,1,940.11,61.35,627.54
T,6418211,1,353560148,-1178180648,599214,5953945,3,32,1,-0.120,-6.810,7.451,0.009,-0.016,0.009,81.67,1,941.67,60.87,661.74,1,940.07,61.36,627.89
T,6419197,1,353560144,-1178180646,599188,5953945,3,31,1,-0.110,-6.810,7.451,0.010,-0.015,0.009,81.62,1,941.69,60.88,661.57,1,940.07,61.37,627.89
T,6420182,1,353560141,-1178180643,599180,5953945,3,32,1,-0.105,-6.805,7.461,0.007,-0.015,0.009,81.62,1,941.75,60.89,661.04,1,940.11,61.37,627.54
T,6421272,1,353560140,-1178180644,599198,5953945,3,32,1,-0.105,-6.815,7.451,0.009,-0.015,0.009,81.67,1,941.75,60.89,661.04,1,940.09,61.38,627.71
T,6422257,1,353560139,-1178180646,599196,5953945,3,32,1,-0.110,-6.810,7.442,0.006,-0.015,0.007,81.62,1,941.72,60.90,661.30,1,940.09,61.39,627.71
T,6423240,1,353560137,-1178180647,599185,5953945,3,32,1,-0.105,-6.815,7.456,0.007,-0.016,0.010,81.68,1,941.72,60.91,661.30,1,940.11,61.39,627.54
T,6424226,1,353560134,-1178180647,599150,5953945,3,32,1,-0.110,-6.824,7.456,0.007,-0.015,0.007,81.64,1,941.75,60.92,661.04,1,940.12,61.40,627.45
T,6425214,1,353560131,-1178180648,599058,5953945,3,32,1,-0.110,-6.824,7.461,0.007,-0.015,0.009,81.69,1,941.74,60.92,661.13,1,940.12,61.41,627.45
T,6426199,1,353560131,-1178180653,598931,5953945,3,31,1,-0.110,-6.824,7.446,0.006,-0.015,0.009,81.67,1,941.75,60.93,661.04,1,940.13,61.41,627.36
T,6427186,1,353560130,-1178180654,598904,5953945,3,31,1,-0.115,-6.824,7.461,0.007,-0.016,0.009,81.69,1,941.71,60.94,661.39,1,940.12,61.42,627.45
T,6428183,1,353560133,-1178180655,598935,5953945,3,31,1,-0.115,-6.805,7.451,0.009,-0.013,0.007,81.70,1,941.72,60.95,661.30,1,940.06,61.43,627.98
T,6429168,1,353560135,-1178180655,598952,5953945,3,32,1,-0.096,-6.815,7.446,0.009,-0.015,0.007,81.71,1,941.72,60.95,661.30,1,940.14,61.44,627.27
T,6430260,1,353560137,-1178180659,598954,5953945,3,32,1,-0.096,-6.820,7.451,0.009,-0.013,0.006,81.70,1,941.76,60.96,660.95,1,940.10,61.44,627.62
T,6431248,1,353560138,-1178180660,598999,5953945,3,31,1,-0.105,-6.815,7.446,0.009,-0.015,0.009,81.72,1,941.76,60.97,660.95,1,940.12,61.45,627.45
T,6432235,1,353560138,-1178180658,599039,5953945,3,32,1,-0.115,-6.820,7.451,0.009,-0.015,0.009,81.73,1,941.73,60.97,661.22,1,940.08,61.46,627.80
T,6433224,1,353560139,-1178180658,599011,5953945,3,32,1,-0.105,-6.824,7.461,0.009,-0.015,0.009,81.72,1,941.76,60.98,660.95,1,940.16,61.47,627.09
T,6434211,1,353560141,-1178180658,598930,5953945,3,32,1,-0.115,-6.815,7.442,0.009,-0.016,0.007,81.72,1,941.73,60.99,661.22,1,940.11,61.47,627.54
T,6435202,1,353560143,-1178180661,598895,5953945,3,32,1,-0.105,-6.820,7.456,0.009,-0.015,0.009,81.73,1,941.79,60.99,660.69,1,940.12,61.48,627.45
T,6436188,1,353560146,-1178180659,598877,5953945,3,32,1,-0.096,-6.820,7.451,0.009,-0.015,0.007,81.73,1,941.74,61.00,661.13,1,940.11,61.49,627.54
T,6437276,1,353560148,-1178180660,598865,5953945,3,32,1,-0.115,-6.824,7.451,0.009,-0.015,0.007,81.75,1,941.74,61.01,661.13,1,940.12,61.49,627.45
T,6438263,1,353560146,-1178180661,598929,5953945,3,32,1,-0.096,-6.815,7.446,0.009,-0.015,0.009,81.76,1,941.78,61.02,660.77,1,940.08,61.50,627.80
T,6439253,1,353560145,-1178180655,598973,5953945,3,31,1,-0.096,-6.824,7.446,0.009,-0.013,0.009,81.73,1,941.72,61.02,661.30,1,940.08,61.51,627.80
T,6440237,1,353560146,-1178180654,599036,5953945,3,32,1,-0.091,-6.810,7.442,0.009,-0.015,0.009,81.73,1,941.70,61.03,661.48,1,940.10,61.52,627.62
T,6441222,1,353560143,-1178180656,599024,5953945,3,31,1,-0.096,-6.820,7.451,0.009,-0.015,0.009,81.73,1,941.73,61.04,661.22,1,940.08,61.52,627.80
T,6442211,1,353560141,-1178180657,599040,5953945,3,32,1,-0.105,-6.824,7.446,0.009,-0.015,0.007,81.77,1,941.71,61.05,661.39,1,940.09,61.53,627.71
T,6443197,1,353560139,-1178180656,599022,5953945,3,31,1,-0.096,-6.805,7.456,0.010,-0.015,0.009,81.79,1,941.76,61.06,660.95,1,940.09,61.54,627.71
T,6444184,1,353560138,-1178180660,599001,5953945,3,32,1,-0.105,-6.815,7.451,0.010,-0.013,0.009,81.76,1,941.76,61.06,660.95,1,940.08,61.55,627.80
T,6445273,1,353560140,-1178180665,598982,5953945,3,32,1,-0.100,-6.815,7.442,0.009,-0.015,0.009,81.82,1,941.73,61.07,661.22,1,940.12,61.56,627.45
T,6446261,1,353560137,-1178180661,599031,5953945,3,32,1,-0.100,-6.810,7.451,0.009,-0.015,0.009,81.79,1,941.72,61.08,661.30,1,940.09,61.56,627.71
T,6447246,1,353560135,-1178180658,599079,5953945,3,32,1,-0.105,-6.810,7.446,0.009,-0.016,0.009,81.81,1,941.75,61.08,661.04,1,940.09,61.57,627.71
T,6448232,1,353560135,-1178180660,599081,5953945,3,32,1,-0.091,-6.815,7.446,0.010,-0.015,0.009,81.84,1,941.74,61.09,661.13,1,940.09,61.58,627.71
T,6449219,1,353560137,-1178180665,599031,5953945,3,32,1,-0.091,-6.820,7.456,0.009,-0.015,0.007,81.82,1,941.74,61.10,661.13,1,940.11,61.59,627.54
T,6450205,1,353560135,-1178180662,599032,5953945,3,31,1,-0.105,-6.815,7.446,0.009,-0.015,0.009,81.86,1,941.77,61.10,660.86,1,940.07,61.59,627.89
T,6451191,1,353560131,-1178180658,598958,5953945,3,32,1,-0.105,-6.820,7.451,0.007,-0.015,0.007,81.78,1,941.77,61.11,660.86,1,940.14,61.60,627.27
T,6452176,1,353560125,-1178180650,598898,5953945,3,32,1,-0.091,-6.810,7.456,0.009,-0.013,0.007,81.89,1,941.76,61.12,660.95,1,940.10,61.61,627.62
T,6453165,1,353560126,-1178180652,598798,5953945,3,32,1,-0.100,-6.815,7.456,0.010,-0.013,0.007,81.89,1,941.77,61.13,660.86,1,940.09,61.61,627.71
T,6454252,1,353560128,-1178180652,598833,5953945,3,32,1,-0.100,-6.824,7.446,0.007,-0.015,0.010,81.90,1,941.72,61.14,661.30,1,940.14,61.62,627.27
T,6455237,1,353560126,-1178180651,598780,5953945,3,32,1,-0.100,-6.810,7.451,0.009,-0.013,0.009,81.83,1,941.75,61.14,661.04,1,940.12,61.63,627.45
T,6456230,1,353560127,-1178180651,598706,5953945,3,32,1,-0.096,-6.824,7.446,0.007,-0.015,0.009,81.89,1,941.74,61.15,661.13,1,940.12,61.64,627.45
T,6457216,1,353560127,-1178180651,598635,5953945,3,32,1,-0.091,-6.829,7.442,0.009,-0.013,0.009,81.88,1,941.76,61.16,660.95,1,940.07,61.65,627.89
T,6458204,1,353560129,-1178180653,598544,5953945,3,32,1,-0.096,-6.815,7.451,0.010,-0.015,0.009,81.92,1,941.77,61.17,660.86,1,940.08,61.65,627.80
T,6459195,1,353560131,-1178180653,598451,5953945,3,32,1,-0.096,-6.810,7.456,0.007,-0.013,0.009,81.93,1,941.72,61.18,661.30,1,940.15,61.66,627.18
T,6460183,1,353560129,-1178180652,598403,5953945,3,32,1,-0.100,-6.829,7.451,0.006,-0.015,0.007,81.93,1,941.74,61.18,661.13,1,940.11,61.67,627.54
T,6461282,1,353560127,-1178180652,598402,5953945,3,32,1,-0.086,-6.815,7.456,0.010,-0.015,0.007,81.90,1,941.76,61.18,660.95,1,940.10,61.68,627.62
T,6462274,1,353560127,-1178180652,598442,5953945,3,32,1,-0.091,-6.815,7.432,0.006,-0.015,0.009,81.93,1,941.77,61.18,660.86,1,940.11,61.69,627.54
T,6463262,1,353560126,-1178180654,598401,5953945,3,32,1,-0.091,-6.815,7.451,0.009,-0.016,0.010,81.95,1,941.76,61.20,660.95,1,940.10,61.70,627.62
T,6464248,1,353560125,-1178180658,598421,5953945,3,32,1,-0.091,-6.824,7.442,0.007,-0.016,0.009,81.95,1,941.74,61.21,661.13,1,940.09,61.70,627.71
T,6465243,1,353560125,-1178180660,598430,5953945,3,32,1,-0.081,-6.810,7.451,0.009,-0.015,0.009,81.97,1,941.73,61.21,661.22,1,940.08,61.71,627.80
T,6466229,1,353560127,-1178180663,598472,5953945,3,32,1,-0.086,-6.824,7.442,0.010,-0.015,0.009,81.95,1,941.75,61.22,661.04,1,940.10,61.72,627.62
T,6467218,1,353560129,-1178180665,598494,5953945,3,32,1,-0.096,-6.815,7.446,0.009,-0.015,0.009,81.98,1,941.73,61.23,661.22,1,940.09,61.72,627.71
T,6468203,1,353560130,-1178180669,598492,5953945,3,32,1,-0.091,-6.824,7.451,0.007,-0.013,0.009,81.97,1,941.75,61.23,661.04,1,940.07,61.73,627.89
T,6469188,1,353560133,-1178180673,598543,5953945,3,32,1,-0.096,-6.815,7.432,0.009,-0.013,0.009,81.95,1,941.72,61.24,661.30,1,940.13,61.74,627.36
T,6470278,1,353560135,-1178180674,598597,5953945,3,32,1,-0.086,-6.820,7.446,0.010,-0.013,0.009,81.98,1,941.73,61.24,661.22,1,940.12,61.74,627.45
T,6471263,1,353560137,-1178180676,598615,5953945,3,31,1,-0.096,-6.824,7.451,0.009,-0.015,0.009,81.95,1,941.77,61.24,660.86,1,940.08,61.75,627.80
T,6472248,1,353560140,-1178180680,598575,5953945,3,31,1,-0.091,-6.829,7.446,0.012,-0.015,0.007,82.00,1,941.75,61.24,661.04,1,940.09,61.76,627.71
T,6473233,1,353560144,-1178180685,598597,5953945,3,32,1,-0.091,-6.820,7.442,0.009,-0.015,0.009,81.97,1,941.76,61.25,660.95,1,940.06,61.76,627.98
T,6474220,1,353560150,-1178180691,598556,5953945,3,32,1,-0.086,-6.815,7.446,0.007,-0.015,0.009,81.97,1,941.77,61.26,660.86,1,940.13,61.77,627.36
T,6475204,1,353560156,-1178180696,598505,5953945,3,32,1,-0.091,-6.815,7.437,0.009,-0.012,0.010,82.01,1,941.75,61.27,661.04,1,940.09,61.78,627.71
T,6476189,1,353560160,-1178180699,598526,5953945,3,31,1,-0.091,-6.810,7.461,0.009,-0.013,0.007,82.02,1,941.73,61.28,661.22,1,940.11,61.79,627.54
T,6477176,1,353560160,-1178180701,598557,5953945,3,32,1,-0.086,-6.815,7.451,0.009,-0.016,0.007,82.01,1,941.74,61.28,661.13,1,940.07,61.79,627.89
T,6478264,1,353560160,-1178180702,598659,5953945,3,32,1,-0.086,-6.815,7.442,0.010,-0.015,0.009,82.02,1,941.75,61.29,661.04,1,940.14,61.80,627.27
T,6479250,1,353560161,-1178180705,598711,5953945,3,32,1,-0.081,-6.815,7.451,0.010,-0.015,0.009,82.03,1,941.75,61.29,661.04,1,940.14,61.80,627.27
T,6480237,1,353560158,-1178180705,598772,5953945,3,32,1,-0.086,-6.815,7.446,0.010,-0.015,0.007,82.07,1,941.72,61.30,661.30,1,940.13,61.81,627.36
T,6481224,1,353560155,-1178180704,598800,5953945,3,32,1,-0.091,-6.820,7.451,0.007,-0.013,0.009,82.04,1,941.78,61.31,660.77,1,940.11,61.81,627.54
T,6482207,1,353560154,-1178180703,598828,5953945,3,31,1,-0.081,-6.810,7.461,0.009,-0.016,0.007,82.02,1,941.75,61.32,661.04,1,940.11,61.82,627.54
T,6483192,1,353560153,-1178180703,598790,5953945,3,31,1,-0.081,-6.815,7.442,0.007,-0.015,0.007,82.08,1,941.75,61.32,661.04,1,940.06,61.83,627.98
T,6484285,1,353560155,-1178180706,598755,5953945,3,30,1,-0.077,-6.824,7.437,0.009,-0.013,0.007,82.09,1,941.71,61.33,661.39,1,940.11,61.83,627.54
T,6485271,1,353560158,-1178180710,598743,5953945,3,31,1,-0.086,-6.824,7.442,0.009,-0.015,0.009,82.06,1,941.71,61.34,661.39,1,940.11,61.84,627.54
T,6486257,1,353560157,-1178180711,598725,5953945,3,30,1,-0.086,-6.824,7.451,0.011,-0.015,0.009,82.07,1,941.67,61.35,661.74,1,940.05,61.85,628.07
T,6487247,1,353560155,-1178180713,598720,5953945,3,32,1,-0.081,-6.815,7.451,0.010,-0.015,0.009,82.09,1,941.71,61.35,661.39,1,940.11,61.85,627.54
T,6488234,1,353560152,-1178180710,598651,5953945,3,32,1,-0.077,-6.834,7.423,0.006,-0.013,0.009,82.10,1,941.69,61.36,661.57,1,940.10,61.86,627.62
T,6489218,1,353560149,-1178180708,598614,5953945,3,32,1,-0.072,-6.815,7.461,0.007,-0.015,0.007,82.11,1,941.73,61.37,661.22,1,940.05,61.87,628.07
T,6490208,1,353560146,-1178180707,598634,5953945,3,31,1,-0.077,-6.820,7.451,0.009,-0.013,0.009,82.13,1,941.73,61.37,661.22,1,940.12,61.88,627.45
T,6491195,1,353560148,-1178180703,598615,5953945,3,32,1,-0.081,-6.820,7.446,0.011,-0.013,0.009,82.09,1,941.70,61.38,661.48,1,940.13,61.89,627.36
T,6492178,1,353560147,-1178180699,598616,5953945,3,30,1,-0.086,-6.815,7.451,0.009,-0.015,0.009,82.08,1,941.72,61.39,661.30,1,940.13,61.89,627.36
T,6493268,1,353560147,-1178180707,598510,5953945,3,31,1,-0.077,-6.820,7.456,0.010,-0.013,0.009,82.11,1,941.76,61.39,660.95,1,940.10,61.90,627.62
T,6494253,1,353560141,-1178180708,598563,5953945,3,32,1,-0.077,-6.810,7.456,0.006,-0.015,0.010,82.11,1,941.77,61.40,660.86,1,940.11,61.90,627.54
T,6495245,1,353560140,-1178180710,598729,5953945,3,31,1,-0.081,-6.824,7.437,0.007,-0.015,0.009,82.17,1,941.73,61.41,661.22,1,940.10,61.91,627.62
T,6496229,1,353560140,-1178180711,598905,5953945,3,32,1,-0.072,-6.810,7.442,0.009,-0.013,0.009,82.04,1,941.72,61.41,661.30,1,940.09,61.92,627.71
T,6497215,1,353560140,-1178180710,598909,5953945,3,32,1,-0.067,-6.824,7.437,0.009,-0.015,0.007,82.16,1,941.75,61.42,661.04,1,940.08,61.94,627.80
T,6498207,1,353560138,-1178180711,598904,5953945,3,31,1,-0.072,-6.824,7.451,0.010,-0.013,0.009,82.18,1,941.73,61.42,661.22,1,940.11,61.94,627.54
T,6499207,1,353560132,-1178180713,598965,5953945,3,30,1,-0.086,-6.820,7.451,0.007,-0.015,0.009,82.21,1,941.73,61.43,661.22,1,940.10,61.94,627.62
T,6500191,1,353560128,-1178180711,599038,5953945,3,32,1,-0.081,-6.820,7.451,0.009,-0.015,0.007,82.18,1,941.72,61.44,661.30,1,940.10,61.95,627.62
T,6501177,1,353560126,-1178180717,599008,5953945,3,31,1,-0.077,-6.824,7.427,0.007,-0.013,0.009,82.17,1,941.73,61.45,661.22,1,940.13,61.95,627.36
T,6502266,1,353560125,-1178180717,599023,5953945,3,32,1,-0.072,-6.810,7.451,0.009,-0.013,0.009,82.24,1,941.71,61.46,661.39,1,940.11,61.96,627.54
T,6503251,1,353560124,-1178180717,599078,5953945,3,32,1,-0.077,-6.820,7.451,0.009,-0.013,0.009,82.23,1,941.75,61.46,661.04,1,940.11,61.97,627.54
T,6504238,1,353560121,-1178180718,599041,5953945,3,32,1,-0.077,-6.824,7.451,0.010,-0.015,0.009,82.23,1,941.75,61.47,661.04,1,940.08,61.97,627.80
T,6505226,1,353560121,-1178180714,599090,5953945,3,32,1,-0.077,-6.815,7.461,0.009,-0.015,0.010,82.22,1,941.76,61.48,660.95,1,940.11,61.98,627.54
T,6506212,1,353560118,-1178180709,599116,5953945,3,32,1,-0.086,-6.810,7.442,0.009,-0.016,0.009,82.25,1,941.72,61.49,661.30,1,940.10,61.98,627.62
T,6507200,1,353560121,-1178180707,599055,5953945,3,32,1,-0.067,-6.820,7.456,0.009,-0.015,0.007,82.28,1,941.74,61.49,661.13,1,940.08,61.99,627.80
T,6508184,1,353560121,-1178180703,599010,5953945,3,32,1,-0.072,-6.829,7.446,0.007,-0.013,0.009,82.29,1,941.77,61.50,660.86,1,940.16,62.00,627.09
T,6509273,1,353560124,-1178180707,598953,5953945,3,32,1,-0.077,-6.820,7.456,0.007,-0.013,0.007,82.28,1,941.73,61.51,661.22,1,940.12,62.01,627.45
T,6510279,1,353560126,-1178180716,598873,5953945,3,32,1,-0.077,-6.824,7.446,0.009,-0.015,0.009,82.23,1,941.70,61.51,661.48,1,940.05,62.01,628.07
T,6511263,1,353560125,-1178180719,598892,5953945,3,32,1,-0.072,-6.815,7.456,0.009,-0.013,0.009,82.31,1,941.75,61.52,661.04,1,940.08,62.02,627.80
T,6512248,1,353560121,-1178180719,598907,5953945,3,32,1,-0.067,-6.820,7.446,0.007,-0.013,0.009,82.31,1,941.72,61.53,661.30,1,940.10,62.03,627.62
T,6513303,1,353560120,-1178180720,598887,5953945,3,32,1,-0.072,-6.824,7.456,0.009,-0.015,0.007,82.31,1,941.76,61.53,660.95,1,940.09,62.03,627.71
T,6514188,1,353560120,-1178180722,598853,5953945,3,32,1,-0.072,-6.820,7.451,0.009,-0.015,0.007,82.36,1,941.74,61.54,661.13,1,940.09,62.04,627.71
T,6515276,1,353560121,-1178180723,598882,5953945,3,32,1,-0.067,-6.815,7.437,0.007,-0.015,0.009,82.32,1,941.70,61.55,661.48,1,940.09,62.05,627.71
T,6516264,1,353560117,-1178180720,598879,5953945,3,32,1,-0.067,-6.824,7.461,0.010,-0.013,0.009,82.33,1,941.74,61.56,661.13,1,940.05,62.05,628.07
T,6517249,1,353560117,-1178180718,598913,5953945,3,32,1,-0.067,-6.820,7.451,0.010,-0.015,0.009,82.37,1,941.70,61.56,661.48,1,940.08,62.06,627.80
T,6518236,1,353560115,-1178180715,598983,5953945,3,32,1,-0.067,-6.820,7.456,0.009,-0.013,0.007,82.34,1,941.75,61.57,661.04,1,940.09,62.07,627.71
T,6519221,1,353560112,-1178180713,599031,5953945,3,32,1,-0.062,-6.820,7.451,0.009,-0.015,0.007,82.39,1,941.68,61.57,661.66,1,940.08,62.08,627.80
T,6520211,1,353560108,-1178180711,599083,5953945,3,32,1,-0.067,-6.820,7.451,0.009,-0.015,0.009,82.34,1,941.68,61.58,661.66,1,940.08,62.08,627.80
T,6521199,1,353560104,-1178180709,599151,5953945,3,32,1,-0.077,-6.815,7.456,0.009,-0.013,0.009,82.41,1,941.68,61.59,661.66,1,940.11,62.09,627.54
T,6522196,1,353560100,-1178180708,599218,5953945,3,32,1,-0.062,-6.810,7.442,0.007,-0.015,0.009,82.37,1,941.69,61.59,661.57,1,940.03,62.09,628.24
T,6523186,1,353560100,-1178180706,599264,5953945,3,32,1,-0.057,-6.815,7.446,0.007,-0.015,0.009,82.36,1,941.72,61.60,661.30,1,940.05,62.10,628.07
T,6524273,1,353560102,-1178180706,599240,5953945,3,32,1,-0.067,-6.810,7.446,0.010,-0.013,0.009,82.39,1,941.72,61.61,661.30,1,940.04,62.11,628.16
T,6525259,1,353560105,-1178180710,599247,5953945,3,32,1,-0.062,-6.824,7.451,0.007,-0.015,0.009,82.47,1,941.76,61.62,660.95,1,940.04,62.12,628.16
T,6526243,1,353560108,-1178180717,599195,5953945,3,32,1,-0.072,-6.815,7.466,0.009,-0.013,0.009,82.44,1,941.72,61.62,661.30,1,940.07,62.12,627.89
T,6527230,1,353560110,-1178180723,599115,5953945,3,32,1,-0.067,-6.829,7.451,0.009,-0.013,0.007,82.38,1,941.71,61.63,661.39,1,940.10,62.13,627.62
T,6528214,1,353560109,-1178180724,599139,5953945,3,32,1,-0.072,-6.820,7.456,0.010,-0.015,0.009,82.41,1,941.72,61.64,661.30,1,940.12,62.14,627.45
T,6529199,1,353560107,-1178180724,599138,5953945,3,32,1,-0.077,-6.829,7.451,0.009,-0.016,0.009,82.45,1,941.69,61.64,661.57,1,940.10,62.14,627.62
T,6530187,1,353560104,-1178180725,599108,5953945,3,32,1,-0.067,-6.815,7.456,0.009,-0.016,0.009,82.43,1,941.72,61.65,661.30,1,940.10,62.15,627.62
T,6531272,1,353560103,-1178180725,599034,5953945,3,32,1,-0.072,-6.824,7.456,0.009,-0.016,0.009,82.48,1,941.71,61.66,661.39,1,940.09,62.16,627.71
T,6532262,1,353560104,-1178180728,599016,5953945,3,32,1,-0.067,-6.824,7.451,0.009,-0.015,0.010,82.46,1,941.70,61.67,661.48,1,940.09,62.16,627.71
T,6533247,1,353560105,-1178180731,599033,5953945,3,32,1,-0.057,-6.829,7.451,0.007,-0.015,0.009,82.47,1,941.72,61.67,661.30,1,940.08,62.17,627.80
T,6534235,1,353560103,-1178180729,599097,5953945,3,31,1,-0.057,-6.815,7.442,0.007,-0.013,0.009,82.48,1,941.73,61.68,661.22,1,940.09,62.18,627.71
T,6535225,1,353560102,-1178180725,599173,5953945,3,32,1,-0.057,-6.824,7.456,0.009,-0.013,0.009,82.44,1,941.73,61.69,661.22,1,940.09,62.19,627.71
T,6536212,1,353560102,-1178180720,599280,5953945,3,32,1,-0.062,-6.829,7.442,0.009,-0.017,0.009,82.45,1,941.74,61.70,661.13,1,940.08,62.19,627.80
T,6537200,1,353560104,-1178180721,599269,5953945,3,32,1,-0.057,-6.810,7.451,0.009,-0.015,0.007,82.50,1,941.72,61.70,661.30,1,940.09,62.20,627.71
T,6538184,1,353560109,-1178180723,599280,5953945,3,32,1,-0.062,-6.810,7.442,0.009,-0.015,0.009,82.51,1,941.73,61.71,661.22,1,940.12,62.21,627.45
T,6539269,1,353560110,-1178180718,599285,5953945,3,32,1,-0.053,-6.824,7.446,0.009,-0.015,0.009,82.50,1,941.70,61.72,661.48,1,940.10,62.21,627.62
T,6540258,1,353560110,-1178180713,599254,5953945,3,32,1,-0.048,-6.815,7.442,0.010,-0.015,0.009,82.52,1,941.73,61.72,661.22,1,940.06,62.22,627.98
T,6541250,1,353560108,-1178180708,599272,5953945,3,31,1,-0.053,-6.820,7.451,0.007,-0.015,0.007,82.49,1,941.71,61.73,661.39,1,940.11,62.23,627.54
T,6542236,1,353560105,-1178180704,599282,5953945,3,32,1,-0.048,-6.829,7.437,0.009,-0.016,0.007,82.48,1,941.71,61.73,661.39,1,940.07,62.23,627.89
T,6543226,1,353560104,-1178180704,599290,5953945,3,32,1,-0.053,-6.829,7.446,0.009,-0.013,0.009,82.52,1,941.70,61.74,661.48,1,940.06,62.24,627.98
T,6544214,1,353560102,-1178180705,599230,5953945,3,32,1,-0.057,-6.820,7.442,0.007,-0.013,0.010,82.45,1,941.72,61.75,661.30,1,940.07,62.25,627.89
T,6545200,1,353560101,-1178180704,599192,5953945,3,31,1,-0.048,-6.820,7.432,0.010,-0.016,0.009,82.52,1,941.72,61.75,661.30,1,940.10,62.25,627.62
T,6546191,1,353560102,-1178180705,599130,5953945,3,32,1,-0.053,-6.820,7.437,0.009,-0.015,0.009,82.48,1,941.65,61.75,661.92,1,940.08,62.26,627.80
T,6547276,1,353560101,-1178180702,599097,5953945,3,32,1,-0.057,-6.834,7.437,0.007,-0.015,0.009,82.48,1,941.72,61.76,661.30,1,940.10,62.28,627.62
T,6548268,1,353560097,-1178180701,599054,5953945,3,32,1,-0.057,-6.820,7.442,0.009,-0.015,0.009,82.52,1,941.74,61.77,661.13,1,940.12,62.28,627.45
T,6549254,1,353560097,-1178180697,599008,5953945,3,32,1,-0.048,-6.820,7.446,0.010,-0.015,0.009,82.54,1,941.73,61.78,661.22,1,940.10,62.28,627.62
T,6550238,1,353560097,-1178180697,598957,5953945,3,32,1,-0.053,-6.820,7.446,0.009,-0.015,0.007,82.54,1,941.70,61.79,661.48,1,940.10,62.29,627.62
T,6551238,1,353560097,-1178180695,599031,5953945,3,32,1,-0.057,-6.810,7.461,0.010,-0.013,0.009,82.56,1,941.76,61.79,660.95,1,940.12,62.29,627.45
T,6552223,1,353560098,-1178180695,599072,5953945,3,32,1,-0.043,-6.824,7.437,0.009,-0.015,0.007,82.59,1,941.70,61.80,661.48,1,940.11,62.30,627.54
T,6553209,1,353560100,-1178180699,599074,5953945,3,32,1,-0.057,-6.815,7.446,0.009,-0.015,0.007,82.60,1,941.74,61.81,661.13,1,940.07,62.31,627.89
T,6554208,1,353560103,-1178180699,599206,5953945,3,31,1,-0.043,-6.815,7.446,0.002,-0.016,0.006,82.60,1,941.74,61.81,661.13,1,940.06,62.31,627.98
T,6555196,1,353560106,-1178180700,599311,5953945,3,32,1,-0.053,-6.772,7.490,0.010,-0.016,0.010,82.61,1,941.73,61.82,661.22,1,940.10,62.32,627.62
T,6556185,1,353560103,-1178180696,599399,5953945,3,32,1,-0.053,-6.834,7.413,0.011,-0.013,0.009,82.60,1,941.71,61.82,661.39,1,940.12,62.32,627.45
T,6557271,1,353560100,-1178180689,599515,5953945,3,31,1,-0.053,-6.810,7.437,0.021,-0.015,0.007,82.71,1,943.66,61.86,644.18,1,941.40,62.35,616.13
T,6558261,1,353560097,-1178180685,599515,5953945,3,31,1,-0.043,-6.796,7.437,0.005,-0.013,0.009,82.84,1,943.62,61.85,644.53,1,941.40,62.35,616.13
T,6559246,1,353560098,-1178180682,599614,5953945,3,32,1,-0.038,-6.820,7.437,0.011,-0.015,0.009,82.89,1,943.63,61.84,644.45,1,941.36,62.35,616.48
T,6560237,1,353560099,-1178180679,599750,5953945,3,32,1,-0.033,-6.820,7.466,0.000,-0.015,0.009,82.89,1,943.64,61.84,644.36,1,941.37,62.35,616.39
T,6561236,1,353560093,-1178180677,599908,5953945,3,32,1,-0.057,-6.738,7.494,0.002,-0.012,0.010,82.93,1,943.68,61.84,644.00,1,941.38,62.35,616.31
T,6562225,1,353560089,-1178180683,600158,5953945,3,31,1,-0.057,-6.882,7.370,0.009,-0.015,0.009,82.94,1,943.63,61.84,644.45,1,941.37,62.35,616.39
T,6563322,1,353560096,-1178180687,600302,5953945,3,32,1,0.029,-6.475,7.561,-0.055,-0.017,-0.006,82.95,1,943.63,61.84,644.45,1,941.38,62.35,616.31
T,6564213,1,353560101,-1178180691,600390,5953945,3,32,1,-0.043,-6.662,7.178,-0.020,-0.056,0.078,82.84,1,943.63,61.80,644.45,1,941.37,62.34,616.39
T,6565206,1,353560103,-1178180691,600342,5953945,3,32,1,-0.048,-7.145,7.131,-0.083,0.012,-0.029,82.90,1,943.66,61.79,644.18,1,941.40,62.32,616.13
T,6566202,1,353560108,-1178180688,600302,5953945,3,31,1,0.038,-6.528,7.523,0.015,-0.012,0.009,82.90,1,943.60,61.80,644.71,1,941.36,62.34,616.48
T,6567190,1,353560109,-1178180687,600298,5953945,3,31,1,-0.062,-8.183,6.274,0.086,-0.020,0.016,82.82,1,943.58,61.80,644.88,1,941.37,62.32,616.39
T,6568281,1,353560107,-1178180687,600386,5953945,3,30,1,0.043,-7.561,6.791,0.037,-0.010,-0.020,82.89,1,943.58,61.80,644.88,1,941.35,62.32,616.57
T,6569268,1,353560106,-1178180687,600435,5953945,3,31,1,-0.081,-7.183,7.025,-0.055,-0.010,0.017,82.93,1,943.62,61.81,644.53,1,941.38,62.34,616.31
T,6570257,1,353560106,-1178180690,600439,5953945,3,31,1,-0.053,-7.432,6.805,-0.026,-0.016,0.009,82.90,1,943.68,61.78,644.00,1,941.45,62.34,615.69
T,6571252,1,353560109,-1178180692,600436,5953945,3,31,1,-0.053,-7.336,6.843,0.012,-0.013,0.010,82.88,1,943.67,61.76,644.09,1,941.42,62.35,615.95
T,6572239,1,353560113,-1178180691,600397,5953945,3,31,1,-0.048,-7.700,6.336,-0.004,-0.010,0.021,82.82,1,943.75,61.76,643.39,1,941.49,62.35,615.34
T,6573229,1,353560115,-1178180692,600353,5953945,3,31,1,0.148,-7.762,6.499,-0.022,0.017,-0.013,82.77,1,943.72,61.73,643.65,1,941.47,62.34,615.51
T,6574234,1,353560120,-1178180692,600322,5953945,3,31,1,-0.043,-7.533,6.690,-0.006,-0.007,-0.001,82.86,1,943.75,61.73,643.39,1,941.43,62.34,615.87
T,6575226,1,353560121,-1178180682,600333,5953945,3,31,1,0.029,-7.667,6.666,-0.145,-0.021,0.010,82.98,1,943.79,61.76,643.03,1,941.45,62.35,615.69
T,6576212,1,353560117,-1178180679,600330,5953945,3,32,1,-1.728,-15.295,3.503,0.393,-0.123,0.057,83.00,1,943.67,61.76,644.09,1,941.42,62.34,615.95
T,6577206,1,353560114,-1178180673,600368,5953945,3,32,1,0.053,-7.360,6.485,0.037,-0.007,0.007,82.80,1,943.68,61.71,644.00,1,941.43,62.29,615.87
T,6578189,1,353560114,-1178180670,600396,5953945,3,32,1,0.043,-7.624,6.657,0.006,-0.015,0.006,82.86,1,943.74,61.66,643.47,1,941.49,62.26,615.34
T,6579178,1,353560114,-1178180668,600343,5953945,3,32,1,-0.005,-7.767,6.465,0.042,-0.017,0.004,82.98,1,943.73,61.69,643.56,1,941.44,62.29,615.78
T,6580174,1,353560113,-1178180662,600318,5953945,3,32,1,-0.081,-7.791,6.748,-0.122,-0.046,-0.002,82.98,1,943.74,61.73,643.47,1,941.45,62.31,615.69
T,6581266,1,353560111,-1178180657,600333,5953945,3,32,1,-0.024,-7.619,6.724,0.004,-0.012,0.005,83.01,1,943.67,61.74,644.09,1,941.45,62.32,615.69
T,6582257,1,353560107,-1178180649,600180,5953945,3,32,1,-0.043,-7.604,6.609,0.005,-0.015,0.009,83.01,1,943.70,61.75,643.83,1,941.42,62.32,615.95
T,6583246,1,353560104,-1178180647,600239,5953945,3,31,1,-0.005,-7.600,6.619,0.010,-0.013,0.009,83.02,1,943.64,61.73,644.36,1,941.44,62.32,615.78
T,6584237,1,353560103,-1178180646,600298,5953945,3,31,1,-0.019,-7.600,6.614,0.009,-0.013,0.009,83.03,1,943.63,61.73,644.45,1,941.40,62.33,616.13
T,6585224,1,353560102,-1178180652,600230,5953945,3,31,1,-0.005,-7.628,6.623,0.006,-0.015,0.006,83.06,1,943.65,61.74,644.27,1,941.43,62.33,615.87
T,6586214,1,353560105,-1178180659,600233,5953945,3,30,1,-0.005,-7.600,6.609,0.017,-0.012,0.010,83.05,1,943.62,61.75,644.53,1,941.38,62.33,616.31
T,6587199,1,353560105,-1178180664,600204,5953945,3,29,1,0.000,-7.624,6.595,0.009,-0.016,0.007,83.03,1,943.68,61.76,644.00,1,941.42,62.33,615.95
T,6588183,1,353560105,-1178180665,600315,5953945,3,31,1,-0.024,-7.657,6.504,-0.035,-0.015,0.012,83.02,1,943.73,61.76,643.56,1,941.39,62.33,616.22
T,6589175,1,353560105,-1178180665,600295,5953945,3,30,1,0.024,-7.643,6.580,-0.002,-0.012,0.006,83.01,1,943.70,61.74,643.83,1,941.43,62.34,615.87
T,6590262,1,353560107,-1178180665,600161,5953945,3,30,1,0.005,-7.681,6.523,0.035,-0.015,0.009,83.02,1,943.68,61.75,644.00,1,941.39,62.34,616.22
T,6591249,1,353560113,-1178180670,600067,5953945,3,31,1,0.000,-7.595,6.628,0.009,-0.015,0.009,83.06,1,943.61,61.75,644.62,1,941.40,62.34,616.13
T,6592240,1,353560114,-1178180674,599929,5953945,3,32,1,-0.019,-7.590,6.580,0.038,-0.010,0.009,83.03,1,943.71,61.76,643.74,1,941.40,62.33,616.13
T,6593229,1,353560114,-1178180679,599818,5953945,3,31,1,0.000,-7.614,6.552,0.006,-0.010,0.007,83.00,1,943.75,61.76,643.39,1,941.47,62.33,615.51
T,6594215,1,353560120,-1178180680,599626,5953945,3,31,1,0.019,-7.552,6.700,-0.033,-0.016,0.009,82.95,1,943.75,61.75,643.39,1,941.44,62.33,615.78
T,6595302,1,353560123,-1178180679,599558,5953945,3,29,1,0.029,-7.624,6.671,0.022,-0.023,0.016,82.96,1,943.72,61.75,643.65,1,941.40,62.32,616.13
T,6596184,1,353560125,-1178180678,599429,5953945,3,30,1,0.010,-7.533,6.657,0.001,-0.016,0.011,82.94,1,943.69,61.74,643.91,1,941.41,62.32,616.04
T,6597271,1,353560124,-1178180675,599423,5953945,3,30,1,-0.043,-7.604,6.599,0.012,-0.013,0.007,82.98,1,943.72,61.73,643.65,1,941.35,62.32,616.57
T,6598255,1,353560131,-1178180664,599118,5953945,3,31,1,0.038,-7.585,6.619,0.042,-0.013,0.004,83.01,1,943.68,61.74,644.00,1,941.43,62.32,615.87
T,6599238,1,353560131,-1178180660,599024,5953945,3,32,1,-0.029,-7.518,6.657,0.033,-0.009,0.004,83.03,1,943.70,61.74,643.83,1,941.44,62.32,615.78
T,6600225,1,353560127,-1178180658,599052,5953945,3,31,1,-0.010,-7.571,6.633,-0.005,-0.013,0.009,82.99,1,943.67,61.72,644.09,1,941.44,62.33,615.78
T,6601216,1,353560128,-1178180656,599055,5953945,3,32,1,0.010,-7.504,6.748,0.018,-0.017,0.009,83.03,1,943.70,61.72,643.83,1,941.43,62.32,615.87
T,6602202,1,353560130,-1178180649,598965,5953945,3,29,1,0.014,-7.494,6.714,0.013,-0.012,0.004,83.02,1,943.70,61.72,643.83,1,941.41,62.32,616.04
T,6603287,1,353560131,-1178180649,598979,5953945,3,30,1,0.029,-7.423,6.815,-0.032,-0.012,0.018,83.05,1,943.71,61.70,643.74,1,941.43,62.32,615.87
T,6604173,1,353560135,-1178180649,598850,5953945,3,31,1,0.000,-7.528,6.724,-0.010,-0.016,0.007,82.94,1,942.00,61.68,658.83,1,940.35,62.30,625.41
T,6605258,1,353560139,-1178180657,599045,5953945,3,31,1,0.014,-7.557,6.705,-0.021,-0.016,0.012,82.86,1,942.25,61.68,656.62,1,940.52,62.31,623.91
T,6606244,1,353560137,-1178180657,599186,5953945,3,31,1,0.010,-7.513,6.700,0.009,-0.013,0.009,82.85,1,942.59,61.69,653.62,1,940.72,62.31,622.14
T,6607230,1,353560138,-1178180656,599175,5953945,3,31,1,0.014,-7.518,6.709,0.007,-0.013,0.007,82.92,1,942.66,61.71,653.00,1,940.79,62.31,621.52
T,6608215,1,353560141,-1178180649,598996,5953945,3,32,1,0.005,-7.528,6.681,0.010,-0.013,0.007,82.83,1,943.55,61.71,645.15,1,941.33,62.32,616.75
T,6609201,1,353560143,-1178180645,598865,5953945,3,32,1,0.000,-7.518,6.705,0.009,-0.015,0.009,82.92,1,943.35,61.71,646.91,1,941.20,62.32,617.90
T,6610188,1,353560143,-1178180644,598803,5953945,3,31,1,0.014,-7.518,6.705,0.007,-0.015,0.009,82.94,1,943.59,61.72,644.80,1,941.34,62.31,616.66
T,6611275,1,353560144,-1178180646,598813,5953945,3,31,1,0.005,-7.518,6.695,0.007,-0.015,0.009,82.80,1,943.40,61.72,646.47,1,941.21,62.31,617.81
T,6612261,1,353560143,-1178180648,598841,5953945,3,32,1,0.014,-7.518,6.695,0.009,-0.016,0.009,82.73,1,943.41,61.73,646.39,1,941.29,62.32,617.10
T,6613246,1,353560149,-1178180652,598843,5953945,3,32,1,0.014,-7.518,6.695,0.009,-0.013,0.007,82.79,1,943.60,61.73,644.71,1,941.32,62.31,616.84
T,6614233,1,353560150,-1178180657,598862,5953945,3,32,1,0.010,-7.518,6.709,0.009,-0.015,0.007,82.76,1,943.41,61.73,646.39,1,941.28,62.31,617.19
T,6615218,1,353560153,-1178180662,598872,5953945,3,31,1,0.000,-7.523,6.700,0.007,-0.015,0.009,82.73,1,943.40,61.73,646.47,1,941.22,62.31,617.72
T,6616207,1,353560152,-1178180666,598905,5953945,3,30,1,0.010,-7.523,6.666,0.009,-0.013,0.009,82.73,1,943.56,61.73,645.06,1,941.30,62.31,617.01
T,6617193,1,353560151,-1178180670,598981,5953945,3,31,1,0.010,-7.518,6.709,0.007,-0.015,0.009,82.71,1,943.27,61.70,647.62,1,941.18,62.31,618.08
T,6618180,1,353560153,-1178180673,599015,5953945,3,31,1,0.010,-7.523,6.700,0.007,-0.015,0.007,82.68,1,943.00,61.71,650.00,1,941.05,62.31,619.22
T,6619266,1,353560150,-1178180676,599038,5953945,3,31,1,0.005,-7.523,6.676,0.010,-0.016,0.009,82.73,1,943.10,61.72,649.12,1,940.97,62.31,619.93
T,6620251,1,353560151,-1178180681,599101,5953945,3,30,1,-0.005,-7.509,6.662,0.006,-0.016,0.009,82.77,1,943.61,61.73,644.62,1,941.42,62.31,615.95
T,6621240,1,353560148,-1178180680,599018,5953945,3,31,1,0.019,-7.427,6.666,0.188,-0.023,0.016,82.88,1,943.71,61.73,643.74,1,941.43,62.30,615.87
T,6622224,1,353560148,-1178180677,598979,5953945,3,31,1,-0.134,-8.719,6.221,-0.062,-0.012,0.004,82.97,1,943.69,61.71,643.91,1,941.44,62.31,615.78
T,6623214,1,353560151,-1178180677,598953,5953945,3,31,1,-0.096,-7.973,6.121,0.081,-0.017,0.121,82.98,1,943.68,61.72,644.00,1,941.43,62.30,615.87
T,6624199,1,353560153,-1178180677,598952,5953945,3,31,1,-0.005,-7.604,6.681,0.044,0.004,-0.011,82.98,1,943.72,61.71,643.65,1,941.45,62.29,615.69
T,6625194,1,353560154,-1178180679,598934,5953945,3,30,1,0.182,-7.652,6.532,-0.004,0.002,-0.011,82.99,1,943.69,61.71,643.91,1,941.47,62.29,615.51
T,6626177,1,353560156,-1178180679,598887,5953945,3,30,1,0.033,-7.892,6.418,0.002,-0.012,-0.021,82.94,1,943.70,61.70,643.83,1,941.46,62.28,615.60
T,6627264,1,353560156,-1178180679,598873,5953945,3,29,1,-0.426,-9.083,6.054,-0.077,0.136,-0.106,82.99,1,943.74,61.70,643.47,1,941.46,62.28,615.60
T,6628156,1,353560154,-1178180680,598822,5953945,3,30,1,0.215,-6.236,6.872,-0.009,-0.006,-0.012,82.96,1,943.75,61.70,643.39,1,941.42,62.28,615.95
T,6629246,1,353560156,-1178180679,598823,5953945,3,31,1,-0.033,-7.844,6.212,-0.083,0.012,-0.042,82.98,1,943.74,61.70,643.47,1,941.45,62.28,615.69
T,6630237,1,353560159,-1178180682,598837,5953945,3,29,1,0.134,-7.442,6.245,0.033,-0.016,0.028,82.95,1,943.73,61.69,643.56,1,941.45,62.27,615.69
T,6631221,1,353560162,-1178180682,598785,5953945,3,29,1,0.072,-7.614,6.566,0.033,-0.021,0.017,82.98,1,943.75,61.69,643.39,1,941.45,62.27,615.69
T,6632208,1,353560162,-1178180682,598759,5953945,3,31,1,0.105,-7.681,6.599,0.012,-0.016,0.011,83.00,1,943.74,61.69,643.47,1,941.47,62.27,615.51
T,6633194,1,353560162,-1178180682,598752,5953945,3,29,1,0.081,-7.643,6.537,-0.015,-0.012,0.009,82.98,1,943.72,61.68,643.65,1,941.49,62.26,615.34
T,6634178,1,353560161,-1178180679,598707,5953945,3,30,1,0.086,-7.729,6.485,-0.026,-0.018,0.010,82.96,1,943.76,61.68,643.30,1,941.46,62.26,615.60
T,6635267,1,353560166,-1178180678,598694,5953945,3,29,1,0.067,-7.633,6.552,0.012,-0.016,0.007,82.95,1,943.75,61.68,643.39,1,941.45,62.26,615.69
T,6636255,1,353560167,-1178180675,598624,5953945,3,31,1,0.172,-7.490,6.858,0.026,-0.009,-0.002,82.96,1,943.74,61.68,643.47,1,941.45,62.26,615.69
T,6637238,1,353560166,-1178180673,598558,5953945,3,30,1,0.110,-7.604,6.595,0.053,-0.011,0.006,83.01,1,943.72,61.67,643.65,1,941.46,62.25,615.60
T,6638225,1,353560163,-1178180669,598530,5953945,3,30,1,0.091,-7.647,6.523,0.015,-0.016,0.009,82.98,1,943.69,61.67,643.91,1,941.41,62.25,616.04
T,6639313,1,353560160,-1178180665,598509,5953945,3,28,1,0.091,-7.705,6.475,-0.018,-0.011,0.010,82.98,1,943.73,61.66,643.56,1,941.45,62.25,615.69
T,6640199,1,353560157,-1178180661,598466,5953945,3,31,1,0.067,-7.557,6.580,-0.043,-0.020,0.022,82.98,1,943.74,61.66,643.47,1,941.46,62.24,615.60
T,6641184,1,353560155,-1178180658,598392,5953945,3,30,1,-0.153,-8.672,6.829,-0.061,0.072,-0.100,82.95,1,943.70,61.66,643.83,1,941.45,62.24,615.69
T,6642181,1,353560155,-1178180656,598267,5953945,3,32,1,0.081,-7.686,6.499,0.018,-0.013,0.004,83.00,1,943.71,61.65,643.74,1,941.42,62.24,615.95
T,6643169,1,353560157,-1178180655,598172,5953945,3,31,1,0.144,-7.638,6.575,-0.009,-0.006,-0.005,82.96,1,943.70,61.65,643.83,1,941.45,62.23,615.69
T,6644159,1,353560154,-1178180654,598081,5953945,3,31,1,0.096,-7.557,6.676,0.016,-0.018,0.012,82.92,1,943.75,61.64,643.39,1,941.46,62.23,615.60
T,6645244,1,353560154,-1178180653,597959,5953945,3,30,1,0.091,-7.600,6.580,0.012,-0.007,0.004,82.95,1,943.73,61.64,643.56,1,941.46,62.22,615.60
T,6646229,1,353560162,-1178180653,597766,5953945,3,32,1,0.100,-7.710,6.475,0.013,-0.013,0.007,82.89,1,943.73,61.62,643.56,1,941.44,62.21,615.78
T,6647214,1,353560169,-1178180655,597615,5953945,3,31,1,0.081,-7.686,6.470,-0.011,-0.016,0.012,82.85,1,943.71,61.62,643.74,1,941.47,62.21,615.51
T,6648199,1,353560175,-1178180655,597513,5953945,3,32,1,0.086,-7.647,6.485,0.007,-0.013,0.009,82.83,1,943.71,61.62,643.74,1,941.43,62.21,615.87
T,6649184,1,353560178,-1178180656,597447,5953945,3,30,1,0.081,-7.743,6.470,0.005,-0.015,0.009,82.84,1,943.71,61.62,643.74,1,941.44,62.21,615.78
T,6650168,1,353560174,-1178180654,597416,5953945,3,31,1,0.100,-7.604,6.566,0.033,-0.020,0.010,82.81,1,943.66,61.62,644.18,1,941.48,62.20,615.42
T,6651155,1,353560170,-1178180653,597370,5953945,3,31,1,0.120,-7.896,6.178,-0.191,-0.018,0.009,82.81,1,943.67,61.61,644.09,1,941.43,62.20,615.87
T,6652241,1,353560170,-1178180654,597343,5953945,3,30,1,0.043,-7.719,6.446,0.012,-0.012,0.005,82.83,1,943.66,61.60,644.18,1,941.38,62.19,616.31
T,6653231,1,353560167,-1178180656,597383,5953945,3,31,1,0.053,-7.662,6.547,0.034,-0.013,0.010,82.66,1,942.39,61.59,655.38,1,940.62,62.18,623.02
T,6654218,1,353560161,-1178180654,597345,5953945,3,29,1,0.048,-7.724,6.446,0.007,-0.015,0.007,82.52,1,942.46,61.60,654.77,1,940.81,62.19,621.35
T,6655203,1,353560168,-1178180652,597171,5953945,3,32,1,0.053,-7.724,6.418,0.007,-0.015,0.010,82.67,1,942.38,61.59,655.47,1,940.55,62.18,623.65
T,6656191,1,353560176,-1178180655,597135,5953945,3,29,1,0.057,-7.729,6.413,0.009,-0.015,0.007,82.62,1,942.28,61.60,656.36,1,940.52,62.18,623.91
T,6657277,1,353560176,-1178180654,597111,5953945,3,31,1,0.062,-7.729,6.422,0.007,-0.015,0.009,82.66,1,942.25,61.59,656.62,1,940.50,62.18,624.09
T,6658263,1,353560185,-1178180657,597139,5953945,3,30,1,0.048,-7.724,6.432,0.006,-0.015,0.009,82.70,1,942.14,61.58,657.59,1,940.46,62.17,624.44
T,6659249,1,353560186,-1178180655,597121,5953945,3,31,1,0.062,-7.729,6.422,0.006,-0.013,0.007,82.71,1,942.19,61.59,657.15,1,940.44,62.17,624.62
T,6660236,1,353560187,-1178180657,597167,5953945,3,31,1,0.053,-7.719,6.422,0.007,-0.015,0.010,82.71,1,942.54,61.59,654.06,1,940.64,62.18,622.85
T,6661223,1,353560182,-1178180658,597186,5953945,3,30,1,0.053,-7.729,6.432,0.009,-0.015,0.007,82.72,1,942.23,61.59,656.80,1,940.50,62.17,624.09
T,6662207,1,353560176,-1178180658,597254,5953945,3,31,1,0.062,-7.724,6.441,0.009,-0.013,0.007,82.67,1,942.21,61.59,656.98,1,940.50,62.17,624.09
T,6663192,1,353560181,-1178180655,597142,5953945,3,32,1,0.057,-7.719,6.437,0.009,-0.013,0.009,82.65,1,942.19,61.59,657.15,1,940.52,62.17,623.91
T,6664181,1,353560183,-1178180654,597111,5953945,3,31,1,0.057,-7.714,6.432,0.009,-0.013,0.007,82.67,1,942.21,61.59,656.98,1,940.54,62.17,623.73
T,6665267,1,353560179,-1178180655,597190,5953945,3,30,1,0.057,-7.724,6.437,0.009,-0.015,0.009,82.67,1,942.18,61.59,657.24,1,940.50,62.17,624.09
T,6666252,1,353560187,-1178180654,597094,5953945,3,31,1,0.062,-7.724,6.422,0.009,-0.013,0.009,82.74,1,942.36,61.59,655.65,1,940.61,62.17,623.11
T,6667242,1,353560189,-1178180655,597031,5953945,3,30,1,0.072,-7.710,6.432,0.009,-0.013,0.009,82.61,1,943.61,61.61,644.62,1,941.38,62.19,616.31
T,6668227,1,353560187,-1178180659,597051,15993118,3,29,1,0.057,-7.724,6.456,0.007,-0.013,0.009,82.57,1,942.06,61.58,658.30,1,940.34,62.17,625.50
T,6669212,1,353560192,-1178180664,597081,15993118,3,31,1,0.057,-7.738,6.398,0.010,-0.015,0.009,82.61,1,943.54,61.61,645.24,1,941.30,62.19,617.01
T,6670200,1,353560198,-1178180661,597051,15993118,3,32,1,0.062,-7.719,6.427,0.007,-0.015,0.009,82.62,1,943.56,61.60,645.06,1,941.33,62.18,616.75
T,6671288,1,353560195,-1178180660,597066,15993118,3,32,1,0.062,-7.719,6.446,0.010,-0.016,0.009,82.59,1,943.40,61.60,646.47,1,941.19,62.18,617.99
T,6672171,1,353560193,-1178180659,597044,15993118,3,30,1,0.053,-7.724,6.437,0.009,-0.015,0.009,82.57,1,943.48,61.60,645.77,1,941.23,62.17,617.63
T,6673259,1,353560193,-1178180655,597035,15993118,3,31,1,0.057,-7.719,6.437,0.009,-0.016,0.009,82.58,1,943.45,61.59,646.03,1,941.28,62.17,617.19
T,6674246,1,353560191,-1178180651,597049,15993118,3,31,1,0.057,-7.724,6.441,0.010,-0.013,0.009,82.52,1,943.09,61.58,649.21,1,941.10,62.17,618.78
T,6675236,1,353560184,-1178180647,597109,15993118,3,32,1,0.062,-7.714,6.446,0.007,-0.015,0.009,82.51,1,943.14,61.59,648.77,1,941.05,62.17,619.22
T,6676223,1,353560180,-1178180649,597159,15993118,3,32,1,0.057,-7.729,6.437,0.006,-0.015,0.009,82.49,1,942.22,61.58,656.89,1,940.47,62.16,624.35
T,6677208,1,353560162,-1178180639,597327,15993118,3,32,1,0.057,-7.724,6.432,0.010,-0.013,0.009,82.45,1,942.33,61.58,655.92,1,940.61,62.17,623.11
T,6678203,1,353560157,-1178180636,597456,15993118,3,32,1,0.067,-7.714,6.422,0.007,-0.015,0.007,82.47,1,943.39,61.60,646.56,1,941.18,62.18,618.08
T,6679189,1,353560153,-1178180634,597485,15993118,3,32,1,0.072,-7.724,6.437,0.009,-0.015,0.007,82.47,1,942.76,61.59,652.12,1,940.88,62.16,620.73
T,6680275,1,353560148,-1178180636,597465,15993118,3,32,1,0.053,-7.729,6.446,0.007,-0.013,0.009,82.47,1,941.89,61.58,659.80,1,940.25,62.16,626.30
T,6681262,1,353560149,-1178180629,597419,15993118,3,30,1,0.057,-7.734,6.446,0.009,-0.011,0.009,82.41,1,941.86,61.58,660.07,1,940.23,62.16,626.48
T,6682246,1,353560147,-1178180630,597452,15993118,3,32,1,0.057,-7.657,6.461,0.006,-0.016,0.007,82.41,1,941.87,61.59,659.98,1,940.20,62.16,626.74
T,6683230,1,353560142,-1178180632,597486,15993118,3,31,1,0.062,-7.700,6.470,0.009,-0.013,0.007,82.44,1,941.83,61.59,660.33,1,940.21,62.17,626.65
T,6684214,1,353560135,-1178180638,597602,15993118,3,32,1,0.072,-7.700,6.461,0.009,-0.015,0.009,82.41,1,941.85,61.60,660.15,1,940.21,62.17,626.65
T,6685200,1,353560129,-1178180641,597616,15993118,3,32,1,0.057,-7.705,6.461,0.007,-0.015,0.009,82.40,1,941.85,61.60,660.15,1,940.22,62.17,626.56
T,6686184,1,353560125,-1178180642,597531,15993118,3,32,1,0.062,-7.705,6.470,0.009,-0.015,0.007,82.46,1,941.83,61.60,660.33,1,940.23,62.18,626.48
T,6687272,1,353560121,-1178180644,597412,15993118,3,32,1,0.072,-7.695,6.480,0.006,-0.015,0.009,82.44,1,941.86,61.61,660.07,1,940.22,62.18,626.56
T,6688259,1,353560118,-1178180646,597307,15993118,3,31,1,0.067,-7.700,6.475,0.009,-0.016,0.009,82.42,1,941.82,61.61,660.42,1,940.24,62.18,626.39
T,6689244,1,353560117,-1178180645,597206,15993118,3,31,1,0.067,-7.700,6.465,0.009,-0.015,0.009,82.41,1,941.85,61.61,660.15,1,940.21,62.18,626.65
T,6690232,1,353560119,-1178180644,597201,15993118,3,31,1,0.072,-7.691,6.465,0.005,-0.015,0.009,82.44,1,941.83,61.62,660.33,1,940.21,62.18,626.65
T,6691217,1,353560120,-1178180646,597283,15993118,3,32,1,0.072,-7.700,6.456,0.010,-0.015,0.009,82.43,1,943.52,61.65,645.42,1,941.32,62.21,616.84
T,6692204,1,353560125,-1178180649,597276,15993118,3,32,1,0.072,-7.691,6.432,0.009,-0.015,0.007,82.61,1,943.64,61.64,644.36,1,941.35,62.20,616.57
T,6693188,1,353560123,-1178180648,597322,15993118,3,31,1,0.081,-7.686,6.508,0.013,-0.015,0.011,82.73,1,943.60,61.63,644.71,1,941.37,62.19,616.39
T,6694274,1,353560123,-1178180650,597408,15993118,3,32,1,0.120,-9.394,4.532,-0.715,-0.021,-0.067,82.75,1,943.68,61.62,644.00,1,941.39,62.19,616.22
T,6695266,1,353560126,-1178180654,597413,15993118,3,31,1,-0.163,-9.117,4.216,-0.495,-0.022,0.281,82.85,1,943.56,61.61,645.06,1,941.34,62.18,616.66
T,6696256,1,353560121,-1178180650,597445,15993118,3,32,1,-0.033,-9.547,0.933,-0.172,-0.013,-0.005,82.68,1,943.56,61.61,645.06,1,941.31,62.18,616.93
T,6697245,1,353560118,-1178180652,597451,15993118,3,31,1,-0.033,-9.614,-1.015,0.277,0.015,0.060,82.73,1,943.47,61.60,645.86,1,941.27,62.18,617.28
T,6698256,1,353560118,-1178180651,597430,15993118,3,32,1,0.019,-9.806,-0.100,-0.002,-0.011,0.009,82.67,1,942.97,61.60,650.27,1,940.96,62.17,620.02
T,6699249,1,353560121,-1178180653,597436,15993118,3,32,1,-0.091,-10.509,-0.708,0.011,-0.020,0.035,82.64,1,943.00,61.60,650.00,1,941.01,62.18,619.58
T,6700238,1,353560123,-1178180655,597473,15993118,3,31,1,0.120,-9.844,0.057,-0.110,-0.032,-0.034,82.76,1,943.31,61.61,647.27,1,941.21,62.18,617.81
T,6701229,1,353560129,-1178180657,597425,15993118,3,32,1,0.177,-9.959,0.258,0.015,-0.027,0.072,82.77,1,943.33,61.60,647.09,1,941.17,62.17,618.16
T,6702216,1,353560129,-1178180658,597409,15993118,3,32,1,-0.144,-10.734,-0.455,-0.011,-0.032,0.126,82.79,1,943.37,61.60,646.74,1,941.24,62.17,617.54
T,6703207,1,353560134,-1178180655,597290,15993118,3,31,1,0.172,-9.825,0.048,0.015,0.040,-0.070,82.77,1,943.33,61.59,647.09,1,941.21,62.16,617.81
T,6704192,1,353560137,-1178180653,597170,15993118,3,32,1,0.144,-10.667,-0.325,-0.159,0.010,0.046,82.80,1,943.35,61.59,646.91,1,941.20,62.16,617.90
T,6705185,1,353560143,-1178180654,597098,15993118,3,31,1,0.273,-9.858,-0.096,0.009,-0.027,0.028,82.83,1,943.37,61.59,646.74,1,941.23,62.16,617.63
T,6706186,1,353560147,-1178180654,597046,15993118,3,32,1,0.440,-10.031,-0.340,0.004,-0.035,0.068,82.80,1,943.38,61.59,646.65,1,941.23,62.16,617.63
T,6707177,1,353560151,-1178180653,597071,15993118,3,32,1,0.211,-10.165,-0.502,0.027,0.015,0.006,82.81,1,943.31,61.59,647.27,1,941.15,62.15,618.34
T,6708273,1,353560157,-1178180656,597099,15993118,3,32,1,0.163,-10.107,-0.335,0.018,-0.001,0.018,82.82,1,943.33,61.58,647.09,1,941.22,62.15,617.72
T,6709273,1,353560162,-1178180657,597115,15993118,3,32,1,0.287,-9.892,-0.067,0.034,-0.015,0.021,82.84,1,943.36,61.58,646.83,1,941.21,62.15,617.81
T,6710262,1,353560161,-1178180659,597117,15993118,3,31,1,0.632,-9.523,-0.211,-0.108,0.015,-0.088,82.84,1,943.38,61.58,646.65,1,941.24,62.15,617.54
T,6711252,1,353560166,-1178180662,597121,15993118,3,32,1,0.000,-10.586,-0.225,0.013,0.064,-0.067,82.82,1,943.39,61.57,646.56,1,941.25,62.14,617.46
T,6712244,1,353560167,-1178180663,597024,15993118,3,32,1,0.407,-9.897,-0.024,-0.018,-0.016,0.004,82.80,1,943.39,61.57,646.56,1,941.22,62.14,617.72
T,6713233,1,353560172,-1178180665,597038,15993118,3,32,1,0.574,-9.031,-0.479,0.020,-0.083,0.126,82.77,1,943.45,61.57,646.03,1,941.27,62.14,617.28
